id,company_name,url,url_has_numeric_id,url_length,has_url,avg_word_length,name_length,word_count,digit_count,has_digit,special_char_count,uppercase_ratio,is_ascii,contains_ampersand,contains_comma,suspicious_keyword_count,has_suspicious_keyword,corporate_suffix_count,has_corporate_suffix,label,label_name,split
1,Apex Academic Proofreaders,,0.0,0.0,0.0,8.0,26.0,3.0,0.0,0.0,0.0,0.1153846153846153,1.0,0.0,0.0,1.0,1.0,0.0,0.0,1,Fake_Scam,train
2,Nestlé Waters,https://www.linkedin.com/company/1395,1.0,37.0,1.0,6.0,13.0,2.0,0.0,0.0,0.0,0.1538461538461538,0.0,0.0,0.0,0.0,0.0,0.0,0.0,0,Legitimate,train
3,长治市飞跃工程机械有限公司,https://www.linkedin.com/company/29488079,1.0,41.0,1.0,13.0,13.0,1.0,0.0,0.0,0.0,0.0,0.0,0.0,0.0,0.0,0.0,0.0,0.0,0,Legitimate,train
4,Teradyne,https://www.linkedin.com/company/2931,1.0,37.0,1.0,8.0,8.0,1.0,0.0,0.0,0.0,0.125,1.0,0.0,0.0,0.0,0.0,0.0,0.0,0,Legitimate,train
5,Yerevan State University,https://www.linkedin.com/company/583531,1.0,39.0,1.0,7.333333333333333,24.0,3.0,0.0,0.0,0.0,0.125,1.0,0.0,0.0,0.0,0.0,0.0,0.0,0,Legitimate,train
6,Seoul National University,https://www.linkedin.com/company/15096106,1.0,41.0,1.0,7.666666666666667,25.0,3.0,0.0,0.0,0.0,0.12,1.0,0.0,0.0,0.0,0.0,0.0,0.0,0,Legitimate,train
7,Penn State University,https://www.linkedin.com/company/3657,1.0,37.0,1.0,6.333333333333333,21.0,3.0,0.0,0.0,0.0,0.1428571428571428,1.0,0.0,0.0,0.0,0.0,0.0,0.0,0,Legitimate,train
8,Duke University - The Fuqua School of Business,https://www.linkedin.com/company/3352,1.0,37.0,1.0,4.875,46.0,8.0,0.0,0.0,1.0,0.1304347826086956,1.0,0.0,0.0,0.0,0.0,0.0,0.0,0,Legitimate,train
9,World Economic Forum,https://www.linkedin.com/company/8193,1.0,37.0,1.0,6.0,20.0,3.0,0.0,0.0,0.0,0.15,1.0,0.0,0.0,0.0,0.0,0.0,0.0,0,Legitimate,train
10,Qmatic,https://www.linkedin.com/company/76874,1.0,38.0,1.0,6.0,6.0,1.0,0.0,0.0,0.0,0.1666666666666666,1.0,0.0,0.0,0.0,0.0,0.0,0.0,0,Legitimate,train
11,California Institute of the Arts,https://www.linkedin.com/company/22708,1.0,38.0,1.0,5.6,32.0,5.0,0.0,0.0,0.0,0.09375,1.0,0.0,0.0,0.0,0.0,0.0,0.0,0,Legitimate,train
12,ignite xr,https://www.linkedin.com/company/18314826,1.0,41.0,1.0,4.0,9.0,2.0,0.0,0.0,0.0,0.0,1.0,0.0,0.0,0.0,0.0,0.0,0.0,0,Legitimate,train
13,Sales Intersection,https://www.linkedin.com/company/36083757,1.0,41.0,1.0,8.5,18.0,2.0,0.0,0.0,0.0,0.1111111111111111,1.0,0.0,0.0,0.0,0.0,0.0,0.0,0,Legitimate,train
14,The Leadership Consortium (TLC),https://www.linkedin.com/company/33283990,1.0,41.0,1.0,7.0,31.0,4.0,0.0,0.0,2.0,0.1935483870967742,1.0,0.0,0.0,0.0,0.0,0.0,0.0,0,Legitimate,val
15,Amherst College,https://www.linkedin.com/company/162436,1.0,39.0,1.0,7.0,15.0,2.0,0.0,0.0,0.0,0.1333333333333333,1.0,0.0,0.0,0.0,0.0,0.0,0.0,0,Legitimate,train
16,Windermere RE Northeast,https://www.linkedin.com/company/6029200,1.0,40.0,1.0,7.0,23.0,3.0,0.0,0.0,0.0,0.1739130434782608,1.0,0.0,0.0,0.0,0.0,0.0,0.0,0,Legitimate,train
17,Symbiose Collection,https://www.linkedin.com/company/2228204,1.0,40.0,1.0,9.0,19.0,2.0,0.0,0.0,0.0,0.1052631578947368,1.0,0.0,0.0,0.0,0.0,0.0,0.0,0,Legitimate,train
18,Event Rentals Unlimited,https://www.linkedin.com/company/556820,1.0,39.0,1.0,7.0,23.0,3.0,0.0,0.0,0.0,0.1304347826086956,1.0,0.0,0.0,0.0,0.0,0.0,0.0,0,Legitimate,train
19,The Institute of Group Analysis,https://www.linkedin.com/company/10777973,1.0,41.0,1.0,5.4,31.0,5.0,0.0,0.0,0.0,0.1290322580645161,1.0,0.0,0.0,0.0,0.0,1.0,1.0,0,Legitimate,train
20,Hungry Howie's Pizza,https://www.linkedin.com/company/1102286,1.0,40.0,1.0,6.0,20.0,3.0,0.0,0.0,1.0,0.15,1.0,0.0,0.0,0.0,0.0,0.0,0.0,0,Legitimate,train
21,Conservancy for Cuyahoga Valley National Park,https://www.linkedin.com/company/1954092,1.0,40.0,1.0,6.666666666666667,45.0,6.0,0.0,0.0,0.0,0.1111111111111111,1.0,0.0,0.0,0.0,0.0,0.0,0.0,0,Legitimate,train
22,Mad Women Academy,https://www.linkedin.com/company/77657648,1.0,41.0,1.0,5.0,17.0,3.0,0.0,0.0,0.0,0.1764705882352941,1.0,0.0,0.0,1.0,1.0,0.0,0.0,0,Legitimate,train
23,BBC Studios,https://www.linkedin.com/company/1763,1.0,37.0,1.0,5.0,11.0,2.0,0.0,0.0,0.0,0.3636363636363636,1.0,0.0,0.0,0.0,0.0,0.0,0.0,0,Legitimate,train
24,Sustrans,https://www.linkedin.com/company/85529,1.0,38.0,1.0,8.0,8.0,1.0,0.0,0.0,0.0,0.125,1.0,0.0,0.0,0.0,0.0,0.0,0.0,0,Legitimate,train
25,DonateStock,https://www.linkedin.com/company/71052388,1.0,41.0,1.0,11.0,11.0,1.0,0.0,0.0,0.0,0.1818181818181818,1.0,0.0,0.0,0.0,0.0,0.0,0.0,0,Legitimate,train
26,Joberator.com,https://www.linkedin.com/company/12177745,1.0,41.0,1.0,13.0,13.0,1.0,0.0,0.0,1.0,0.0769230769230769,1.0,0.0,0.0,0.0,0.0,0.0,0.0,0,Legitimate,train
27,Electrozad,https://www.linkedin.com/company/10908983,1.0,41.0,1.0,10.0,10.0,1.0,0.0,0.0,0.0,0.1,1.0,0.0,0.0,0.0,0.0,0.0,0.0,0,Legitimate,val
28,江南布衣服饰有限公司,https://www.linkedin.com/company/32881637,1.0,41.0,1.0,10.0,10.0,1.0,0.0,0.0,0.0,0.0,0.0,0.0,0.0,0.0,0.0,0.0,0.0,0,Legitimate,train
29,540,https://www.linkedin.com/company/3007815,1.0,40.0,1.0,3.0,3.0,1.0,3.0,1.0,0.0,0.0,1.0,0.0,0.0,0.0,0.0,0.0,0.0,0,Legitimate,train
30,Abacus Group,https://www.linkedin.com/company/2079141,1.0,40.0,1.0,5.5,12.0,2.0,0.0,0.0,0.0,0.1666666666666666,1.0,0.0,0.0,0.0,0.0,1.0,1.0,0,Legitimate,train
31,UCLA Anderson School of Management,https://www.linkedin.com/company/2475,1.0,37.0,1.0,6.0,34.0,5.0,0.0,0.0,0.0,0.2058823529411764,1.0,0.0,0.0,0.0,0.0,0.0,0.0,0,Legitimate,test
32,BVeg Foods,https://www.linkedin.com/company/68838069,1.0,41.0,1.0,4.5,10.0,2.0,0.0,0.0,0.0,0.3,1.0,0.0,0.0,0.0,0.0,0.0,0.0,0,Legitimate,test
33,"HotBed Technologies, Inc",https://www.linkedin.com/company/12599176,1.0,41.0,1.0,7.333333333333333,24.0,3.0,0.0,0.0,1.0,0.1666666666666666,1.0,0.0,1.0,0.0,0.0,1.0,1.0,0,Legitimate,train
34,MyTechBestfriend,https://www.linkedin.com/company/79952240,1.0,41.0,1.0,16.0,16.0,1.0,0.0,0.0,0.0,0.1875,1.0,0.0,0.0,0.0,0.0,0.0,0.0,0,Legitimate,test
35,NeuralMatrix AI Labs,,0.0,0.0,0.0,6.0,20.0,3.0,0.0,0.0,0.0,0.25,1.0,0.0,0.0,1.0,1.0,1.0,1.0,1,Fake_Scam,train
36,Massachusetts Black Women Attorneys,https://www.linkedin.com/company/68364963,1.0,41.0,1.0,8.0,35.0,4.0,0.0,0.0,0.0,0.1142857142857142,1.0,0.0,0.0,0.0,0.0,0.0,0.0,0,Legitimate,train
37,Efficio,https://www.linkedin.com/company/27644,1.0,38.0,1.0,7.0,7.0,1.0,0.0,0.0,0.0,0.1428571428571428,1.0,0.0,0.0,0.0,0.0,0.0,0.0,0,Legitimate,train
38,Castillo & Piñeyro Consultores y Abogados S.A.C.,https://www.linkedin.com/company/10453879,1.0,41.0,1.0,6.0,48.0,7.0,0.0,0.0,4.0,0.1458333333333333,0.0,1.0,0.0,1.0,1.0,0.0,0.0,0,Legitimate,train
39,EnergyCommunities,https://www.linkedin.com/company/79714916,1.0,41.0,1.0,17.0,17.0,1.0,0.0,0.0,0.0,0.1176470588235294,1.0,0.0,0.0,0.0,0.0,0.0,0.0,0,Legitimate,train
40,Social Media Marketing Tips,https://www.linkedin.com/company/3692147,1.0,40.0,1.0,6.0,27.0,4.0,0.0,0.0,0.0,0.1481481481481481,1.0,0.0,0.0,0.0,0.0,0.0,0.0,0,Legitimate,train
41,Junior Achievement of Northern California,https://www.linkedin.com/company/420694,1.0,39.0,1.0,7.4,41.0,5.0,0.0,0.0,0.0,0.0975609756097561,1.0,0.0,0.0,0.0,0.0,0.0,0.0,0,Legitimate,train
42,Nesco Resource,https://www.linkedin.com/company/28014,1.0,38.0,1.0,6.5,14.0,2.0,0.0,0.0,0.0,0.1428571428571428,1.0,0.0,0.0,0.0,0.0,0.0,0.0,0,Legitimate,train
43,Cantor Fitzgerald,https://www.linkedin.com/company/162889,1.0,39.0,1.0,8.0,17.0,2.0,0.0,0.0,0.0,0.1176470588235294,1.0,0.0,0.0,0.0,0.0,0.0,0.0,0,Legitimate,train
44,Oakley,https://www.linkedin.com/company/7471,1.0,37.0,1.0,6.0,6.0,1.0,0.0,0.0,0.0,0.1666666666666666,1.0,0.0,0.0,0.0,0.0,0.0,0.0,0,Legitimate,train
45,California College of the Arts,https://www.linkedin.com/company/16441,1.0,38.0,1.0,5.2,30.0,5.0,0.0,0.0,0.0,0.1,1.0,0.0,0.0,0.0,0.0,0.0,0.0,0,Legitimate,train
46,Cole Schotz P.C.,https://www.linkedin.com/company/99898,1.0,38.0,1.0,4.666666666666667,16.0,3.0,0.0,0.0,2.0,0.25,1.0,0.0,0.0,0.0,0.0,0.0,0.0,0,Legitimate,test
47,POWER INITIATIVES LIMITED,https://www.linkedin.com/company/21768265,1.0,41.0,1.0,7.666666666666667,25.0,3.0,0.0,0.0,0.0,0.92,1.0,0.0,0.0,0.0,0.0,0.0,0.0,0,Legitimate,test
48,World Health Organization,https://www.linkedin.com/company/5350,1.0,37.0,1.0,7.666666666666667,25.0,3.0,0.0,0.0,0.0,0.12,1.0,0.0,0.0,0.0,0.0,0.0,0.0,0,Legitimate,test
49,Gaming America,https://www.linkedin.com/company/64595222,1.0,41.0,1.0,6.5,14.0,2.0,0.0,0.0,0.0,0.1428571428571428,1.0,0.0,0.0,0.0,0.0,0.0,0.0,0,Legitimate,train
50,Berk Communications,https://www.linkedin.com/company/9348497,1.0,40.0,1.0,9.0,19.0,2.0,0.0,0.0,0.0,0.1052631578947368,1.0,0.0,0.0,0.0,0.0,0.0,0.0,0,Legitimate,train
51,"ALPFA, Temple Chapter- Association of Latino Professionals for America",https://www.linkedin.com/company/72583330,1.0,41.0,1.0,6.888888888888889,70.0,9.0,0.0,0.0,2.0,0.1571428571428571,1.0,0.0,1.0,0.0,0.0,0.0,0.0,0,Legitimate,val
52,Forever Jewelry,https://www.linkedin.com/company/5499137,1.0,40.0,1.0,7.0,15.0,2.0,0.0,0.0,0.0,0.1333333333333333,1.0,0.0,0.0,0.0,0.0,0.0,0.0,0,Legitimate,val
53,Fieldwire by Hilti,https://www.linkedin.com/company/3078180,1.0,40.0,1.0,5.333333333333333,18.0,3.0,0.0,0.0,0.0,0.1111111111111111,1.0,0.0,0.0,0.0,0.0,0.0,0.0,0,Legitimate,train
54,Our Corporate Profile,https://www.linkedin.com/company/5212335,1.0,40.0,1.0,6.333333333333333,21.0,3.0,0.0,0.0,0.0,0.1428571428571428,1.0,0.0,0.0,0.0,0.0,0.0,0.0,0,Legitimate,test
55,Novartis,https://www.linkedin.com/company/1406,1.0,37.0,1.0,8.0,8.0,1.0,0.0,0.0,0.0,0.125,1.0,0.0,0.0,0.0,0.0,0.0,0.0,0,Legitimate,train
56,Gentex Corporation,https://www.linkedin.com/company/17363,1.0,38.0,1.0,8.5,18.0,2.0,0.0,0.0,0.0,0.1111111111111111,1.0,0.0,0.0,0.0,0.0,1.0,1.0,0,Legitimate,train
57,The Construction Veteran,https://www.linkedin.com/company/90454104,1.0,41.0,1.0,7.333333333333333,24.0,3.0,0.0,0.0,0.0,0.125,1.0,0.0,0.0,0.0,0.0,0.0,0.0,0,Legitimate,train
58,Derse,https://www.linkedin.com/company/30509,1.0,38.0,1.0,5.0,5.0,1.0,0.0,0.0,0.0,0.2,1.0,0.0,0.0,0.0,0.0,0.0,0.0,0,Legitimate,train
59,Trina Solar,https://www.linkedin.com/company/696485,1.0,39.0,1.0,5.0,11.0,2.0,0.0,0.0,0.0,0.1818181818181818,1.0,0.0,0.0,0.0,0.0,0.0,0.0,0,Legitimate,test
60,Slack,https://www.linkedin.com/company/1612748,1.0,40.0,1.0,5.0,5.0,1.0,0.0,0.0,0.0,0.2,1.0,0.0,0.0,0.0,0.0,0.0,0.0,0,Legitimate,val
61,Oracle Enterprise Consulting Desk,,0.0,0.0,0.0,7.5,33.0,4.0,0.0,0.0,0.0,0.1212121212121212,1.0,0.0,0.0,1.0,1.0,0.0,0.0,1,Fake_Scam,train
62,Rose Andom Center,https://www.linkedin.com/company/33191800,1.0,41.0,1.0,5.0,17.0,3.0,0.0,0.0,0.0,0.1764705882352941,1.0,0.0,0.0,0.0,0.0,0.0,0.0,0,Legitimate,train
63,Bloomberg Harvard City Leadership Initiative,https://www.linkedin.com/company/35637501,1.0,41.0,1.0,8.0,44.0,5.0,0.0,0.0,0.0,0.1136363636363636,1.0,0.0,0.0,0.0,0.0,0.0,0.0,0,Legitimate,val
64,Metaverse DAO Guild,,0.0,0.0,0.0,5.666666666666667,19.0,3.0,0.0,0.0,0.0,0.2631578947368421,1.0,0.0,0.0,0.0,0.0,0.0,0.0,1,Fake_Scam,train
65,University of Shanghai for Science and Technology,https://www.linkedin.com/company/15091721,1.0,41.0,1.0,6.142857142857143,49.0,7.0,0.0,0.0,0.0,0.0816326530612244,1.0,0.0,0.0,1.0,1.0,0.0,0.0,0,Legitimate,train
66,Wilmar Group Limited,https://www.linkedin.com/company/74502029,1.0,41.0,1.0,6.0,20.0,3.0,0.0,0.0,0.0,0.15,1.0,0.0,0.0,0.0,0.0,1.0,1.0,0,Legitimate,train
67,UrbanSitter,https://www.linkedin.com/company/2180475,1.0,40.0,1.0,11.0,11.0,1.0,0.0,0.0,0.0,0.1818181818181818,1.0,0.0,0.0,0.0,0.0,0.0,0.0,0,Legitimate,train
68,LIDE Rio Grande do Sul - Grupo de Líderes Empresariais,https://www.linkedin.com/company/3374371,1.0,40.0,1.0,4.5,54.0,10.0,0.0,0.0,1.0,0.1851851851851851,0.0,0.0,0.0,0.0,0.0,0.0,0.0,0,Legitimate,test
69,Louisiana State University,https://www.linkedin.com/company/164771,1.0,39.0,1.0,8.0,26.0,3.0,0.0,0.0,0.0,0.1153846153846153,1.0,0.0,0.0,0.0,0.0,0.0,0.0,0,Legitimate,train
70,Russam,https://www.linkedin.com/company/147880,1.0,39.0,1.0,6.0,6.0,1.0,0.0,0.0,0.0,0.1666666666666666,1.0,0.0,0.0,0.0,0.0,0.0,0.0,0,Legitimate,train
71,DXC Technology Australia and New Zealand,https://www.linkedin.com/company/14007277,1.0,41.0,1.0,5.833333333333333,40.0,6.0,0.0,0.0,0.0,0.175,1.0,0.0,0.0,0.0,0.0,0.0,0.0,0,Legitimate,train
72,Sisal,https://www.linkedin.com/company/459325,1.0,39.0,1.0,5.0,5.0,1.0,0.0,0.0,0.0,0.2,1.0,0.0,0.0,0.0,0.0,0.0,0.0,0,Legitimate,test
73,University of Health Sciences and Pharmacy in St. Louis,https://www.linkedin.com/company/1105781,1.0,40.0,1.0,5.222222222222222,55.0,9.0,0.0,0.0,1.0,0.109090909090909,1.0,0.0,0.0,0.0,0.0,0.0,0.0,0,Legitimate,train
74,PepsiCo,https://www.linkedin.com/company/1431,1.0,37.0,1.0,7.0,7.0,1.0,0.0,0.0,0.0,0.2857142857142857,1.0,0.0,0.0,0.0,0.0,0.0,0.0,0,Legitimate,val
75,Google,https://www.linkedin.com/company/1441,1.0,37.0,1.0,6.0,6.0,1.0,0.0,0.0,0.0,0.1666666666666666,1.0,0.0,0.0,0.0,0.0,0.0,0.0,0,Legitimate,test
76,My Actress Gallery,https://www.linkedin.com/company/69881700,1.0,41.0,1.0,5.333333333333333,18.0,3.0,0.0,0.0,0.0,0.1666666666666666,1.0,0.0,0.0,0.0,0.0,0.0,0.0,0,Legitimate,train
77,George Weston Bakeries,https://www.linkedin.com/company/20031,1.0,38.0,1.0,6.666666666666667,22.0,3.0,0.0,0.0,0.0,0.1363636363636363,1.0,0.0,0.0,0.0,0.0,0.0,0.0,0,Legitimate,train
78,HFMA Massachusetts-Rhode Island Chapter,https://www.linkedin.com/company/10491817,1.0,41.0,1.0,9.0,39.0,4.0,0.0,0.0,1.0,0.2051282051282051,1.0,0.0,0.0,0.0,0.0,0.0,0.0,0,Legitimate,test
79,Burnett Specialists Staffing & Recruiting,https://www.linkedin.com/company/29104,1.0,38.0,1.0,7.4,41.0,5.0,0.0,0.0,1.0,0.0975609756097561,1.0,1.0,0.0,2.0,1.0,0.0,0.0,0,Legitimate,train
80,Selfridges,https://www.linkedin.com/company/17250,1.0,38.0,1.0,10.0,10.0,1.0,0.0,0.0,0.0,0.1,1.0,0.0,0.0,0.0,0.0,0.0,0.0,0,Legitimate,train
81,Tsinghua University,https://www.linkedin.com/company/14022,1.0,38.0,1.0,9.0,19.0,2.0,0.0,0.0,0.0,0.1052631578947368,1.0,0.0,0.0,0.0,0.0,0.0,0.0,0,Legitimate,val
82,Beverly Hills Plastic Surgery by Dr Gabriel Chiu,https://www.linkedin.com/company/65662355,1.0,41.0,1.0,5.125,48.0,8.0,0.0,0.0,0.0,0.1458333333333333,1.0,0.0,0.0,0.0,0.0,0.0,0.0,0,Legitimate,train
83,Gap,https://www.linkedin.com/company/807593,1.0,39.0,1.0,3.0,3.0,1.0,0.0,0.0,0.0,0.3333333333333333,1.0,0.0,0.0,0.0,0.0,0.0,0.0,0,Legitimate,train
84,Changi Airport Group,https://www.linkedin.com/company/402650,1.0,39.0,1.0,6.0,20.0,3.0,0.0,0.0,0.0,0.15,1.0,0.0,0.0,0.0,0.0,1.0,1.0,0,Legitimate,train
85,B Lab U.S. & Canada,https://www.linkedin.com/company/1049599,1.0,40.0,1.0,3.0,19.0,5.0,0.0,0.0,3.0,0.2631578947368421,1.0,1.0,0.0,0.0,0.0,0.0,0.0,0,Legitimate,test
86,Blue Cross Blue Shield Association,https://www.linkedin.com/company/296073,1.0,39.0,1.0,6.0,34.0,5.0,0.0,0.0,0.0,0.1470588235294117,1.0,0.0,0.0,0.0,0.0,0.0,0.0,0,Legitimate,train
87,The Pranava Institute,https://www.linkedin.com/company/31573397,1.0,41.0,1.0,6.333333333333333,21.0,3.0,0.0,0.0,0.0,0.1428571428571428,1.0,0.0,0.0,0.0,0.0,0.0,0.0,0,Legitimate,train
88,Free Online Courses,https://www.linkedin.com/company/11335755,1.0,41.0,1.0,5.666666666666667,19.0,3.0,0.0,0.0,0.0,0.1578947368421052,1.0,0.0,0.0,0.0,0.0,0.0,0.0,0,Legitimate,train
89,Fichap,https://www.linkedin.com/company/35476173,1.0,41.0,1.0,6.0,6.0,1.0,0.0,0.0,0.0,0.1666666666666666,1.0,0.0,0.0,0.0,0.0,0.0,0.0,0,Legitimate,train
90,Litigation God,https://www.linkedin.com/company/78381661,1.0,41.0,1.0,6.5,14.0,2.0,0.0,0.0,0.0,0.1428571428571428,1.0,0.0,0.0,0.0,0.0,0.0,0.0,0,Legitimate,train
91,Dwarkadas J. Sanghvi College of Engineering,https://www.linkedin.com/company/15141199,1.0,41.0,1.0,6.333333333333333,43.0,6.0,0.0,0.0,1.0,0.1162790697674418,1.0,0.0,0.0,0.0,0.0,0.0,0.0,0,Legitimate,train
92,Youth Marketing Connection,https://www.linkedin.com/company/643445,1.0,39.0,1.0,8.0,26.0,3.0,0.0,0.0,0.0,0.1153846153846153,1.0,0.0,0.0,0.0,0.0,0.0,0.0,0,Legitimate,test
93,AAWCC-Brookdale,https://www.linkedin.com/company/86719387,1.0,41.0,1.0,15.0,15.0,1.0,0.0,0.0,1.0,0.4,1.0,0.0,0.0,0.0,0.0,0.0,0.0,0,Legitimate,train
94,The Resolute Group,https://www.linkedin.com/company/5035958,1.0,40.0,1.0,5.333333333333333,18.0,3.0,0.0,0.0,0.0,0.1666666666666666,1.0,0.0,0.0,0.0,0.0,1.0,1.0,0,Legitimate,train
95,Robi Axiata Limited,https://www.linkedin.com/company/1113717,1.0,40.0,1.0,5.666666666666667,19.0,3.0,0.0,0.0,0.0,0.1578947368421052,1.0,0.0,0.0,0.0,0.0,0.0,0.0,0,Legitimate,train
96,Alfa Connections,https://www.linkedin.com/company/14397856,1.0,41.0,1.0,7.5,16.0,2.0,0.0,0.0,0.0,0.125,1.0,0.0,0.0,0.0,0.0,0.0,0.0,0,Legitimate,train
97,AMN Healthcare,https://www.linkedin.com/company/10021,1.0,38.0,1.0,6.5,14.0,2.0,0.0,0.0,0.0,0.2857142857142857,1.0,0.0,0.0,0.0,0.0,0.0,0.0,0,Legitimate,train
98,Talentpath Recruitment,https://www.linkedin.com/company/2077141,1.0,40.0,1.0,10.5,22.0,2.0,0.0,0.0,0.0,0.0909090909090909,1.0,0.0,0.0,2.0,1.0,0.0,0.0,0,Legitimate,test
99,Alliance One,https://www.linkedin.com/company/34505,1.0,38.0,1.0,5.5,12.0,2.0,0.0,0.0,0.0,0.1666666666666666,1.0,0.0,0.0,0.0,0.0,0.0,0.0,0,Legitimate,train
100,Higginbotham,https://www.linkedin.com/company/36079,1.0,38.0,1.0,12.0,12.0,1.0,0.0,0.0,0.0,0.0833333333333333,1.0,0.0,0.0,0.0,0.0,0.0,0.0,0,Legitimate,train
101,George Brown College Continuing Education,https://www.linkedin.com/company/934386,1.0,39.0,1.0,7.4,41.0,5.0,0.0,0.0,0.0,0.1219512195121951,1.0,0.0,0.0,0.0,0.0,0.0,0.0,0,Legitimate,val
102,Mental Health Foundation,https://www.linkedin.com/company/2889690,1.0,40.0,1.0,7.333333333333333,24.0,3.0,0.0,0.0,0.0,0.125,1.0,0.0,0.0,0.0,0.0,0.0,0.0,0,Legitimate,train
103,HopeNow Foundation,https://www.linkedin.com/company/1401522,1.0,40.0,1.0,8.5,18.0,2.0,0.0,0.0,0.0,0.1666666666666666,1.0,0.0,0.0,0.0,0.0,0.0,0.0,0,Legitimate,train
104,Ultra Tec Water Treatment L.L.C Dubai,https://www.linkedin.com/company/2605272,1.0,40.0,1.0,5.333333333333333,37.0,6.0,0.0,0.0,2.0,0.2162162162162162,1.0,0.0,0.0,0.0,0.0,0.0,0.0,0,Legitimate,train
105,NOW,https://www.linkedin.com/company/10983400,1.0,41.0,1.0,3.0,3.0,1.0,0.0,0.0,0.0,1.0,1.0,0.0,0.0,0.0,0.0,0.0,0.0,0,Legitimate,val
106,The Popular Businessman,https://www.linkedin.com/company/71033874,1.0,41.0,1.0,7.0,23.0,3.0,0.0,0.0,0.0,0.1304347826086956,1.0,0.0,0.0,0.0,0.0,0.0,0.0,0,Legitimate,train
107,"Institute of Automation, Chinese Academy of Sciences",https://www.linkedin.com/company/3063816,1.0,40.0,1.0,6.571428571428571,52.0,7.0,0.0,0.0,1.0,0.0961538461538461,1.0,0.0,1.0,1.0,1.0,0.0,0.0,0,Legitimate,test
108,Colorado Academy,https://www.linkedin.com/company/781579,1.0,39.0,1.0,7.5,16.0,2.0,0.0,0.0,0.0,0.125,1.0,0.0,0.0,1.0,1.0,0.0,0.0,0,Legitimate,train
109,Baton Rouge North Economic Development District,https://www.linkedin.com/company/33240120,1.0,41.0,1.0,7.0,47.0,6.0,0.0,0.0,0.0,0.1276595744680851,1.0,0.0,0.0,0.0,0.0,0.0,0.0,0,Legitimate,val
110,"Rise Together Foundation, Inc.",https://www.linkedin.com/company/73182093,1.0,41.0,1.0,6.75,30.0,4.0,0.0,0.0,2.0,0.1333333333333333,1.0,0.0,1.0,0.0,0.0,1.0,1.0,0,Legitimate,train
111,Shopenzer Group,https://www.linkedin.com/company/82096104,1.0,41.0,1.0,7.0,15.0,2.0,0.0,0.0,0.0,0.1333333333333333,1.0,0.0,0.0,0.0,0.0,1.0,1.0,0,Legitimate,train
112,Hangzhou Normal University,https://www.linkedin.com/company/15092458,1.0,41.0,1.0,8.0,26.0,3.0,0.0,0.0,0.0,0.1153846153846153,1.0,0.0,0.0,0.0,0.0,0.0,0.0,0,Legitimate,train
113,MEC,https://www.linkedin.com/company/31914,1.0,38.0,1.0,3.0,3.0,1.0,0.0,0.0,0.0,1.0,1.0,0.0,0.0,0.0,0.0,0.0,0.0,0,Legitimate,val
114,"Garan, Incorporated",https://www.linkedin.com/company/59162,1.0,38.0,1.0,9.0,19.0,2.0,0.0,0.0,1.0,0.1052631578947368,1.0,0.0,1.0,0.0,0.0,0.0,0.0,0,Legitimate,val
115,Dear Tech World,https://www.linkedin.com/company/84536782,1.0,41.0,1.0,4.333333333333333,15.0,3.0,0.0,0.0,0.0,0.2,1.0,0.0,0.0,0.0,0.0,0.0,0.0,0,Legitimate,train
116,Tahr SEO,https://www.linkedin.com/company/13580278,1.0,41.0,1.0,3.5,8.0,2.0,0.0,0.0,0.0,0.5,1.0,0.0,0.0,0.0,0.0,0.0,0.0,0,Legitimate,test
117,DeepMind,https://www.linkedin.com/company/1594050,1.0,40.0,1.0,8.0,8.0,1.0,0.0,0.0,0.0,0.25,1.0,0.0,0.0,0.0,0.0,0.0,0.0,0,Legitimate,train
118,LogRhythm,https://www.linkedin.com/company/83851,1.0,38.0,1.0,9.0,9.0,1.0,0.0,0.0,0.0,0.2222222222222222,1.0,0.0,0.0,0.0,0.0,0.0,0.0,0,Legitimate,train
119,KPMG Brazil,https://www.linkedin.com/company/2655422,1.0,40.0,1.0,5.0,11.0,2.0,0.0,0.0,0.0,0.4545454545454545,1.0,0.0,0.0,0.0,0.0,0.0,0.0,0,Legitimate,train
120,Webicina.com,https://www.linkedin.com/company/2001563,1.0,40.0,1.0,12.0,12.0,1.0,0.0,0.0,1.0,0.0833333333333333,1.0,0.0,0.0,0.0,0.0,0.0,0.0,0,Legitimate,train
121,"Midwest Express, Inc.",https://www.linkedin.com/company/42868,1.0,38.0,1.0,6.333333333333333,21.0,3.0,0.0,0.0,2.0,0.1428571428571428,1.0,0.0,1.0,0.0,0.0,1.0,1.0,0,Legitimate,train
122,Baltimore Development Corporation,https://www.linkedin.com/company/79999,1.0,38.0,1.0,10.333333333333334,33.0,3.0,0.0,0.0,0.0,0.0909090909090909,1.0,0.0,0.0,0.0,0.0,1.0,1.0,0,Legitimate,train
123,Gazprom,https://www.linkedin.com/company/1841077,1.0,40.0,1.0,7.0,7.0,1.0,0.0,0.0,0.0,0.1428571428571428,1.0,0.0,0.0,0.0,0.0,0.0,0.0,0,Legitimate,train
124,PPRO,https://www.linkedin.com/company/1973298,1.0,40.0,1.0,4.0,4.0,1.0,0.0,0.0,0.0,1.0,1.0,0.0,0.0,0.0,0.0,0.0,0.0,0,Legitimate,train
125,Cooleaf,https://www.linkedin.com/company/1339111,1.0,40.0,1.0,7.0,7.0,1.0,0.0,0.0,0.0,0.1428571428571428,1.0,0.0,0.0,0.0,0.0,0.0,0.0,0,Legitimate,test
126,Fendi,https://www.linkedin.com/company/27664,1.0,38.0,1.0,5.0,5.0,1.0,0.0,0.0,0.0,0.2,1.0,0.0,0.0,0.0,0.0,0.0,0.0,0,Legitimate,train
127,JOBSCAN Middle East Ltd.,https://www.linkedin.com/company/9999967,1.0,40.0,1.0,5.25,24.0,4.0,0.0,0.0,1.0,0.4166666666666667,1.0,0.0,0.0,0.0,0.0,1.0,1.0,0,Legitimate,train
128,Columbus CEO,https://www.linkedin.com/company/3143852,1.0,40.0,1.0,5.5,12.0,2.0,0.0,0.0,0.0,0.3333333333333333,1.0,0.0,0.0,0.0,0.0,0.0,0.0,0,Legitimate,val
129,U.S. Legal Support,https://www.linkedin.com/company/86621,1.0,38.0,1.0,5.333333333333333,18.0,3.0,0.0,0.0,2.0,0.2222222222222222,1.0,0.0,0.0,0.0,0.0,0.0,0.0,0,Legitimate,test
130,Nest Commerce,https://www.linkedin.com/company/11062453,1.0,41.0,1.0,6.0,13.0,2.0,0.0,0.0,0.0,0.1538461538461538,1.0,0.0,0.0,0.0,0.0,0.0,0.0,0,Legitimate,train
131,Integro Bank,https://www.linkedin.com/company/76458894,1.0,41.0,1.0,5.5,12.0,2.0,0.0,0.0,0.0,0.1666666666666666,1.0,0.0,0.0,0.0,0.0,0.0,0.0,0,Legitimate,train
132,Major League Baseball,https://www.linkedin.com/company/164826,1.0,39.0,1.0,6.333333333333333,21.0,3.0,0.0,0.0,0.0,0.1428571428571428,1.0,0.0,0.0,0.0,0.0,0.0,0.0,0,Legitimate,train
133,Greater Manchester Police,https://www.linkedin.com/company/468148,1.0,39.0,1.0,7.666666666666667,25.0,3.0,0.0,0.0,0.0,0.12,1.0,0.0,0.0,0.0,0.0,0.0,0.0,0,Legitimate,train
134,Human Resources by Sede21,https://www.linkedin.com/company/1348171,1.0,40.0,1.0,5.5,25.0,4.0,2.0,1.0,0.0,0.12,1.0,0.0,0.0,0.0,0.0,0.0,0.0,0,Legitimate,train
135,Cairns Connection Training LTD,https://www.linkedin.com/company/79359916,1.0,41.0,1.0,6.75,30.0,4.0,0.0,0.0,0.0,0.2,1.0,0.0,0.0,1.0,1.0,1.0,1.0,0,Legitimate,train
136,LinkedIn for Creators,https://www.linkedin.com/company/74310544,1.0,41.0,1.0,6.333333333333333,21.0,3.0,0.0,0.0,0.0,0.1428571428571428,1.0,0.0,0.0,0.0,0.0,0.0,0.0,0,Legitimate,train
137,Themy by Denise Conroy,https://www.linkedin.com/company/73898944,1.0,41.0,1.0,4.75,22.0,4.0,0.0,0.0,0.0,0.1363636363636363,1.0,0.0,0.0,0.0,0.0,0.0,0.0,0,Legitimate,train
138,Interpublic Group (IPG),https://www.linkedin.com/company/6370,1.0,37.0,1.0,7.0,23.0,3.0,0.0,0.0,2.0,0.217391304347826,1.0,0.0,0.0,0.0,0.0,1.0,1.0,0,Legitimate,train
139,Buzz Editora,https://www.linkedin.com/company/10937321,1.0,41.0,1.0,5.5,12.0,2.0,0.0,0.0,0.0,0.1666666666666666,1.0,0.0,0.0,0.0,0.0,0.0,0.0,0,Legitimate,test
140,Minor League Baseball,https://www.linkedin.com/company/49521,1.0,38.0,1.0,6.333333333333333,21.0,3.0,0.0,0.0,0.0,0.1428571428571428,1.0,0.0,0.0,0.0,0.0,0.0,0.0,0,Legitimate,test
141,The Lazy Axe,https://www.linkedin.com/company/40715567,1.0,41.0,1.0,3.333333333333333,12.0,3.0,0.0,0.0,0.0,0.25,1.0,0.0,0.0,0.0,0.0,0.0,0.0,0,Legitimate,train
142,河南华峰制药有限公司,https://www.linkedin.com/company/31858483,1.0,41.0,1.0,10.0,10.0,1.0,0.0,0.0,0.0,0.0,0.0,0.0,0.0,0.0,0.0,0.0,0.0,0,Legitimate,train
143,LinkedIn News,https://www.linkedin.com/company/11280505,1.0,41.0,1.0,6.0,13.0,2.0,0.0,0.0,0.0,0.2307692307692307,1.0,0.0,0.0,0.0,0.0,0.0,0.0,0,Legitimate,train
144,Tata Tele Business Services,https://www.linkedin.com/company/3879,1.0,37.0,1.0,6.0,27.0,4.0,0.0,0.0,0.0,0.1481481481481481,1.0,0.0,0.0,0.0,0.0,0.0,0.0,0,Legitimate,test
145,John Brown University,https://www.linkedin.com/company/25227,1.0,38.0,1.0,6.333333333333333,21.0,3.0,0.0,0.0,0.0,0.1428571428571428,1.0,0.0,0.0,0.0,0.0,0.0,0.0,0,Legitimate,train
146,Dhaka International University,https://www.linkedin.com/company/8490764,1.0,40.0,1.0,9.333333333333334,30.0,3.0,0.0,0.0,0.0,0.1,1.0,0.0,0.0,0.0,0.0,0.0,0.0,0,Legitimate,test
147,Seattle Mariners,https://www.linkedin.com/company/165901,1.0,39.0,1.0,7.5,16.0,2.0,0.0,0.0,0.0,0.125,1.0,0.0,0.0,0.0,0.0,0.0,0.0,0,Legitimate,train
148,SAP,https://www.linkedin.com/company/1115,1.0,37.0,1.0,3.0,3.0,1.0,0.0,0.0,0.0,1.0,1.0,0.0,0.0,0.0,0.0,0.0,0.0,0,Legitimate,train
149,The Hong Kong Polytechnic University,https://www.linkedin.com/company/13359,1.0,38.0,1.0,6.4,36.0,5.0,0.0,0.0,0.0,0.1388888888888889,1.0,0.0,0.0,0.0,0.0,0.0,0.0,0,Legitimate,train
150,National Association of Latino Healthcare Executives,https://www.linkedin.com/company/16927542,1.0,41.0,1.0,7.833333333333333,52.0,6.0,0.0,0.0,0.0,0.0961538461538461,1.0,0.0,0.0,0.0,0.0,0.0,0.0,0,Legitimate,train
151,FC Bayern München,https://www.linkedin.com/company/7312515,1.0,40.0,1.0,5.0,17.0,3.0,0.0,0.0,0.0,0.2352941176470588,0.0,0.0,0.0,0.0,0.0,0.0,0.0,0,Legitimate,train
152,LITAO,https://www.linkedin.com/company/13236365,1.0,41.0,1.0,5.0,5.0,1.0,0.0,0.0,0.0,1.0,1.0,0.0,0.0,0.0,0.0,0.0,0.0,0,Legitimate,train
153,The Power Group,https://www.linkedin.com/company/697062,1.0,39.0,1.0,4.333333333333333,15.0,3.0,0.0,0.0,0.0,0.2,1.0,0.0,0.0,0.0,0.0,1.0,1.0,0,Legitimate,train
154,BLACKBIRD.AI,https://www.linkedin.com/company/11817629,1.0,41.0,1.0,12.0,12.0,1.0,0.0,0.0,1.0,0.9166666666666666,1.0,0.0,0.0,0.0,0.0,0.0,0.0,0,Legitimate,test
155,Real Futures Pty Ltd,https://www.linkedin.com/company/7152711,1.0,40.0,1.0,4.25,20.0,4.0,0.0,0.0,0.0,0.2,1.0,0.0,0.0,0.0,0.0,1.0,1.0,0,Legitimate,train
156,Skype,https://www.linkedin.com/company/7299,1.0,37.0,1.0,5.0,5.0,1.0,0.0,0.0,0.0,0.2,1.0,0.0,0.0,0.0,0.0,0.0,0.0,0,Legitimate,train
157,UPS Supply Chain Solutions,https://www.linkedin.com/company/1524,1.0,37.0,1.0,5.75,26.0,4.0,0.0,0.0,0.0,0.2307692307692307,1.0,0.0,0.0,0.0,0.0,1.0,1.0,0,Legitimate,test
158,Law Department Management Network,https://www.linkedin.com/company/56471203,1.0,41.0,1.0,7.5,33.0,4.0,0.0,0.0,0.0,0.1212121212121212,1.0,0.0,0.0,0.0,0.0,0.0,0.0,0,Legitimate,train
159,Medrio,https://www.linkedin.com/company/132347,1.0,39.0,1.0,6.0,6.0,1.0,0.0,0.0,0.0,0.1666666666666666,1.0,0.0,0.0,0.0,0.0,0.0,0.0,0,Legitimate,train
160,Pensioenfonds Openbare Bibliotheken,https://www.linkedin.com/company/84101933,1.0,41.0,1.0,11.0,35.0,3.0,0.0,0.0,0.0,0.0857142857142857,1.0,0.0,0.0,0.0,0.0,0.0,0.0,0,Legitimate,train
161,TopRank Marketing,https://www.linkedin.com/company/96625,1.0,38.0,1.0,8.0,17.0,2.0,0.0,0.0,0.0,0.1764705882352941,1.0,0.0,0.0,0.0,0.0,0.0,0.0,0,Legitimate,train
162,My Staffing Resources,https://www.linkedin.com/company/64722957,1.0,41.0,1.0,6.333333333333333,21.0,3.0,0.0,0.0,0.0,0.1428571428571428,1.0,0.0,0.0,1.0,1.0,0.0,0.0,0,Legitimate,val
163,GISMA Business School,https://www.linkedin.com/company/63523,1.0,38.0,1.0,6.333333333333333,21.0,3.0,0.0,0.0,0.0,0.3333333333333333,1.0,0.0,0.0,0.0,0.0,0.0,0.0,0,Legitimate,train
164,ServiceNow Community,https://www.linkedin.com/company/7578108,1.0,40.0,1.0,9.5,20.0,2.0,0.0,0.0,0.0,0.15,1.0,0.0,0.0,0.0,0.0,0.0,0.0,0,Legitimate,train
165,The Globe and Mail,https://www.linkedin.com/company/10432,1.0,38.0,1.0,3.75,18.0,4.0,0.0,0.0,0.0,0.1666666666666666,1.0,0.0,0.0,0.0,0.0,0.0,0.0,0,Legitimate,train
166,FinTech Australia,https://www.linkedin.com/company/10563124,1.0,41.0,1.0,8.0,17.0,2.0,0.0,0.0,0.0,0.1764705882352941,1.0,0.0,0.0,0.0,0.0,0.0,0.0,0,Legitimate,train
167,Craftview Software GmbH,https://www.linkedin.com/company/71567907,1.0,41.0,1.0,7.0,23.0,3.0,0.0,0.0,0.0,0.1739130434782608,1.0,0.0,0.0,0.0,0.0,0.0,0.0,0,Legitimate,test
168,AMH,https://www.linkedin.com/company/2723098,1.0,40.0,1.0,3.0,3.0,1.0,0.0,0.0,0.0,1.0,1.0,0.0,0.0,0.0,0.0,0.0,0.0,0,Legitimate,val
169,Be Braver,https://www.linkedin.com/company/40925420,1.0,41.0,1.0,4.0,9.0,2.0,0.0,0.0,0.0,0.2222222222222222,1.0,0.0,0.0,0.0,0.0,0.0,0.0,0,Legitimate,train
170,Illumination Wealth,https://www.linkedin.com/company/3312966,1.0,40.0,1.0,9.0,19.0,2.0,0.0,0.0,0.0,0.1052631578947368,1.0,0.0,0.0,0.0,0.0,0.0,0.0,0,Legitimate,train
171,Step,https://www.linkedin.com/company/4991859,1.0,40.0,1.0,4.0,4.0,1.0,0.0,0.0,0.0,0.25,1.0,0.0,0.0,0.0,0.0,0.0,0.0,0,Legitimate,val
172,Reachdesk,https://www.linkedin.com/company/13006904,1.0,41.0,1.0,9.0,9.0,1.0,0.0,0.0,0.0,0.1111111111111111,1.0,0.0,0.0,0.0,0.0,0.0,0.0,0,Legitimate,train
173,YouTube,https://www.linkedin.com/company/16140,1.0,38.0,1.0,7.0,7.0,1.0,0.0,0.0,0.0,0.2857142857142857,1.0,0.0,0.0,0.0,0.0,0.0,0.0,0,Legitimate,test
174,The uDe Agency,https://www.linkedin.com/company/9238800,1.0,40.0,1.0,4.0,14.0,3.0,0.0,0.0,0.0,0.2142857142857142,1.0,0.0,0.0,0.0,0.0,0.0,0.0,0,Legitimate,train
175,Girls Inc. of New York City,https://www.linkedin.com/company/2139177,1.0,40.0,1.0,3.6666666666666665,27.0,6.0,0.0,0.0,1.0,0.1851851851851851,1.0,0.0,0.0,0.0,0.0,1.0,1.0,0,Legitimate,test
176,David Nigri Advogados Associados,https://www.linkedin.com/company/65984443,1.0,41.0,1.0,7.25,32.0,4.0,0.0,0.0,0.0,0.125,1.0,0.0,0.0,0.0,0.0,0.0,0.0,0,Legitimate,train
177,American Efficient,https://www.linkedin.com/company/27231006,1.0,41.0,1.0,8.5,18.0,2.0,0.0,0.0,0.0,0.1111111111111111,1.0,0.0,0.0,0.0,0.0,0.0,0.0,0,Legitimate,train
178,Ouest Digital,https://www.linkedin.com/company/10919629,1.0,41.0,1.0,6.0,13.0,2.0,0.0,0.0,0.0,0.1538461538461538,1.0,0.0,0.0,0.0,0.0,0.0,0.0,0,Legitimate,test
179,UO American Marketing Association,https://www.linkedin.com/company/17774701,1.0,41.0,1.0,7.5,33.0,4.0,0.0,0.0,0.0,0.1515151515151515,1.0,0.0,0.0,0.0,0.0,0.0,0.0,0,Legitimate,train
180,Shradha HRD,https://www.linkedin.com/company/4830066,1.0,40.0,1.0,5.0,11.0,2.0,0.0,0.0,0.0,0.3636363636363636,1.0,0.0,0.0,0.0,0.0,0.0,0.0,0,Legitimate,test
181,Audiomack,https://www.linkedin.com/company/3284152,1.0,40.0,1.0,9.0,9.0,1.0,0.0,0.0,0.0,0.1111111111111111,1.0,0.0,0.0,0.0,0.0,0.0,0.0,0,Legitimate,train
182,Toplum İçin Hukuk Kliniği,https://www.linkedin.com/company/79844752,1.0,41.0,1.0,5.5,25.0,4.0,0.0,0.0,0.0,0.16,0.0,0.0,0.0,0.0,0.0,0.0,0.0,0,Legitimate,train
183,EIC (Energy Industries Council),https://www.linkedin.com/company/365100,1.0,39.0,1.0,7.0,31.0,4.0,0.0,0.0,2.0,0.1935483870967742,1.0,0.0,0.0,0.0,0.0,0.0,0.0,0,Legitimate,test
184,Business Inside the Game (BIG),https://www.linkedin.com/company/18290289,1.0,41.0,1.0,5.2,30.0,5.0,0.0,0.0,2.0,0.2,1.0,0.0,0.0,0.0,0.0,0.0,0.0,0,Legitimate,val
185,The St. James Group LLC,https://www.linkedin.com/company/5148805,1.0,40.0,1.0,3.8,23.0,5.0,0.0,0.0,1.0,0.3043478260869565,1.0,0.0,0.0,0.0,0.0,2.0,1.0,0,Legitimate,train
186,Caast,https://www.linkedin.com/company/65532776,1.0,41.0,1.0,5.0,5.0,1.0,0.0,0.0,0.0,0.2,1.0,0.0,0.0,0.0,0.0,0.0,0.0,0,Legitimate,train
187,University of the Punjab,https://www.linkedin.com/company/933321,1.0,39.0,1.0,5.25,24.0,4.0,0.0,0.0,0.0,0.0833333333333333,1.0,0.0,0.0,0.0,0.0,0.0,0.0,0,Legitimate,train
188,Anheuser-Busch,https://www.linkedin.com/company/4510,1.0,37.0,1.0,14.0,14.0,1.0,0.0,0.0,1.0,0.1428571428571428,1.0,0.0,0.0,0.0,0.0,0.0,0.0,0,Legitimate,train
189,Estēe Lauder,https://www.linkedin.com/company/51923423,1.0,41.0,1.0,5.5,12.0,2.0,0.0,0.0,0.0,0.1666666666666666,0.0,0.0,0.0,0.0,0.0,0.0,0.0,0,Legitimate,train
190,Pacific Gas and Electric Company,https://www.linkedin.com/company/3895,1.0,37.0,1.0,5.6,32.0,5.0,0.0,0.0,0.0,0.125,1.0,0.0,0.0,0.0,0.0,1.0,1.0,0,Legitimate,train
191,"Alpha Kappa Alpha Sorority, Incorporated",https://www.linkedin.com/company/9894450,1.0,40.0,1.0,7.2,40.0,5.0,0.0,0.0,1.0,0.125,1.0,0.0,1.0,0.0,0.0,0.0,0.0,0,Legitimate,train
192,Davenport University,https://www.linkedin.com/company/14182,1.0,38.0,1.0,9.5,20.0,2.0,0.0,0.0,0.0,0.1,1.0,0.0,0.0,0.0,0.0,0.0,0.0,0,Legitimate,train
193,GREENFIELD INVEST INC.,https://www.linkedin.com/company/27210291,1.0,41.0,1.0,6.666666666666667,22.0,3.0,0.0,0.0,1.0,0.8636363636363636,1.0,0.0,0.0,0.0,0.0,1.0,1.0,0,Legitimate,test
194,Art Basel,https://www.linkedin.com/company/2823110,1.0,40.0,1.0,4.0,9.0,2.0,0.0,0.0,0.0,0.2222222222222222,1.0,0.0,0.0,0.0,0.0,0.0,0.0,0,Legitimate,train
195,Equal Justice Initiative,https://www.linkedin.com/company/4018191,1.0,40.0,1.0,7.333333333333333,24.0,3.0,0.0,0.0,0.0,0.125,1.0,0.0,0.0,0.0,0.0,0.0,0.0,0,Legitimate,train
196,The MXP1 LLC,https://www.linkedin.com/company/68849396,1.0,41.0,1.0,3.333333333333333,12.0,3.0,1.0,1.0,0.0,0.5833333333333334,1.0,0.0,0.0,0.0,0.0,1.0,1.0,0,Legitimate,train
197,"Computer Solutions East, Inc.",https://www.linkedin.com/company/1134650,1.0,40.0,1.0,6.5,29.0,4.0,0.0,0.0,2.0,0.1379310344827586,1.0,0.0,1.0,0.0,0.0,2.0,1.0,0,Legitimate,train
198,Descon Engineering Limited,https://www.linkedin.com/company/48743,1.0,38.0,1.0,8.0,26.0,3.0,0.0,0.0,0.0,0.1153846153846153,1.0,0.0,0.0,0.0,0.0,0.0,0.0,0,Legitimate,train
199,Talent Circle,https://www.linkedin.com/company/42846102,1.0,41.0,1.0,6.0,13.0,2.0,0.0,0.0,0.0,0.1538461538461538,1.0,0.0,0.0,1.0,1.0,0.0,0.0,0,Legitimate,test
200,Tampa Bay Rays,https://www.linkedin.com/company/19738,1.0,38.0,1.0,4.0,14.0,3.0,0.0,0.0,0.0,0.2142857142857142,1.0,0.0,0.0,0.0,0.0,0.0,0.0,0,Legitimate,train
201,Orgvue,https://www.linkedin.com/company/5179983,1.0,40.0,1.0,6.0,6.0,1.0,0.0,0.0,0.0,0.1666666666666666,1.0,0.0,0.0,0.0,0.0,0.0,0.0,0,Legitimate,test
202,Schwan's Company,https://www.linkedin.com/company/6234,1.0,37.0,1.0,7.5,16.0,2.0,0.0,0.0,1.0,0.125,1.0,0.0,0.0,0.0,0.0,1.0,1.0,0,Legitimate,train
203,TA Digital,https://www.linkedin.com/company/33299067,1.0,41.0,1.0,4.5,10.0,2.0,0.0,0.0,0.0,0.3,1.0,0.0,0.0,0.0,0.0,0.0,0.0,0,Legitimate,train
204,OKRA.ai,https://www.linkedin.com/company/10583815,1.0,41.0,1.0,7.0,7.0,1.0,0.0,0.0,1.0,0.5714285714285714,1.0,0.0,0.0,0.0,0.0,0.0,0.0,0,Legitimate,val
205,The Mintable,https://www.linkedin.com/company/79947644,1.0,41.0,1.0,5.5,12.0,2.0,0.0,0.0,0.0,0.1666666666666666,1.0,0.0,0.0,0.0,0.0,0.0,0.0,0,Legitimate,train
206,GE Aerospace,https://www.linkedin.com/company/570550,1.0,39.0,1.0,5.5,12.0,2.0,0.0,0.0,0.0,0.25,1.0,0.0,0.0,0.0,0.0,0.0,0.0,0,Legitimate,train
207,Troocoo,https://www.linkedin.com/company/17959664,1.0,41.0,1.0,7.0,7.0,1.0,0.0,0.0,0.0,0.1428571428571428,1.0,0.0,0.0,0.0,0.0,0.0,0.0,0,Legitimate,train
208,Eloqua,https://www.linkedin.com/company/11164,1.0,38.0,1.0,6.0,6.0,1.0,0.0,0.0,0.0,0.1666666666666666,1.0,0.0,0.0,0.0,0.0,0.0,0.0,0,Legitimate,test
209,Mind Body Spirit Motivation LLC,https://www.linkedin.com/company/81485426,1.0,41.0,1.0,5.4,31.0,5.0,0.0,0.0,0.0,0.2258064516129032,1.0,0.0,0.0,0.0,0.0,1.0,1.0,0,Legitimate,train
210,HCA Far West Division,https://www.linkedin.com/company/2531731,1.0,40.0,1.0,4.5,21.0,4.0,0.0,0.0,0.0,0.2857142857142857,1.0,0.0,0.0,0.0,0.0,0.0,0.0,0,Legitimate,train
211,Atlantic Cape Community College,https://www.linkedin.com/company/313273,1.0,39.0,1.0,7.0,31.0,4.0,0.0,0.0,0.0,0.1290322580645161,1.0,0.0,0.0,0.0,0.0,0.0,0.0,0,Legitimate,train
212,Stephen Gould,https://www.linkedin.com/company/39665,1.0,38.0,1.0,6.0,13.0,2.0,0.0,0.0,0.0,0.1538461538461538,1.0,0.0,0.0,0.0,0.0,0.0,0.0,0,Legitimate,train
213,T-CETRA,https://www.linkedin.com/company/2473666,1.0,40.0,1.0,7.0,7.0,1.0,0.0,0.0,1.0,0.8571428571428571,1.0,0.0,0.0,0.0,0.0,0.0,0.0,0,Legitimate,val
214,RCM Agency,https://www.linkedin.com/company/19091811,1.0,41.0,1.0,4.5,10.0,2.0,0.0,0.0,0.0,0.4,1.0,0.0,0.0,0.0,0.0,0.0,0.0,0,Legitimate,train
215,"The North Face, a VF Company",https://www.linkedin.com/company/4667,1.0,37.0,1.0,3.8333333333333335,28.0,6.0,0.0,0.0,1.0,0.2142857142857142,1.0,0.0,1.0,0.0,0.0,1.0,1.0,0,Legitimate,val
216,Auxillium HRnetSource,https://www.linkedin.com/company/2796278,1.0,40.0,1.0,10.0,21.0,2.0,0.0,0.0,0.0,0.1904761904761904,1.0,0.0,0.0,0.0,0.0,0.0,0.0,0,Legitimate,test
217,Microsoft,https://www.linkedin.com/company/1035,1.0,37.0,1.0,9.0,9.0,1.0,0.0,0.0,0.0,0.1111111111111111,1.0,0.0,0.0,0.0,0.0,0.0,0.0,0,Legitimate,val
218,INSEAD Executive Education,https://www.linkedin.com/company/2413404,1.0,40.0,1.0,8.0,26.0,3.0,0.0,0.0,0.0,0.3076923076923077,1.0,0.0,0.0,0.0,0.0,0.0,0.0,0,Legitimate,train
219,"Supernus Pharmaceuticals, Inc.",https://www.linkedin.com/company/65514,1.0,38.0,1.0,9.333333333333334,30.0,3.0,0.0,0.0,2.0,0.1,1.0,0.0,1.0,0.0,0.0,1.0,1.0,0,Legitimate,train
220,E.ON Deutschland,https://www.linkedin.com/company/1335296,1.0,40.0,1.0,7.5,16.0,2.0,0.0,0.0,1.0,0.25,1.0,0.0,0.0,0.0,0.0,0.0,0.0,0,Legitimate,train
221,National Crime Agency (NCA),https://www.linkedin.com/company/5198468,1.0,40.0,1.0,6.0,27.0,4.0,0.0,0.0,2.0,0.2222222222222222,1.0,0.0,0.0,0.0,0.0,0.0,0.0,0,Legitimate,train
222,NARS Cosmetics,https://www.linkedin.com/company/1548938,1.0,40.0,1.0,6.5,14.0,2.0,0.0,0.0,0.0,0.3571428571428571,1.0,0.0,0.0,0.0,0.0,0.0,0.0,0,Legitimate,train
223,Banzai,https://www.linkedin.com/company/10595753,1.0,41.0,1.0,6.0,6.0,1.0,0.0,0.0,0.0,0.1666666666666666,1.0,0.0,0.0,0.0,0.0,0.0,0.0,0,Legitimate,test
224,ESL - Turtle Entertainment,https://www.linkedin.com/company/45511,1.0,38.0,1.0,5.75,26.0,4.0,0.0,0.0,1.0,0.1923076923076923,1.0,0.0,0.0,0.0,0.0,0.0,0.0,0,Legitimate,train
225,Oak Street Health,https://www.linkedin.com/company/3029525,1.0,40.0,1.0,5.0,17.0,3.0,0.0,0.0,0.0,0.1764705882352941,1.0,0.0,0.0,0.0,0.0,0.0,0.0,0,Legitimate,train
226,AQR Capital Management,https://www.linkedin.com/company/20749,1.0,38.0,1.0,6.666666666666667,22.0,3.0,0.0,0.0,0.0,0.2272727272727272,1.0,0.0,0.0,1.0,1.0,0.0,0.0,0,Legitimate,test
227,山西红天下食品有限公司,https://www.linkedin.com/company/29602725,1.0,41.0,1.0,11.0,11.0,1.0,0.0,0.0,0.0,0.0,0.0,0.0,0.0,0.0,0.0,0.0,0.0,0,Legitimate,train
228,Simon-Kucher & Partners,https://www.linkedin.com/company/9546,1.0,37.0,1.0,7.0,23.0,3.0,0.0,0.0,2.0,0.1304347826086956,1.0,1.0,0.0,0.0,0.0,1.0,1.0,0,Legitimate,train
229,Colin Brosnahan - Purposeful Prosperity,https://www.linkedin.com/company/80406408,1.0,41.0,1.0,7.0,39.0,5.0,0.0,0.0,1.0,0.1025641025641025,1.0,0.0,0.0,0.0,0.0,0.0,0.0,0,Legitimate,train
230,Creative Edge Consulting,https://www.linkedin.com/company/67706637,1.0,41.0,1.0,7.333333333333333,24.0,3.0,0.0,0.0,0.0,0.125,1.0,0.0,0.0,1.0,1.0,0.0,0.0,0,Legitimate,train
231,Spartan,https://www.linkedin.com/company/1321061,1.0,40.0,1.0,7.0,7.0,1.0,0.0,0.0,0.0,0.1428571428571428,1.0,0.0,0.0,0.0,0.0,0.0,0.0,0,Legitimate,val
232,CISObeat,https://www.linkedin.com/company/16221092,1.0,41.0,1.0,8.0,8.0,1.0,0.0,0.0,0.0,0.5,1.0,0.0,0.0,0.0,0.0,0.0,0.0,0,Legitimate,train
233,Cornell University College of Engineering,https://www.linkedin.com/company/10115968,1.0,41.0,1.0,7.4,41.0,5.0,0.0,0.0,0.0,0.0975609756097561,1.0,0.0,0.0,0.0,0.0,0.0,0.0,0,Legitimate,train
234,Mammoet,https://www.linkedin.com/company/26061,1.0,38.0,1.0,7.0,7.0,1.0,0.0,0.0,0.0,0.1428571428571428,1.0,0.0,0.0,0.0,0.0,0.0,0.0,0,Legitimate,val
235,Wizards of the Coast,https://www.linkedin.com/company/166956,1.0,39.0,1.0,4.25,20.0,4.0,0.0,0.0,0.0,0.1,1.0,0.0,0.0,0.0,0.0,0.0,0.0,0,Legitimate,train
236,Association of Corporate Counsel,https://www.linkedin.com/company/203056,1.0,39.0,1.0,7.25,32.0,4.0,0.0,0.0,0.0,0.09375,1.0,0.0,0.0,0.0,0.0,0.0,0.0,0,Legitimate,val
237,Stride Credit Union,https://www.linkedin.com/company/65835722,1.0,41.0,1.0,5.666666666666667,19.0,3.0,0.0,0.0,0.0,0.1578947368421052,1.0,0.0,0.0,0.0,0.0,0.0,0.0,0,Legitimate,train
238,Chevron,https://www.linkedin.com/company/2192,1.0,37.0,1.0,7.0,7.0,1.0,0.0,0.0,0.0,0.1428571428571428,1.0,0.0,0.0,0.0,0.0,0.0,0.0,0,Legitimate,test
239,International Energy Agency (IEA),https://www.linkedin.com/company/26952,1.0,38.0,1.0,7.5,33.0,4.0,0.0,0.0,2.0,0.1818181818181818,1.0,0.0,0.0,0.0,0.0,0.0,0.0,0,Legitimate,train
240,Vanguard Translation Agency,,0.0,0.0,0.0,8.333333333333334,27.0,3.0,0.0,0.0,0.0,0.1111111111111111,1.0,0.0,0.0,0.0,0.0,0.0,0.0,1,Fake_Scam,train
241,Lucas Total Contract Solutions - Mining & Civil Contractors,https://www.linkedin.com/company/3263083,1.0,40.0,1.0,5.666666666666667,59.0,9.0,0.0,0.0,2.0,0.1186440677966101,1.0,1.0,0.0,0.0,0.0,1.0,1.0,0,Legitimate,train
242,WCG,https://www.linkedin.com/company/3198248,1.0,40.0,1.0,3.0,3.0,1.0,0.0,0.0,0.0,1.0,1.0,0.0,0.0,0.0,0.0,0.0,0.0,0,Legitimate,train
243,MONAT Gratitude,https://www.linkedin.com/company/35421530,1.0,41.0,1.0,7.0,15.0,2.0,0.0,0.0,0.0,0.4,1.0,0.0,0.0,0.0,0.0,0.0,0.0,0,Legitimate,val
244,The ONE Campaign,https://www.linkedin.com/company/793510,1.0,39.0,1.0,4.666666666666667,16.0,3.0,0.0,0.0,0.0,0.3125,1.0,0.0,0.0,0.0,0.0,0.0,0.0,0,Legitimate,val
245,"Hoover ♦ Krepelka, LLP",https://www.linkedin.com/company/6601148,1.0,40.0,1.0,4.75,22.0,4.0,0.0,0.0,2.0,0.2272727272727272,0.0,0.0,1.0,0.0,0.0,0.0,0.0,0,Legitimate,test
246,Smith & Loveless Inc.,https://www.linkedin.com/company/619805,1.0,39.0,1.0,4.5,21.0,4.0,0.0,0.0,2.0,0.1428571428571428,1.0,1.0,0.0,0.0,0.0,1.0,1.0,0,Legitimate,val
247,"NYIC (NEW YORK INTERNATIONAL CAPITAL, LLC)",https://www.linkedin.com/company/10936479,1.0,41.0,1.0,6.166666666666667,42.0,6.0,0.0,0.0,3.0,0.8095238095238095,1.0,0.0,1.0,1.0,1.0,1.0,1.0,0,Legitimate,train
248,Impact Family Office,https://www.linkedin.com/company/7955415,1.0,40.0,1.0,6.0,20.0,3.0,0.0,0.0,0.0,0.15,1.0,0.0,0.0,0.0,0.0,0.0,0.0,0,Legitimate,train
249,IEEE R5 Houston Section,https://www.linkedin.com/company/27450178,1.0,41.0,1.0,5.0,23.0,4.0,1.0,1.0,0.0,0.3043478260869565,1.0,0.0,0.0,0.0,0.0,0.0,0.0,0,Legitimate,train
250,William Blair Investment Banking,https://www.linkedin.com/company/9368058,1.0,40.0,1.0,7.25,32.0,4.0,0.0,0.0,0.0,0.125,1.0,0.0,0.0,0.0,0.0,0.0,0.0,0,Legitimate,train
251,"Alpha Phi Alpha Fraternity, Inc. - Xi Alpha Lambda Chapter",https://www.linkedin.com/company/10574981,1.0,41.0,1.0,4.9,58.0,10.0,0.0,0.0,3.0,0.1551724137931034,1.0,0.0,1.0,0.0,0.0,1.0,1.0,0,Legitimate,train
252,Grimm & Grove Communications,https://www.linkedin.com/company/3351265,1.0,40.0,1.0,6.25,28.0,4.0,0.0,0.0,1.0,0.1071428571428571,1.0,1.0,0.0,0.0,0.0,0.0,0.0,0,Legitimate,val
253,Knoll,https://www.linkedin.com/company/164618,1.0,39.0,1.0,5.0,5.0,1.0,0.0,0.0,0.0,0.2,1.0,0.0,0.0,0.0,0.0,0.0,0.0,0,Legitimate,val
254,Playa Hotels & Resorts,https://www.linkedin.com/company/1758714,1.0,40.0,1.0,4.75,22.0,4.0,0.0,0.0,1.0,0.1363636363636363,1.0,1.0,0.0,0.0,0.0,0.0,0.0,0,Legitimate,train
255,Martha's Vineyard CDO Summit,https://www.linkedin.com/company/81706860,1.0,41.0,1.0,6.25,28.0,4.0,0.0,0.0,1.0,0.2142857142857142,1.0,0.0,0.0,0.0,0.0,0.0,0.0,0,Legitimate,train
256,Dartmouth College,https://www.linkedin.com/company/163348,1.0,39.0,1.0,8.0,17.0,2.0,0.0,0.0,0.0,0.1176470588235294,1.0,0.0,0.0,0.0,0.0,0.0,0.0,0,Legitimate,train
257,Amgen Italia,https://www.linkedin.com/company/28865929,1.0,41.0,1.0,5.5,12.0,2.0,0.0,0.0,0.0,0.1666666666666666,1.0,0.0,0.0,0.0,0.0,0.0,0.0,0,Legitimate,test
258,Mindfulbizz,https://www.linkedin.com/company/10165580,1.0,41.0,1.0,11.0,11.0,1.0,0.0,0.0,0.0,0.0909090909090909,1.0,0.0,0.0,0.0,0.0,0.0,0.0,0,Legitimate,val
259,Beeline Europe,https://www.linkedin.com/company/37519786,1.0,41.0,1.0,6.5,14.0,2.0,0.0,0.0,0.0,0.1428571428571428,1.0,0.0,0.0,0.0,0.0,0.0,0.0,0,Legitimate,train
260,Florida Agricultural and Mechanical University,https://www.linkedin.com/company/15101139,1.0,41.0,1.0,8.4,46.0,5.0,0.0,0.0,0.0,0.0869565217391304,1.0,0.0,0.0,0.0,0.0,0.0,0.0,0,Legitimate,test
261,Harvard Advanced Leadership Initiative,https://www.linkedin.com/company/10033981,1.0,41.0,1.0,8.75,38.0,4.0,0.0,0.0,0.0,0.1052631578947368,1.0,0.0,0.0,0.0,0.0,0.0,0.0,0,Legitimate,train
262,Ionic Security (acquired by Twilio),https://www.linkedin.com/company/3175208,1.0,40.0,1.0,6.2,35.0,5.0,0.0,0.0,2.0,0.0857142857142857,1.0,0.0,0.0,0.0,0.0,0.0,0.0,0,Legitimate,test
263,Cloudlead.co,https://www.linkedin.com/company/9310106,1.0,40.0,1.0,12.0,12.0,1.0,0.0,0.0,1.0,0.0833333333333333,1.0,0.0,0.0,0.0,0.0,1.0,1.0,0,Legitimate,test
264,Swoz Consulting,https://www.linkedin.com/company/27118894,1.0,41.0,1.0,7.0,15.0,2.0,0.0,0.0,0.0,0.1333333333333333,1.0,0.0,0.0,1.0,1.0,0.0,0.0,0,Legitimate,train
265,News 12 Long Island,https://www.linkedin.com/company/3558092,1.0,40.0,1.0,4.0,19.0,4.0,2.0,1.0,0.0,0.1578947368421052,1.0,0.0,0.0,0.0,0.0,0.0,0.0,0,Legitimate,val
266,Magazine Luiza,https://www.linkedin.com/company/35128,1.0,38.0,1.0,6.5,14.0,2.0,0.0,0.0,0.0,0.1428571428571428,1.0,0.0,0.0,0.0,0.0,0.0,0.0,0,Legitimate,train
267,SCG,https://www.linkedin.com/company/416857,1.0,39.0,1.0,3.0,3.0,1.0,0.0,0.0,0.0,1.0,1.0,0.0,0.0,0.0,0.0,0.0,0.0,0,Legitimate,val
268,LinkedIn News UK,https://www.linkedin.com/company/64871389,1.0,41.0,1.0,4.666666666666667,16.0,3.0,0.0,0.0,0.0,0.3125,1.0,0.0,0.0,0.0,0.0,0.0,0.0,0,Legitimate,train
269,Cricket Australia,https://www.linkedin.com/company/46182,1.0,38.0,1.0,8.0,17.0,2.0,0.0,0.0,0.0,0.1176470588235294,1.0,0.0,0.0,0.0,0.0,0.0,0.0,0,Legitimate,val
270,Dress for Success Austin,https://www.linkedin.com/company/7947896,1.0,40.0,1.0,5.25,24.0,4.0,0.0,0.0,0.0,0.125,1.0,0.0,0.0,0.0,0.0,0.0,0.0,0,Legitimate,train
271,TikTok trends,https://www.linkedin.com/company/30922863,1.0,41.0,1.0,6.0,13.0,2.0,0.0,0.0,0.0,0.1538461538461538,1.0,0.0,0.0,0.0,0.0,0.0,0.0,0,Legitimate,train
272,"CALIBRE Systems, Inc.",https://www.linkedin.com/company/235154,1.0,39.0,1.0,6.333333333333333,21.0,3.0,0.0,0.0,2.0,0.4285714285714285,1.0,0.0,1.0,0.0,0.0,1.0,1.0,0,Legitimate,train
273,Google Cloud,https://www.linkedin.com/company/3648281,1.0,40.0,1.0,5.5,12.0,2.0,0.0,0.0,0.0,0.1666666666666666,1.0,0.0,0.0,0.0,0.0,0.0,0.0,0,Legitimate,train
274,Credit Suisse,https://www.linkedin.com/company/1284,1.0,37.0,1.0,6.0,13.0,2.0,0.0,0.0,0.0,0.1538461538461538,1.0,0.0,0.0,0.0,0.0,0.0,0.0,0,Legitimate,train
275,#HIREBLACK - hireblacknow.com,https://www.linkedin.com/company/65630717,1.0,41.0,1.0,9.0,29.0,3.0,0.0,0.0,3.0,0.3103448275862069,1.0,0.0,0.0,0.0,0.0,0.0,0.0,0,Legitimate,train
276,JMS HR Group,https://www.linkedin.com/company/65453237,1.0,41.0,1.0,3.333333333333333,12.0,3.0,0.0,0.0,0.0,0.5,1.0,0.0,0.0,0.0,0.0,1.0,1.0,0,Legitimate,test
277,WDIY 88.1 FM,https://www.linkedin.com/company/270170,1.0,39.0,1.0,3.333333333333333,12.0,3.0,3.0,1.0,1.0,0.5,1.0,0.0,0.0,0.0,0.0,0.0,0.0,0,Legitimate,train
278,Integrum,https://www.linkedin.com/company/77244900,1.0,41.0,1.0,8.0,8.0,1.0,0.0,0.0,0.0,0.125,1.0,0.0,0.0,0.0,0.0,0.0,0.0,0,Legitimate,test
279,Her Campus Media,https://www.linkedin.com/company/471441,1.0,39.0,1.0,4.666666666666667,16.0,3.0,0.0,0.0,0.0,0.1875,1.0,0.0,0.0,0.0,0.0,0.0,0.0,0,Legitimate,train
280,LinkedIn Guide to Networking,https://www.linkedin.com/company/14041259,1.0,41.0,1.0,6.25,28.0,4.0,0.0,0.0,0.0,0.1428571428571428,1.0,0.0,0.0,0.0,0.0,0.0,0.0,0,Legitimate,train
281,Bayer Healthcare Talent Desk,,0.0,0.0,0.0,6.25,28.0,4.0,0.0,0.0,0.0,0.1428571428571428,1.0,0.0,0.0,1.0,1.0,0.0,0.0,1,Fake_Scam,train
282,Ascend,https://www.linkedin.com/company/68070588,1.0,41.0,1.0,6.0,6.0,1.0,0.0,0.0,0.0,0.1666666666666666,1.0,0.0,0.0,0.0,0.0,0.0,0.0,0,Legitimate,train
283,NEMO Equipment,https://www.linkedin.com/company/2075560,1.0,40.0,1.0,6.5,14.0,2.0,0.0,0.0,0.0,0.3571428571428571,1.0,0.0,0.0,0.0,0.0,0.0,0.0,0,Legitimate,val
284,Bloomberg News,https://www.linkedin.com/company/6918,1.0,37.0,1.0,6.5,14.0,2.0,0.0,0.0,0.0,0.1428571428571428,1.0,0.0,0.0,0.0,0.0,0.0,0.0,0,Legitimate,train
285,Generac Power Systems,https://www.linkedin.com/company/18466,1.0,38.0,1.0,6.333333333333333,21.0,3.0,0.0,0.0,0.0,0.1428571428571428,1.0,0.0,0.0,0.0,0.0,0.0,0.0,0,Legitimate,train
286,Capitalise,https://www.linkedin.com/company/9360632,1.0,40.0,1.0,10.0,10.0,1.0,0.0,0.0,0.0,0.1,1.0,0.0,0.0,1.0,1.0,0.0,0.0,0,Legitimate,val
287,eolas Magazine,https://www.linkedin.com/company/6818532,1.0,40.0,1.0,6.5,14.0,2.0,0.0,0.0,0.0,0.0714285714285714,1.0,0.0,0.0,0.0,0.0,0.0,0.0,0,Legitimate,train
288,Pasha Academy,https://www.linkedin.com/company/77717996,1.0,41.0,1.0,6.0,13.0,2.0,0.0,0.0,0.0,0.1538461538461538,1.0,0.0,0.0,1.0,1.0,0.0,0.0,0,Legitimate,train
289,任丘永茂木工机械有限公司,https://www.linkedin.com/company/29470873,1.0,41.0,1.0,12.0,12.0,1.0,0.0,0.0,0.0,0.0,0.0,0.0,0.0,0.0,0.0,0.0,0.0,0,Legitimate,test
290,City of Durham,https://www.linkedin.com/company/864185,1.0,39.0,1.0,4.0,14.0,3.0,0.0,0.0,0.0,0.1428571428571428,1.0,0.0,0.0,0.0,0.0,0.0,0.0,0,Legitimate,val
291,FeroCrafts,https://www.linkedin.com/company/78337899,1.0,41.0,1.0,10.0,10.0,1.0,0.0,0.0,0.0,0.2,1.0,0.0,0.0,0.0,0.0,0.0,0.0,0,Legitimate,train
292,Move.ai,https://www.linkedin.com/company/14048881,1.0,41.0,1.0,7.0,7.0,1.0,0.0,0.0,1.0,0.1428571428571428,1.0,0.0,0.0,0.0,0.0,0.0,0.0,0,Legitimate,train
293,Otter Public Relations,https://www.linkedin.com/company/64515122,1.0,41.0,1.0,6.666666666666667,22.0,3.0,0.0,0.0,0.0,0.1363636363636363,1.0,0.0,0.0,0.0,0.0,0.0,0.0,0,Legitimate,train
294,Rescue Site Services,https://www.linkedin.com/company/18961210,1.0,41.0,1.0,6.0,20.0,3.0,0.0,0.0,0.0,0.15,1.0,0.0,0.0,0.0,0.0,0.0,0.0,0,Legitimate,train
295,The University of Chicago Booth School of Business,https://www.linkedin.com/company/8398,1.0,37.0,1.0,5.375,50.0,8.0,0.0,0.0,0.0,0.12,1.0,0.0,0.0,0.0,0.0,0.0,0.0,0,Legitimate,train
296,Stanford Seed,https://www.linkedin.com/company/3662972,1.0,40.0,1.0,6.0,13.0,2.0,0.0,0.0,0.0,0.1538461538461538,1.0,0.0,0.0,0.0,0.0,0.0,0.0,0,Legitimate,val
297,Children's Cancer Center of Lebanon (CCCL),https://www.linkedin.com/company/5126475,1.0,40.0,1.0,6.166666666666667,42.0,6.0,0.0,0.0,3.0,0.1904761904761904,1.0,0.0,0.0,0.0,0.0,0.0,0.0,0,Legitimate,train
298,Thread Strategies,https://www.linkedin.com/company/10503599,1.0,41.0,1.0,8.0,17.0,2.0,0.0,0.0,0.0,0.1176470588235294,1.0,0.0,0.0,0.0,0.0,0.0,0.0,0,Legitimate,test
299,Scythe & Spade Company,https://www.linkedin.com/company/1827906,1.0,40.0,1.0,4.75,22.0,4.0,0.0,0.0,1.0,0.1363636363636363,1.0,1.0,0.0,0.0,0.0,1.0,1.0,0,Legitimate,train
300,AgileTech Systems Global,,0.0,0.0,0.0,7.333333333333333,24.0,3.0,0.0,0.0,0.0,0.1666666666666666,1.0,0.0,0.0,1.0,1.0,0.0,0.0,1,Fake_Scam,val
301,FALCON,https://www.linkedin.com/company/2248407,1.0,40.0,1.0,6.0,6.0,1.0,0.0,0.0,0.0,1.0,1.0,0.0,0.0,0.0,0.0,0.0,0.0,0,Legitimate,train
302,aro Marketing,https://www.linkedin.com/company/2869503,1.0,40.0,1.0,6.0,13.0,2.0,0.0,0.0,0.0,0.0769230769230769,1.0,0.0,0.0,0.0,0.0,0.0,0.0,0,Legitimate,train
303,Columbia Sportswear Company,https://www.linkedin.com/company/7003,1.0,37.0,1.0,8.333333333333334,27.0,3.0,0.0,0.0,0.0,0.1111111111111111,1.0,0.0,0.0,0.0,0.0,1.0,1.0,0,Legitimate,train
304,Ameresco,https://www.linkedin.com/company/39971,1.0,38.0,1.0,8.0,8.0,1.0,0.0,0.0,0.0,0.125,1.0,0.0,0.0,0.0,0.0,0.0,0.0,0,Legitimate,test
305,Technicolor Creative Studios,https://www.linkedin.com/company/11854389,1.0,41.0,1.0,8.666666666666666,28.0,3.0,0.0,0.0,0.0,0.1071428571428571,1.0,0.0,0.0,0.0,0.0,0.0,0.0,0,Legitimate,val
306,International OCD Foundation,https://www.linkedin.com/company/910600,1.0,39.0,1.0,8.666666666666666,28.0,3.0,0.0,0.0,0.0,0.1785714285714285,1.0,0.0,0.0,0.0,0.0,0.0,0.0,0,Legitimate,test
307,De Haagse Hogeschool / The Hague University of Applied Sciences,https://www.linkedin.com/company/264461,1.0,39.0,1.0,5.4,63.0,10.0,0.0,0.0,1.0,0.1269841269841269,1.0,0.0,0.0,0.0,0.0,0.0,0.0,0,Legitimate,val
308,"The TOP Burlington - An International Business, Politics and NGO Magazine and a Global Charity + HUB",https://www.linkedin.com/company/70921855,1.0,41.0,1.0,4.941176470588236,100.0,17.0,0.0,0.0,3.0,0.18,1.0,0.0,1.0,2.0,1.0,0.0,0.0,0,Legitimate,train
309,WilliamsMarston LLC,https://www.linkedin.com/company/5026419,1.0,40.0,1.0,9.0,19.0,2.0,0.0,0.0,0.0,0.2631578947368421,1.0,0.0,0.0,0.0,0.0,1.0,1.0,0,Legitimate,train
310,The British Mountaineering Council,https://www.linkedin.com/company/2337012,1.0,40.0,1.0,7.75,34.0,4.0,0.0,0.0,0.0,0.1176470588235294,1.0,0.0,0.0,0.0,0.0,0.0,0.0,0,Legitimate,train
311,Big 5 Sporting Goods,https://www.linkedin.com/company/22025,1.0,38.0,1.0,4.25,20.0,4.0,1.0,1.0,0.0,0.15,1.0,0.0,0.0,0.0,0.0,0.0,0.0,0,Legitimate,train
312,Cool Logistics Resources Ltd,https://www.linkedin.com/company/2490228,1.0,40.0,1.0,6.25,28.0,4.0,0.0,0.0,0.0,0.1428571428571428,1.0,0.0,0.0,1.0,1.0,1.0,1.0,0,Legitimate,train
313,The Juilliard School,https://www.linkedin.com/company/19777,1.0,38.0,1.0,6.0,20.0,3.0,0.0,0.0,0.0,0.15,1.0,0.0,0.0,0.0,0.0,0.0,0.0,0,Legitimate,train
314,GuidePoint Security,https://www.linkedin.com/company/2422099,1.0,40.0,1.0,9.0,19.0,2.0,0.0,0.0,0.0,0.1578947368421052,1.0,0.0,0.0,0.0,0.0,0.0,0.0,0,Legitimate,train
315,pv magazine USA,https://www.linkedin.com/company/11823634,1.0,41.0,1.0,4.333333333333333,15.0,3.0,0.0,0.0,0.0,0.2,1.0,0.0,0.0,0.0,0.0,0.0,0.0,0,Legitimate,train
316,ROSE Framework,https://www.linkedin.com/company/80056255,1.0,41.0,1.0,6.5,14.0,2.0,0.0,0.0,0.0,0.3571428571428571,1.0,0.0,0.0,0.0,0.0,0.0,0.0,0,Legitimate,train
317,Great Place To Work US,https://www.linkedin.com/company/28924,1.0,38.0,1.0,3.6,22.0,5.0,0.0,0.0,0.0,0.2727272727272727,1.0,0.0,0.0,0.0,0.0,0.0,0.0,0,Legitimate,test
318,Andreessen Horowitz,https://www.linkedin.com/company/439909,1.0,39.0,1.0,9.0,19.0,2.0,0.0,0.0,0.0,0.1052631578947368,1.0,0.0,0.0,0.0,0.0,0.0,0.0,0,Legitimate,train
319,Altice USA,https://www.linkedin.com/company/10855353,1.0,41.0,1.0,4.5,10.0,2.0,0.0,0.0,0.0,0.4,1.0,0.0,0.0,0.0,0.0,0.0,0.0,0,Legitimate,train
320,The Neat Company,https://www.linkedin.com/company/230036,1.0,39.0,1.0,4.666666666666667,16.0,3.0,0.0,0.0,0.0,0.1875,1.0,0.0,0.0,0.0,0.0,1.0,1.0,0,Legitimate,train
321,Seattle University,https://www.linkedin.com/company/8514,1.0,37.0,1.0,8.5,18.0,2.0,0.0,0.0,0.0,0.1111111111111111,1.0,0.0,0.0,0.0,0.0,0.0,0.0,0,Legitimate,val
322,American Electric Power,https://www.linkedin.com/company/162419,1.0,39.0,1.0,7.0,23.0,3.0,0.0,0.0,0.0,0.1304347826086956,1.0,0.0,0.0,0.0,0.0,0.0,0.0,0,Legitimate,test
323,Startup Basecamp,https://www.linkedin.com/company/3884782,1.0,40.0,1.0,7.5,16.0,2.0,0.0,0.0,0.0,0.125,1.0,0.0,0.0,0.0,0.0,0.0,0.0,0,Legitimate,val
324,Dakshin Foundation,https://www.linkedin.com/company/18140504,1.0,41.0,1.0,8.5,18.0,2.0,0.0,0.0,0.0,0.1111111111111111,1.0,0.0,0.0,0.0,0.0,0.0,0.0,0,Legitimate,train
325,HRPA - Human Resources Professionals Association,https://www.linkedin.com/company/63631,1.0,38.0,1.0,7.166666666666667,48.0,6.0,0.0,0.0,1.0,0.1666666666666666,1.0,0.0,0.0,0.0,0.0,0.0,0.0,0,Legitimate,train
326,Kin Euphorics,https://www.linkedin.com/company/28127790,1.0,41.0,1.0,6.0,13.0,2.0,0.0,0.0,0.0,0.1538461538461538,1.0,0.0,0.0,0.0,0.0,0.0,0.0,0,Legitimate,test
327,PGE Consulting Group LLC,https://www.linkedin.com/company/71636700,1.0,41.0,1.0,5.25,24.0,4.0,0.0,0.0,0.0,0.3333333333333333,1.0,0.0,0.0,1.0,1.0,2.0,1.0,0,Legitimate,train
328,Industry Explorers,https://www.linkedin.com/company/68061715,1.0,41.0,1.0,8.5,18.0,2.0,0.0,0.0,0.0,0.1111111111111111,1.0,0.0,0.0,0.0,0.0,0.0,0.0,0,Legitimate,train
329,Proofed,https://www.linkedin.com/company/910240,1.0,39.0,1.0,7.0,7.0,1.0,0.0,0.0,0.0,0.1428571428571428,1.0,0.0,0.0,0.0,0.0,0.0,0.0,0,Legitimate,test
330,Regatta Solutions Group,https://www.linkedin.com/company/9302438,1.0,40.0,1.0,7.0,23.0,3.0,0.0,0.0,0.0,0.1304347826086956,1.0,0.0,0.0,0.0,0.0,2.0,1.0,0,Legitimate,test
331,California State University-Sacramento,https://www.linkedin.com/company/10303,1.0,38.0,1.0,12.0,38.0,3.0,0.0,0.0,1.0,0.1052631578947368,1.0,0.0,0.0,0.0,0.0,0.0,0.0,0,Legitimate,train
332,The New York Times,https://www.linkedin.com/company/4236,1.0,37.0,1.0,3.75,18.0,4.0,0.0,0.0,0.0,0.2222222222222222,1.0,0.0,0.0,0.0,0.0,0.0,0.0,0,Legitimate,test
333,Center for Intimacy Justice,https://www.linkedin.com/company/19232385,1.0,41.0,1.0,6.0,27.0,4.0,0.0,0.0,0.0,0.1111111111111111,1.0,0.0,0.0,0.0,0.0,0.0,0.0,0,Legitimate,val
334,TED Conferences,https://www.linkedin.com/company/610087,1.0,39.0,1.0,7.0,15.0,2.0,0.0,0.0,0.0,0.2666666666666666,1.0,0.0,0.0,0.0,0.0,0.0,0.0,0,Legitimate,train
335,Caption Health,https://www.linkedin.com/company/7597916,1.0,40.0,1.0,6.5,14.0,2.0,0.0,0.0,0.0,0.1428571428571428,1.0,0.0,0.0,0.0,0.0,0.0,0.0,0,Legitimate,train
336,ACQ Consulting Ltd,https://www.linkedin.com/company/89248426,1.0,41.0,1.0,5.333333333333333,18.0,3.0,0.0,0.0,0.0,0.2777777777777778,1.0,0.0,0.0,1.0,1.0,1.0,1.0,0,Legitimate,train
337,Zeelo,https://www.linkedin.com/company/10943058,1.0,41.0,1.0,5.0,5.0,1.0,0.0,0.0,0.0,0.2,1.0,0.0,0.0,0.0,0.0,0.0,0.0,0,Legitimate,train
338,UpMetrics,https://www.linkedin.com/company/17940862,1.0,41.0,1.0,9.0,9.0,1.0,0.0,0.0,0.0,0.2222222222222222,1.0,0.0,0.0,0.0,0.0,0.0,0.0,0,Legitimate,train
339,"The Business Analytics Center, Scheller College of Business, Georgia Institute of Technology",https://www.linkedin.com/company/35670678,1.0,41.0,1.0,6.75,92.0,12.0,0.0,0.0,2.0,0.108695652173913,1.0,0.0,1.0,0.0,0.0,0.0,0.0,0,Legitimate,test
340,Heroic Productions,https://www.linkedin.com/company/334010,1.0,39.0,1.0,8.5,18.0,2.0,0.0,0.0,0.0,0.1111111111111111,1.0,0.0,0.0,0.0,0.0,0.0,0.0,0,Legitimate,val
341,Multiplied,https://www.linkedin.com/company/18312863,1.0,41.0,1.0,10.0,10.0,1.0,0.0,0.0,0.0,0.1,1.0,0.0,0.0,0.0,0.0,0.0,0.0,0,Legitimate,train
342,Compensation Governance Partners,https://www.linkedin.com/company/19057885,1.0,41.0,1.0,10.0,32.0,3.0,0.0,0.0,0.0,0.09375,1.0,0.0,0.0,0.0,0.0,1.0,1.0,0,Legitimate,train
343,Daily Facts®,https://www.linkedin.com/company/10112252,1.0,41.0,1.0,5.5,12.0,2.0,0.0,0.0,1.0,0.1666666666666666,0.0,0.0,0.0,0.0,0.0,0.0,0.0,0,Legitimate,train
344,Whistle,https://www.linkedin.com/company/75394567,1.0,41.0,1.0,7.0,7.0,1.0,0.0,0.0,0.0,0.1428571428571428,1.0,0.0,0.0,0.0,0.0,0.0,0.0,0,Legitimate,train
345,LinkedIn Learning,https://www.linkedin.com/company/15083827,1.0,41.0,1.0,8.0,17.0,2.0,0.0,0.0,0.0,0.1764705882352941,1.0,0.0,0.0,0.0,0.0,0.0,0.0,0,Legitimate,train
346,KPMG México,https://www.linkedin.com/company/9264716,1.0,40.0,1.0,5.0,11.0,2.0,0.0,0.0,0.0,0.4545454545454545,0.0,0.0,0.0,0.0,0.0,0.0,0.0,0,Legitimate,train
347,US Congress,https://www.linkedin.com/company/3923,1.0,37.0,1.0,5.0,11.0,2.0,0.0,0.0,0.0,0.2727272727272727,1.0,0.0,0.0,0.0,0.0,0.0,0.0,0,Legitimate,train
348,Startup for Startup,https://www.linkedin.com/company/26500813,1.0,41.0,1.0,5.666666666666667,19.0,3.0,0.0,0.0,0.0,0.1052631578947368,1.0,0.0,0.0,0.0,0.0,0.0,0.0,0,Legitimate,train
349,U.S. Forest Service,https://www.linkedin.com/company/5416,1.0,37.0,1.0,5.666666666666667,19.0,3.0,0.0,0.0,2.0,0.2105263157894736,1.0,0.0,0.0,0.0,0.0,0.0,0.0,0,Legitimate,train
350,Hidden Gems Travel & Excursions,https://www.linkedin.com/company/82013493,1.0,41.0,1.0,5.4,31.0,5.0,0.0,0.0,1.0,0.1290322580645161,1.0,1.0,0.0,0.0,0.0,0.0,0.0,0,Legitimate,val
351,Finshots,https://www.linkedin.com/company/30262215,1.0,41.0,1.0,8.0,8.0,1.0,0.0,0.0,0.0,0.125,1.0,0.0,0.0,0.0,0.0,0.0,0.0,0,Legitimate,train
352,Southern Glazer's Wine & Spirits,https://www.linkedin.com/company/6821,1.0,37.0,1.0,5.6,32.0,5.0,0.0,0.0,2.0,0.125,1.0,1.0,0.0,0.0,0.0,0.0,0.0,0,Legitimate,train
353,Raytheon Intelligence & Space,https://www.linkedin.com/company/65299613,1.0,41.0,1.0,6.5,29.0,4.0,0.0,0.0,1.0,0.1034482758620689,1.0,1.0,0.0,0.0,0.0,0.0,0.0,0,Legitimate,train
354,Resnicow and Associates,https://www.linkedin.com/company/2455302,1.0,40.0,1.0,7.0,23.0,3.0,0.0,0.0,0.0,0.0869565217391304,1.0,0.0,0.0,0.0,0.0,0.0,0.0,0,Legitimate,train
355,Indeed.com,https://www.linkedin.com/company/36229,1.0,38.0,1.0,10.0,10.0,1.0,0.0,0.0,1.0,0.1,1.0,0.0,0.0,0.0,0.0,0.0,0.0,0,Legitimate,val
356,National Association of Designated Safeguarding Leads,https://www.linkedin.com/company/68128130,1.0,41.0,1.0,8.0,53.0,6.0,0.0,0.0,0.0,0.0943396226415094,1.0,0.0,0.0,0.0,0.0,0.0,0.0,0,Legitimate,train
357,My Cyber Path,https://www.linkedin.com/company/68545631,1.0,41.0,1.0,3.6666666666666665,13.0,3.0,0.0,0.0,0.0,0.2307692307692307,1.0,0.0,0.0,0.0,0.0,0.0,0.0,0,Legitimate,val
358,Little Dot Studios,https://www.linkedin.com/company/5669049,1.0,40.0,1.0,5.333333333333333,18.0,3.0,0.0,0.0,0.0,0.1666666666666666,1.0,0.0,0.0,0.0,0.0,0.0,0.0,0,Legitimate,val
359,Southwest Power Pool,https://www.linkedin.com/company/22586,1.0,38.0,1.0,6.0,20.0,3.0,0.0,0.0,0.0,0.15,1.0,0.0,0.0,0.0,0.0,0.0,0.0,0,Legitimate,train
360,Playfly Sports,https://www.linkedin.com/company/68768724,1.0,41.0,1.0,6.5,14.0,2.0,0.0,0.0,0.0,0.1428571428571428,1.0,0.0,0.0,0.0,0.0,0.0,0.0,0,Legitimate,train
361,U.S. Department of State,https://www.linkedin.com/company/3100,1.0,37.0,1.0,5.25,24.0,4.0,0.0,0.0,2.0,0.1666666666666666,1.0,0.0,0.0,0.0,0.0,0.0,0.0,0,Legitimate,val
362,VictoryXR,https://www.linkedin.com/company/18691073,1.0,41.0,1.0,9.0,9.0,1.0,0.0,0.0,0.0,0.3333333333333333,1.0,0.0,0.0,0.0,0.0,0.0,0.0,0,Legitimate,test
363,Panola College,https://www.linkedin.com/company/1188755,1.0,40.0,1.0,6.5,14.0,2.0,0.0,0.0,0.0,0.1428571428571428,1.0,0.0,0.0,0.0,0.0,0.0,0.0,0,Legitimate,train
364,Mitchell Hamline School of Law,https://www.linkedin.com/company/10356059,1.0,41.0,1.0,5.2,30.0,5.0,0.0,0.0,0.0,0.1333333333333333,1.0,0.0,0.0,0.0,0.0,0.0,0.0,0,Legitimate,train
365,Goldman Sachs Asset Management,https://www.linkedin.com/company/65506269,1.0,41.0,1.0,6.75,30.0,4.0,0.0,0.0,0.0,0.1333333333333333,1.0,0.0,0.0,0.0,0.0,0.0,0.0,0,Legitimate,train
366,TrueSearch Headhunting Group,,0.0,0.0,0.0,8.666666666666666,28.0,3.0,0.0,0.0,0.0,0.1428571428571428,1.0,0.0,0.0,0.0,0.0,1.0,1.0,1,Fake_Scam,train
367,UAB Laurema,https://www.linkedin.com/company/14812215,1.0,41.0,1.0,5.0,11.0,2.0,0.0,0.0,0.0,0.3636363636363636,1.0,0.0,0.0,0.0,0.0,0.0,0.0,0,Legitimate,val
368,Denodo,https://www.linkedin.com/company/32150,1.0,38.0,1.0,6.0,6.0,1.0,0.0,0.0,0.0,0.1666666666666666,1.0,0.0,0.0,0.0,0.0,0.0,0.0,0,Legitimate,train
369,Hillside Connection,https://www.linkedin.com/company/42303939,1.0,41.0,1.0,9.0,19.0,2.0,0.0,0.0,0.0,0.1052631578947368,1.0,0.0,0.0,0.0,0.0,0.0,0.0,0,Legitimate,train
370,Ascendion,https://www.linkedin.com/company/86694680,1.0,41.0,1.0,9.0,9.0,1.0,0.0,0.0,0.0,0.1111111111111111,1.0,0.0,0.0,0.0,0.0,0.0,0.0,0,Legitimate,val
371,WSS Executive Search - Leading the Way in Women & Diverse Executive Placement,https://www.linkedin.com/company/1027266,1.0,40.0,1.0,5.0,77.0,13.0,0.0,0.0,2.0,0.1428571428571428,1.0,1.0,0.0,0.0,0.0,0.0,0.0,0,Legitimate,train
372,A Plastic Planet,https://www.linkedin.com/company/25008823,1.0,41.0,1.0,4.666666666666667,16.0,3.0,0.0,0.0,0.0,0.1875,1.0,0.0,0.0,0.0,0.0,0.0,0.0,0,Legitimate,train
373,Elite Executive Headhunters,,0.0,0.0,0.0,8.333333333333334,27.0,3.0,0.0,0.0,0.0,0.1111111111111111,1.0,0.0,0.0,0.0,0.0,0.0,0.0,1,Fake_Scam,train
374,Delta Children,https://www.linkedin.com/company/89774,1.0,38.0,1.0,6.5,14.0,2.0,0.0,0.0,0.0,0.1428571428571428,1.0,0.0,0.0,0.0,0.0,0.0,0.0,0,Legitimate,train
375,Women's Leadership Foundation,https://www.linkedin.com/company/27246476,1.0,41.0,1.0,9.0,29.0,3.0,0.0,0.0,1.0,0.1034482758620689,1.0,0.0,0.0,0.0,0.0,0.0,0.0,0,Legitimate,val
376,PLTFRMR,https://www.linkedin.com/company/72264235,1.0,41.0,1.0,7.0,7.0,1.0,0.0,0.0,0.0,1.0,1.0,0.0,0.0,0.0,0.0,0.0,0.0,0,Legitimate,test
377,Nykaa,https://www.linkedin.com/company/3545422,1.0,40.0,1.0,5.0,5.0,1.0,0.0,0.0,0.0,0.2,1.0,0.0,0.0,0.0,0.0,0.0,0.0,0,Legitimate,val
378,Freelance Voice-Over Talent,https://www.linkedin.com/company/322731,1.0,39.0,1.0,8.333333333333334,27.0,3.0,0.0,0.0,1.0,0.1481481481481481,1.0,0.0,0.0,1.0,1.0,0.0,0.0,0,Legitimate,test
379,ClinArk,https://www.linkedin.com/company/35715647,1.0,41.0,1.0,7.0,7.0,1.0,0.0,0.0,0.0,0.2857142857142857,1.0,0.0,0.0,0.0,0.0,0.0,0.0,0,Legitimate,train
380,University of Mississippi,https://www.linkedin.com/company/11076,1.0,38.0,1.0,7.666666666666667,25.0,3.0,0.0,0.0,0.0,0.08,1.0,0.0,0.0,0.0,0.0,0.0,0.0,0,Legitimate,train
381,University of Pennsylvania,https://www.linkedin.com/company/3165,1.0,37.0,1.0,8.0,26.0,3.0,0.0,0.0,0.0,0.0769230769230769,1.0,0.0,0.0,0.0,0.0,0.0,0.0,0,Legitimate,train
382,Cresco International,https://www.linkedin.com/company/3559739,1.0,40.0,1.0,9.5,20.0,2.0,0.0,0.0,0.0,0.1,1.0,0.0,0.0,0.0,0.0,0.0,0.0,0,Legitimate,train
383,"Local Government Workplaces Initiative, UNC School of Government",https://www.linkedin.com/company/40892193,1.0,41.0,1.0,7.125,64.0,8.0,0.0,0.0,1.0,0.140625,1.0,0.0,1.0,0.0,0.0,0.0,0.0,0,Legitimate,train
384,Fresh Food Generation,https://www.linkedin.com/company/4976477,1.0,40.0,1.0,6.333333333333333,21.0,3.0,0.0,0.0,0.0,0.1428571428571428,1.0,0.0,0.0,0.0,0.0,0.0,0.0,0,Legitimate,train
385,Mining Queensland,https://www.linkedin.com/company/3584659,1.0,40.0,1.0,8.0,17.0,2.0,0.0,0.0,0.0,0.1176470588235294,1.0,0.0,0.0,0.0,0.0,0.0,0.0,0,Legitimate,train
386,World Consciousness Forum,https://www.linkedin.com/company/51718425,1.0,41.0,1.0,7.666666666666667,25.0,3.0,0.0,0.0,0.0,0.12,1.0,0.0,0.0,0.0,0.0,0.0,0.0,0,Legitimate,train
387,The MAMA AI,https://www.linkedin.com/company/75472550,1.0,41.0,1.0,3.0,11.0,3.0,0.0,0.0,0.0,0.6363636363636364,1.0,0.0,0.0,0.0,0.0,0.0,0.0,0,Legitimate,train
388,DAF Financial Management,https://www.linkedin.com/company/81475704,1.0,41.0,1.0,7.333333333333333,24.0,3.0,0.0,0.0,0.0,0.2083333333333333,1.0,0.0,0.0,0.0,0.0,0.0,0.0,0,Legitimate,train
389,E.Leclerc,https://www.linkedin.com/company/2183106,1.0,40.0,1.0,9.0,9.0,1.0,0.0,0.0,1.0,0.2222222222222222,1.0,0.0,0.0,0.0,0.0,0.0,0.0,0,Legitimate,train
390,CentraleSupélec,https://www.linkedin.com/company/14803,1.0,38.0,1.0,15.0,15.0,1.0,0.0,0.0,0.0,0.1333333333333333,0.0,0.0,0.0,0.0,0.0,0.0,0.0,0,Legitimate,train
391,RemoteOnline,https://www.linkedin.com/company/40659363,1.0,41.0,1.0,12.0,12.0,1.0,0.0,0.0,0.0,0.1666666666666666,1.0,0.0,0.0,1.0,1.0,0.0,0.0,0,Legitimate,val
392,The Creative Partnership,https://www.linkedin.com/company/845045,1.0,39.0,1.0,7.333333333333333,24.0,3.0,0.0,0.0,0.0,0.125,1.0,0.0,0.0,0.0,0.0,0.0,0.0,0,Legitimate,train
393,Lakeside Consultants,https://www.linkedin.com/company/42887675,1.0,41.0,1.0,9.5,20.0,2.0,0.0,0.0,0.0,0.1,1.0,0.0,0.0,1.0,1.0,0.0,0.0,0,Legitimate,train
394,The Australian National University,https://www.linkedin.com/company/162587,1.0,39.0,1.0,7.75,34.0,4.0,0.0,0.0,0.0,0.1176470588235294,1.0,0.0,0.0,0.0,0.0,0.0,0.0,0,Legitimate,train
395,MNR Solutions Pvt. Ltd.,https://www.linkedin.com/company/483229,1.0,39.0,1.0,5.0,23.0,4.0,0.0,0.0,2.0,0.2608695652173913,1.0,0.0,0.0,0.0,0.0,2.0,1.0,0,Legitimate,train
396,Niya,https://www.linkedin.com/company/70917461,1.0,41.0,1.0,4.0,4.0,1.0,0.0,0.0,0.0,0.25,1.0,0.0,0.0,0.0,0.0,0.0,0.0,0,Legitimate,train
397,Sam Schwartz,https://www.linkedin.com/company/121107,1.0,39.0,1.0,5.5,12.0,2.0,0.0,0.0,0.0,0.1666666666666666,1.0,0.0,0.0,0.0,0.0,0.0,0.0,0,Legitimate,test
398,Detroit Athletic Club,https://www.linkedin.com/company/586311,1.0,39.0,1.0,6.333333333333333,21.0,3.0,0.0,0.0,0.0,0.1428571428571428,1.0,0.0,0.0,0.0,0.0,0.0,0.0,0,Legitimate,train
399,Birketts LLP,https://www.linkedin.com/company/383999,1.0,39.0,1.0,5.5,12.0,2.0,0.0,0.0,0.0,0.3333333333333333,1.0,0.0,0.0,0.0,0.0,0.0,0.0,0,Legitimate,train
400,Mercer University - Walter F. George School of Law,https://www.linkedin.com/company/581451,1.0,39.0,1.0,4.666666666666667,50.0,9.0,0.0,0.0,2.0,0.14,1.0,0.0,0.0,0.0,0.0,0.0,0.0,0,Legitimate,train
401,BedAbroad,https://www.linkedin.com/company/2689880,1.0,40.0,1.0,9.0,9.0,1.0,0.0,0.0,0.0,0.2222222222222222,1.0,0.0,0.0,0.0,0.0,0.0,0.0,0,Legitimate,train
402,Zeta Tau Alpha Fraternity,https://www.linkedin.com/company/6878875,1.0,40.0,1.0,5.5,25.0,4.0,0.0,0.0,0.0,0.16,1.0,0.0,0.0,0.0,0.0,0.0,0.0,0,Legitimate,train
403,The Business of Fashion,https://www.linkedin.com/company/2854709,1.0,40.0,1.0,5.0,23.0,4.0,0.0,0.0,0.0,0.1304347826086956,1.0,0.0,0.0,0.0,0.0,0.0,0.0,0,Legitimate,test
404,UKRTAC,https://www.linkedin.com/company/91645343,1.0,41.0,1.0,6.0,6.0,1.0,0.0,0.0,0.0,1.0,1.0,0.0,0.0,0.0,0.0,0.0,0.0,0,Legitimate,train
405,Qantas,https://www.linkedin.com/company/4465,1.0,37.0,1.0,6.0,6.0,1.0,0.0,0.0,0.0,0.1666666666666666,1.0,0.0,0.0,0.0,0.0,0.0,0.0,0,Legitimate,train
406,JMU Alumni Association,https://www.linkedin.com/company/35653750,1.0,41.0,1.0,6.666666666666667,22.0,3.0,0.0,0.0,0.0,0.2272727272727272,1.0,0.0,0.0,0.0,0.0,0.0,0.0,0,Legitimate,train
407,Droobi Health,https://www.linkedin.com/company/13463247,1.0,41.0,1.0,6.0,13.0,2.0,0.0,0.0,0.0,0.1538461538461538,1.0,0.0,0.0,0.0,0.0,0.0,0.0,0,Legitimate,train
408,University of Miami,https://www.linkedin.com/company/157340,1.0,39.0,1.0,5.666666666666667,19.0,3.0,0.0,0.0,0.0,0.1052631578947368,1.0,0.0,0.0,0.0,0.0,0.0,0.0,0,Legitimate,train
409,Drug Enforcement Administration,https://www.linkedin.com/company/163502,1.0,39.0,1.0,9.666666666666666,31.0,3.0,0.0,0.0,0.0,0.0967741935483871,1.0,0.0,0.0,0.0,0.0,0.0,0.0,0,Legitimate,train
410,宁波高胜电子有限公司,https://www.linkedin.com/company/31753693,1.0,41.0,1.0,10.0,10.0,1.0,0.0,0.0,0.0,0.0,0.0,0.0,0.0,0.0,0.0,0.0,0.0,0,Legitimate,train
411,Sonoco,https://www.linkedin.com/company/7277,1.0,37.0,1.0,6.0,6.0,1.0,0.0,0.0,0.0,0.1666666666666666,1.0,0.0,0.0,0.0,0.0,0.0,0.0,0,Legitimate,train
412,Miami Dolphins and Hard Rock Stadium,https://www.linkedin.com/company/1285799,1.0,40.0,1.0,5.166666666666667,36.0,6.0,0.0,0.0,0.0,0.1388888888888889,1.0,0.0,0.0,0.0,0.0,0.0,0.0,0,Legitimate,test
413,Ahana,https://www.linkedin.com/company/65473476,1.0,41.0,1.0,5.0,5.0,1.0,0.0,0.0,0.0,0.2,1.0,0.0,0.0,0.0,0.0,0.0,0.0,0,Legitimate,train
414,PIOMAR Sp. z o.o.,https://www.linkedin.com/company/17908007,1.0,41.0,1.0,3.5,17.0,4.0,0.0,0.0,3.0,0.4117647058823529,1.0,0.0,0.0,0.0,0.0,0.0,0.0,0,Legitimate,train
415,First American Title,https://www.linkedin.com/company/163825,1.0,39.0,1.0,6.0,20.0,3.0,0.0,0.0,0.0,0.15,1.0,0.0,0.0,0.0,0.0,0.0,0.0,0,Legitimate,train
416,Care Answered,https://www.linkedin.com/company/27246081,1.0,41.0,1.0,6.0,13.0,2.0,0.0,0.0,0.0,0.1538461538461538,1.0,0.0,0.0,0.0,0.0,0.0,0.0,0,Legitimate,val
417,Steel Wool Entertainment,https://www.linkedin.com/company/3778929,1.0,40.0,1.0,7.333333333333333,24.0,3.0,0.0,0.0,0.0,0.125,1.0,0.0,0.0,0.0,0.0,0.0,0.0,0,Legitimate,val
418,LiveLaw,https://www.linkedin.com/company/9223597,1.0,40.0,1.0,7.0,7.0,1.0,0.0,0.0,0.0,0.2857142857142857,1.0,0.0,0.0,0.0,0.0,0.0,0.0,0,Legitimate,test
419,Terminus,https://www.linkedin.com/company/5127049,1.0,40.0,1.0,8.0,8.0,1.0,0.0,0.0,0.0,0.125,1.0,0.0,0.0,0.0,0.0,0.0,0.0,0,Legitimate,train
420,🏆 Inde Motorsports Ranch | Arizona’s Premier Motorsports Club & Destination,https://www.linkedin.com/company/1171032,1.0,40.0,1.0,5.909090909090909,75.0,11.0,0.0,0.0,4.0,0.1066666666666666,0.0,1.0,0.0,0.0,0.0,0.0,0.0,0,Legitimate,test
421,East Carolina University,https://www.linkedin.com/company/7522,1.0,37.0,1.0,7.333333333333333,24.0,3.0,0.0,0.0,0.0,0.125,1.0,0.0,0.0,0.0,0.0,0.0,0.0,0,Legitimate,test
422,Diamond Tax Recruiting,https://www.linkedin.com/company/1387173,1.0,40.0,1.0,6.666666666666667,22.0,3.0,0.0,0.0,0.0,0.1363636363636363,1.0,0.0,0.0,1.0,1.0,0.0,0.0,0,Legitimate,train
423,Skanska,https://www.linkedin.com/company/4335,1.0,37.0,1.0,7.0,7.0,1.0,0.0,0.0,0.0,0.1428571428571428,1.0,0.0,0.0,0.0,0.0,0.0,0.0,0,Legitimate,train
424,The George Washington University Law School,https://www.linkedin.com/company/15100267,1.0,41.0,1.0,6.333333333333333,43.0,6.0,0.0,0.0,0.0,0.1395348837209302,1.0,0.0,0.0,0.0,0.0,0.0,0.0,0,Legitimate,val
425,益阳强大机械制造有限公司,https://www.linkedin.com/company/32838020,1.0,41.0,1.0,12.0,12.0,1.0,0.0,0.0,0.0,0.0,0.0,0.0,0.0,0.0,0.0,0.0,0.0,0,Legitimate,val
426,U.S. Mortgage Insurers,https://www.linkedin.com/company/82311940,1.0,41.0,1.0,6.666666666666667,22.0,3.0,0.0,0.0,2.0,0.1818181818181818,1.0,0.0,0.0,0.0,0.0,0.0,0.0,0,Legitimate,train
427,WE ACT for Environmental Justice,https://www.linkedin.com/company/1838643,1.0,40.0,1.0,5.6,32.0,5.0,0.0,0.0,0.0,0.21875,1.0,0.0,0.0,0.0,0.0,0.0,0.0,0,Legitimate,train
428,J Draper Glass,https://www.linkedin.com/company/15502663,1.0,41.0,1.0,4.0,14.0,3.0,0.0,0.0,0.0,0.2142857142857142,1.0,0.0,0.0,0.0,0.0,0.0,0.0,0,Legitimate,train
429,Polarion (Siemens PLM Software),https://www.linkedin.com/company/84212,1.0,38.0,1.0,7.0,31.0,4.0,0.0,0.0,2.0,0.1935483870967742,1.0,0.0,0.0,0.0,0.0,0.0,0.0,0,Legitimate,train
430,Whiskey WinsDay,https://www.linkedin.com/company/84512291,1.0,41.0,1.0,7.0,15.0,2.0,0.0,0.0,0.0,0.2,1.0,0.0,0.0,0.0,0.0,0.0,0.0,0,Legitimate,test
431,Parimatch Ukraine,https://www.linkedin.com/company/71767743,1.0,41.0,1.0,8.0,17.0,2.0,0.0,0.0,0.0,0.1176470588235294,1.0,0.0,0.0,0.0,0.0,0.0,0.0,0,Legitimate,train
432,Panorama Education,https://www.linkedin.com/company/2913310,1.0,40.0,1.0,8.5,18.0,2.0,0.0,0.0,0.0,0.1111111111111111,1.0,0.0,0.0,0.0,0.0,0.0,0.0,0,Legitimate,val
433,Anne Grady Group,https://www.linkedin.com/company/1994562,1.0,40.0,1.0,4.666666666666667,16.0,3.0,0.0,0.0,0.0,0.1875,1.0,0.0,0.0,0.0,0.0,1.0,1.0,0,Legitimate,test
434,VelocityOps,https://www.linkedin.com/company/42830404,1.0,41.0,1.0,11.0,11.0,1.0,0.0,0.0,0.0,0.1818181818181818,1.0,0.0,0.0,0.0,0.0,0.0,0.0,0,Legitimate,val
435,Gibney,https://www.linkedin.com/company/2671945,1.0,40.0,1.0,6.0,6.0,1.0,0.0,0.0,0.0,0.1666666666666666,1.0,0.0,0.0,0.0,0.0,0.0,0.0,0,Legitimate,train
436,Telstra Ventures,https://www.linkedin.com/company/14455912,1.0,41.0,1.0,7.5,16.0,2.0,0.0,0.0,0.0,0.125,1.0,0.0,0.0,0.0,0.0,1.0,1.0,0,Legitimate,train
437,Meyer Sound,https://www.linkedin.com/company/36394,1.0,38.0,1.0,5.0,11.0,2.0,0.0,0.0,0.0,0.1818181818181818,1.0,0.0,0.0,0.0,0.0,0.0,0.0,0,Legitimate,train
438,GyanSys Inc.,https://www.linkedin.com/company/427685,1.0,39.0,1.0,5.5,12.0,2.0,0.0,0.0,1.0,0.25,1.0,0.0,0.0,0.0,0.0,1.0,1.0,0,Legitimate,train
439,Onco360 Oncology Pharmacy,https://www.linkedin.com/company/307610,1.0,39.0,1.0,7.666666666666667,25.0,3.0,3.0,1.0,0.0,0.12,1.0,0.0,0.0,0.0,0.0,0.0,0.0,0,Legitimate,train
440,Greybull Stewardship,https://www.linkedin.com/company/1019706,1.0,40.0,1.0,9.5,20.0,2.0,0.0,0.0,0.0,0.1,1.0,0.0,0.0,0.0,0.0,0.0,0.0,0,Legitimate,test
441,PerfectVision,https://www.linkedin.com/company/35559721,1.0,41.0,1.0,13.0,13.0,1.0,0.0,0.0,0.0,0.1538461538461538,1.0,0.0,0.0,0.0,0.0,0.0,0.0,0,Legitimate,train
442,Choir Nation Inc.,https://www.linkedin.com/company/35482644,1.0,41.0,1.0,5.0,17.0,3.0,0.0,0.0,1.0,0.1764705882352941,1.0,0.0,0.0,0.0,0.0,1.0,1.0,0,Legitimate,val
443,SIEM Intelligence™,https://www.linkedin.com/company/69545364,1.0,41.0,1.0,8.5,18.0,2.0,0.0,0.0,1.0,0.2777777777777778,0.0,0.0,0.0,0.0,0.0,0.0,0.0,0,Legitimate,test
444,Red Bull Racing & Red Bull Technology,https://www.linkedin.com/company/56417,1.0,38.0,1.0,4.428571428571429,37.0,7.0,0.0,0.0,1.0,0.1621621621621621,1.0,1.0,0.0,0.0,0.0,0.0,0.0,0,Legitimate,train
445,NC Capital Area Metropolitan Planning Organization,https://www.linkedin.com/company/9399735,1.0,40.0,1.0,7.5,50.0,6.0,0.0,0.0,0.0,0.14,1.0,0.0,0.0,1.0,1.0,0.0,0.0,0,Legitimate,val
446,GRADIENT,https://www.linkedin.com/company/1048959,1.0,40.0,1.0,8.0,8.0,1.0,0.0,0.0,0.0,1.0,1.0,0.0,0.0,0.0,0.0,0.0,0.0,0,Legitimate,test
447,GirlzWhoSell Empowerment Fund,https://www.linkedin.com/company/76126720,1.0,41.0,1.0,9.0,29.0,3.0,0.0,0.0,0.0,0.1724137931034483,1.0,0.0,0.0,0.0,0.0,0.0,0.0,0,Legitimate,train
448,ZEN Petroleum,https://www.linkedin.com/company/3035103,1.0,40.0,1.0,6.0,13.0,2.0,0.0,0.0,0.0,0.3076923076923077,1.0,0.0,0.0,0.0,0.0,0.0,0.0,0,Legitimate,val
449,Caldwell,https://www.linkedin.com/company/33585,1.0,38.0,1.0,8.0,8.0,1.0,0.0,0.0,0.0,0.125,1.0,0.0,0.0,0.0,0.0,0.0,0.0,0,Legitimate,test
450,CHANEL,https://www.linkedin.com/company/162993,1.0,39.0,1.0,6.0,6.0,1.0,0.0,0.0,0.0,1.0,1.0,0.0,0.0,0.0,0.0,0.0,0.0,0,Legitimate,val
451,Enel Foundation,https://www.linkedin.com/company/19101559,1.0,41.0,1.0,7.0,15.0,2.0,0.0,0.0,0.0,0.1333333333333333,1.0,0.0,0.0,0.0,0.0,0.0,0.0,0,Legitimate,train
452,Eclecticblue Design Agency,https://www.linkedin.com/company/2797709,1.0,40.0,1.0,8.0,26.0,3.0,0.0,0.0,0.0,0.1153846153846153,1.0,0.0,0.0,0.0,0.0,0.0,0.0,0,Legitimate,train
453,Cranfield University,https://www.linkedin.com/company/163246,1.0,39.0,1.0,9.5,20.0,2.0,0.0,0.0,0.0,0.1,1.0,0.0,0.0,0.0,0.0,0.0,0.0,0,Legitimate,val
454,Agence de l'innovation de défense,https://www.linkedin.com/company/26192395,1.0,41.0,1.0,5.8,33.0,5.0,0.0,0.0,1.0,0.0303030303030303,0.0,0.0,0.0,0.0,0.0,0.0,0.0,0,Legitimate,train
455,Cardinal Health,https://www.linkedin.com/company/2162,1.0,37.0,1.0,7.0,15.0,2.0,0.0,0.0,0.0,0.1333333333333333,1.0,0.0,0.0,0.0,0.0,0.0,0.0,0,Legitimate,val
456,Objenious by Bouygues Telecom,https://www.linkedin.com/company/10447462,1.0,41.0,1.0,6.5,29.0,4.0,0.0,0.0,0.0,0.1034482758620689,1.0,0.0,0.0,0.0,0.0,0.0,0.0,0,Legitimate,train
457,ForAmerica,https://www.linkedin.com/company/10242348,1.0,41.0,1.0,10.0,10.0,1.0,0.0,0.0,0.0,0.2,1.0,0.0,0.0,0.0,0.0,0.0,0.0,0,Legitimate,train
458,Machine Learning,https://www.linkedin.com/company/26248142,1.0,41.0,1.0,7.5,16.0,2.0,0.0,0.0,0.0,0.125,1.0,0.0,0.0,0.0,0.0,0.0,0.0,0,Legitimate,train
459,Prime Therapeutics,https://www.linkedin.com/company/13788,1.0,38.0,1.0,8.5,18.0,2.0,0.0,0.0,0.0,0.1111111111111111,1.0,0.0,0.0,0.0,0.0,0.0,0.0,0,Legitimate,train
460,Tailwind Capital,https://www.linkedin.com/company/1189868,1.0,40.0,1.0,7.5,16.0,2.0,0.0,0.0,0.0,0.125,1.0,0.0,0.0,1.0,1.0,0.0,0.0,0,Legitimate,val
461,University of East Anglia,https://www.linkedin.com/company/15593,1.0,38.0,1.0,5.5,25.0,4.0,0.0,0.0,0.0,0.12,1.0,0.0,0.0,0.0,0.0,0.0,0.0,0,Legitimate,train
462,山东东都食品有限公司,https://www.linkedin.com/company/30371873,1.0,41.0,1.0,10.0,10.0,1.0,0.0,0.0,0.0,0.0,0.0,0.0,0.0,0.0,0.0,0.0,0.0,0,Legitimate,train
463,effy - European Founders For Youth,https://www.linkedin.com/company/20092209,1.0,41.0,1.0,4.833333333333333,34.0,6.0,0.0,0.0,1.0,0.1176470588235294,1.0,0.0,0.0,0.0,0.0,0.0,0.0,0,Legitimate,train
464,LANsultants Inc,https://www.linkedin.com/company/4752614,1.0,40.0,1.0,7.0,15.0,2.0,0.0,0.0,0.0,0.2666666666666666,1.0,0.0,0.0,0.0,0.0,1.0,1.0,0,Legitimate,train
465,Queen Catalina Plastic Surgery Clinic,https://www.linkedin.com/company/88889030,1.0,41.0,1.0,6.6,37.0,5.0,0.0,0.0,0.0,0.1351351351351351,1.0,0.0,0.0,0.0,0.0,0.0,0.0,0,Legitimate,train
466,Shanghai Jiao Tong University,https://www.linkedin.com/company/27413,1.0,38.0,1.0,6.5,29.0,4.0,0.0,0.0,0.0,0.1379310344827586,1.0,0.0,0.0,1.0,1.0,0.0,0.0,0,Legitimate,val
467,Hennessy,https://www.linkedin.com/company/29594,1.0,38.0,1.0,8.0,8.0,1.0,0.0,0.0,0.0,0.125,1.0,0.0,0.0,0.0,0.0,0.0,0.0,0,Legitimate,test
468,Landsec,https://www.linkedin.com/company/11025,1.0,38.0,1.0,7.0,7.0,1.0,0.0,0.0,0.0,0.1428571428571428,1.0,0.0,0.0,0.0,0.0,0.0,0.0,0,Legitimate,train
469,AbbVie,https://www.linkedin.com/company/1304385,1.0,40.0,1.0,6.0,6.0,1.0,0.0,0.0,0.0,0.3333333333333333,1.0,0.0,0.0,0.0,0.0,0.0,0.0,0,Legitimate,train
470,Warner Search Group,https://www.linkedin.com/company/1279169,1.0,40.0,1.0,5.666666666666667,19.0,3.0,0.0,0.0,0.0,0.1578947368421052,1.0,0.0,0.0,0.0,0.0,1.0,1.0,0,Legitimate,test
471,WestJet,https://www.linkedin.com/company/10315,1.0,38.0,1.0,7.0,7.0,1.0,0.0,0.0,0.0,0.2857142857142857,1.0,0.0,0.0,0.0,0.0,0.0,0.0,0,Legitimate,val
472,iimproof,https://www.linkedin.com/company/3141920,1.0,40.0,1.0,8.0,8.0,1.0,0.0,0.0,0.0,0.0,1.0,0.0,0.0,0.0,0.0,0.0,0.0,0,Legitimate,val
473,ServedBy the Net,https://www.linkedin.com/company/2247294,1.0,40.0,1.0,4.666666666666667,16.0,3.0,0.0,0.0,0.0,0.1875,1.0,0.0,0.0,0.0,0.0,0.0,0.0,0,Legitimate,test
474,You Are Here,https://www.linkedin.com/company/12976002,1.0,41.0,1.0,3.333333333333333,12.0,3.0,0.0,0.0,0.0,0.25,1.0,0.0,0.0,0.0,0.0,0.0,0.0,0,Legitimate,val
475,Spotify Content Moderation Desk,,0.0,0.0,0.0,7.0,31.0,4.0,0.0,0.0,0.0,0.1290322580645161,1.0,0.0,0.0,0.0,0.0,0.0,0.0,1,Fake_Scam,test
476,Corveus Medical (MTI '22 | YC W22),https://www.linkedin.com/company/79654870,1.0,41.0,1.0,4.0,34.0,7.0,4.0,1.0,4.0,0.2352941176470588,1.0,0.0,0.0,0.0,0.0,0.0,0.0,0,Legitimate,train
477,University of Rajshahi,https://www.linkedin.com/company/82599805,1.0,41.0,1.0,6.666666666666667,22.0,3.0,0.0,0.0,0.0,0.0909090909090909,1.0,0.0,0.0,0.0,0.0,0.0,0.0,0,Legitimate,train
478,US-China Insurance Promotion Association (USCIPA),https://www.linkedin.com/company/14390391,1.0,41.0,1.0,9.0,49.0,5.0,0.0,0.0,3.0,0.2448979591836734,1.0,0.0,0.0,0.0,0.0,0.0,0.0,0,Legitimate,train
479,NLX Software,https://www.linkedin.com/company/33235910,1.0,41.0,1.0,5.5,12.0,2.0,0.0,0.0,0.0,0.3333333333333333,1.0,0.0,0.0,0.0,0.0,0.0,0.0,0,Legitimate,train
480,Honeywell,https://www.linkedin.com/company/1344,1.0,37.0,1.0,9.0,9.0,1.0,0.0,0.0,0.0,0.1111111111111111,1.0,0.0,0.0,0.0,0.0,0.0,0.0,0,Legitimate,train
481,Colorado LGBTQ Chamber of Commerce,https://www.linkedin.com/company/10234297,1.0,41.0,1.0,6.0,34.0,5.0,0.0,0.0,0.0,0.2352941176470588,1.0,0.0,0.0,0.0,0.0,0.0,0.0,0,Legitimate,train
482,Ellevate Network,https://www.linkedin.com/company/33348,1.0,38.0,1.0,7.5,16.0,2.0,0.0,0.0,0.0,0.125,1.0,0.0,0.0,0.0,0.0,0.0,0.0,0,Legitimate,test
483,Federal Reserve Bank of Chicago,https://www.linkedin.com/company/2787,1.0,37.0,1.0,5.4,31.0,5.0,0.0,0.0,0.0,0.1290322580645161,1.0,0.0,0.0,0.0,0.0,0.0,0.0,0,Legitimate,train
484,Ravelin Technology,https://www.linkedin.com/company/9340880,1.0,40.0,1.0,8.5,18.0,2.0,0.0,0.0,0.0,0.1111111111111111,1.0,0.0,0.0,0.0,0.0,0.0,0.0,0,Legitimate,train
485,ExpressCargo Direct US,,0.0,0.0,0.0,6.666666666666667,22.0,3.0,0.0,0.0,0.0,0.2272727272727272,1.0,0.0,0.0,0.0,0.0,0.0,0.0,1,Fake_Scam,train
486,Chevron HR Talent Acquisition Group,,0.0,0.0,0.0,6.2,35.0,5.0,0.0,0.0,0.0,0.1714285714285714,1.0,0.0,0.0,1.0,1.0,1.0,1.0,1,Fake_Scam,val
487,Milani Cosmetics,https://www.linkedin.com/company/6580383,1.0,40.0,1.0,7.5,16.0,2.0,0.0,0.0,0.0,0.125,1.0,0.0,0.0,0.0,0.0,0.0,0.0,0,Legitimate,train
488,phData (hiring!),https://www.linkedin.com/company/16168340,1.0,41.0,1.0,7.5,16.0,2.0,0.0,0.0,3.0,0.0625,1.0,0.0,0.0,0.0,0.0,0.0,0.0,0,Legitimate,train
489,Argaux,https://www.linkedin.com/company/30647420,1.0,41.0,1.0,6.0,6.0,1.0,0.0,0.0,0.0,0.1666666666666666,1.0,0.0,0.0,0.0,0.0,0.0,0.0,0,Legitimate,train
490,Tesoro Corporation,https://www.linkedin.com/company/10448,1.0,38.0,1.0,8.5,18.0,2.0,0.0,0.0,0.0,0.1111111111111111,1.0,0.0,0.0,0.0,0.0,1.0,1.0,0,Legitimate,train
491,HFMA Region 5 South Eastern Summit 2023,https://www.linkedin.com/company/80097251,1.0,41.0,1.0,4.714285714285714,39.0,7.0,5.0,1.0,0.0,0.2051282051282051,1.0,0.0,0.0,0.0,0.0,0.0,0.0,0,Legitimate,test
492,Global Green Connect,https://www.linkedin.com/company/13586051,1.0,41.0,1.0,6.0,20.0,3.0,0.0,0.0,0.0,0.15,1.0,0.0,0.0,1.0,1.0,0.0,0.0,0,Legitimate,val
493,Life in the Front Office Podcast,https://www.linkedin.com/company/37204372,1.0,41.0,1.0,4.5,32.0,6.0,0.0,0.0,0.0,0.125,1.0,0.0,0.0,0.0,0.0,0.0,0.0,0,Legitimate,val
494,Harvard Law Environmental & Energy Law Program,https://www.linkedin.com/company/20494569,1.0,41.0,1.0,5.714285714285714,46.0,7.0,0.0,0.0,1.0,0.1304347826086956,1.0,1.0,0.0,0.0,0.0,0.0,0.0,0,Legitimate,train
495,Dhaka Polytechnic Institute,https://www.linkedin.com/company/80873677,1.0,41.0,1.0,8.333333333333334,27.0,3.0,0.0,0.0,0.0,0.1111111111111111,1.0,0.0,0.0,0.0,0.0,0.0,0.0,0,Legitimate,val
496,The Arcticom Group,https://www.linkedin.com/company/35685629,1.0,41.0,1.0,5.333333333333333,18.0,3.0,0.0,0.0,0.0,0.1666666666666666,1.0,0.0,0.0,0.0,0.0,1.0,1.0,0,Legitimate,train
497,"University of Maryland, Baltimore (UMB)",https://www.linkedin.com/company/455844,1.0,39.0,1.0,7.0,39.0,5.0,0.0,0.0,3.0,0.1538461538461538,1.0,0.0,1.0,0.0,0.0,0.0,0.0,0,Legitimate,train
498,Cruise,https://www.linkedin.com/company/6577635,1.0,40.0,1.0,6.0,6.0,1.0,0.0,0.0,0.0,0.1666666666666666,1.0,0.0,0.0,0.0,0.0,0.0,0.0,0,Legitimate,test
499,KPMG,https://www.linkedin.com/company/2525300,1.0,40.0,1.0,4.0,4.0,1.0,0.0,0.0,0.0,1.0,1.0,0.0,0.0,0.0,0.0,0.0,0.0,0,Legitimate,test
500,Pivotal Ventures,https://www.linkedin.com/company/19082324,1.0,41.0,1.0,7.5,16.0,2.0,0.0,0.0,0.0,0.125,1.0,0.0,0.0,0.0,0.0,1.0,1.0,0,Legitimate,train
501,University of Notre Dame,https://www.linkedin.com/company/166658,1.0,39.0,1.0,5.25,24.0,4.0,0.0,0.0,0.0,0.125,1.0,0.0,0.0,0.0,0.0,0.0,0.0,0,Legitimate,train
502,Christian Dior Couture,https://www.linkedin.com/company/17577,1.0,38.0,1.0,6.666666666666667,22.0,3.0,0.0,0.0,0.0,0.1363636363636363,1.0,0.0,0.0,0.0,0.0,0.0,0.0,0,Legitimate,train
503,ChainLink Alpha Labs,,0.0,0.0,0.0,6.0,20.0,3.0,0.0,0.0,0.0,0.2,1.0,0.0,0.0,0.0,0.0,1.0,1.0,1,Fake_Scam,test
504,欧莱雅(中国)有限公司,https://www.linkedin.com/company/29644701,1.0,41.0,1.0,11.0,11.0,1.0,0.0,0.0,2.0,0.0,0.0,0.0,0.0,0.0,0.0,0.0,0.0,0,Legitimate,train
505,JTC Corporation,https://www.linkedin.com/company/15695,1.0,38.0,1.0,7.0,15.0,2.0,0.0,0.0,0.0,0.2666666666666666,1.0,0.0,0.0,0.0,0.0,1.0,1.0,0,Legitimate,train
506,Olin Brass - GBC,https://www.linkedin.com/company/3707905,1.0,40.0,1.0,3.25,16.0,4.0,0.0,0.0,1.0,0.3125,1.0,0.0,0.0,0.0,0.0,0.0,0.0,0,Legitimate,train
507,Emotive,https://www.linkedin.com/company/18625771,1.0,41.0,1.0,7.0,7.0,1.0,0.0,0.0,0.0,0.1428571428571428,1.0,0.0,0.0,0.0,0.0,0.0,0.0,0,Legitimate,train
508,The Creative Ladder,https://www.linkedin.com/company/86280556,1.0,41.0,1.0,5.666666666666667,19.0,3.0,0.0,0.0,0.0,0.1578947368421052,1.0,0.0,0.0,0.0,0.0,0.0,0.0,0,Legitimate,train
509,LinkedIn News India,https://www.linkedin.com/company/64870784,1.0,41.0,1.0,5.666666666666667,19.0,3.0,0.0,0.0,0.0,0.2105263157894736,1.0,0.0,0.0,0.0,0.0,0.0,0.0,0,Legitimate,test
510,Origins,https://www.linkedin.com/company/165343,1.0,39.0,1.0,7.0,7.0,1.0,0.0,0.0,0.0,0.1428571428571428,1.0,0.0,0.0,0.0,0.0,0.0,0.0,0,Legitimate,train
511,IDentek Global Search,https://www.linkedin.com/company/11077129,1.0,41.0,1.0,6.333333333333333,21.0,3.0,0.0,0.0,0.0,0.1904761904761904,1.0,0.0,0.0,1.0,1.0,0.0,0.0,0,Legitimate,val
512,Caudalie,https://www.linkedin.com/company/113288,1.0,39.0,1.0,8.0,8.0,1.0,0.0,0.0,0.0,0.125,1.0,0.0,0.0,0.0,0.0,0.0,0.0,0,Legitimate,test
513,AIC,https://www.linkedin.com/company/157362,1.0,39.0,1.0,3.0,3.0,1.0,0.0,0.0,0.0,1.0,1.0,0.0,0.0,0.0,0.0,0.0,0.0,0,Legitimate,train
514,Huazhong University of Science and Technology,https://www.linkedin.com/company/81930,1.0,38.0,1.0,6.666666666666667,45.0,6.0,0.0,0.0,0.0,0.0888888888888888,1.0,0.0,0.0,0.0,0.0,0.0,0.0,0,Legitimate,train
515,Excel Entertainment,https://www.linkedin.com/company/46372702,1.0,41.0,1.0,9.0,19.0,2.0,0.0,0.0,0.0,0.1052631578947368,1.0,0.0,0.0,0.0,0.0,0.0,0.0,0,Legitimate,train
516,American Association of Orthodontists,https://www.linkedin.com/company/2908925,1.0,40.0,1.0,8.5,37.0,4.0,0.0,0.0,0.0,0.081081081081081,1.0,0.0,0.0,0.0,0.0,0.0,0.0,0,Legitimate,train
517,Cisco Networking Solutions Desk,,0.0,0.0,0.0,7.0,31.0,4.0,0.0,0.0,0.0,0.1290322580645161,1.0,0.0,0.0,0.0,0.0,1.0,1.0,1,Fake_Scam,val
518,Lumen Technologies,https://www.linkedin.com/company/47664328,1.0,41.0,1.0,8.5,18.0,2.0,0.0,0.0,0.0,0.1111111111111111,1.0,0.0,0.0,0.0,0.0,0.0,0.0,0,Legitimate,train
519,Obama Foundation,https://www.linkedin.com/company/16199652,1.0,41.0,1.0,7.5,16.0,2.0,0.0,0.0,0.0,0.125,1.0,0.0,0.0,0.0,0.0,0.0,0.0,0,Legitimate,train
520,Diverge Proposed Federal Credit Union,https://www.linkedin.com/company/81880008,1.0,41.0,1.0,6.6,37.0,5.0,0.0,0.0,0.0,0.1351351351351351,1.0,0.0,0.0,0.0,0.0,0.0,0.0,0,Legitimate,train
521,Stream Hatchet,https://www.linkedin.com/company/10393961,1.0,41.0,1.0,6.5,14.0,2.0,0.0,0.0,0.0,0.1428571428571428,1.0,0.0,0.0,0.0,0.0,0.0,0.0,0,Legitimate,test
522,Castorama Polska Sp. z o.o.,https://www.linkedin.com/company/8801597,1.0,40.0,1.0,4.6,27.0,5.0,0.0,0.0,3.0,0.1111111111111111,1.0,0.0,0.0,0.0,0.0,0.0,0.0,0,Legitimate,test
523,Women Rule,https://www.linkedin.com/company/11150060,1.0,41.0,1.0,4.5,10.0,2.0,0.0,0.0,0.0,0.2,1.0,0.0,0.0,0.0,0.0,0.0,0.0,0,Legitimate,val
524,Getty Images,https://www.linkedin.com/company/4828,1.0,37.0,1.0,5.5,12.0,2.0,0.0,0.0,0.0,0.1666666666666666,1.0,0.0,0.0,0.0,0.0,0.0,0.0,0,Legitimate,val
525,Tim Tebow Foundation,https://www.linkedin.com/company/2027997,1.0,40.0,1.0,6.0,20.0,3.0,0.0,0.0,0.0,0.15,1.0,0.0,0.0,0.0,0.0,0.0,0.0,0,Legitimate,train
526,TerrAscend New Jersey,https://www.linkedin.com/company/67298400,1.0,41.0,1.0,6.333333333333333,21.0,3.0,0.0,0.0,0.0,0.1904761904761904,1.0,0.0,0.0,0.0,0.0,0.0,0.0,0,Legitimate,test
527,Imperial College London,https://www.linkedin.com/company/5106,1.0,37.0,1.0,7.0,23.0,3.0,0.0,0.0,0.0,0.1304347826086956,1.0,0.0,0.0,0.0,0.0,0.0,0.0,0,Legitimate,train
528,"Timberstone Partners, LLC",https://www.linkedin.com/company/71532008,1.0,41.0,1.0,7.666666666666667,25.0,3.0,0.0,0.0,1.0,0.2,1.0,0.0,1.0,0.0,0.0,2.0,1.0,0,Legitimate,train
529,Peru State College,https://www.linkedin.com/company/93626,1.0,38.0,1.0,5.333333333333333,18.0,3.0,0.0,0.0,0.0,0.1666666666666666,1.0,0.0,0.0,0.0,0.0,0.0,0.0,0,Legitimate,train
530,AuraFX Forex Trading Hub,,0.0,0.0,0.0,5.25,24.0,4.0,0.0,0.0,0.0,0.25,1.0,0.0,0.0,1.0,1.0,0.0,0.0,1,Fake_Scam,train
531,College of DuPage,https://www.linkedin.com/company/15489,1.0,38.0,1.0,5.0,17.0,3.0,0.0,0.0,0.0,0.1764705882352941,1.0,0.0,0.0,0.0,0.0,0.0,0.0,0,Legitimate,train
532,HR Law,https://www.linkedin.com/company/6421732,1.0,40.0,1.0,2.5,6.0,2.0,0.0,0.0,0.0,0.5,1.0,0.0,0.0,0.0,0.0,0.0,0.0,0,Legitimate,train
533,ProjectWorks London,https://www.linkedin.com/company/18757023,1.0,41.0,1.0,9.0,19.0,2.0,0.0,0.0,0.0,0.1578947368421052,1.0,0.0,0.0,0.0,0.0,0.0,0.0,0,Legitimate,train
534,TopLegal,https://www.linkedin.com/company/10985847,1.0,41.0,1.0,8.0,8.0,1.0,0.0,0.0,0.0,0.25,1.0,0.0,0.0,0.0,0.0,0.0,0.0,0,Legitimate,val
535,Max Up,https://www.linkedin.com/company/20543606,1.0,41.0,1.0,2.5,6.0,2.0,0.0,0.0,0.0,0.3333333333333333,1.0,0.0,0.0,0.0,0.0,0.0,0.0,0,Legitimate,train
536,Bossed Up,https://www.linkedin.com/company/64541907,1.0,41.0,1.0,4.0,9.0,2.0,0.0,0.0,0.0,0.2222222222222222,1.0,0.0,0.0,0.0,0.0,0.0,0.0,0,Legitimate,train
537,Neon Cloud Productions,https://www.linkedin.com/company/16212504,1.0,41.0,1.0,6.666666666666667,22.0,3.0,0.0,0.0,0.0,0.1363636363636363,1.0,0.0,0.0,0.0,0.0,0.0,0.0,0,Legitimate,val
538,U.S. Securities and Exchange Commission,https://www.linkedin.com/company/166718,1.0,39.0,1.0,7.0,39.0,5.0,0.0,0.0,2.0,0.1282051282051282,1.0,0.0,0.0,0.0,0.0,0.0,0.0,0,Legitimate,val
539,Harvard Business School Online,https://www.linkedin.com/company/9220773,1.0,40.0,1.0,6.75,30.0,4.0,0.0,0.0,0.0,0.1333333333333333,1.0,0.0,0.0,0.0,0.0,0.0,0.0,0,Legitimate,train
540,Global Alliance for Trade Facilitation,https://www.linkedin.com/company/7573469,1.0,40.0,1.0,6.8,38.0,5.0,0.0,0.0,0.0,0.1052631578947368,1.0,0.0,0.0,1.0,1.0,0.0,0.0,0,Legitimate,train
541,Leviton,https://www.linkedin.com/company/12518,1.0,38.0,1.0,7.0,7.0,1.0,0.0,0.0,0.0,0.1428571428571428,1.0,0.0,0.0,0.0,0.0,0.0,0.0,0,Legitimate,train
542,Giants' Shoulders Capital,https://www.linkedin.com/company/68562753,1.0,41.0,1.0,7.666666666666667,25.0,3.0,0.0,0.0,1.0,0.12,1.0,0.0,0.0,1.0,1.0,0.0,0.0,0,Legitimate,train
543,University of Washington,https://www.linkedin.com/company/2584,1.0,37.0,1.0,7.333333333333333,24.0,3.0,0.0,0.0,0.0,0.0833333333333333,1.0,0.0,0.0,0.0,0.0,0.0,0.0,0,Legitimate,test
544,Levine Cancer Institute,https://www.linkedin.com/company/5027640,1.0,40.0,1.0,7.0,23.0,3.0,0.0,0.0,0.0,0.1304347826086956,1.0,0.0,0.0,0.0,0.0,0.0,0.0,0,Legitimate,test
545,Black Property Network UK,https://www.linkedin.com/company/75519395,1.0,41.0,1.0,5.5,25.0,4.0,0.0,0.0,0.0,0.2,1.0,0.0,0.0,0.0,0.0,0.0,0.0,0,Legitimate,train
546,AlbionVC,https://www.linkedin.com/company/13019639,1.0,41.0,1.0,8.0,8.0,1.0,0.0,0.0,0.0,0.375,1.0,0.0,0.0,0.0,0.0,0.0,0.0,0,Legitimate,val
547,Duality Technologies,https://www.linkedin.com/company/27180629,1.0,41.0,1.0,9.5,20.0,2.0,0.0,0.0,0.0,0.1,1.0,0.0,0.0,0.0,0.0,0.0,0.0,0,Legitimate,train
548,Mimo Brands,https://www.linkedin.com/company/5042038,1.0,40.0,1.0,5.0,11.0,2.0,0.0,0.0,0.0,0.1818181818181818,1.0,0.0,0.0,0.0,0.0,0.0,0.0,0,Legitimate,test
549,Lexicon Content Collective,,0.0,0.0,0.0,8.0,26.0,3.0,0.0,0.0,0.0,0.1153846153846153,1.0,0.0,0.0,0.0,0.0,0.0,0.0,1,Fake_Scam,train
550,"SoftLayer, an IBM Company",https://www.linkedin.com/company/95291,1.0,38.0,1.0,5.5,25.0,4.0,0.0,0.0,1.0,0.24,1.0,0.0,1.0,0.0,0.0,1.0,1.0,0,Legitimate,val
551,Social Chain Agency,https://www.linkedin.com/company/5362044,1.0,40.0,1.0,5.666666666666667,19.0,3.0,0.0,0.0,0.0,0.1578947368421052,1.0,0.0,0.0,0.0,0.0,0.0,0.0,0,Legitimate,train
552,Atala Counseling,https://www.linkedin.com/company/69423211,1.0,41.0,1.0,7.5,16.0,2.0,0.0,0.0,0.0,0.125,1.0,0.0,0.0,0.0,0.0,0.0,0.0,0,Legitimate,val
553,G4S SECURE SOLUTIONS (IRAQ) LIMITED,https://www.linkedin.com/company/22240070,1.0,41.0,1.0,6.2,35.0,5.0,1.0,1.0,2.0,0.8,1.0,0.0,0.0,0.0,0.0,1.0,1.0,0,Legitimate,train
554,The K.N.E.W. Solutions,https://www.linkedin.com/company/79693273,1.0,41.0,1.0,6.666666666666667,22.0,3.0,0.0,0.0,4.0,0.2727272727272727,1.0,0.0,0.0,0.0,0.0,1.0,1.0,0,Legitimate,train
555,Roman Krizek - Finance & Real estate,https://www.linkedin.com/company/43317288,1.0,41.0,1.0,4.285714285714286,36.0,7.0,0.0,0.0,2.0,0.1111111111111111,1.0,1.0,0.0,0.0,0.0,0.0,0.0,0,Legitimate,val
556,Sixcess Industries Inc.,https://www.linkedin.com/company/82266103,1.0,41.0,1.0,7.0,23.0,3.0,0.0,0.0,1.0,0.1304347826086956,1.0,0.0,0.0,0.0,0.0,1.0,1.0,0,Legitimate,train
557,Generous Giving,https://www.linkedin.com/company/82364,1.0,38.0,1.0,7.0,15.0,2.0,0.0,0.0,0.0,0.1333333333333333,1.0,0.0,0.0,0.0,0.0,0.0,0.0,0,Legitimate,train
558,Escalent,https://www.linkedin.com/company/19181907,1.0,41.0,1.0,8.0,8.0,1.0,0.0,0.0,0.0,0.125,1.0,0.0,0.0,0.0,0.0,0.0,0.0,0,Legitimate,train
559,清华大学经济管理学院 Tsinghua University School of Economics and Management,https://www.linkedin.com/company/15098922,1.0,41.0,1.0,7.25,65.0,8.0,0.0,0.0,0.0,0.0769230769230769,0.0,0.0,0.0,0.0,0.0,0.0,0.0,0,Legitimate,val
560,Workday,https://www.linkedin.com/company/17719,1.0,38.0,1.0,7.0,7.0,1.0,0.0,0.0,0.0,0.1428571428571428,1.0,0.0,0.0,0.0,0.0,0.0,0.0,0,Legitimate,val
561,Stephanie Movahhed Coaching,https://www.linkedin.com/company/64642475,1.0,41.0,1.0,8.333333333333334,27.0,3.0,0.0,0.0,0.0,0.1111111111111111,1.0,0.0,0.0,0.0,0.0,0.0,0.0,0,Legitimate,val
562,Meta Quest Development Partners,,0.0,0.0,0.0,7.0,31.0,4.0,0.0,0.0,0.0,0.1290322580645161,1.0,0.0,0.0,0.0,0.0,1.0,1.0,1,Fake_Scam,train
563,Phoenix Brand Management Group,https://www.linkedin.com/company/5193349,1.0,40.0,1.0,6.75,30.0,4.0,0.0,0.0,0.0,0.1333333333333333,1.0,0.0,0.0,0.0,0.0,1.0,1.0,0,Legitimate,train
564,The Diversity Way-Maker™,https://www.linkedin.com/company/68301808,1.0,41.0,1.0,7.333333333333333,24.0,3.0,0.0,0.0,2.0,0.1666666666666666,0.0,0.0,0.0,0.0,0.0,0.0,0.0,0,Legitimate,train
565,Intertwined,https://www.linkedin.com/company/66751984,1.0,41.0,1.0,11.0,11.0,1.0,0.0,0.0,0.0,0.0909090909090909,1.0,0.0,0.0,0.0,0.0,0.0,0.0,0,Legitimate,val
566,Cognitive Robotics Labs,,0.0,0.0,0.0,7.0,23.0,3.0,0.0,0.0,0.0,0.1304347826086956,1.0,0.0,0.0,0.0,0.0,1.0,1.0,1,Fake_Scam,train
567,MCE,https://www.linkedin.com/company/2012594,1.0,40.0,1.0,3.0,3.0,1.0,0.0,0.0,0.0,1.0,1.0,0.0,0.0,0.0,0.0,0.0,0.0,0,Legitimate,train
568,Potenti'elles Formation,https://www.linkedin.com/company/89629913,1.0,41.0,1.0,11.0,23.0,2.0,0.0,0.0,1.0,0.0869565217391304,1.0,0.0,0.0,0.0,0.0,0.0,0.0,0,Legitimate,train
569,Tara,https://www.linkedin.com/company/76145316,1.0,41.0,1.0,4.0,4.0,1.0,0.0,0.0,0.0,0.25,1.0,0.0,0.0,0.0,0.0,0.0,0.0,0,Legitimate,train
570,"CodeX, The Stanford Center for Legal Informatics",https://www.linkedin.com/company/6441226,1.0,40.0,1.0,6.0,48.0,7.0,0.0,0.0,1.0,0.1458333333333333,1.0,0.0,1.0,0.0,0.0,0.0,0.0,0,Legitimate,train
571,Murria Solicitors,https://www.linkedin.com/company/844418,1.0,39.0,1.0,8.0,17.0,2.0,0.0,0.0,0.0,0.1176470588235294,1.0,0.0,0.0,0.0,0.0,0.0,0.0,0,Legitimate,train
572,Purpose,https://www.linkedin.com/company/861816,1.0,39.0,1.0,7.0,7.0,1.0,0.0,0.0,0.0,0.1428571428571428,1.0,0.0,0.0,0.0,0.0,0.0,0.0,0,Legitimate,train
573,复旦大学泛海国际金融学院FISF,https://www.linkedin.com/company/14419385,1.0,41.0,1.0,16.0,16.0,1.0,0.0,0.0,0.0,0.25,0.0,0.0,0.0,0.0,0.0,0.0,0.0,0,Legitimate,val
574,Head Hunting Professional - Specialists in Executive Search,https://www.linkedin.com/company/9203961,1.0,40.0,1.0,6.5,59.0,8.0,0.0,0.0,1.0,0.1016949152542373,1.0,0.0,0.0,0.0,0.0,0.0,0.0,0,Legitimate,test
575,Macaw Films,https://www.linkedin.com/company/72208026,1.0,41.0,1.0,5.0,11.0,2.0,0.0,0.0,0.0,0.1818181818181818,1.0,0.0,0.0,0.0,0.0,0.0,0.0,0,Legitimate,train
576,Shepheard Marketing,https://www.linkedin.com/company/15081946,1.0,41.0,1.0,9.0,19.0,2.0,0.0,0.0,0.0,0.1052631578947368,1.0,0.0,0.0,0.0,0.0,0.0,0.0,0,Legitimate,test
577,WillowTree,https://www.linkedin.com/company/1099749,1.0,40.0,1.0,10.0,10.0,1.0,0.0,0.0,0.0,0.2,1.0,0.0,0.0,0.0,0.0,0.0,0.0,0,Legitimate,train
578,SoFlo Black Pages,https://www.linkedin.com/company/79418043,1.0,41.0,1.0,5.0,17.0,3.0,0.0,0.0,0.0,0.2352941176470588,1.0,0.0,0.0,0.0,0.0,0.0,0.0,0,Legitimate,train
579,Kinsey Wellness & Communications,https://www.linkedin.com/company/35577550,1.0,41.0,1.0,7.25,32.0,4.0,0.0,0.0,1.0,0.09375,1.0,1.0,0.0,0.0,0.0,0.0,0.0,0,Legitimate,train
580,big fishÂ®,https://www.linkedin.com/company/739975,1.0,39.0,1.0,4.5,10.0,2.0,0.0,0.0,1.0,0.1,0.0,0.0,0.0,0.0,0.0,0.0,0.0,0,Legitimate,val
581,AppOmni,https://www.linkedin.com/company/18700707,1.0,41.0,1.0,7.0,7.0,1.0,0.0,0.0,0.0,0.2857142857142857,1.0,0.0,0.0,0.0,0.0,0.0,0.0,0,Legitimate,train
582,Ad Age,https://www.linkedin.com/company/6259,1.0,37.0,1.0,2.5,6.0,2.0,0.0,0.0,0.0,0.3333333333333333,1.0,0.0,0.0,0.0,0.0,0.0,0.0,0,Legitimate,train
583,Horizon Wealth Partners,,0.0,0.0,0.0,7.0,23.0,3.0,0.0,0.0,0.0,0.1304347826086956,1.0,0.0,0.0,0.0,0.0,1.0,1.0,1,Fake_Scam,test
584,Working in the Schools (WITS),https://www.linkedin.com/company/680311,1.0,39.0,1.0,5.0,29.0,5.0,0.0,0.0,2.0,0.2068965517241379,1.0,0.0,0.0,0.0,0.0,0.0,0.0,0,Legitimate,test
585,JoJo Wong Design & Build,https://www.linkedin.com/company/79756281,1.0,41.0,1.0,4.0,24.0,5.0,0.0,0.0,1.0,0.2083333333333333,1.0,1.0,0.0,0.0,0.0,0.0,0.0,0,Legitimate,test
586,PSA International Pte Ltd,https://www.linkedin.com/company/859653,1.0,39.0,1.0,5.5,25.0,4.0,0.0,0.0,0.0,0.24,1.0,0.0,0.0,0.0,0.0,1.0,1.0,0,Legitimate,train
587,Robert F. Kennedy Human Rights,https://www.linkedin.com/company/369003,1.0,39.0,1.0,5.2,30.0,5.0,0.0,0.0,1.0,0.1666666666666666,1.0,0.0,0.0,0.0,0.0,0.0,0.0,0,Legitimate,test
588,LIMA AIRPORT PARTNERS,https://www.linkedin.com/company/716712,1.0,39.0,1.0,6.333333333333333,21.0,3.0,0.0,0.0,0.0,0.9047619047619048,1.0,0.0,0.0,0.0,0.0,1.0,1.0,0,Legitimate,test
589,Center for Scientific Diversity at ISMMS,https://www.linkedin.com/company/33225317,1.0,41.0,1.0,5.833333333333333,40.0,6.0,0.0,0.0,0.0,0.2,1.0,0.0,0.0,0.0,0.0,0.0,0.0,0,Legitimate,train
590,Inspiring Girls International,https://www.linkedin.com/company/21808600,1.0,41.0,1.0,9.0,29.0,3.0,0.0,0.0,0.0,0.1034482758620689,1.0,0.0,0.0,0.0,0.0,0.0,0.0,0,Legitimate,train
591,Network Outdoors,https://www.linkedin.com/company/80120736,1.0,41.0,1.0,7.5,16.0,2.0,0.0,0.0,0.0,0.125,1.0,0.0,0.0,0.0,0.0,0.0,0.0,0,Legitimate,train
592,DePaul University,https://www.linkedin.com/company/42291,1.0,38.0,1.0,8.0,17.0,2.0,0.0,0.0,0.0,0.1764705882352941,1.0,0.0,0.0,0.0,0.0,0.0,0.0,0,Legitimate,test
593,KAI Enterprises,https://www.linkedin.com/company/442624,1.0,39.0,1.0,7.0,15.0,2.0,0.0,0.0,0.0,0.2666666666666666,1.0,0.0,0.0,1.0,1.0,1.0,1.0,0,Legitimate,train
594,Fullsend Solutions,https://www.linkedin.com/company/34961689,1.0,41.0,1.0,8.5,18.0,2.0,0.0,0.0,0.0,0.1111111111111111,1.0,0.0,0.0,0.0,0.0,1.0,1.0,0,Legitimate,train
595,BOLD at NBCUniversal,https://www.linkedin.com/company/64522460,1.0,41.0,1.0,6.0,20.0,3.0,0.0,0.0,0.0,0.4,1.0,0.0,0.0,0.0,0.0,0.0,0.0,0,Legitimate,train
596,Devcon Construction,https://www.linkedin.com/company/48889,1.0,38.0,1.0,9.0,19.0,2.0,0.0,0.0,0.0,0.1052631578947368,1.0,0.0,0.0,0.0,0.0,0.0,0.0,0,Legitimate,train
597,Carhartt,https://www.linkedin.com/company/34585,1.0,38.0,1.0,8.0,8.0,1.0,0.0,0.0,0.0,0.125,1.0,0.0,0.0,0.0,0.0,0.0,0.0,0,Legitimate,train
598,Women In Technology (WIT),https://www.linkedin.com/company/109840,1.0,39.0,1.0,5.5,25.0,4.0,0.0,0.0,2.0,0.24,1.0,0.0,0.0,0.0,0.0,0.0,0.0,0,Legitimate,train
599,The Wharton School,https://www.linkedin.com/company/5290,1.0,37.0,1.0,5.333333333333333,18.0,3.0,0.0,0.0,0.0,0.1666666666666666,1.0,0.0,0.0,0.0,0.0,0.0,0.0,0,Legitimate,train
600,Mindtree,https://www.linkedin.com/company/4300,1.0,37.0,1.0,8.0,8.0,1.0,0.0,0.0,0.0,0.125,1.0,0.0,0.0,0.0,0.0,0.0,0.0,0,Legitimate,train
601,The University of Montana - College of Business,https://www.linkedin.com/company/15150346,1.0,41.0,1.0,5.0,47.0,8.0,0.0,0.0,1.0,0.1063829787234042,1.0,0.0,0.0,0.0,0.0,0.0,0.0,0,Legitimate,test
602,33 Tools to Remake Your Career,https://www.linkedin.com/company/1969422,1.0,40.0,1.0,4.166666666666667,30.0,6.0,2.0,1.0,0.0,0.1333333333333333,1.0,0.0,0.0,1.0,1.0,0.0,0.0,0,Legitimate,val
603,Panacea Project,https://www.linkedin.com/company/77737767,1.0,41.0,1.0,7.0,15.0,2.0,0.0,0.0,0.0,0.1333333333333333,1.0,0.0,0.0,0.0,0.0,0.0,0.0,0,Legitimate,train
604,Acorn Healthcare Credentialing Solutions,https://www.linkedin.com/company/11827185,1.0,41.0,1.0,9.25,40.0,4.0,0.0,0.0,0.0,0.1,1.0,0.0,0.0,0.0,0.0,1.0,1.0,0,Legitimate,train
605,Wisconsin Black Chamber of Commerce,https://www.linkedin.com/company/706964,1.0,39.0,1.0,6.2,35.0,5.0,0.0,0.0,0.0,0.1142857142857142,1.0,0.0,0.0,0.0,0.0,0.0,0.0,0,Legitimate,train
606,Mosaic Learning,https://www.linkedin.com/company/356372,1.0,39.0,1.0,7.0,15.0,2.0,0.0,0.0,0.0,0.1333333333333333,1.0,0.0,0.0,0.0,0.0,0.0,0.0,0,Legitimate,train
607,Walnut Grove High School,https://www.linkedin.com/company/33440317,1.0,41.0,1.0,5.25,24.0,4.0,0.0,0.0,0.0,0.1666666666666666,1.0,0.0,0.0,0.0,0.0,0.0,0.0,0,Legitimate,train
608,Cerco Lavoro CercoLavoro.com,https://www.linkedin.com/company/3162071,1.0,40.0,1.0,8.666666666666666,28.0,3.0,0.0,0.0,1.0,0.1428571428571428,1.0,0.0,0.0,0.0,0.0,0.0,0.0,0,Legitimate,train
609,PBM IT Solutions,https://www.linkedin.com/company/311423,1.0,39.0,1.0,4.666666666666667,16.0,3.0,0.0,0.0,0.0,0.375,1.0,0.0,0.0,0.0,0.0,1.0,1.0,0,Legitimate,train
610,University of South Florida,https://www.linkedin.com/company/166671,1.0,39.0,1.0,6.0,27.0,4.0,0.0,0.0,0.0,0.1111111111111111,1.0,0.0,0.0,0.0,0.0,0.0,0.0,0,Legitimate,train
611,Twilio,https://www.linkedin.com/company/400528,1.0,39.0,1.0,6.0,6.0,1.0,0.0,0.0,0.0,0.1666666666666666,1.0,0.0,0.0,0.0,0.0,0.0,0.0,0,Legitimate,train
612,Volunteers of America of - Minnesota and Wisconsin,https://www.linkedin.com/company/388203,1.0,39.0,1.0,5.375,50.0,8.0,0.0,0.0,1.0,0.08,1.0,0.0,0.0,0.0,0.0,0.0,0.0,0,Legitimate,train
613,L'Oréal,https://www.linkedin.com/company/1662,1.0,37.0,1.0,7.0,7.0,1.0,0.0,0.0,1.0,0.2857142857142857,0.0,0.0,0.0,0.0,0.0,0.0,0.0,0,Legitimate,train
614,Blue House Productions,https://www.linkedin.com/company/330359,1.0,39.0,1.0,6.666666666666667,22.0,3.0,0.0,0.0,0.0,0.1363636363636363,1.0,0.0,0.0,0.0,0.0,0.0,0.0,0,Legitimate,val
615,City of Burleson,https://www.linkedin.com/company/343342,1.0,39.0,1.0,4.666666666666667,16.0,3.0,0.0,0.0,0.0,0.125,1.0,0.0,0.0,0.0,0.0,0.0,0.0,0,Legitimate,train
616,Black Women in Asset Management (BWAM),https://www.linkedin.com/company/42721869,1.0,41.0,1.0,5.5,38.0,6.0,0.0,0.0,2.0,0.2105263157894736,1.0,0.0,0.0,0.0,0.0,0.0,0.0,0,Legitimate,val
617,Marsh,https://www.linkedin.com/company/1874,1.0,37.0,1.0,5.0,5.0,1.0,0.0,0.0,0.0,0.2,1.0,0.0,0.0,0.0,0.0,0.0,0.0,0,Legitimate,train
618,What's AI by Louis Bouchard,https://www.linkedin.com/company/64678875,1.0,41.0,1.0,4.6,27.0,5.0,0.0,0.0,1.0,0.1851851851851851,1.0,0.0,0.0,1.0,1.0,0.0,0.0,0,Legitimate,test
619,BLK BOX,https://www.linkedin.com/company/11266053,1.0,41.0,1.0,3.0,7.0,2.0,0.0,0.0,0.0,0.8571428571428571,1.0,0.0,0.0,0.0,0.0,0.0,0.0,0,Legitimate,test
620,Bomgar Corporation,https://www.linkedin.com/company/37089,1.0,38.0,1.0,8.5,18.0,2.0,0.0,0.0,0.0,0.1111111111111111,1.0,0.0,0.0,0.0,0.0,1.0,1.0,0,Legitimate,train
621,myFutureNC,https://www.linkedin.com/company/11476182,1.0,41.0,1.0,10.0,10.0,1.0,0.0,0.0,0.0,0.3,1.0,0.0,0.0,0.0,0.0,0.0,0.0,0,Legitimate,train
622,Kleiner Perkins,https://www.linkedin.com/company/36213,1.0,38.0,1.0,7.0,15.0,2.0,0.0,0.0,0.0,0.1333333333333333,1.0,0.0,0.0,0.0,0.0,0.0,0.0,0,Legitimate,val
623,Westside Corporation Pty Ltd,https://www.linkedin.com/company/1002972,1.0,40.0,1.0,6.25,28.0,4.0,0.0,0.0,0.0,0.1428571428571428,1.0,0.0,0.0,0.0,0.0,2.0,1.0,0,Legitimate,train
624,"Actiview, Inc. - Acquired by Charter Communications",https://www.linkedin.com/company/10684325,1.0,41.0,1.0,6.428571428571429,51.0,7.0,0.0,0.0,3.0,0.0980392156862745,1.0,0.0,1.0,0.0,0.0,1.0,1.0,0,Legitimate,train
625,Baruch College,https://www.linkedin.com/company/4365,1.0,37.0,1.0,6.5,14.0,2.0,0.0,0.0,0.0,0.1428571428571428,1.0,0.0,0.0,0.0,0.0,0.0,0.0,0,Legitimate,test
626,"Sardar Vallabhbhai National Institute of Technology, Surat",https://www.linkedin.com/company/15110002,1.0,41.0,1.0,7.428571428571429,58.0,7.0,0.0,0.0,1.0,0.1034482758620689,1.0,0.0,1.0,1.0,1.0,0.0,0.0,0,Legitimate,train
627,GitHub,https://www.linkedin.com/company/1418841,1.0,40.0,1.0,6.0,6.0,1.0,0.0,0.0,0.0,0.3333333333333333,1.0,0.0,0.0,1.0,1.0,0.0,0.0,0,Legitimate,train
628,Clif Bar & Company,https://www.linkedin.com/company/14770,1.0,38.0,1.0,3.75,18.0,4.0,0.0,0.0,1.0,0.1666666666666666,1.0,1.0,0.0,0.0,0.0,1.0,1.0,0,Legitimate,train
629,Once and for All,https://www.linkedin.com/company/80039798,1.0,41.0,1.0,3.25,16.0,4.0,0.0,0.0,0.0,0.125,1.0,0.0,0.0,0.0,0.0,0.0,0.0,0,Legitimate,train
630,Greater Miami Chamber of Commerce,https://www.linkedin.com/company/42477,1.0,38.0,1.0,5.8,33.0,5.0,0.0,0.0,0.0,0.1212121212121212,1.0,0.0,0.0,0.0,0.0,0.0,0.0,0,Legitimate,test
631,National Sales Network (NSN) Chicago Chapter,https://www.linkedin.com/company/64734458,1.0,41.0,1.0,6.5,44.0,6.0,0.0,0.0,2.0,0.1818181818181818,1.0,0.0,0.0,0.0,0.0,0.0,0.0,0,Legitimate,val
632,Civil Engineering Discoveries,https://www.linkedin.com/company/26500822,1.0,41.0,1.0,9.0,29.0,3.0,0.0,0.0,0.0,0.1034482758620689,1.0,0.0,0.0,0.0,0.0,0.0,0.0,0,Legitimate,val
633,TradePro Global Investments,,0.0,0.0,0.0,8.333333333333334,27.0,3.0,0.0,0.0,0.0,0.1481481481481481,1.0,0.0,0.0,1.0,1.0,0.0,0.0,1,Fake_Scam,train
634,"Mindful Life, Mindful Work, Inc.",https://www.linkedin.com/company/6642697,1.0,40.0,1.0,5.6,32.0,5.0,0.0,0.0,3.0,0.15625,1.0,0.0,1.0,0.0,0.0,1.0,1.0,0,Legitimate,train
635,AkzoNobel,https://www.linkedin.com/company/3222,1.0,37.0,1.0,9.0,9.0,1.0,0.0,0.0,0.0,0.2222222222222222,1.0,0.0,0.0,0.0,0.0,0.0,0.0,0,Legitimate,train
636,AXS National Collegiate Sports Analytics Championship,https://www.linkedin.com/company/81522113,1.0,41.0,1.0,8.0,53.0,6.0,0.0,0.0,0.0,0.1509433962264151,1.0,0.0,0.0,0.0,0.0,0.0,0.0,0,Legitimate,train
637,Huston-Tillotson University,https://www.linkedin.com/company/74691,1.0,38.0,1.0,13.0,27.0,2.0,0.0,0.0,1.0,0.1111111111111111,1.0,0.0,0.0,0.0,0.0,0.0,0.0,0,Legitimate,train
638,22Squared,https://www.linkedin.com/company/162206,1.0,39.0,1.0,9.0,9.0,1.0,2.0,1.0,0.0,0.1111111111111111,1.0,0.0,0.0,0.0,0.0,0.0,0.0,0,Legitimate,val
639,ERCOT,https://www.linkedin.com/company/163669,1.0,39.0,1.0,5.0,5.0,1.0,0.0,0.0,0.0,1.0,1.0,0.0,0.0,0.0,0.0,0.0,0.0,0,Legitimate,val
640,BART,https://www.linkedin.com/company/10581,1.0,38.0,1.0,4.0,4.0,1.0,0.0,0.0,0.0,1.0,1.0,0.0,0.0,0.0,0.0,0.0,0.0,0,Legitimate,train
641,Golub Capital,https://www.linkedin.com/company/479642,1.0,39.0,1.0,6.0,13.0,2.0,0.0,0.0,0.0,0.1538461538461538,1.0,0.0,0.0,1.0,1.0,0.0,0.0,0,Legitimate,val
642,Kimco Realty Corporation,https://www.linkedin.com/company/34927,1.0,38.0,1.0,7.333333333333333,24.0,3.0,0.0,0.0,0.0,0.125,1.0,0.0,0.0,0.0,0.0,1.0,1.0,0,Legitimate,train
643,Atria Senior Living,https://www.linkedin.com/company/25351,1.0,38.0,1.0,5.666666666666667,19.0,3.0,0.0,0.0,0.0,0.1578947368421052,1.0,0.0,0.0,0.0,0.0,0.0,0.0,0,Legitimate,train
644,Batch Motion,https://www.linkedin.com/company/82154978,1.0,41.0,1.0,5.5,12.0,2.0,0.0,0.0,0.0,0.1666666666666666,1.0,0.0,0.0,0.0,0.0,0.0,0.0,0,Legitimate,train
645,"Calloquy, PBC",https://www.linkedin.com/company/76591759,1.0,41.0,1.0,6.0,13.0,2.0,0.0,0.0,1.0,0.3076923076923077,1.0,0.0,1.0,0.0,0.0,0.0,0.0,0,Legitimate,train
646,MiamiSAO,https://www.linkedin.com/company/52660,1.0,38.0,1.0,8.0,8.0,1.0,0.0,0.0,0.0,0.5,1.0,0.0,0.0,0.0,0.0,0.0,0.0,0,Legitimate,train
647,The Excelligent,https://www.linkedin.com/company/31348206,1.0,41.0,1.0,7.0,15.0,2.0,0.0,0.0,0.0,0.1333333333333333,1.0,0.0,0.0,0.0,0.0,0.0,0.0,0,Legitimate,train
648,Cheddar News,https://www.linkedin.com/company/10485408,1.0,41.0,1.0,5.5,12.0,2.0,0.0,0.0,0.0,0.1666666666666666,1.0,0.0,0.0,0.0,0.0,0.0,0.0,0,Legitimate,train
649,International Coaching Federation,https://www.linkedin.com/company/42457,1.0,38.0,1.0,10.333333333333334,33.0,3.0,0.0,0.0,0.0,0.0909090909090909,1.0,0.0,0.0,0.0,0.0,0.0,0.0,0,Legitimate,train
650,ENOWA,https://www.linkedin.com/company/78298355,1.0,41.0,1.0,5.0,5.0,1.0,0.0,0.0,0.0,1.0,1.0,0.0,0.0,0.0,0.0,0.0,0.0,0,Legitimate,train
651,Albany College of Pharmacy and Health Sciences,https://www.linkedin.com/company/15099643,1.0,41.0,1.0,5.714285714285714,46.0,7.0,0.0,0.0,0.0,0.108695652173913,1.0,0.0,0.0,0.0,0.0,0.0,0.0,0,Legitimate,val
652,BlockForge Capital Labs,,0.0,0.0,0.0,7.0,23.0,3.0,0.0,0.0,0.0,0.1739130434782608,1.0,0.0,0.0,1.0,1.0,1.0,1.0,1,Fake_Scam,train
653,The Krait Foundation,https://www.linkedin.com/company/82102842,1.0,41.0,1.0,6.0,20.0,3.0,0.0,0.0,0.0,0.15,1.0,0.0,0.0,0.0,0.0,0.0,0.0,0,Legitimate,train
654,Bloomberg CityLab,https://www.linkedin.com/company/5207394,1.0,40.0,1.0,8.0,17.0,2.0,0.0,0.0,0.0,0.1764705882352941,1.0,0.0,0.0,0.0,0.0,0.0,0.0,0,Legitimate,val
655,International Baccalaureate,https://www.linkedin.com/company/22614,1.0,38.0,1.0,13.0,27.0,2.0,0.0,0.0,0.0,0.074074074074074,1.0,0.0,0.0,0.0,0.0,0.0,0.0,0,Legitimate,train
656,Topspin Media,https://www.linkedin.com/company/1040011,1.0,40.0,1.0,6.0,13.0,2.0,0.0,0.0,0.0,0.1538461538461538,1.0,0.0,0.0,0.0,0.0,0.0,0.0,0,Legitimate,train
657,HERE Seattle,https://www.linkedin.com/company/6415130,1.0,40.0,1.0,5.5,12.0,2.0,0.0,0.0,0.0,0.4166666666666667,1.0,0.0,0.0,0.0,0.0,0.0,0.0,0,Legitimate,train
658,DataValidation (Acquired by Emailable),https://www.linkedin.com/company/1380600,1.0,40.0,1.0,8.75,38.0,4.0,0.0,0.0,2.0,0.1052631578947368,1.0,0.0,0.0,0.0,0.0,0.0,0.0,0,Legitimate,train
659,nasen,https://www.linkedin.com/company/3851285,1.0,40.0,1.0,5.0,5.0,1.0,0.0,0.0,0.0,0.0,1.0,0.0,0.0,0.0,0.0,0.0,0.0,0,Legitimate,train
660,Connecticut Department of Energy and Environmental Protection,https://www.linkedin.com/company/329354,1.0,39.0,1.0,7.857142857142857,61.0,7.0,0.0,0.0,0.0,0.081967213114754,1.0,0.0,0.0,0.0,0.0,0.0,0.0,0,Legitimate,train
661,Army ISR Task Force,https://www.linkedin.com/company/86257145,1.0,41.0,1.0,4.0,19.0,4.0,0.0,0.0,0.0,0.3157894736842105,1.0,0.0,0.0,0.0,0.0,0.0,0.0,0,Legitimate,train
662,UnitedHealth Group,https://www.linkedin.com/company/1720,1.0,37.0,1.0,8.5,18.0,2.0,0.0,0.0,0.0,0.1666666666666666,1.0,0.0,0.0,0.0,0.0,1.0,1.0,0,Legitimate,train
663,Symphony,https://www.linkedin.com/company/2708824,1.0,40.0,1.0,8.0,8.0,1.0,0.0,0.0,0.0,0.125,1.0,0.0,0.0,0.0,0.0,0.0,0.0,0,Legitimate,train
664,Smartworks,https://www.linkedin.com/company/7958954,1.0,40.0,1.0,10.0,10.0,1.0,0.0,0.0,0.0,0.1,1.0,0.0,0.0,0.0,0.0,0.0,0.0,0,Legitimate,test
665,Banco Fibra,https://www.linkedin.com/company/28327,1.0,38.0,1.0,5.0,11.0,2.0,0.0,0.0,0.0,0.1818181818181818,1.0,0.0,0.0,0.0,0.0,0.0,0.0,0,Legitimate,train
666,OccamSec,https://www.linkedin.com/company/1464662,1.0,40.0,1.0,8.0,8.0,1.0,0.0,0.0,0.0,0.25,1.0,0.0,0.0,0.0,0.0,0.0,0.0,0,Legitimate,val
667,UCLA Lake Arrowhead Lodge - Conference Center & Family Resort,https://www.linkedin.com/company/2422183,1.0,40.0,1.0,5.2,61.0,10.0,0.0,0.0,2.0,0.180327868852459,1.0,1.0,0.0,0.0,0.0,0.0,0.0,0,Legitimate,train
668,always already // Cultural Insights & Brand Strategy Consultancy,https://www.linkedin.com/company/80106297,1.0,41.0,1.0,6.222222222222222,64.0,9.0,0.0,0.0,3.0,0.078125,1.0,1.0,0.0,1.0,1.0,0.0,0.0,0,Legitimate,train
669,ROLEX,https://www.linkedin.com/company/9809,1.0,37.0,1.0,5.0,5.0,1.0,0.0,0.0,0.0,1.0,1.0,0.0,0.0,0.0,0.0,0.0,0.0,0,Legitimate,train
670,Wes Henstock Brand Consultancy,https://www.linkedin.com/company/71183302,1.0,41.0,1.0,6.75,30.0,4.0,0.0,0.0,0.0,0.1333333333333333,1.0,0.0,0.0,1.0,1.0,0.0,0.0,0,Legitimate,train
671,Allnessjobs,https://www.linkedin.com/company/79907466,1.0,41.0,1.0,11.0,11.0,1.0,0.0,0.0,0.0,0.0909090909090909,1.0,0.0,0.0,0.0,0.0,0.0,0.0,0,Legitimate,val
672,SAP Enterprise Solutions Recruiter,,0.0,0.0,0.0,7.75,34.0,4.0,0.0,0.0,0.0,0.1764705882352941,1.0,0.0,0.0,1.0,1.0,1.0,1.0,1,Fake_Scam,train
673,TransOceanic Logistics Direct,,0.0,0.0,0.0,9.0,29.0,3.0,0.0,0.0,0.0,0.1379310344827586,1.0,0.0,0.0,1.0,1.0,0.0,0.0,1,Fake_Scam,train
674,"5000fish, Inc.",https://www.linkedin.com/company/782462,1.0,39.0,1.0,6.5,14.0,2.0,4.0,1.0,2.0,0.0714285714285714,1.0,0.0,1.0,0.0,0.0,1.0,1.0,0,Legitimate,test
675,SABIC Solutions for Electrical & Electronics,https://www.linkedin.com/company/18437341,1.0,41.0,1.0,6.5,44.0,6.0,0.0,0.0,1.0,0.1818181818181818,1.0,1.0,0.0,0.0,0.0,1.0,1.0,0,Legitimate,val
676,Fourlane,https://www.linkedin.com/company/694464,1.0,39.0,1.0,8.0,8.0,1.0,0.0,0.0,0.0,0.125,1.0,0.0,0.0,0.0,0.0,0.0,0.0,0,Legitimate,train
677,Georgia Power Company,https://www.linkedin.com/company/5094,1.0,37.0,1.0,6.333333333333333,21.0,3.0,0.0,0.0,0.0,0.1428571428571428,1.0,0.0,0.0,0.0,0.0,1.0,1.0,0,Legitimate,train
678,Dinsmore & Shohl LLP,https://www.linkedin.com/company/23462,1.0,38.0,1.0,4.25,20.0,4.0,0.0,0.0,1.0,0.25,1.0,1.0,0.0,0.0,0.0,0.0,0.0,0,Legitimate,train
679,Southwest Jiaotong University,https://www.linkedin.com/company/15091714,1.0,41.0,1.0,9.0,29.0,3.0,0.0,0.0,0.0,0.1034482758620689,1.0,0.0,0.0,0.0,0.0,0.0,0.0,0,Legitimate,val
680,Goldman Sachs Remote Operations Hub,,0.0,0.0,0.0,6.2,35.0,5.0,0.0,0.0,0.0,0.1428571428571428,1.0,0.0,0.0,2.0,1.0,0.0,0.0,1,Fake_Scam,val
681,GV (Google Ventures),https://www.linkedin.com/company/2365165,1.0,40.0,1.0,6.0,20.0,3.0,0.0,0.0,2.0,0.2,1.0,0.0,0.0,0.0,0.0,1.0,1.0,0,Legitimate,train
682,Global Talent Matrix,,0.0,0.0,0.0,6.0,20.0,3.0,0.0,0.0,0.0,0.15,1.0,0.0,0.0,2.0,1.0,0.0,0.0,1,Fake_Scam,train
683,Wipro,https://www.linkedin.com/company/1318,1.0,37.0,1.0,5.0,5.0,1.0,0.0,0.0,0.0,0.2,1.0,0.0,0.0,0.0,0.0,0.0,0.0,0,Legitimate,val
684,Fifth Wall,https://www.linkedin.com/company/17971785,1.0,41.0,1.0,4.5,10.0,2.0,0.0,0.0,0.0,0.2,1.0,0.0,0.0,0.0,0.0,0.0,0.0,0,Legitimate,train
685,Beijing Foreign Studies University,https://www.linkedin.com/company/15090807,1.0,41.0,1.0,7.75,34.0,4.0,0.0,0.0,0.0,0.1176470588235294,1.0,0.0,0.0,0.0,0.0,0.0,0.0,0,Legitimate,train
686,"American Horizon Financial, LLC",https://www.linkedin.com/company/33135783,1.0,41.0,1.0,7.0,31.0,4.0,0.0,0.0,1.0,0.1935483870967742,1.0,0.0,1.0,0.0,0.0,1.0,1.0,0,Legitimate,train
687,The Hollywood Reporter,https://www.linkedin.com/company/166378,1.0,39.0,1.0,6.666666666666667,22.0,3.0,0.0,0.0,0.0,0.1363636363636363,1.0,0.0,0.0,0.0,0.0,0.0,0.0,0,Legitimate,train
688,Qriser.com,https://www.linkedin.com/company/18764125,1.0,41.0,1.0,10.0,10.0,1.0,0.0,0.0,1.0,0.1,1.0,0.0,0.0,0.0,0.0,0.0,0.0,0,Legitimate,test
689,MARKSMAN INVESTMENTS LIMITED,https://www.linkedin.com/company/20811696,1.0,41.0,1.0,8.666666666666666,28.0,3.0,0.0,0.0,0.0,0.9285714285714286,1.0,0.0,0.0,0.0,0.0,0.0,0.0,0,Legitimate,train
690,Logicalis,https://www.linkedin.com/company/2731925,1.0,40.0,1.0,9.0,9.0,1.0,0.0,0.0,0.0,0.1111111111111111,1.0,0.0,0.0,0.0,0.0,0.0,0.0,0,Legitimate,train
691,"Ideology, LLC",https://www.linkedin.com/company/9374806,1.0,40.0,1.0,6.0,13.0,2.0,0.0,0.0,1.0,0.3076923076923077,1.0,0.0,1.0,0.0,0.0,1.0,1.0,0,Legitimate,train
692,City of Arvada,https://www.linkedin.com/company/44080,1.0,38.0,1.0,4.0,14.0,3.0,0.0,0.0,0.0,0.1428571428571428,1.0,0.0,0.0,0.0,0.0,0.0,0.0,0,Legitimate,train
693,"Miller & Company, LLP",https://www.linkedin.com/company/16202893,1.0,41.0,1.0,4.5,21.0,4.0,0.0,0.0,2.0,0.238095238095238,1.0,1.0,1.0,0.0,0.0,1.0,1.0,0,Legitimate,train
694,San Antonio Business Journal,https://www.linkedin.com/company/2599441,1.0,40.0,1.0,6.25,28.0,4.0,0.0,0.0,0.0,0.1428571428571428,1.0,0.0,0.0,1.0,1.0,0.0,0.0,0,Legitimate,train
695,SHRM,https://www.linkedin.com/company/11282,1.0,38.0,1.0,4.0,4.0,1.0,0.0,0.0,0.0,1.0,1.0,0.0,0.0,0.0,0.0,0.0,0.0,0,Legitimate,train
696,Extraordinary Women Leading Change,https://www.linkedin.com/company/51670365,1.0,41.0,1.0,7.75,34.0,4.0,0.0,0.0,0.0,0.1176470588235294,1.0,0.0,0.0,0.0,0.0,0.0,0.0,0,Legitimate,test
697,UK Home Office,https://www.linkedin.com/company/1358108,1.0,40.0,1.0,4.0,14.0,3.0,0.0,0.0,0.0,0.2857142857142857,1.0,0.0,0.0,0.0,0.0,0.0,0.0,0,Legitimate,train
698,Opportunity Insights,https://www.linkedin.com/company/28171349,1.0,41.0,1.0,9.5,20.0,2.0,0.0,0.0,0.0,0.1,1.0,0.0,0.0,0.0,0.0,0.0,0.0,0,Legitimate,train
699,Cix Health,https://www.linkedin.com/company/35467555,1.0,41.0,1.0,4.5,10.0,2.0,0.0,0.0,0.0,0.2,1.0,0.0,0.0,0.0,0.0,0.0,0.0,0,Legitimate,train
700,Chipotle Mexican Grill,https://www.linkedin.com/company/163025,1.0,39.0,1.0,6.666666666666667,22.0,3.0,0.0,0.0,0.0,0.1363636363636363,1.0,0.0,0.0,0.0,0.0,0.0,0.0,0,Legitimate,train
701,"Easterseals North Georgia, Inc.",https://www.linkedin.com/company/9212706,1.0,40.0,1.0,7.0,31.0,4.0,0.0,0.0,2.0,0.1290322580645161,1.0,0.0,1.0,0.0,0.0,1.0,1.0,0,Legitimate,train
702,American University,https://www.linkedin.com/company/6029,1.0,37.0,1.0,9.0,19.0,2.0,0.0,0.0,0.0,0.1052631578947368,1.0,0.0,0.0,0.0,0.0,0.0,0.0,0,Legitimate,test
703,PrimeHire Global Solutions,,0.0,0.0,0.0,8.0,26.0,3.0,0.0,0.0,0.0,0.1538461538461538,1.0,0.0,0.0,1.0,1.0,1.0,1.0,1,Fake_Scam,train
704,Gridworks,https://www.linkedin.com/company/18412924,1.0,41.0,1.0,9.0,9.0,1.0,0.0,0.0,0.0,0.1111111111111111,1.0,0.0,0.0,0.0,0.0,0.0,0.0,0,Legitimate,test
705,Otis College of Art and Design,https://www.linkedin.com/company/19771,1.0,38.0,1.0,4.166666666666667,30.0,6.0,0.0,0.0,0.0,0.1333333333333333,1.0,0.0,0.0,0.0,0.0,0.0,0.0,0,Legitimate,test
706,Relativity Space,https://www.linkedin.com/company/10799650,1.0,41.0,1.0,7.5,16.0,2.0,0.0,0.0,0.0,0.125,1.0,0.0,0.0,0.0,0.0,0.0,0.0,0,Legitimate,test
707,Lola Cosmetics®,https://www.linkedin.com/company/10022365,1.0,41.0,1.0,7.0,15.0,2.0,0.0,0.0,1.0,0.1333333333333333,0.0,0.0,0.0,0.0,0.0,0.0,0.0,0,Legitimate,train
708,CEI,https://www.linkedin.com/company/7175,1.0,37.0,1.0,3.0,3.0,1.0,0.0,0.0,0.0,1.0,1.0,0.0,0.0,0.0,0.0,0.0,0.0,0,Legitimate,train
709,Prop Studios,https://www.linkedin.com/company/3053148,1.0,40.0,1.0,5.5,12.0,2.0,0.0,0.0,0.0,0.1666666666666666,1.0,0.0,0.0,0.0,0.0,0.0,0.0,0,Legitimate,train
710,Delhi Public School - R. K. Puram,https://www.linkedin.com/company/15108486,1.0,41.0,1.0,3.857142857142857,33.0,7.0,0.0,0.0,3.0,0.1818181818181818,1.0,0.0,0.0,0.0,0.0,0.0,0.0,0,Legitimate,train
711,"Interpreters and Translators, Inc",https://www.linkedin.com/company/285852,1.0,39.0,1.0,7.5,33.0,4.0,0.0,0.0,1.0,0.0909090909090909,1.0,0.0,1.0,0.0,0.0,1.0,1.0,0,Legitimate,train
712,PorterLogic,https://www.linkedin.com/company/75756303,1.0,41.0,1.0,11.0,11.0,1.0,0.0,0.0,0.0,0.1818181818181818,1.0,0.0,0.0,0.0,0.0,0.0,0.0,0,Legitimate,val
713,BBH London,https://www.linkedin.com/company/417135,1.0,39.0,1.0,4.5,10.0,2.0,0.0,0.0,0.0,0.4,1.0,0.0,0.0,0.0,0.0,0.0,0.0,0,Legitimate,train
714,Founders N' Funders,https://www.linkedin.com/company/80790666,1.0,41.0,1.0,5.666666666666667,19.0,3.0,0.0,0.0,1.0,0.1578947368421052,1.0,0.0,0.0,0.0,0.0,0.0,0.0,0,Legitimate,train
715,Havas CX helia,https://www.linkedin.com/company/1195336,1.0,40.0,1.0,4.0,14.0,3.0,0.0,0.0,0.0,0.2142857142857142,1.0,0.0,0.0,0.0,0.0,0.0,0.0,0,Legitimate,train
716,Telehealth Equity Coalition,https://www.linkedin.com/company/71221628,1.0,41.0,1.0,8.333333333333334,27.0,3.0,0.0,0.0,0.0,0.1111111111111111,1.0,0.0,0.0,0.0,0.0,0.0,0.0,0,Legitimate,train
717,The Keith Corporation,https://www.linkedin.com/company/1849705,1.0,40.0,1.0,6.333333333333333,21.0,3.0,0.0,0.0,0.0,0.1428571428571428,1.0,0.0,0.0,0.0,0.0,1.0,1.0,0,Legitimate,train
718,The Groundwater Project,https://www.linkedin.com/company/42886700,1.0,41.0,1.0,7.0,23.0,3.0,0.0,0.0,0.0,0.1304347826086956,1.0,0.0,0.0,0.0,0.0,0.0,0.0,0,Legitimate,val
719,SYNNEX,https://www.linkedin.com/company/7786,1.0,37.0,1.0,6.0,6.0,1.0,0.0,0.0,0.0,1.0,1.0,0.0,0.0,0.0,0.0,0.0,0.0,0,Legitimate,train
720,Dansk Miljørådgivning A/S,https://www.linkedin.com/company/2554911,1.0,40.0,1.0,7.666666666666667,25.0,3.0,0.0,0.0,1.0,0.16,0.0,0.0,0.0,0.0,0.0,0.0,0.0,0,Legitimate,test
721,Arbitrage,https://www.linkedin.com/company/5238682,1.0,40.0,1.0,9.0,9.0,1.0,0.0,0.0,0.0,0.1111111111111111,1.0,0.0,0.0,0.0,0.0,0.0,0.0,0,Legitimate,train
722,Mount Sinai Health System,https://www.linkedin.com/company/8031,1.0,37.0,1.0,5.5,25.0,4.0,0.0,0.0,0.0,0.16,1.0,0.0,0.0,1.0,1.0,0.0,0.0,0,Legitimate,val
723,CareersDoneWrite,https://www.linkedin.com/company/1147048,1.0,40.0,1.0,16.0,16.0,1.0,0.0,0.0,0.0,0.1875,1.0,0.0,0.0,2.0,1.0,0.0,0.0,0,Legitimate,train
724,University of South Carolina,https://www.linkedin.com/company/166670,1.0,39.0,1.0,6.25,28.0,4.0,0.0,0.0,0.0,0.1071428571428571,1.0,0.0,0.0,0.0,0.0,0.0,0.0,0,Legitimate,train
725,DMA United,https://www.linkedin.com/company/248603,1.0,39.0,1.0,4.5,10.0,2.0,0.0,0.0,0.0,0.4,1.0,0.0,0.0,0.0,0.0,0.0,0.0,0,Legitimate,train
726,Washington University in St. Louis - Olin Business School,https://www.linkedin.com/company/15101252,1.0,41.0,1.0,5.444444444444445,57.0,9.0,0.0,0.0,2.0,0.1228070175438596,1.0,0.0,0.0,0.0,0.0,0.0,0.0,0,Legitimate,train
727,RapidRoute Logistics Hub,,0.0,0.0,0.0,7.333333333333333,24.0,3.0,0.0,0.0,0.0,0.1666666666666666,1.0,0.0,0.0,2.0,1.0,0.0,0.0,1,Fake_Scam,train
728,Good Design is Good,https://www.linkedin.com/company/79024702,1.0,41.0,1.0,4.0,19.0,4.0,0.0,0.0,0.0,0.1578947368421052,1.0,0.0,0.0,0.0,0.0,0.0,0.0,0,Legitimate,test
729,Keep it Pushin',https://www.linkedin.com/company/81884628,1.0,41.0,1.0,4.333333333333333,15.0,3.0,0.0,0.0,1.0,0.1333333333333333,1.0,0.0,0.0,0.0,0.0,0.0,0.0,0,Legitimate,train
730,TIAA,https://www.linkedin.com/company/4037,1.0,37.0,1.0,4.0,4.0,1.0,0.0,0.0,0.0,1.0,1.0,0.0,0.0,0.0,0.0,0.0,0.0,0,Legitimate,train
731,BBA Strategic Brand Consulting,https://www.linkedin.com/company/82979417,1.0,41.0,1.0,6.75,30.0,4.0,0.0,0.0,0.0,0.2,1.0,0.0,0.0,1.0,1.0,0.0,0.0,0,Legitimate,train
732,Advocate To Win,https://www.linkedin.com/company/28945674,1.0,41.0,1.0,4.333333333333333,15.0,3.0,0.0,0.0,0.0,0.2,1.0,0.0,0.0,0.0,0.0,0.0,0.0,0,Legitimate,train
733,HFMA Empire NY Chapter  (formerly Central New York Chapter),https://www.linkedin.com/company/11741929,1.0,41.0,1.0,5.555555555555555,59.0,9.0,0.0,0.0,2.0,0.2033898305084746,1.0,0.0,0.0,0.0,0.0,0.0,0.0,0,Legitimate,val
734,noonssup,https://www.linkedin.com/company/81298753,1.0,41.0,1.0,8.0,8.0,1.0,0.0,0.0,0.0,0.0,1.0,0.0,0.0,0.0,0.0,0.0,0.0,0,Legitimate,train
735,"Skidmore, Owings & Merrill (SOM)",https://www.linkedin.com/company/166050,1.0,39.0,1.0,5.6,32.0,5.0,0.0,0.0,4.0,0.1875,1.0,1.0,1.0,0.0,0.0,0.0,0.0,0,Legitimate,val
736,Mesirow,https://www.linkedin.com/company/164945,1.0,39.0,1.0,7.0,7.0,1.0,0.0,0.0,0.0,0.1428571428571428,1.0,0.0,0.0,0.0,0.0,0.0,0.0,0,Legitimate,train
737,University of Miami Herbert Business School,https://www.linkedin.com/company/10212819,1.0,41.0,1.0,6.333333333333333,43.0,6.0,0.0,0.0,0.0,0.1162790697674418,1.0,0.0,0.0,0.0,0.0,0.0,0.0,0,Legitimate,train
738,Rainier Valley Leadership Academy,https://www.linkedin.com/company/66282010,1.0,41.0,1.0,7.5,33.0,4.0,0.0,0.0,0.0,0.1212121212121212,1.0,0.0,0.0,1.0,1.0,0.0,0.0,0,Legitimate,train
739,Meghna Group of Industries (MGI),https://www.linkedin.com/company/2160763,1.0,40.0,1.0,5.6,32.0,5.0,0.0,0.0,2.0,0.1875,1.0,0.0,0.0,0.0,0.0,1.0,1.0,0,Legitimate,train
740,Freedom Business Alliance,https://www.linkedin.com/company/28873037,1.0,41.0,1.0,7.666666666666667,25.0,3.0,0.0,0.0,0.0,0.12,1.0,0.0,0.0,0.0,0.0,0.0,0.0,0,Legitimate,train
741,United Nations,https://www.linkedin.com/company/1860,1.0,37.0,1.0,6.5,14.0,2.0,0.0,0.0,0.0,0.1428571428571428,1.0,0.0,0.0,0.0,0.0,0.0,0.0,0,Legitimate,train
742,IT Cosmetics,https://www.linkedin.com/company/253630,1.0,39.0,1.0,5.5,12.0,2.0,0.0,0.0,0.0,0.25,1.0,0.0,0.0,0.0,0.0,0.0,0.0,0,Legitimate,val
743,随州市长兴机械科技有限公司,https://www.linkedin.com/company/29504758,1.0,41.0,1.0,13.0,13.0,1.0,0.0,0.0,0.0,0.0,0.0,0.0,0.0,0.0,0.0,0.0,0.0,0,Legitimate,train
744,Prosci,https://www.linkedin.com/company/107223,1.0,39.0,1.0,6.0,6.0,1.0,0.0,0.0,0.0,0.1666666666666666,1.0,0.0,0.0,0.0,0.0,0.0,0.0,0,Legitimate,train
745,National Alliance,https://www.linkedin.com/company/77613339,1.0,41.0,1.0,8.0,17.0,2.0,0.0,0.0,0.0,0.1176470588235294,1.0,0.0,0.0,0.0,0.0,0.0,0.0,0,Legitimate,train
746,Khuraira Cosmetics,https://www.linkedin.com/company/9934604,1.0,40.0,1.0,8.5,18.0,2.0,0.0,0.0,0.0,0.1111111111111111,1.0,0.0,0.0,0.0,0.0,0.0,0.0,0,Legitimate,val
747,The Cohen Group,https://www.linkedin.com/company/1722465,1.0,40.0,1.0,4.333333333333333,15.0,3.0,0.0,0.0,0.0,0.2,1.0,0.0,0.0,0.0,0.0,1.0,1.0,0,Legitimate,val
748,Thurgood Marshall College Fund,https://www.linkedin.com/company/476234,1.0,39.0,1.0,6.75,30.0,4.0,0.0,0.0,0.0,0.1333333333333333,1.0,0.0,0.0,0.0,0.0,0.0,0.0,0,Legitimate,train
749,JVA Public Affairs,https://www.linkedin.com/company/33271588,1.0,41.0,1.0,5.333333333333333,18.0,3.0,0.0,0.0,0.0,0.2777777777777778,1.0,0.0,0.0,0.0,0.0,0.0,0.0,0,Legitimate,train
750,FundersClub,https://www.linkedin.com/company/2850013,1.0,40.0,1.0,11.0,11.0,1.0,0.0,0.0,0.0,0.1818181818181818,1.0,0.0,0.0,0.0,0.0,0.0,0.0,0,Legitimate,train
751,Aptitude Health,https://www.linkedin.com/company/476481,1.0,39.0,1.0,7.0,15.0,2.0,0.0,0.0,0.0,0.1333333333333333,1.0,0.0,0.0,0.0,0.0,0.0,0.0,0,Legitimate,train
752,Kawaguchi Talent,https://www.linkedin.com/company/82786729,1.0,41.0,1.0,7.5,16.0,2.0,0.0,0.0,0.0,0.125,1.0,0.0,0.0,1.0,1.0,0.0,0.0,0,Legitimate,train
753,Tutopiya,https://www.linkedin.com/company/14563118,1.0,41.0,1.0,8.0,8.0,1.0,0.0,0.0,0.0,0.125,1.0,0.0,0.0,0.0,0.0,0.0,0.0,0,Legitimate,train
754,NABA INC.,https://www.linkedin.com/company/11175170,1.0,41.0,1.0,4.0,9.0,2.0,0.0,0.0,1.0,0.7777777777777778,1.0,0.0,0.0,0.0,0.0,1.0,1.0,0,Legitimate,train
755,aspire Compulsory Purchase LLP,https://www.linkedin.com/company/30114491,1.0,41.0,1.0,6.75,30.0,4.0,0.0,0.0,0.0,0.1666666666666666,1.0,0.0,0.0,0.0,0.0,0.0,0.0,0,Legitimate,test
756,Apex Quantum Trading Desk,,0.0,0.0,0.0,5.5,25.0,4.0,0.0,0.0,0.0,0.16,1.0,0.0,0.0,0.0,0.0,0.0,0.0,1,Fake_Scam,train
757,Buffalo Bills,https://www.linkedin.com/company/4552,1.0,37.0,1.0,6.0,13.0,2.0,0.0,0.0,0.0,0.1538461538461538,1.0,0.0,0.0,0.0,0.0,0.0,0.0,0,Legitimate,train
758,Mapúa University,https://www.linkedin.com/company/15250389,1.0,41.0,1.0,7.5,16.0,2.0,0.0,0.0,0.0,0.125,0.0,0.0,0.0,0.0,0.0,0.0,0.0,0,Legitimate,test
759,BimaSchool,https://www.linkedin.com/company/43189028,1.0,41.0,1.0,10.0,10.0,1.0,0.0,0.0,0.0,0.2,1.0,0.0,0.0,0.0,0.0,0.0,0.0,0,Legitimate,train
760,The Blue Collar Success Group,https://www.linkedin.com/company/3045910,1.0,40.0,1.0,5.0,29.0,5.0,0.0,0.0,0.0,0.1724137931034483,1.0,0.0,0.0,0.0,0.0,1.0,1.0,0,Legitimate,train
761,University of Oxford,https://www.linkedin.com/company/4477,1.0,37.0,1.0,6.0,20.0,3.0,0.0,0.0,0.0,0.1,1.0,0.0,0.0,0.0,0.0,0.0,0.0,0,Legitimate,train
762,Coral,https://www.linkedin.com/company/10473,1.0,38.0,1.0,5.0,5.0,1.0,0.0,0.0,0.0,0.2,1.0,0.0,0.0,0.0,0.0,0.0,0.0,0,Legitimate,train
763,Kansas City Sports Commission & Foundation,https://www.linkedin.com/company/1240342,1.0,40.0,1.0,6.166666666666667,42.0,6.0,0.0,0.0,1.0,0.119047619047619,1.0,1.0,0.0,0.0,0.0,0.0,0.0,0,Legitimate,train
764,Q2,https://www.linkedin.com/company/65137,1.0,38.0,1.0,2.0,2.0,1.0,1.0,1.0,0.0,0.5,1.0,0.0,0.0,0.0,0.0,0.0,0.0,0,Legitimate,train
765,Pathways,https://www.linkedin.com/company/11127690,1.0,41.0,1.0,8.0,8.0,1.0,0.0,0.0,0.0,0.125,1.0,0.0,0.0,0.0,0.0,0.0,0.0,0,Legitimate,test
766,SESCO Enterprises,https://www.linkedin.com/company/35493952,1.0,41.0,1.0,8.0,17.0,2.0,0.0,0.0,0.0,0.3529411764705882,1.0,0.0,0.0,0.0,0.0,1.0,1.0,0,Legitimate,train
767,Berkshire Hathaway HomeServices,https://www.linkedin.com/company/3334860,1.0,40.0,1.0,9.666666666666666,31.0,3.0,0.0,0.0,0.0,0.1290322580645161,1.0,0.0,0.0,0.0,0.0,0.0,0.0,0,Legitimate,train
768,Bowman & Company LLP,https://www.linkedin.com/company/293311,1.0,39.0,1.0,4.25,20.0,4.0,0.0,0.0,1.0,0.25,1.0,1.0,0.0,0.0,0.0,1.0,1.0,0,Legitimate,train
769,Flyby Group,https://www.linkedin.com/company/524096,1.0,39.0,1.0,5.0,11.0,2.0,0.0,0.0,0.0,0.1818181818181818,1.0,0.0,0.0,0.0,0.0,1.0,1.0,0,Legitimate,train
770,Conn's HomePlus,https://www.linkedin.com/company/58213,1.0,38.0,1.0,7.0,15.0,2.0,0.0,0.0,1.0,0.2,1.0,0.0,0.0,0.0,0.0,0.0,0.0,0,Legitimate,val
771,University of Victoria,https://www.linkedin.com/company/166687,1.0,39.0,1.0,6.666666666666667,22.0,3.0,0.0,0.0,0.0,0.0909090909090909,1.0,0.0,0.0,0.0,0.0,0.0,0.0,0,Legitimate,test
772,Alpha Moving and Storage New Jersey,https://www.linkedin.com/company/64280941,1.0,41.0,1.0,5.0,35.0,6.0,0.0,0.0,0.0,0.1428571428571428,1.0,0.0,0.0,0.0,0.0,0.0,0.0,0,Legitimate,train
773,Pango Group,https://www.linkedin.com/company/28873198,1.0,41.0,1.0,5.0,11.0,2.0,0.0,0.0,0.0,0.1818181818181818,1.0,0.0,0.0,0.0,0.0,1.0,1.0,0,Legitimate,test
774,We Are For Good,https://www.linkedin.com/company/600479,1.0,39.0,1.0,3.0,15.0,4.0,0.0,0.0,0.0,0.2666666666666666,1.0,0.0,0.0,0.0,0.0,0.0,0.0,0,Legitimate,train
775,Popcorn,https://www.linkedin.com/company/1864026,1.0,40.0,1.0,7.0,7.0,1.0,0.0,0.0,0.0,0.1428571428571428,1.0,0.0,0.0,0.0,0.0,0.0,0.0,0,Legitimate,val
776,Campfire Studios,https://www.linkedin.com/company/74938468,1.0,41.0,1.0,7.5,16.0,2.0,0.0,0.0,0.0,0.125,1.0,0.0,0.0,0.0,0.0,0.0,0.0,0,Legitimate,train
777,Western Illinois University,https://www.linkedin.com/company/15363,1.0,38.0,1.0,8.333333333333334,27.0,3.0,0.0,0.0,0.0,0.1111111111111111,1.0,0.0,0.0,0.0,0.0,0.0,0.0,0,Legitimate,val
778,Mythical Games,https://www.linkedin.com/company/18887800,1.0,41.0,1.0,6.5,14.0,2.0,0.0,0.0,0.0,0.1428571428571428,1.0,0.0,0.0,0.0,0.0,0.0,0.0,0,Legitimate,train
779,DeepVision AI Systems,,0.0,0.0,0.0,6.333333333333333,21.0,3.0,0.0,0.0,0.0,0.238095238095238,1.0,0.0,0.0,1.0,1.0,0.0,0.0,1,Fake_Scam,test
780,Texas A&M University,https://www.linkedin.com/company/4556,1.0,37.0,1.0,6.0,20.0,3.0,0.0,0.0,1.0,0.2,1.0,1.0,0.0,0.0,0.0,0.0,0.0,0,Legitimate,train
781,Smart Soil,https://www.linkedin.com/company/65562084,1.0,41.0,1.0,4.5,10.0,2.0,0.0,0.0,0.0,0.2,1.0,0.0,0.0,0.0,0.0,0.0,0.0,0,Legitimate,train
782,Cloudthread (YC S21),https://www.linkedin.com/company/53570583,1.0,41.0,1.0,6.0,20.0,3.0,2.0,1.0,2.0,0.2,1.0,0.0,0.0,0.0,0.0,0.0,0.0,0,Legitimate,train
783,Orgnostic,https://www.linkedin.com/company/35476773,1.0,41.0,1.0,9.0,9.0,1.0,0.0,0.0,0.0,0.1111111111111111,1.0,0.0,0.0,0.0,0.0,0.0,0.0,0,Legitimate,train
784,Chevin Fleet Solutions,https://www.linkedin.com/company/981768,1.0,39.0,1.0,6.666666666666667,22.0,3.0,0.0,0.0,0.0,0.1363636363636363,1.0,0.0,0.0,0.0,0.0,1.0,1.0,0,Legitimate,train
785,HerMD,https://www.linkedin.com/company/34626118,1.0,41.0,1.0,5.0,5.0,1.0,0.0,0.0,0.0,0.6,1.0,0.0,0.0,0.0,0.0,0.0,0.0,0,Legitimate,val
786,Rising Phoenix Education,https://www.linkedin.com/company/73865065,1.0,41.0,1.0,7.333333333333333,24.0,3.0,0.0,0.0,0.0,0.125,1.0,0.0,0.0,0.0,0.0,0.0,0.0,0,Legitimate,train
787,Yarmouk University,https://www.linkedin.com/company/11181845,1.0,41.0,1.0,8.5,18.0,2.0,0.0,0.0,0.0,0.1111111111111111,1.0,0.0,0.0,0.0,0.0,0.0,0.0,0,Legitimate,train
788,Mandarin Oriental Hotel Group,https://www.linkedin.com/company/8503,1.0,37.0,1.0,6.5,29.0,4.0,0.0,0.0,0.0,0.1379310344827586,1.0,0.0,0.0,0.0,0.0,1.0,1.0,0,Legitimate,train
789,Sofrecom Tunisie,https://www.linkedin.com/company/2747257,1.0,40.0,1.0,7.5,16.0,2.0,0.0,0.0,0.0,0.125,1.0,0.0,0.0,0.0,0.0,0.0,0.0,0,Legitimate,test
790,Chicago Business Journal,https://www.linkedin.com/company/9210089,1.0,40.0,1.0,7.333333333333333,24.0,3.0,0.0,0.0,0.0,0.125,1.0,0.0,0.0,1.0,1.0,0.0,0.0,0,Legitimate,train
791,Industrial Arts Workshop,https://www.linkedin.com/company/69294200,1.0,41.0,1.0,7.333333333333333,24.0,3.0,0.0,0.0,0.0,0.125,1.0,0.0,0.0,0.0,0.0,0.0,0.0,0,Legitimate,test
792,Universitat Politècnica de Catalunya (UPC),https://www.linkedin.com/company/166622,1.0,39.0,1.0,7.6,42.0,5.0,0.0,0.0,2.0,0.1428571428571428,0.0,0.0,0.0,0.0,0.0,0.0,0.0,0,Legitimate,train
793,Action For Humanity NGO,https://www.linkedin.com/company/67222774,1.0,41.0,1.0,5.0,23.0,4.0,0.0,0.0,0.0,0.2608695652173913,1.0,0.0,0.0,0.0,0.0,0.0,0.0,0,Legitimate,train
794,Statistics Canada | Statistique Canada,https://www.linkedin.com/company/10498,1.0,38.0,1.0,6.8,38.0,5.0,0.0,0.0,1.0,0.1052631578947368,1.0,0.0,0.0,0.0,0.0,0.0,0.0,0,Legitimate,test
795,Accounting Today,https://www.linkedin.com/company/5100866,1.0,40.0,1.0,7.5,16.0,2.0,0.0,0.0,0.0,0.125,1.0,0.0,0.0,0.0,0.0,0.0,0.0,0,Legitimate,test
796,DaKenya Douglas Consulting LLC,https://www.linkedin.com/company/40963208,1.0,41.0,1.0,6.75,30.0,4.0,0.0,0.0,0.0,0.2333333333333333,1.0,0.0,0.0,1.0,1.0,1.0,1.0,0,Legitimate,train
797,Group Nine Media,https://www.linkedin.com/company/16155694,1.0,41.0,1.0,4.666666666666667,16.0,3.0,0.0,0.0,0.0,0.1875,1.0,0.0,0.0,0.0,0.0,1.0,1.0,0,Legitimate,val
798,Lincoln Financial Group,https://www.linkedin.com/company/4307,1.0,37.0,1.0,7.0,23.0,3.0,0.0,0.0,0.0,0.1304347826086956,1.0,0.0,0.0,0.0,0.0,1.0,1.0,0,Legitimate,train
799,OVHcloud,https://www.linkedin.com/company/1883877,1.0,40.0,1.0,8.0,8.0,1.0,0.0,0.0,0.0,0.375,1.0,0.0,0.0,0.0,0.0,0.0,0.0,0,Legitimate,train
800,iRobot,https://www.linkedin.com/company/9860,1.0,37.0,1.0,6.0,6.0,1.0,0.0,0.0,0.0,0.1666666666666666,1.0,0.0,0.0,0.0,0.0,0.0,0.0,0,Legitimate,train
801,Huge,https://www.linkedin.com/company/225538,1.0,39.0,1.0,4.0,4.0,1.0,0.0,0.0,0.0,0.25,1.0,0.0,0.0,0.0,0.0,0.0,0.0,0,Legitimate,train
802,Barbados Ministry of Foreign Affairs and Foreign Trade,https://www.linkedin.com/company/34951247,1.0,41.0,1.0,5.875,54.0,8.0,0.0,0.0,0.0,0.1111111111111111,1.0,0.0,0.0,0.0,0.0,0.0,0.0,0,Legitimate,val
803,OEC,https://www.linkedin.com/company/556001,1.0,39.0,1.0,3.0,3.0,1.0,0.0,0.0,0.0,1.0,1.0,0.0,0.0,0.0,0.0,0.0,0.0,0,Legitimate,train
804,Teachstone,https://www.linkedin.com/company/1478028,1.0,40.0,1.0,10.0,10.0,1.0,0.0,0.0,0.0,0.1,1.0,0.0,0.0,0.0,0.0,0.0,0.0,0,Legitimate,train
805,JetBlue,https://www.linkedin.com/company/164535,1.0,39.0,1.0,7.0,7.0,1.0,0.0,0.0,0.0,0.2857142857142857,1.0,0.0,0.0,0.0,0.0,0.0,0.0,0,Legitimate,train
806,wax.,https://www.linkedin.com/company/2010803,1.0,40.0,1.0,4.0,4.0,1.0,0.0,0.0,1.0,0.0,1.0,0.0,0.0,0.0,0.0,0.0,0.0,0,Legitimate,train
807,P3,https://www.linkedin.com/company/579768,1.0,39.0,1.0,2.0,2.0,1.0,1.0,1.0,0.0,0.5,1.0,0.0,0.0,0.0,0.0,0.0,0.0,0,Legitimate,train
808,American Clean Power Association (ACP),https://www.linkedin.com/company/57971,1.0,38.0,1.0,6.8,38.0,5.0,0.0,0.0,2.0,0.1842105263157894,1.0,0.0,0.0,0.0,0.0,0.0,0.0,0,Legitimate,train
809,University of Calgary,https://www.linkedin.com/company/166631,1.0,39.0,1.0,6.333333333333333,21.0,3.0,0.0,0.0,0.0,0.0952380952380952,1.0,0.0,0.0,0.0,0.0,0.0,0.0,0,Legitimate,train
810,DevStack Global Solutions,,0.0,0.0,0.0,7.666666666666667,25.0,3.0,0.0,0.0,0.0,0.16,1.0,0.0,0.0,1.0,1.0,1.0,1.0,1,Fake_Scam,train
811,AstraZeneca BioPharma Hub,,0.0,0.0,0.0,7.666666666666667,25.0,3.0,0.0,0.0,0.0,0.2,1.0,0.0,0.0,1.0,1.0,0.0,0.0,1,Fake_Scam,val
812,Swirl,https://www.linkedin.com/company/22998,1.0,38.0,1.0,5.0,5.0,1.0,0.0,0.0,0.0,0.2,1.0,0.0,0.0,0.0,0.0,0.0,0.0,0,Legitimate,train
813,George Weston Foods,https://www.linkedin.com/company/26114,1.0,38.0,1.0,5.666666666666667,19.0,3.0,0.0,0.0,0.0,0.1578947368421052,1.0,0.0,0.0,0.0,0.0,0.0,0.0,0,Legitimate,val
814,SimplyHired,https://www.linkedin.com/company/16890,1.0,38.0,1.0,11.0,11.0,1.0,0.0,0.0,0.0,0.1818181818181818,1.0,0.0,0.0,0.0,0.0,0.0,0.0,0,Legitimate,val
815,GreenLight Media & Marketing,https://www.linkedin.com/company/1163146,1.0,40.0,1.0,6.25,28.0,4.0,0.0,0.0,1.0,0.1428571428571428,1.0,1.0,0.0,0.0,0.0,0.0,0.0,0,Legitimate,test
816,National Black Public Relations Society Inc,https://www.linkedin.com/company/8618330,1.0,40.0,1.0,6.333333333333333,43.0,6.0,0.0,0.0,0.0,0.1395348837209302,1.0,0.0,0.0,0.0,0.0,1.0,1.0,0,Legitimate,train
817,Levi Strauss & Co.,https://www.linkedin.com/company/3137,1.0,37.0,1.0,3.75,18.0,4.0,0.0,0.0,2.0,0.1666666666666666,1.0,1.0,0.0,0.0,0.0,1.0,1.0,0,Legitimate,test
818,Indian Institute Of Technology,https://www.linkedin.com/company/15108155,1.0,41.0,1.0,6.75,30.0,4.0,0.0,0.0,0.0,0.1333333333333333,1.0,0.0,0.0,0.0,0.0,0.0,0.0,0,Legitimate,val
819,Founders Fund,https://www.linkedin.com/company/1373625,1.0,40.0,1.0,6.0,13.0,2.0,0.0,0.0,0.0,0.1538461538461538,1.0,0.0,0.0,0.0,0.0,0.0,0.0,0,Legitimate,val
820,Tractable,https://www.linkedin.com/company/9296904,1.0,40.0,1.0,9.0,9.0,1.0,0.0,0.0,0.0,0.1111111111111111,1.0,0.0,0.0,0.0,0.0,0.0,0.0,0,Legitimate,val
821,University of Virginia Darden School of Business,https://www.linkedin.com/company/15100776,1.0,41.0,1.0,6.0,48.0,7.0,0.0,0.0,0.0,0.1041666666666666,1.0,0.0,0.0,0.0,0.0,0.0,0.0,0,Legitimate,val
822,Digital Alliance,https://www.linkedin.com/company/9376114,1.0,40.0,1.0,7.5,16.0,2.0,0.0,0.0,0.0,0.125,1.0,0.0,0.0,0.0,0.0,0.0,0.0,0,Legitimate,val
823,HybridSkill,https://www.linkedin.com/company/13653777,1.0,41.0,1.0,11.0,11.0,1.0,0.0,0.0,0.0,0.1818181818181818,1.0,0.0,0.0,0.0,0.0,0.0,0.0,0,Legitimate,train
824,Destination Crenshaw,https://www.linkedin.com/company/59562905,1.0,41.0,1.0,9.5,20.0,2.0,0.0,0.0,0.0,0.1,1.0,0.0,0.0,0.0,0.0,0.0,0.0,0,Legitimate,train
825,FIFA,https://www.linkedin.com/company/16825,1.0,38.0,1.0,4.0,4.0,1.0,0.0,0.0,0.0,1.0,1.0,0.0,0.0,0.0,0.0,0.0,0.0,0,Legitimate,train
826,WGP Global,https://www.linkedin.com/company/10052248,1.0,41.0,1.0,4.5,10.0,2.0,0.0,0.0,0.0,0.4,1.0,0.0,0.0,1.0,1.0,0.0,0.0,0,Legitimate,test
827,Wykagyl Country Club,https://www.linkedin.com/company/691262,1.0,39.0,1.0,6.0,20.0,3.0,0.0,0.0,0.0,0.15,1.0,0.0,0.0,0.0,0.0,0.0,0.0,0,Legitimate,train
828,Rice University Engineering Professional Master’s Programs,https://www.linkedin.com/company/27160102,1.0,41.0,1.0,8.833333333333334,58.0,6.0,0.0,0.0,1.0,0.1034482758620689,0.0,0.0,0.0,0.0,0.0,0.0,0.0,0,Legitimate,train
829,Watershed Management Group,https://www.linkedin.com/company/511287,1.0,39.0,1.0,8.0,26.0,3.0,0.0,0.0,0.0,0.1153846153846153,1.0,0.0,0.0,0.0,0.0,1.0,1.0,0,Legitimate,train
830,McAdam Financial,https://www.linkedin.com/company/3180063,1.0,40.0,1.0,7.5,16.0,2.0,0.0,0.0,0.0,0.1875,1.0,0.0,0.0,0.0,0.0,0.0,0.0,0,Legitimate,val
831,The Scarborough Hospital,https://www.linkedin.com/company/27244,1.0,38.0,1.0,7.333333333333333,24.0,3.0,0.0,0.0,0.0,0.125,1.0,0.0,0.0,0.0,0.0,0.0,0.0,0,Legitimate,train
832,L7,https://www.linkedin.com/company/64999463,1.0,41.0,1.0,2.0,2.0,1.0,1.0,1.0,0.0,0.5,1.0,0.0,0.0,0.0,0.0,0.0,0.0,0,Legitimate,train
833,Allbirds,https://www.linkedin.com/company/10343298,1.0,41.0,1.0,8.0,8.0,1.0,0.0,0.0,0.0,0.125,1.0,0.0,0.0,0.0,0.0,0.0,0.0,0,Legitimate,train
834,A3 Angels,https://www.linkedin.com/company/2516998,1.0,40.0,1.0,4.0,9.0,2.0,1.0,1.0,0.0,0.2222222222222222,1.0,0.0,0.0,0.0,0.0,0.0,0.0,0,Legitimate,test
835,Ann Connelly Fine Art,https://www.linkedin.com/company/22320876,1.0,41.0,1.0,4.5,21.0,4.0,0.0,0.0,0.0,0.1904761904761904,1.0,0.0,0.0,0.0,0.0,0.0,0.0,0,Legitimate,val
836,YWCA Greater Cleveland,https://www.linkedin.com/company/696597,1.0,39.0,1.0,6.666666666666667,22.0,3.0,0.0,0.0,0.0,0.2727272727272727,1.0,0.0,0.0,0.0,0.0,0.0,0.0,0,Legitimate,train
837,"Ken Chapman & Associates, Inc.",https://www.linkedin.com/company/9275234,1.0,40.0,1.0,5.2,30.0,5.0,0.0,0.0,3.0,0.1333333333333333,1.0,1.0,1.0,0.0,0.0,1.0,1.0,0,Legitimate,train
838,Your Social Team,https://www.linkedin.com/company/22297176,1.0,41.0,1.0,4.666666666666667,16.0,3.0,0.0,0.0,0.0,0.1875,1.0,0.0,0.0,0.0,0.0,0.0,0.0,0,Legitimate,train
839,"Global Events Management, LLC",https://www.linkedin.com/company/316690,1.0,39.0,1.0,6.5,29.0,4.0,0.0,0.0,1.0,0.2068965517241379,1.0,0.0,1.0,1.0,1.0,1.0,1.0,0,Legitimate,test
840,ONCE,https://www.linkedin.com/company/2544451,1.0,40.0,1.0,4.0,4.0,1.0,0.0,0.0,0.0,1.0,1.0,0.0,0.0,0.0,0.0,0.0,0.0,0,Legitimate,train
841,"Air Boss Unlimited, LLC.",https://www.linkedin.com/company/71620216,1.0,41.0,1.0,5.25,24.0,4.0,0.0,0.0,2.0,0.25,1.0,0.0,1.0,0.0,0.0,1.0,1.0,0,Legitimate,val
842,"Waffle House, Inc.",https://www.linkedin.com/company/20397,1.0,38.0,1.0,5.333333333333333,18.0,3.0,0.0,0.0,2.0,0.1666666666666666,1.0,0.0,1.0,0.0,0.0,1.0,1.0,0,Legitimate,train
843,Unreal Video Production,https://www.linkedin.com/company/37553854,1.0,41.0,1.0,7.0,23.0,3.0,0.0,0.0,0.0,0.1304347826086956,1.0,0.0,0.0,0.0,0.0,0.0,0.0,0,Legitimate,test
844,Trek Health,https://www.linkedin.com/company/74721856,1.0,41.0,1.0,5.0,11.0,2.0,0.0,0.0,0.0,0.1818181818181818,1.0,0.0,0.0,0.0,0.0,0.0,0.0,0,Legitimate,train
845,Premium Framework Inc.,https://www.linkedin.com/company/24972365,1.0,41.0,1.0,6.666666666666667,22.0,3.0,0.0,0.0,1.0,0.1363636363636363,1.0,0.0,0.0,0.0,0.0,1.0,1.0,0,Legitimate,train
846,The Launch Agency,https://www.linkedin.com/company/74911220,1.0,41.0,1.0,5.0,17.0,3.0,0.0,0.0,0.0,0.1764705882352941,1.0,0.0,0.0,0.0,0.0,0.0,0.0,0,Legitimate,train
847,Maharshi Dayanand University,https://www.linkedin.com/company/15093700,1.0,41.0,1.0,8.666666666666666,28.0,3.0,0.0,0.0,0.0,0.1071428571428571,1.0,0.0,0.0,0.0,0.0,0.0,0.0,0,Legitimate,train
848,Zerto,https://www.linkedin.com/company/1033481,1.0,40.0,1.0,5.0,5.0,1.0,0.0,0.0,0.0,0.2,1.0,0.0,0.0,0.0,0.0,0.0,0.0,0,Legitimate,train
849,CNBC,https://www.linkedin.com/company/1833,1.0,37.0,1.0,4.0,4.0,1.0,0.0,0.0,0.0,1.0,1.0,0.0,0.0,0.0,0.0,0.0,0.0,0,Legitimate,test
850,Miami University,https://www.linkedin.com/company/6729,1.0,37.0,1.0,7.5,16.0,2.0,0.0,0.0,0.0,0.125,1.0,0.0,0.0,0.0,0.0,0.0,0.0,0,Legitimate,train
851,Cambridge Professional Group,https://www.linkedin.com/company/38692,1.0,38.0,1.0,8.666666666666666,28.0,3.0,0.0,0.0,0.0,0.1071428571428571,1.0,0.0,0.0,0.0,0.0,1.0,1.0,0,Legitimate,val
852,BMO US,https://www.linkedin.com/company/164126,1.0,39.0,1.0,2.5,6.0,2.0,0.0,0.0,0.0,0.8333333333333334,1.0,0.0,0.0,0.0,0.0,0.0,0.0,0,Legitimate,train
853,Thunder,https://www.linkedin.com/company/68743811,1.0,41.0,1.0,7.0,7.0,1.0,0.0,0.0,0.0,0.1428571428571428,1.0,0.0,0.0,0.0,0.0,0.0,0.0,0,Legitimate,train
854,Real Men Teach,https://www.linkedin.com/company/77641417,1.0,41.0,1.0,4.0,14.0,3.0,0.0,0.0,0.0,0.2142857142857142,1.0,0.0,0.0,0.0,0.0,0.0,0.0,0,Legitimate,train
855,FirstChoice Talent Group,,0.0,0.0,0.0,7.333333333333333,24.0,3.0,0.0,0.0,0.0,0.1666666666666666,1.0,0.0,0.0,1.0,1.0,1.0,1.0,1,Fake_Scam,test
856,AWS Events,https://www.linkedin.com/company/84061753,1.0,41.0,1.0,4.5,10.0,2.0,0.0,0.0,0.0,0.4,1.0,0.0,0.0,0.0,0.0,0.0,0.0,0,Legitimate,train
857,SIU College of Business and Analytics,https://www.linkedin.com/company/35506246,1.0,41.0,1.0,5.333333333333333,37.0,6.0,0.0,0.0,0.0,0.1621621621621621,1.0,0.0,0.0,0.0,0.0,0.0,0.0,0,Legitimate,train
858,Mindpool Technologies Inc,https://www.linkedin.com/company/2026497,1.0,40.0,1.0,7.666666666666667,25.0,3.0,0.0,0.0,0.0,0.12,1.0,0.0,0.0,0.0,0.0,1.0,1.0,0,Legitimate,train
859,Enel Perú,https://www.linkedin.com/company/15228931,1.0,41.0,1.0,4.0,9.0,2.0,0.0,0.0,0.0,0.2222222222222222,0.0,0.0,0.0,0.0,0.0,0.0,0.0,0,Legitimate,train
860,Manchester Digital,https://www.linkedin.com/company/1118159,1.0,40.0,1.0,8.5,18.0,2.0,0.0,0.0,0.0,0.1111111111111111,1.0,0.0,0.0,0.0,0.0,0.0,0.0,0,Legitimate,train
861,LRS Healthcare,https://www.linkedin.com/company/2618313,1.0,40.0,1.0,6.5,14.0,2.0,0.0,0.0,0.0,0.2857142857142857,1.0,0.0,0.0,0.0,0.0,0.0,0.0,0,Legitimate,train
862,Michael Best Strategies,https://www.linkedin.com/company/27134982,1.0,41.0,1.0,7.0,23.0,3.0,0.0,0.0,0.0,0.1304347826086956,1.0,0.0,0.0,0.0,0.0,0.0,0.0,0,Legitimate,val
863,Turnaround Management Association,https://www.linkedin.com/company/868513,1.0,39.0,1.0,10.333333333333334,33.0,3.0,0.0,0.0,0.0,0.0909090909090909,1.0,0.0,0.0,0.0,0.0,0.0,0.0,0,Legitimate,train
864,USA TODAY,https://www.linkedin.com/company/5502,1.0,37.0,1.0,4.0,9.0,2.0,0.0,0.0,0.0,0.8888888888888888,1.0,0.0,0.0,0.0,0.0,0.0,0.0,0,Legitimate,val
865,Wine Australia,https://www.linkedin.com/company/88642,1.0,38.0,1.0,6.5,14.0,2.0,0.0,0.0,0.0,0.1428571428571428,1.0,0.0,0.0,0.0,0.0,0.0,0.0,0,Legitimate,train
866,Higher Ed Consolidation Solutions,https://www.linkedin.com/company/33213354,1.0,41.0,1.0,7.5,33.0,4.0,0.0,0.0,0.0,0.1212121212121212,1.0,0.0,0.0,0.0,0.0,1.0,1.0,0,Legitimate,train
867,Thorne & Derrick | LV HV Cable Jointing & Electrical Equipment,https://www.linkedin.com/company/2292343,1.0,40.0,1.0,4.727272727272728,62.0,11.0,0.0,0.0,3.0,0.1612903225806451,1.0,1.0,0.0,0.0,0.0,0.0,0.0,0,Legitimate,val
868,ESG4VC,https://www.linkedin.com/company/74956855,1.0,41.0,1.0,6.0,6.0,1.0,1.0,1.0,0.0,0.8333333333333334,1.0,0.0,0.0,0.0,0.0,0.0,0.0,0,Legitimate,train
869,The Prince's Trust,https://www.linkedin.com/company/166399,1.0,39.0,1.0,5.333333333333333,18.0,3.0,0.0,0.0,1.0,0.1666666666666666,1.0,0.0,0.0,0.0,0.0,0.0,0.0,0,Legitimate,train
870,The AI Epiphany,https://www.linkedin.com/company/68715155,1.0,41.0,1.0,4.333333333333333,15.0,3.0,0.0,0.0,0.0,0.2666666666666666,1.0,0.0,0.0,1.0,1.0,0.0,0.0,0,Legitimate,train
871,American Payroll Association (APA),https://www.linkedin.com/company/110709,1.0,39.0,1.0,7.75,34.0,4.0,0.0,0.0,2.0,0.1764705882352941,1.0,0.0,0.0,1.0,1.0,0.0,0.0,0,Legitimate,test
872,TD Auto Finance,https://www.linkedin.com/company/470823,1.0,39.0,1.0,4.333333333333333,15.0,3.0,0.0,0.0,0.0,0.2666666666666666,1.0,0.0,0.0,0.0,0.0,0.0,0.0,0,Legitimate,train
873,Cotopaxi,https://www.linkedin.com/company/3493796,1.0,40.0,1.0,8.0,8.0,1.0,0.0,0.0,0.0,0.125,1.0,0.0,0.0,0.0,0.0,0.0,0.0,0,Legitimate,val
874,Cray Inc.,https://www.linkedin.com/company/4936,1.0,37.0,1.0,4.0,9.0,2.0,0.0,0.0,1.0,0.2222222222222222,1.0,0.0,0.0,0.0,0.0,1.0,1.0,0,Legitimate,train
875,U.S. Naval Meteorology and Oceanography Command,https://www.linkedin.com/company/79811710,1.0,41.0,1.0,7.0,47.0,6.0,0.0,0.0,2.0,0.1276595744680851,1.0,0.0,0.0,0.0,0.0,0.0,0.0,0,Legitimate,test
876,"Kwame Nkrumah'​ University of Science and Technology, Kumasi",https://www.linkedin.com/company/357704,1.0,39.0,1.0,6.625,60.0,8.0,0.0,0.0,3.0,0.1,0.0,0.0,1.0,0.0,0.0,0.0,0.0,0,Legitimate,train
877,"Himgiri Zee University, Dehradun",https://www.linkedin.com/company/15118132,1.0,41.0,1.0,7.25,32.0,4.0,0.0,0.0,1.0,0.125,1.0,0.0,1.0,0.0,0.0,0.0,0.0,0,Legitimate,test
878,World Food Programme,https://www.linkedin.com/company/166970,1.0,39.0,1.0,6.0,20.0,3.0,0.0,0.0,0.0,0.15,1.0,0.0,0.0,0.0,0.0,0.0,0.0,0,Legitimate,val
879,Flagstaff Consultants,https://www.linkedin.com/company/18785477,1.0,41.0,1.0,10.0,21.0,2.0,0.0,0.0,0.0,0.0952380952380952,1.0,0.0,0.0,1.0,1.0,0.0,0.0,0,Legitimate,train
880,Cornerstone Search Group,https://www.linkedin.com/company/80380,1.0,38.0,1.0,7.333333333333333,24.0,3.0,0.0,0.0,0.0,0.125,1.0,0.0,0.0,0.0,0.0,1.0,1.0,0,Legitimate,val
881,Peloton Interactive,https://www.linkedin.com/company/2658876,1.0,40.0,1.0,9.0,19.0,2.0,0.0,0.0,0.0,0.1052631578947368,1.0,0.0,0.0,0.0,0.0,0.0,0.0,0,Legitimate,train
882,45/RPM,https://www.linkedin.com/company/10196343,1.0,41.0,1.0,6.0,6.0,1.0,2.0,1.0,1.0,0.5,1.0,0.0,0.0,0.0,0.0,0.0,0.0,0,Legitimate,train
883,Frank Recruitment Group,https://www.linkedin.com/company/10351887,1.0,41.0,1.0,7.0,23.0,3.0,0.0,0.0,0.0,0.1304347826086956,1.0,0.0,0.0,1.0,1.0,1.0,1.0,0,Legitimate,train
884,University of Düsseldorf,https://www.linkedin.com/company/15094013,1.0,41.0,1.0,7.333333333333333,24.0,3.0,0.0,0.0,0.0,0.0833333333333333,0.0,0.0,0.0,0.0,0.0,0.0,0.0,0,Legitimate,train
885,CHÉ Creative,https://www.linkedin.com/company/79021467,1.0,41.0,1.0,5.5,12.0,2.0,0.0,0.0,0.0,0.3333333333333333,0.0,0.0,0.0,0.0,0.0,0.0,0.0,0,Legitimate,train
886,The CHoFT - Canada House of Financial Technology,https://www.linkedin.com/company/83128714,1.0,41.0,1.0,5.125,48.0,8.0,0.0,0.0,1.0,0.1875,1.0,0.0,0.0,0.0,0.0,0.0,0.0,0,Legitimate,train
887,SGInnovate,https://www.linkedin.com/company/1059481,1.0,40.0,1.0,10.0,10.0,1.0,0.0,0.0,0.0,0.3,1.0,0.0,0.0,0.0,0.0,0.0,0.0,0,Legitimate,train
888,Luna Rossa Prada Pirelli,https://www.linkedin.com/company/1060973,1.0,40.0,1.0,5.25,24.0,4.0,0.0,0.0,0.0,0.1666666666666666,1.0,0.0,0.0,0.0,0.0,0.0,0.0,0,Legitimate,train
889,GradVantage,https://www.linkedin.com/company/67128737,1.0,41.0,1.0,11.0,11.0,1.0,0.0,0.0,0.0,0.1818181818181818,1.0,0.0,0.0,0.0,0.0,0.0,0.0,0,Legitimate,val
890,Houston Food Bank,https://www.linkedin.com/company/362140,1.0,39.0,1.0,5.0,17.0,3.0,0.0,0.0,0.0,0.1764705882352941,1.0,0.0,0.0,0.0,0.0,0.0,0.0,0,Legitimate,val
891,Lumentum,https://www.linkedin.com/company/6395111,1.0,40.0,1.0,8.0,8.0,1.0,0.0,0.0,0.0,0.125,1.0,0.0,0.0,0.0,0.0,0.0,0.0,0,Legitimate,test
892,WhiteSparrow India,https://www.linkedin.com/company/3262401,1.0,40.0,1.0,8.5,18.0,2.0,0.0,0.0,0.0,0.1666666666666666,1.0,0.0,0.0,0.0,0.0,0.0,0.0,0,Legitimate,val
893,Institute of Politics at University of Pittsburgh,https://www.linkedin.com/company/65553688,1.0,41.0,1.0,6.142857142857143,49.0,7.0,0.0,0.0,0.0,0.0816326530612244,1.0,0.0,0.0,0.0,0.0,0.0,0.0,0,Legitimate,train
894,The Wireless Experience,https://www.linkedin.com/company/616112,1.0,39.0,1.0,7.0,23.0,3.0,0.0,0.0,0.0,0.1304347826086956,1.0,0.0,0.0,0.0,0.0,0.0,0.0,0,Legitimate,train
895,Magnuson Center for Entrepreneurship at Dartmouth,https://www.linkedin.com/company/75505731,1.0,41.0,1.0,7.333333333333333,49.0,6.0,0.0,0.0,0.0,0.0816326530612244,1.0,0.0,0.0,0.0,0.0,0.0,0.0,0,Legitimate,val
896,New Enterprise Associates (NEA),https://www.linkedin.com/company/22555,1.0,38.0,1.0,7.0,31.0,4.0,0.0,0.0,2.0,0.1935483870967742,1.0,0.0,0.0,0.0,0.0,0.0,0.0,0,Legitimate,train
897,Carolina Core Wellness,https://www.linkedin.com/company/79884334,1.0,41.0,1.0,6.666666666666667,22.0,3.0,0.0,0.0,0.0,0.1363636363636363,1.0,0.0,0.0,0.0,0.0,0.0,0.0,0,Legitimate,train
898,Disability Scoop,https://www.linkedin.com/company/2390518,1.0,40.0,1.0,7.5,16.0,2.0,0.0,0.0,0.0,0.125,1.0,0.0,0.0,0.0,0.0,0.0,0.0,0,Legitimate,train
899,Augusta University,https://www.linkedin.com/company/2901041,1.0,40.0,1.0,8.5,18.0,2.0,0.0,0.0,0.0,0.1111111111111111,1.0,0.0,0.0,0.0,0.0,0.0,0.0,0,Legitimate,train
900,Corporate Environmental Risk Management,https://www.linkedin.com/company/547878,1.0,39.0,1.0,9.0,39.0,4.0,0.0,0.0,0.0,0.1025641025641025,1.0,0.0,0.0,0.0,0.0,0.0,0.0,0,Legitimate,test
901,Hayden Properties,https://www.linkedin.com/company/465498,1.0,39.0,1.0,8.0,17.0,2.0,0.0,0.0,0.0,0.1176470588235294,1.0,0.0,0.0,0.0,0.0,0.0,0.0,0,Legitimate,train
902,Bright Morning Consulting Inc.,https://www.linkedin.com/company/18670511,1.0,41.0,1.0,6.75,30.0,4.0,0.0,0.0,1.0,0.1333333333333333,1.0,0.0,0.0,1.0,1.0,1.0,1.0,0,Legitimate,val
903,IHG Hotels & Resorts,https://www.linkedin.com/company/3549,1.0,37.0,1.0,4.25,20.0,4.0,0.0,0.0,1.0,0.25,1.0,1.0,0.0,0.0,0.0,0.0,0.0,0,Legitimate,train
904,Pine Gate Renewables,https://www.linkedin.com/company/9419101,1.0,40.0,1.0,6.0,20.0,3.0,0.0,0.0,0.0,0.15,1.0,0.0,0.0,0.0,0.0,0.0,0.0,0,Legitimate,train
905,Lollypop Design Studio,https://www.linkedin.com/company/2960951,1.0,40.0,1.0,6.666666666666667,22.0,3.0,0.0,0.0,0.0,0.1363636363636363,1.0,0.0,0.0,0.0,0.0,0.0,0.0,0,Legitimate,train
906,B&H Photo Video,https://www.linkedin.com/company/162612,1.0,39.0,1.0,4.333333333333333,15.0,3.0,0.0,0.0,1.0,0.2666666666666666,1.0,1.0,0.0,0.0,0.0,0.0,0.0,0,Legitimate,train
907,Jimmy John's,https://www.linkedin.com/company/948895,1.0,39.0,1.0,5.5,12.0,2.0,0.0,0.0,1.0,0.1666666666666666,1.0,0.0,0.0,0.0,0.0,0.0,0.0,0,Legitimate,test
908,MSSP Alert,https://www.linkedin.com/company/76321585,1.0,41.0,1.0,4.5,10.0,2.0,0.0,0.0,0.0,0.5,1.0,0.0,0.0,0.0,0.0,0.0,0.0,0,Legitimate,train
909,InterState Logistics Dispatch,,0.0,0.0,0.0,9.0,29.0,3.0,0.0,0.0,0.0,0.1379310344827586,1.0,0.0,0.0,1.0,1.0,0.0,0.0,1,Fake_Scam,train
910,Lawyer Stories,https://www.linkedin.com/company/68167910,1.0,41.0,1.0,6.5,14.0,2.0,0.0,0.0,0.0,0.1428571428571428,1.0,0.0,0.0,0.0,0.0,0.0,0.0,0,Legitimate,train
911,Charlotte Tilbury Beauty,https://www.linkedin.com/company/9339049,1.0,40.0,1.0,7.333333333333333,24.0,3.0,0.0,0.0,0.0,0.125,1.0,0.0,0.0,0.0,0.0,0.0,0.0,0,Legitimate,train
912,UnitedHealthcare,https://www.linkedin.com/company/3617441,1.0,40.0,1.0,16.0,16.0,1.0,0.0,0.0,0.0,0.125,1.0,0.0,0.0,0.0,0.0,0.0,0.0,0,Legitimate,train
913,ViClarity - US,https://www.linkedin.com/company/1509790,1.0,40.0,1.0,4.0,14.0,3.0,0.0,0.0,1.0,0.2857142857142857,1.0,0.0,0.0,0.0,0.0,0.0,0.0,0,Legitimate,val
914,Sterling Jewelers,https://www.linkedin.com/company/16684,1.0,38.0,1.0,8.0,17.0,2.0,0.0,0.0,0.0,0.1176470588235294,1.0,0.0,0.0,0.0,0.0,0.0,0.0,0,Legitimate,train
915,New Scientist,https://www.linkedin.com/company/528037,1.0,39.0,1.0,6.0,13.0,2.0,0.0,0.0,0.0,0.1538461538461538,1.0,0.0,0.0,0.0,0.0,0.0,0.0,0,Legitimate,test
916,Keach Construction,https://www.linkedin.com/company/7971503,1.0,40.0,1.0,8.5,18.0,2.0,0.0,0.0,0.0,0.1111111111111111,1.0,0.0,0.0,0.0,0.0,0.0,0.0,0,Legitimate,train
917,Black On Board Ltd,https://www.linkedin.com/company/68498607,1.0,41.0,1.0,3.75,18.0,4.0,0.0,0.0,0.0,0.2222222222222222,1.0,0.0,0.0,0.0,0.0,1.0,1.0,0,Legitimate,train
918,Zumba,https://www.linkedin.com/company/234709,1.0,39.0,1.0,5.0,5.0,1.0,0.0,0.0,0.0,0.2,1.0,0.0,0.0,0.0,0.0,0.0,0.0,0,Legitimate,train
919,Blacks In Technology,https://www.linkedin.com/company/3129266,1.0,40.0,1.0,6.0,20.0,3.0,0.0,0.0,0.0,0.15,1.0,0.0,0.0,0.0,0.0,0.0,0.0,0,Legitimate,train
920,International Federation of Red Cross and Red Crescent Societies - IFRC,https://www.linkedin.com/company/12149,1.0,38.0,1.0,5.545454545454546,71.0,11.0,0.0,0.0,1.0,0.1549295774647887,1.0,0.0,0.0,0.0,0.0,0.0,0.0,0,Legitimate,train
921,Indigo,https://www.linkedin.com/company/10466509,1.0,41.0,1.0,6.0,6.0,1.0,0.0,0.0,0.0,0.1666666666666666,1.0,0.0,0.0,0.0,0.0,0.0,0.0,0,Legitimate,train
922,AeroTech Defense Dynamics,,0.0,0.0,0.0,7.666666666666667,25.0,3.0,0.0,0.0,0.0,0.16,1.0,0.0,0.0,0.0,0.0,0.0,0.0,1,Fake_Scam,train
923,Beaumont Independent School District,https://www.linkedin.com/company/10473136,1.0,41.0,1.0,8.25,36.0,4.0,0.0,0.0,0.0,0.1111111111111111,1.0,0.0,0.0,0.0,0.0,0.0,0.0,0,Legitimate,train
924,"Ward & Wilson, P.C.",https://www.linkedin.com/company/71098836,1.0,41.0,1.0,4.0,19.0,4.0,0.0,0.0,4.0,0.2105263157894736,1.0,1.0,1.0,0.0,0.0,0.0,0.0,0,Legitimate,test
925,Harvana,https://www.linkedin.com/company/68504881,1.0,41.0,1.0,7.0,7.0,1.0,0.0,0.0,0.0,0.1428571428571428,1.0,0.0,0.0,0.0,0.0,0.0,0.0,0,Legitimate,train
926,DeVono,https://www.linkedin.com/company/880570,1.0,39.0,1.0,6.0,6.0,1.0,0.0,0.0,0.0,0.3333333333333333,1.0,0.0,0.0,0.0,0.0,0.0,0.0,0,Legitimate,train
927,BBH Market Insights,https://www.linkedin.com/company/5346993,1.0,40.0,1.0,5.666666666666667,19.0,3.0,0.0,0.0,0.0,0.2631578947368421,1.0,0.0,0.0,0.0,0.0,0.0,0.0,0,Legitimate,train
928,ALPFA Las Vegas,https://www.linkedin.com/company/18608630,1.0,41.0,1.0,4.333333333333333,15.0,3.0,0.0,0.0,0.0,0.4666666666666667,1.0,0.0,0.0,0.0,0.0,0.0,0.0,0,Legitimate,train
929,山西省水工机械有限公司,https://www.linkedin.com/company/32223058,1.0,41.0,1.0,11.0,11.0,1.0,0.0,0.0,0.0,0.0,0.0,0.0,0.0,0.0,0.0,0.0,0.0,0,Legitimate,train
930,Mount Sinai Queens,https://www.linkedin.com/company/5360841,1.0,40.0,1.0,5.333333333333333,18.0,3.0,0.0,0.0,0.0,0.1666666666666666,1.0,0.0,0.0,1.0,1.0,0.0,0.0,0,Legitimate,train
931,Surf and Sales,https://www.linkedin.com/company/65373269,1.0,41.0,1.0,4.0,14.0,3.0,0.0,0.0,0.0,0.1428571428571428,1.0,0.0,0.0,0.0,0.0,0.0,0.0,0,Legitimate,train
932,"CO2 Partners, LLC",https://www.linkedin.com/company/1440971,1.0,40.0,1.0,5.0,17.0,3.0,1.0,1.0,1.0,0.3529411764705882,1.0,0.0,1.0,0.0,0.0,2.0,1.0,0,Legitimate,test
933,Blackstone Technology Group,https://www.linkedin.com/company/13960,1.0,38.0,1.0,8.333333333333334,27.0,3.0,0.0,0.0,0.0,0.1111111111111111,1.0,0.0,0.0,0.0,0.0,1.0,1.0,0,Legitimate,train
934,Bristol Myers Squibb,https://www.linkedin.com/company/1773,1.0,37.0,1.0,6.0,20.0,3.0,0.0,0.0,0.0,0.15,1.0,0.0,0.0,0.0,0.0,0.0,0.0,0,Legitimate,train
935,HNW,https://www.linkedin.com/company/24316,1.0,38.0,1.0,3.0,3.0,1.0,0.0,0.0,0.0,1.0,1.0,0.0,0.0,0.0,0.0,0.0,0.0,0,Legitimate,test
936,David Alan Clothing,https://www.linkedin.com/company/51723292,1.0,41.0,1.0,5.666666666666667,19.0,3.0,0.0,0.0,0.0,0.1578947368421052,1.0,0.0,0.0,0.0,0.0,0.0,0.0,0,Legitimate,train
937,Blue Shield of California,https://www.linkedin.com/company/4896,1.0,37.0,1.0,5.5,25.0,4.0,0.0,0.0,0.0,0.12,1.0,0.0,0.0,0.0,0.0,0.0,0.0,0,Legitimate,train
938,Black Enterprise Magazine,https://www.linkedin.com/company/33191,1.0,38.0,1.0,7.666666666666667,25.0,3.0,0.0,0.0,0.0,0.12,1.0,0.0,0.0,0.0,0.0,0.0,0.0,0,Legitimate,test
939,PAWS Chicago,https://www.linkedin.com/company/1625196,1.0,40.0,1.0,5.5,12.0,2.0,0.0,0.0,0.0,0.4166666666666667,1.0,0.0,0.0,0.0,0.0,0.0,0.0,0,Legitimate,train
940,Bank of America,https://www.linkedin.com/company/1123,1.0,37.0,1.0,4.333333333333333,15.0,3.0,0.0,0.0,0.0,0.1333333333333333,1.0,0.0,0.0,0.0,0.0,0.0,0.0,0,Legitimate,train
941,Crossover,https://www.linkedin.com/company/9308035,1.0,40.0,1.0,9.0,9.0,1.0,0.0,0.0,0.0,0.1111111111111111,1.0,0.0,0.0,0.0,0.0,0.0,0.0,0,Legitimate,train
942,ACLU,https://www.linkedin.com/company/10697,1.0,38.0,1.0,4.0,4.0,1.0,0.0,0.0,0.0,1.0,1.0,0.0,0.0,0.0,0.0,0.0,0.0,0,Legitimate,val
943,Skillsoft,https://www.linkedin.com/company/5383,1.0,37.0,1.0,9.0,9.0,1.0,0.0,0.0,0.0,0.1111111111111111,1.0,0.0,0.0,0.0,0.0,0.0,0.0,0,Legitimate,train
944,genKC,https://www.linkedin.com/company/10319350,1.0,41.0,1.0,5.0,5.0,1.0,0.0,0.0,0.0,0.4,1.0,0.0,0.0,0.0,0.0,0.0,0.0,0,Legitimate,train
945,New York University,https://www.linkedin.com/company/3159,1.0,37.0,1.0,5.666666666666667,19.0,3.0,0.0,0.0,0.0,0.1578947368421052,1.0,0.0,0.0,0.0,0.0,0.0,0.0,0,Legitimate,train
946,PVH Corp.,https://www.linkedin.com/company/11541,1.0,38.0,1.0,4.0,9.0,2.0,0.0,0.0,1.0,0.4444444444444444,1.0,0.0,0.0,0.0,0.0,1.0,1.0,0,Legitimate,val
947,Sogin,https://www.linkedin.com/company/107478,1.0,39.0,1.0,5.0,5.0,1.0,0.0,0.0,0.0,0.2,1.0,0.0,0.0,0.0,0.0,0.0,0.0,0,Legitimate,test
948,Cognacity,https://www.linkedin.com/company/360696,1.0,39.0,1.0,9.0,9.0,1.0,0.0,0.0,0.0,0.1111111111111111,1.0,0.0,0.0,0.0,0.0,0.0,0.0,0,Legitimate,train
949,Morning Consult,https://www.linkedin.com/company/1818696,1.0,40.0,1.0,7.0,15.0,2.0,0.0,0.0,0.0,0.1333333333333333,1.0,0.0,0.0,1.0,1.0,0.0,0.0,0,Legitimate,train
950,Columbia University,https://www.linkedin.com/company/2624,1.0,37.0,1.0,9.0,19.0,2.0,0.0,0.0,0.0,0.1052631578947368,1.0,0.0,0.0,0.0,0.0,0.0,0.0,0,Legitimate,train
951,HUBB Kitchens,https://www.linkedin.com/company/19442192,1.0,41.0,1.0,6.0,13.0,2.0,0.0,0.0,0.0,0.3846153846153846,1.0,0.0,0.0,1.0,1.0,0.0,0.0,0,Legitimate,val
952,Amedeo,https://www.linkedin.com/company/4874399,1.0,40.0,1.0,6.0,6.0,1.0,0.0,0.0,0.0,0.1666666666666666,1.0,0.0,0.0,0.0,0.0,0.0,0.0,0,Legitimate,train
953,East-West University,https://www.linkedin.com/company/15250479,1.0,41.0,1.0,9.5,20.0,2.0,0.0,0.0,1.0,0.15,1.0,0.0,0.0,0.0,0.0,0.0,0.0,0,Legitimate,train
954,Centre on African Philanthropy and Social Investment - CAPSI,https://www.linkedin.com/company/19102210,1.0,41.0,1.0,5.777777777777778,60.0,9.0,0.0,0.0,1.0,0.1666666666666666,1.0,0.0,0.0,0.0,0.0,0.0,0.0,0,Legitimate,train
955,Organic Headshots,https://www.linkedin.com/company/1334191,1.0,40.0,1.0,8.0,17.0,2.0,0.0,0.0,0.0,0.1176470588235294,1.0,0.0,0.0,0.0,0.0,0.0,0.0,0,Legitimate,train
956,Southern Methodist University,https://www.linkedin.com/company/5515,1.0,37.0,1.0,9.0,29.0,3.0,0.0,0.0,0.0,0.1034482758620689,1.0,0.0,0.0,0.0,0.0,0.0,0.0,0,Legitimate,train
957,CFRE International,https://www.linkedin.com/company/3094908,1.0,40.0,1.0,8.5,18.0,2.0,0.0,0.0,0.0,0.2777777777777778,1.0,0.0,0.0,0.0,0.0,0.0,0.0,0,Legitimate,train
958,"Spandrel Development Partners, LLC",https://www.linkedin.com/company/27113709,1.0,41.0,1.0,7.75,34.0,4.0,0.0,0.0,1.0,0.1764705882352941,1.0,0.0,1.0,0.0,0.0,2.0,1.0,0,Legitimate,train
959,C2XCEL LLC,https://www.linkedin.com/company/12902031,1.0,41.0,1.0,4.5,10.0,2.0,1.0,1.0,0.0,0.8,1.0,0.0,0.0,0.0,0.0,1.0,1.0,0,Legitimate,train
960,Global Public Speaking LLC,https://www.linkedin.com/company/1871529,1.0,40.0,1.0,5.75,26.0,4.0,0.0,0.0,0.0,0.2307692307692307,1.0,0.0,0.0,1.0,1.0,1.0,1.0,0,Legitimate,train
961,New Jersey City University,https://www.linkedin.com/company/20293,1.0,38.0,1.0,5.75,26.0,4.0,0.0,0.0,0.0,0.1538461538461538,1.0,0.0,0.0,0.0,0.0,0.0,0.0,0,Legitimate,val
962,VCU Brandcenter,https://www.linkedin.com/company/1095073,1.0,40.0,1.0,7.0,15.0,2.0,0.0,0.0,0.0,0.2666666666666666,1.0,0.0,0.0,0.0,0.0,0.0,0.0,0,Legitimate,val
963,Accenture,https://www.linkedin.com/company/1033,1.0,37.0,1.0,9.0,9.0,1.0,0.0,0.0,0.0,0.1111111111111111,1.0,0.0,0.0,0.0,0.0,0.0,0.0,0,Legitimate,train
964,"Consigli Construction Co., Inc.",https://www.linkedin.com/company/73304,1.0,38.0,1.0,7.0,31.0,4.0,0.0,0.0,3.0,0.1290322580645161,1.0,0.0,1.0,0.0,0.0,2.0,1.0,0,Legitimate,test
965,STRV,https://www.linkedin.com/company/638464,1.0,39.0,1.0,4.0,4.0,1.0,0.0,0.0,0.0,1.0,1.0,0.0,0.0,0.0,0.0,0.0,0.0,0,Legitimate,val
966,Ilantus Products,https://www.linkedin.com/company/31162,1.0,38.0,1.0,7.5,16.0,2.0,0.0,0.0,0.0,0.125,1.0,0.0,0.0,0.0,0.0,0.0,0.0,0,Legitimate,train
967,Superbet,https://www.linkedin.com/company/1162677,1.0,40.0,1.0,8.0,8.0,1.0,0.0,0.0,0.0,0.125,1.0,0.0,0.0,0.0,0.0,0.0,0.0,0,Legitimate,val
968,Step Change in Safety,https://www.linkedin.com/company/2459381,1.0,40.0,1.0,4.5,21.0,4.0,0.0,0.0,0.0,0.1428571428571428,1.0,0.0,0.0,0.0,0.0,0.0,0.0,0,Legitimate,train
969,Dailey,https://www.linkedin.com/company/13733,1.0,38.0,1.0,6.0,6.0,1.0,0.0,0.0,0.0,0.1666666666666666,1.0,0.0,0.0,0.0,0.0,0.0,0.0,0,Legitimate,train
970,Socially Available by Kiniva Marketing,https://www.linkedin.com/company/67329505,1.0,41.0,1.0,6.8,38.0,5.0,0.0,0.0,0.0,0.1052631578947368,1.0,0.0,0.0,0.0,0.0,0.0,0.0,0,Legitimate,train
971,CMOs & Leaders by Accent Info Media,https://www.linkedin.com/company/40684623,1.0,41.0,1.0,4.142857142857143,35.0,7.0,0.0,0.0,1.0,0.2,1.0,1.0,0.0,0.0,0.0,0.0,0.0,0,Legitimate,train
972,Sichuan University,https://www.linkedin.com/company/15093911,1.0,41.0,1.0,8.5,18.0,2.0,0.0,0.0,0.0,0.1111111111111111,1.0,0.0,0.0,0.0,0.0,0.0,0.0,0,Legitimate,val
973,The Little Clinic,https://www.linkedin.com/company/533823,1.0,39.0,1.0,5.0,17.0,3.0,0.0,0.0,0.0,0.1764705882352941,1.0,0.0,0.0,0.0,0.0,0.0,0.0,0,Legitimate,train
974,University of Cincinnati,https://www.linkedin.com/company/157339,1.0,39.0,1.0,7.333333333333333,24.0,3.0,0.0,0.0,0.0,0.0833333333333333,1.0,0.0,0.0,0.0,0.0,0.0,0.0,0,Legitimate,train
975,Alternativas de Salvación Inmobiliaria,https://www.linkedin.com/company/78032188,1.0,41.0,1.0,8.75,38.0,4.0,0.0,0.0,0.0,0.0789473684210526,0.0,0.0,0.0,0.0,0.0,0.0,0.0,0,Legitimate,test
976,BrightSight Speakers,https://www.linkedin.com/company/14818942,1.0,41.0,1.0,9.5,20.0,2.0,0.0,0.0,0.0,0.15,1.0,0.0,0.0,0.0,0.0,0.0,0.0,0,Legitimate,test
977,The Digital Learning Studio,https://www.linkedin.com/company/52127231,1.0,41.0,1.0,6.0,27.0,4.0,0.0,0.0,0.0,0.1481481481481481,1.0,0.0,0.0,0.0,0.0,0.0,0.0,0,Legitimate,val
978,Conscious Inclusion,https://www.linkedin.com/company/65593822,1.0,41.0,1.0,9.0,19.0,2.0,0.0,0.0,0.0,0.1052631578947368,1.0,0.0,0.0,0.0,0.0,0.0,0.0,0,Legitimate,train
979,Aisha Thompkins & Associates,https://www.linkedin.com/company/74895971,1.0,41.0,1.0,6.25,28.0,4.0,0.0,0.0,1.0,0.1071428571428571,1.0,1.0,0.0,0.0,0.0,0.0,0.0,0,Legitimate,val
980,Amazon Web Services (AWS),https://www.linkedin.com/company/2382910,1.0,40.0,1.0,5.5,25.0,4.0,0.0,0.0,2.0,0.24,1.0,0.0,0.0,0.0,0.0,0.0,0.0,0,Legitimate,train
981,Tufts University,https://www.linkedin.com/company/157341,1.0,39.0,1.0,7.5,16.0,2.0,0.0,0.0,0.0,0.125,1.0,0.0,0.0,0.0,0.0,0.0,0.0,0,Legitimate,train
982,Masha Montage,https://www.linkedin.com/company/68182882,1.0,41.0,1.0,6.0,13.0,2.0,0.0,0.0,0.0,0.1538461538461538,1.0,0.0,0.0,0.0,0.0,0.0,0.0,0,Legitimate,train
983,KPMG Ireland,https://www.linkedin.com/company/409624,1.0,39.0,1.0,5.5,12.0,2.0,0.0,0.0,0.0,0.4166666666666667,1.0,0.0,0.0,0.0,0.0,0.0,0.0,0,Legitimate,train
984,Comcast,https://www.linkedin.com/company/1703,1.0,37.0,1.0,7.0,7.0,1.0,0.0,0.0,0.0,0.1428571428571428,1.0,0.0,0.0,0.0,0.0,0.0,0.0,0,Legitimate,val
985,Structural Search,https://www.linkedin.com/company/18376081,1.0,41.0,1.0,8.0,17.0,2.0,0.0,0.0,0.0,0.1176470588235294,1.0,0.0,0.0,0.0,0.0,0.0,0.0,0,Legitimate,train
986,Waze,https://www.linkedin.com/company/379681,1.0,39.0,1.0,4.0,4.0,1.0,0.0,0.0,0.0,0.25,1.0,0.0,0.0,0.0,0.0,0.0,0.0,0,Legitimate,train
987,Ms Julia Epiphany,https://www.linkedin.com/company/52120607,1.0,41.0,1.0,5.0,17.0,3.0,0.0,0.0,0.0,0.1764705882352941,1.0,0.0,0.0,0.0,0.0,0.0,0.0,0,Legitimate,test
988,VKV Koç Özel İÖO ve Lisesi,https://www.linkedin.com/company/623353,1.0,39.0,1.0,3.5,26.0,6.0,0.0,0.0,0.0,0.3461538461538461,0.0,0.0,0.0,0.0,0.0,0.0,0.0,0,Legitimate,train
989,Simons Foundation,https://www.linkedin.com/company/1392000,1.0,40.0,1.0,8.0,17.0,2.0,0.0,0.0,0.0,0.1176470588235294,1.0,0.0,0.0,0.0,0.0,0.0,0.0,0,Legitimate,train
990,Chief,https://www.linkedin.com/company/11864448,1.0,41.0,1.0,5.0,5.0,1.0,0.0,0.0,0.0,0.2,1.0,0.0,0.0,0.0,0.0,0.0,0.0,0,Legitimate,train
991,Wright Beverage Distributing,https://www.linkedin.com/company/6796390,1.0,40.0,1.0,8.666666666666666,28.0,3.0,0.0,0.0,0.0,0.1071428571428571,1.0,0.0,0.0,0.0,0.0,0.0,0.0,0,Legitimate,train
992,EUWID | Pulp and Paper,https://www.linkedin.com/company/13013731,1.0,41.0,1.0,3.6,22.0,5.0,0.0,0.0,1.0,0.3181818181818182,1.0,0.0,0.0,0.0,0.0,0.0,0.0,0,Legitimate,train
993,Outside,https://www.linkedin.com/company/21676,1.0,38.0,1.0,7.0,7.0,1.0,0.0,0.0,0.0,0.1428571428571428,1.0,0.0,0.0,0.0,0.0,0.0,0.0,0,Legitimate,val
994,Olive Street Advisers,https://www.linkedin.com/company/27137005,1.0,41.0,1.0,6.333333333333333,21.0,3.0,0.0,0.0,0.0,0.1428571428571428,1.0,0.0,0.0,0.0,0.0,0.0,0.0,0,Legitimate,train
995,Gestión de Tiempos INDEX,https://www.linkedin.com/company/64289754,1.0,41.0,1.0,5.25,24.0,4.0,0.0,0.0,0.0,0.2916666666666667,0.0,0.0,0.0,0.0,0.0,0.0,0.0,0,Legitimate,train
996,Rajasthan Agricultural University,https://www.linkedin.com/company/8018863,1.0,40.0,1.0,10.333333333333334,33.0,3.0,0.0,0.0,0.0,0.0909090909090909,1.0,0.0,0.0,0.0,0.0,0.0,0.0,0,Legitimate,test
997,SwiftLogistics North America,,0.0,0.0,0.0,8.666666666666666,28.0,3.0,0.0,0.0,0.0,0.1428571428571428,1.0,0.0,0.0,1.0,1.0,0.0,0.0,1,Fake_Scam,train
998,Code for Israel,https://www.linkedin.com/company/76546664,1.0,41.0,1.0,4.333333333333333,15.0,3.0,0.0,0.0,0.0,0.1333333333333333,1.0,0.0,0.0,0.0,0.0,0.0,0.0,0,Legitimate,test
999,Stanford University Graduate School of Business,https://www.linkedin.com/company/1791,1.0,37.0,1.0,7.0,47.0,6.0,0.0,0.0,0.0,0.1063829787234042,1.0,0.0,0.0,0.0,0.0,0.0,0.0,0,Legitimate,train
1000,STELIA Aerospace,https://www.linkedin.com/company/543774,1.0,39.0,1.0,7.5,16.0,2.0,0.0,0.0,0.0,0.4375,1.0,0.0,0.0,0.0,0.0,0.0,0.0,0,Legitimate,test
1001,Compassion Prison Project,https://www.linkedin.com/company/29369647,1.0,41.0,1.0,7.666666666666667,25.0,3.0,0.0,0.0,0.0,0.12,1.0,0.0,0.0,0.0,0.0,0.0,0.0,0,Legitimate,val
1002,Clerkenwell Health,https://www.linkedin.com/company/75104267,1.0,41.0,1.0,8.5,18.0,2.0,0.0,0.0,0.0,0.1111111111111111,1.0,0.0,0.0,0.0,0.0,0.0,0.0,0,Legitimate,train
1003,Lazy programmer,https://www.linkedin.com/company/42916587,1.0,41.0,1.0,7.0,15.0,2.0,0.0,0.0,0.0,0.0666666666666666,1.0,0.0,0.0,0.0,0.0,0.0,0.0,0,Legitimate,train
1004,"GovHR USA, GovTempsUSA",https://www.linkedin.com/company/1832221,1.0,40.0,1.0,6.666666666666667,22.0,3.0,0.0,0.0,1.0,0.5,1.0,0.0,1.0,0.0,0.0,0.0,0.0,0,Legitimate,train
1005,Veris Insights,https://www.linkedin.com/company/73251499,1.0,41.0,1.0,6.5,14.0,2.0,0.0,0.0,0.0,0.1428571428571428,1.0,0.0,0.0,0.0,0.0,0.0,0.0,0,Legitimate,test
1006,Ohio Department of Education,https://www.linkedin.com/company/3174,1.0,37.0,1.0,6.25,28.0,4.0,0.0,0.0,0.0,0.1071428571428571,1.0,0.0,0.0,0.0,0.0,0.0,0.0,0,Legitimate,train
1007,Advocate Aurora Health,https://www.linkedin.com/company/11787613,1.0,41.0,1.0,6.666666666666667,22.0,3.0,0.0,0.0,0.0,0.1363636363636363,1.0,0.0,0.0,0.0,0.0,0.0,0.0,0,Legitimate,train
1008,In Concert for Cancer,https://www.linkedin.com/company/4866997,1.0,40.0,1.0,4.5,21.0,4.0,0.0,0.0,0.0,0.1428571428571428,1.0,0.0,0.0,0.0,0.0,0.0,0.0,0,Legitimate,train
1009,Bakkavor,https://www.linkedin.com/company/18465,1.0,38.0,1.0,8.0,8.0,1.0,0.0,0.0,0.0,0.125,1.0,0.0,0.0,0.0,0.0,0.0,0.0,0,Legitimate,train
1010,Coinbase Institutional,https://www.linkedin.com/company/72067847,1.0,41.0,1.0,10.5,22.0,2.0,0.0,0.0,0.0,0.0909090909090909,1.0,0.0,0.0,0.0,0.0,0.0,0.0,0,Legitimate,train
1011,CrossFirst Bank,https://www.linkedin.com/company/1089247,1.0,40.0,1.0,7.0,15.0,2.0,0.0,0.0,0.0,0.2,1.0,0.0,0.0,0.0,0.0,0.0,0.0,0,Legitimate,train
1012,Insurance Search,https://www.linkedin.com/company/18383112,1.0,41.0,1.0,7.5,16.0,2.0,0.0,0.0,0.0,0.125,1.0,0.0,0.0,0.0,0.0,0.0,0.0,0,Legitimate,val
1013,Pace University,https://www.linkedin.com/company/7319,1.0,37.0,1.0,7.0,15.0,2.0,0.0,0.0,0.0,0.1333333333333333,1.0,0.0,0.0,0.0,0.0,0.0,0.0,0,Legitimate,train
1014,Hunter + Sage,https://www.linkedin.com/company/134511,1.0,39.0,1.0,3.6666666666666665,13.0,3.0,0.0,0.0,1.0,0.1538461538461538,1.0,0.0,0.0,0.0,0.0,0.0,0.0,0,Legitimate,val
1015,Deci AI,https://www.linkedin.com/company/34954739,1.0,41.0,1.0,3.0,7.0,2.0,0.0,0.0,0.0,0.4285714285714285,1.0,0.0,0.0,0.0,0.0,0.0,0.0,0,Legitimate,val
1016,lg2,https://www.linkedin.com/company/78892,1.0,38.0,1.0,3.0,3.0,1.0,1.0,1.0,0.0,0.0,1.0,0.0,0.0,0.0,0.0,0.0,0.0,0,Legitimate,train
1017,Leadership First,https://www.linkedin.com/company/16178205,1.0,41.0,1.0,7.5,16.0,2.0,0.0,0.0,0.0,0.125,1.0,0.0,0.0,0.0,0.0,0.0,0.0,0,Legitimate,train
1018,Gies College of Business - University of Illinois Urbana-Champaign,https://www.linkedin.com/company/15102067,1.0,41.0,1.0,6.444444444444445,66.0,9.0,0.0,0.0,2.0,0.106060606060606,1.0,0.0,0.0,0.0,0.0,0.0,0.0,0,Legitimate,train
1019,FoundersBeta,https://www.linkedin.com/company/26998215,1.0,41.0,1.0,12.0,12.0,1.0,0.0,0.0,0.0,0.1666666666666666,1.0,0.0,0.0,0.0,0.0,0.0,0.0,0,Legitimate,train
1020,Timber Base GmbH,https://www.linkedin.com/company/13069750,1.0,41.0,1.0,4.666666666666667,16.0,3.0,0.0,0.0,0.0,0.25,1.0,0.0,0.0,0.0,0.0,0.0,0.0,0,Legitimate,train
1021,Let us Lead,https://www.linkedin.com/company/31099992,1.0,41.0,1.0,3.0,11.0,3.0,0.0,0.0,0.0,0.1818181818181818,1.0,0.0,0.0,0.0,0.0,0.0,0.0,0,Legitimate,train
1022,UpHonest Capital,https://www.linkedin.com/company/13249979,1.0,41.0,1.0,7.5,16.0,2.0,0.0,0.0,0.0,0.1875,1.0,0.0,0.0,1.0,1.0,0.0,0.0,0,Legitimate,val
1023,Kaplan Institute,https://www.linkedin.com/company/18649142,1.0,41.0,1.0,7.5,16.0,2.0,0.0,0.0,0.0,0.125,1.0,0.0,0.0,0.0,0.0,0.0,0.0,0,Legitimate,train
1024,Munster Rugby,https://www.linkedin.com/company/378091,1.0,39.0,1.0,6.0,13.0,2.0,0.0,0.0,0.0,0.1538461538461538,1.0,0.0,0.0,0.0,0.0,0.0,0.0,0,Legitimate,train
1025,Loveday & Partners,https://www.linkedin.com/company/9320639,1.0,40.0,1.0,5.333333333333333,18.0,3.0,0.0,0.0,1.0,0.1111111111111111,1.0,1.0,0.0,0.0,0.0,1.0,1.0,0,Legitimate,train
1026,PMM Music,https://www.linkedin.com/company/2681478,1.0,40.0,1.0,4.0,9.0,2.0,0.0,0.0,0.0,0.4444444444444444,1.0,0.0,0.0,0.0,0.0,0.0,0.0,0,Legitimate,test
1027,Alliant International University,https://www.linkedin.com/company/18997,1.0,38.0,1.0,10.0,32.0,3.0,0.0,0.0,0.0,0.09375,1.0,0.0,0.0,0.0,0.0,0.0,0.0,0,Legitimate,train
1028,Gopuff,https://www.linkedin.com/company/4872230,1.0,40.0,1.0,6.0,6.0,1.0,0.0,0.0,0.0,0.1666666666666666,1.0,0.0,0.0,0.0,0.0,0.0,0.0,0,Legitimate,train
1029,My Pure Delivery,https://www.linkedin.com/company/10517319,1.0,41.0,1.0,4.666666666666667,16.0,3.0,0.0,0.0,0.0,0.1875,1.0,0.0,0.0,0.0,0.0,0.0,0.0,0,Legitimate,train
1030,John W. Altman Institute for Entrepreneurship,https://www.linkedin.com/company/33183934,1.0,41.0,1.0,6.666666666666667,45.0,6.0,0.0,0.0,1.0,0.1111111111111111,1.0,0.0,0.0,0.0,0.0,0.0,0.0,0,Legitimate,train
1031,Informa,https://www.linkedin.com/company/164356,1.0,39.0,1.0,7.0,7.0,1.0,0.0,0.0,0.0,0.1428571428571428,1.0,0.0,0.0,0.0,0.0,0.0,0.0,0,Legitimate,train
1032,Generation W,https://www.linkedin.com/company/10871429,1.0,41.0,1.0,5.5,12.0,2.0,0.0,0.0,0.0,0.1666666666666666,1.0,0.0,0.0,0.0,0.0,0.0,0.0,0,Legitimate,train
1033,SANS Institute,https://www.linkedin.com/company/14104,1.0,38.0,1.0,6.5,14.0,2.0,0.0,0.0,0.0,0.3571428571428571,1.0,0.0,0.0,0.0,0.0,0.0,0.0,0,Legitimate,train
1034,"Moayyad Law, PLLC",https://www.linkedin.com/company/74750225,1.0,41.0,1.0,5.0,17.0,3.0,0.0,0.0,1.0,0.3529411764705882,1.0,0.0,1.0,0.0,0.0,0.0,0.0,0,Legitimate,train
1035,Data Science Dojo,https://www.linkedin.com/company/3740012,1.0,40.0,1.0,5.0,17.0,3.0,0.0,0.0,0.0,0.1764705882352941,1.0,0.0,0.0,0.0,0.0,0.0,0.0,0,Legitimate,test
1036,United Corporate Housing,https://www.linkedin.com/company/69677212,1.0,41.0,1.0,7.333333333333333,24.0,3.0,0.0,0.0,0.0,0.125,1.0,0.0,0.0,0.0,0.0,0.0,0.0,0,Legitimate,val
1037,American Heart Association,https://www.linkedin.com/company/157306,1.0,39.0,1.0,8.0,26.0,3.0,0.0,0.0,0.0,0.1153846153846153,1.0,0.0,0.0,0.0,0.0,0.0,0.0,0,Legitimate,val
1038,CAREPatrol of Northeast Ohio,https://www.linkedin.com/company/52162877,1.0,41.0,1.0,6.25,28.0,4.0,0.0,0.0,0.0,0.25,1.0,0.0,0.0,0.0,0.0,0.0,0.0,0,Legitimate,train
1039,The Elders Foundation,https://www.linkedin.com/company/9615901,1.0,40.0,1.0,6.333333333333333,21.0,3.0,0.0,0.0,0.0,0.1428571428571428,1.0,0.0,0.0,0.0,0.0,0.0,0.0,0,Legitimate,train
1040,Tripsero,https://www.linkedin.com/company/65847262,1.0,41.0,1.0,8.0,8.0,1.0,0.0,0.0,0.0,0.125,1.0,0.0,0.0,0.0,0.0,0.0,0.0,0,Legitimate,train
1041,The Breast Cancer Research Foundation,https://www.linkedin.com/company/95524,1.0,38.0,1.0,6.6,37.0,5.0,0.0,0.0,0.0,0.1351351351351351,1.0,0.0,0.0,0.0,0.0,0.0,0.0,0,Legitimate,test
1042,McKenna Long & Aldridge LLP,https://www.linkedin.com/company/12549,1.0,38.0,1.0,4.6,27.0,5.0,0.0,0.0,1.0,0.2592592592592592,1.0,1.0,0.0,0.0,0.0,0.0,0.0,0,Legitimate,train
1043,IGT,https://www.linkedin.com/company/5147,1.0,37.0,1.0,3.0,3.0,1.0,0.0,0.0,0.0,1.0,1.0,0.0,0.0,0.0,0.0,0.0,0.0,0,Legitimate,train
1044,The University of Tokyo,https://www.linkedin.com/company/11361,1.0,38.0,1.0,5.0,23.0,4.0,0.0,0.0,0.0,0.1304347826086956,1.0,0.0,0.0,0.0,0.0,0.0,0.0,0,Legitimate,train
1045,Blue State,https://www.linkedin.com/company/32391,1.0,38.0,1.0,4.5,10.0,2.0,0.0,0.0,0.0,0.2,1.0,0.0,0.0,0.0,0.0,0.0,0.0,0,Legitimate,train
1046,Billsburg Brewery,https://www.linkedin.com/company/70793631,1.0,41.0,1.0,8.0,17.0,2.0,0.0,0.0,0.0,0.1176470588235294,1.0,0.0,0.0,0.0,0.0,0.0,0.0,0,Legitimate,val
1047,HackerOne,https://www.linkedin.com/company/3043691,1.0,40.0,1.0,9.0,9.0,1.0,0.0,0.0,0.0,0.2222222222222222,1.0,0.0,0.0,0.0,0.0,0.0,0.0,0,Legitimate,val
1048,Coveo Qubit.,https://www.linkedin.com/company/768977,1.0,39.0,1.0,5.5,12.0,2.0,0.0,0.0,1.0,0.1666666666666666,1.0,0.0,0.0,0.0,0.0,0.0,0.0,0,Legitimate,train
1049,昆明华扬机械制造有限公司,https://www.linkedin.com/company/29718592,1.0,41.0,1.0,12.0,12.0,1.0,0.0,0.0,0.0,0.0,0.0,0.0,0.0,0.0,0.0,0.0,0.0,0,Legitimate,train
1050,BFC PARTNERS,https://www.linkedin.com/company/948397,1.0,39.0,1.0,5.5,12.0,2.0,0.0,0.0,0.0,0.9166666666666666,1.0,0.0,0.0,0.0,0.0,1.0,1.0,0,Legitimate,val
1051,Sunshine Sachs Morgan & Lylis,https://www.linkedin.com/company/68894,1.0,38.0,1.0,5.0,29.0,5.0,0.0,0.0,1.0,0.1379310344827586,1.0,1.0,0.0,0.0,0.0,0.0,0.0,0,Legitimate,train
1052,Teach For America,https://www.linkedin.com/company/157314,1.0,39.0,1.0,5.0,17.0,3.0,0.0,0.0,0.0,0.1764705882352941,1.0,0.0,0.0,0.0,0.0,0.0,0.0,0,Legitimate,train
1053,Hilco Vision,https://www.linkedin.com/company/1332680,1.0,40.0,1.0,5.5,12.0,2.0,0.0,0.0,0.0,0.1666666666666666,1.0,0.0,0.0,0.0,0.0,0.0,0.0,0,Legitimate,test
1054,"ICO PROPERTIES, LTD.",https://www.linkedin.com/company/58601773,1.0,41.0,1.0,6.0,20.0,3.0,0.0,0.0,2.0,0.8,1.0,0.0,1.0,0.0,0.0,1.0,1.0,0,Legitimate,val
1055,Sony Music Publishing,https://www.linkedin.com/company/285419,1.0,39.0,1.0,6.333333333333333,21.0,3.0,0.0,0.0,0.0,0.1428571428571428,1.0,0.0,0.0,0.0,0.0,0.0,0.0,0,Legitimate,train
1056,恒林家居股份有限公司,https://www.linkedin.com/company/68205581,1.0,41.0,1.0,10.0,10.0,1.0,0.0,0.0,0.0,0.0,0.0,0.0,0.0,0.0,0.0,0.0,0.0,0,Legitimate,train
1057,Professional Benefits Consultants,https://www.linkedin.com/company/5262664,1.0,40.0,1.0,10.333333333333334,33.0,3.0,0.0,0.0,0.0,0.0909090909090909,1.0,0.0,0.0,1.0,1.0,0.0,0.0,0,Legitimate,train
1058,University of Vermont,https://www.linkedin.com/company/8706,1.0,37.0,1.0,6.333333333333333,21.0,3.0,0.0,0.0,0.0,0.0952380952380952,1.0,0.0,0.0,0.0,0.0,0.0,0.0,0,Legitimate,train
1059,Tennessee Valley Authority,https://www.linkedin.com/company/5848,1.0,37.0,1.0,8.0,26.0,3.0,0.0,0.0,0.0,0.1153846153846153,1.0,0.0,0.0,0.0,0.0,0.0,0.0,0,Legitimate,val
1060,Zapier,https://www.linkedin.com/company/2418251,1.0,40.0,1.0,6.0,6.0,1.0,0.0,0.0,0.0,0.1666666666666666,1.0,0.0,0.0,0.0,0.0,0.0,0.0,0,Legitimate,train
1061,Foster America,https://www.linkedin.com/company/10803245,1.0,41.0,1.0,6.5,14.0,2.0,0.0,0.0,0.0,0.1428571428571428,1.0,0.0,0.0,0.0,0.0,0.0,0.0,0,Legitimate,train
1062,AutoLeadIQ,https://www.linkedin.com/company/10686823,1.0,41.0,1.0,10.0,10.0,1.0,0.0,0.0,0.0,0.4,1.0,0.0,0.0,0.0,0.0,0.0,0.0,0,Legitimate,train
1063,Dixon Hughes Goodman LLP,https://www.linkedin.com/company/11301,1.0,38.0,1.0,5.25,24.0,4.0,0.0,0.0,0.0,0.25,1.0,0.0,0.0,0.0,0.0,0.0,0.0,0,Legitimate,train
1064,Center for Strategic and International Studies (CSIS),https://www.linkedin.com/company/9556,1.0,37.0,1.0,6.714285714285714,53.0,7.0,0.0,0.0,2.0,0.1509433962264151,1.0,0.0,0.0,0.0,0.0,0.0,0.0,0,Legitimate,train
1065,NYU Stern School of Business,https://www.linkedin.com/company/3157,1.0,37.0,1.0,4.8,28.0,5.0,0.0,0.0,0.0,0.2142857142857142,1.0,0.0,0.0,0.0,0.0,0.0,0.0,0,Legitimate,test
1066,Sibling Revelry Brewing,https://www.linkedin.com/company/10148167,1.0,41.0,1.0,7.0,23.0,3.0,0.0,0.0,0.0,0.1304347826086956,1.0,0.0,0.0,0.0,0.0,0.0,0.0,0,Legitimate,train
1067,CRANE HUB,https://www.linkedin.com/company/74453076,1.0,41.0,1.0,4.0,9.0,2.0,0.0,0.0,0.0,0.8888888888888888,1.0,0.0,0.0,1.0,1.0,0.0,0.0,0,Legitimate,train
1068,State of New Jersey,https://www.linkedin.com/company/4632,1.0,37.0,1.0,4.0,19.0,4.0,0.0,0.0,0.0,0.1578947368421052,1.0,0.0,0.0,0.0,0.0,0.0,0.0,0,Legitimate,test
1069,Pennsylvania CPA Foundation,https://www.linkedin.com/company/11798093,1.0,41.0,1.0,8.333333333333334,27.0,3.0,0.0,0.0,0.0,0.1851851851851851,1.0,0.0,0.0,0.0,0.0,0.0,0.0,0,Legitimate,train
1070,Webster University,https://www.linkedin.com/company/166901,1.0,39.0,1.0,8.5,18.0,2.0,0.0,0.0,0.0,0.1111111111111111,1.0,0.0,0.0,0.0,0.0,0.0,0.0,0,Legitimate,val
1071,The Julius Maximilians University of Würzburg,https://www.linkedin.com/company/15092565,1.0,41.0,1.0,6.666666666666667,45.0,6.0,0.0,0.0,0.0,0.1111111111111111,0.0,0.0,0.0,0.0,0.0,0.0,0.0,0,Legitimate,train
1072,Investment and Trading Society at Hunter College,https://www.linkedin.com/company/67208333,1.0,41.0,1.0,6.0,48.0,7.0,0.0,0.0,0.0,0.1041666666666666,1.0,0.0,0.0,0.0,0.0,0.0,0.0,0,Legitimate,test
1073,Appel en Eelman | communicatie en veel meer ...,https://www.linkedin.com/company/2636709,1.0,40.0,1.0,4.333333333333333,47.0,9.0,0.0,0.0,4.0,0.0425531914893617,1.0,0.0,0.0,0.0,0.0,0.0,0.0,0,Legitimate,val
1074,Urban Samurai Creative,https://www.linkedin.com/company/19079941,1.0,41.0,1.0,6.666666666666667,22.0,3.0,0.0,0.0,0.0,0.1363636363636363,1.0,0.0,0.0,1.0,1.0,0.0,0.0,0,Legitimate,train
1075,Asian Americans Advancing Justice | AAJC,https://www.linkedin.com/company/1109782,1.0,40.0,1.0,5.833333333333333,40.0,6.0,0.0,0.0,1.0,0.2,1.0,0.0,0.0,0.0,0.0,0.0,0.0,0,Legitimate,train
1076,Autotask Corporation,https://www.linkedin.com/company/15975,1.0,38.0,1.0,9.5,20.0,2.0,0.0,0.0,0.0,0.1,1.0,0.0,0.0,0.0,0.0,1.0,1.0,0,Legitimate,train
1077,The SustainabilityX® Magazine,https://www.linkedin.com/company/71511630,1.0,41.0,1.0,9.0,29.0,3.0,0.0,0.0,1.0,0.1379310344827586,0.0,0.0,0.0,0.0,0.0,0.0,0.0,0,Legitimate,test
1078,ProScribe Content Studio,,0.0,0.0,0.0,7.333333333333333,24.0,3.0,0.0,0.0,0.0,0.1666666666666666,1.0,0.0,0.0,0.0,0.0,0.0,0.0,1,Fake_Scam,test
1079,Massachusetts College of Pharmacy and Health Sciences,https://www.linkedin.com/company/15100301,1.0,41.0,1.0,6.714285714285714,53.0,7.0,0.0,0.0,0.0,0.0943396226415094,1.0,0.0,0.0,0.0,0.0,0.0,0.0,0,Legitimate,train
1080,Greensboro Chamber of Commerce,https://www.linkedin.com/company/331348,1.0,39.0,1.0,6.75,30.0,4.0,0.0,0.0,0.0,0.1,1.0,0.0,0.0,0.0,0.0,0.0,0.0,0,Legitimate,train
1081,Rightmove,https://www.linkedin.com/company/494815,1.0,39.0,1.0,9.0,9.0,1.0,0.0,0.0,0.0,0.1111111111111111,1.0,0.0,0.0,0.0,0.0,0.0,0.0,0,Legitimate,val
1082,Band of Coders,https://www.linkedin.com/company/951055,1.0,39.0,1.0,4.0,14.0,3.0,0.0,0.0,0.0,0.1428571428571428,1.0,0.0,0.0,0.0,0.0,0.0,0.0,0,Legitimate,train
1083,Lacoste,https://www.linkedin.com/company/164666,1.0,39.0,1.0,7.0,7.0,1.0,0.0,0.0,0.0,0.1428571428571428,1.0,0.0,0.0,0.0,0.0,0.0,0.0,0,Legitimate,train
1084,Grand Endeavor Homes,https://www.linkedin.com/company/10331156,1.0,41.0,1.0,6.0,20.0,3.0,0.0,0.0,0.0,0.15,1.0,0.0,0.0,0.0,0.0,0.0,0.0,0,Legitimate,test
1085,Shiksha Ek Khoj Foundation,https://www.linkedin.com/company/78835112,1.0,41.0,1.0,5.75,26.0,4.0,0.0,0.0,0.0,0.1538461538461538,1.0,0.0,0.0,0.0,0.0,0.0,0.0,0,Legitimate,val
1086,Barbara Vercruysse - Empowerment & Kindness Institute,https://www.linkedin.com/company/69022983,1.0,41.0,1.0,6.714285714285714,53.0,7.0,0.0,0.0,2.0,0.0943396226415094,1.0,1.0,0.0,0.0,0.0,0.0,0.0,0,Legitimate,train
1087,"Exceling Your Business, LLC (Your Sassy Efficiency Expert, Productivity Consultant)",https://www.linkedin.com/company/2995495,1.0,40.0,1.0,7.4,83.0,10.0,0.0,0.0,4.0,0.144578313253012,1.0,0.0,1.0,1.0,1.0,1.0,1.0,0,Legitimate,train
1088,University Academy 92 (UA92),https://www.linkedin.com/company/18254605,1.0,41.0,1.0,6.25,28.0,4.0,4.0,1.0,2.0,0.1428571428571428,1.0,0.0,0.0,1.0,1.0,0.0,0.0,0,Legitimate,train
1089,Two Bays Audit and Risk Solutions,https://www.linkedin.com/company/89895243,1.0,41.0,1.0,4.666666666666667,33.0,6.0,0.0,0.0,0.0,0.1515151515151515,1.0,0.0,0.0,0.0,0.0,1.0,1.0,0,Legitimate,train
1090,Stanford GSB Executive Education,https://www.linkedin.com/company/2498967,1.0,40.0,1.0,7.25,32.0,4.0,0.0,0.0,0.0,0.1875,1.0,0.0,0.0,0.0,0.0,0.0,0.0,0,Legitimate,val
1091,Synapse Cloud Technologies,,0.0,0.0,0.0,8.0,26.0,3.0,0.0,0.0,0.0,0.1153846153846153,1.0,0.0,0.0,0.0,0.0,0.0,0.0,1,Fake_Scam,test
1092,American Bar Association Rule of Law Initiative,https://www.linkedin.com/company/860887,1.0,39.0,1.0,5.857142857142857,47.0,7.0,0.0,0.0,0.0,0.1276595744680851,1.0,0.0,0.0,0.0,0.0,0.0,0.0,0,Legitimate,train
1093,CARFAX for Insurers,https://www.linkedin.com/company/39700940,1.0,41.0,1.0,5.666666666666667,19.0,3.0,0.0,0.0,0.0,0.3684210526315789,1.0,0.0,0.0,0.0,0.0,0.0,0.0,0,Legitimate,test
1094,RCS Global Group,https://www.linkedin.com/company/1578316,1.0,40.0,1.0,4.666666666666667,16.0,3.0,0.0,0.0,0.0,0.3125,1.0,0.0,0.0,1.0,1.0,1.0,1.0,0,Legitimate,train
1095,AMOREPACIFIC,https://www.linkedin.com/company/139689,1.0,39.0,1.0,12.0,12.0,1.0,0.0,0.0,0.0,1.0,1.0,0.0,0.0,0.0,0.0,0.0,0.0,0,Legitimate,val
1096,OECD.AI,https://www.linkedin.com/company/68263638,1.0,41.0,1.0,7.0,7.0,1.0,0.0,0.0,1.0,0.8571428571428571,1.0,0.0,0.0,0.0,0.0,0.0,0.0,0,Legitimate,val
1097,Predictable Revenue™ Inc.,https://www.linkedin.com/company/2269721,1.0,40.0,1.0,7.666666666666667,25.0,3.0,0.0,0.0,2.0,0.12,0.0,0.0,0.0,0.0,0.0,1.0,1.0,0,Legitimate,train
1098,China Eastern,https://www.linkedin.com/company/3547040,1.0,40.0,1.0,6.0,13.0,2.0,0.0,0.0,0.0,0.1538461538461538,1.0,0.0,0.0,0.0,0.0,0.0,0.0,0,Legitimate,train
1099,Perfect Dealership Conference,https://www.linkedin.com/company/34889146,1.0,41.0,1.0,9.0,29.0,3.0,0.0,0.0,0.0,0.1034482758620689,1.0,0.0,0.0,0.0,0.0,0.0,0.0,0,Legitimate,val
1100,State Street SPDR ETFs,https://www.linkedin.com/company/3753854,1.0,40.0,1.0,4.75,22.0,4.0,0.0,0.0,0.0,0.4090909090909091,1.0,0.0,0.0,0.0,0.0,0.0,0.0,0,Legitimate,train
1101,Black Women Handle Business,https://www.linkedin.com/company/76831003,1.0,41.0,1.0,6.0,27.0,4.0,0.0,0.0,0.0,0.1481481481481481,1.0,0.0,0.0,0.0,0.0,0.0,0.0,0,Legitimate,train
1102,EdjSports,https://www.linkedin.com/company/22335472,1.0,41.0,1.0,9.0,9.0,1.0,0.0,0.0,0.0,0.2222222222222222,1.0,0.0,0.0,0.0,0.0,0.0,0.0,0,Legitimate,test
1103,J.ING,https://www.linkedin.com/company/18418532,1.0,41.0,1.0,5.0,5.0,1.0,0.0,0.0,1.0,0.8,1.0,0.0,0.0,0.0,0.0,0.0,0.0,0,Legitimate,train
1104,Keywords Studios,https://www.linkedin.com/company/75147,1.0,38.0,1.0,7.5,16.0,2.0,0.0,0.0,0.0,0.125,1.0,0.0,0.0,0.0,0.0,0.0,0.0,0,Legitimate,train
1105,"Department of the Environment, Climate and Communications",https://www.linkedin.com/company/71105688,1.0,41.0,1.0,7.285714285714286,57.0,7.0,0.0,0.0,1.0,0.0701754385964912,1.0,0.0,1.0,0.0,0.0,0.0,0.0,0,Legitimate,train
1106,"Vans, a VF Company",https://www.linkedin.com/company/166767,1.0,39.0,1.0,3.75,18.0,4.0,0.0,0.0,1.0,0.2222222222222222,1.0,0.0,1.0,0.0,0.0,1.0,1.0,0,Legitimate,val
1107,"L'OREAL USA S/D, INC.",https://www.linkedin.com/company/57104417,1.0,41.0,1.0,4.5,21.0,4.0,0.0,0.0,4.0,0.6666666666666666,1.0,0.0,1.0,0.0,0.0,1.0,1.0,0,Legitimate,train
1108,Crowell & Moring London,https://www.linkedin.com/company/51697320,1.0,41.0,1.0,5.0,23.0,4.0,0.0,0.0,1.0,0.1304347826086956,1.0,1.0,0.0,0.0,0.0,0.0,0.0,0,Legitimate,train
1109,Global Freight Forwarding Hub,,0.0,0.0,0.0,6.5,29.0,4.0,0.0,0.0,0.0,0.1379310344827586,1.0,0.0,0.0,4.0,1.0,0.0,0.0,1,Fake_Scam,val
1110,Supermark Agency,https://www.linkedin.com/company/13408665,1.0,41.0,1.0,7.5,16.0,2.0,0.0,0.0,0.0,0.125,1.0,0.0,0.0,0.0,0.0,0.0,0.0,0,Legitimate,train
1111,KPMG Women’s PGA Championship,https://www.linkedin.com/company/9208017,1.0,40.0,1.0,6.5,29.0,4.0,0.0,0.0,1.0,0.3103448275862069,0.0,0.0,0.0,0.0,0.0,0.0,0.0,0,Legitimate,train
1112,Global Furniture Group,https://www.linkedin.com/company/3178100,1.0,40.0,1.0,6.666666666666667,22.0,3.0,0.0,0.0,0.0,0.1363636363636363,1.0,0.0,0.0,1.0,1.0,1.0,1.0,0,Legitimate,train
1113,University of Dhaka,https://www.linkedin.com/company/61224,1.0,38.0,1.0,5.666666666666667,19.0,3.0,0.0,0.0,0.0,0.1052631578947368,1.0,0.0,0.0,0.0,0.0,0.0,0.0,0,Legitimate,train
1114,InReach,https://www.linkedin.com/company/6454603,1.0,40.0,1.0,7.0,7.0,1.0,0.0,0.0,0.0,0.2857142857142857,1.0,0.0,0.0,0.0,0.0,0.0,0.0,0,Legitimate,test
1115,House Committee on Energy and Commerce,https://www.linkedin.com/company/6349604,1.0,40.0,1.0,5.5,38.0,6.0,0.0,0.0,0.0,0.1052631578947368,1.0,0.0,0.0,0.0,0.0,0.0,0.0,0,Legitimate,train
1116,FACEMATTER,https://www.linkedin.com/company/89536351,1.0,41.0,1.0,10.0,10.0,1.0,0.0,0.0,0.0,1.0,1.0,0.0,0.0,0.0,0.0,0.0,0.0,0,Legitimate,train
1117,Cook Children's Health Care System,https://www.linkedin.com/company/34583,1.0,38.0,1.0,6.0,34.0,5.0,0.0,0.0,1.0,0.1470588235294117,1.0,0.0,0.0,0.0,0.0,0.0,0.0,0,Legitimate,train
1118,Equality California,https://www.linkedin.com/company/44323,1.0,38.0,1.0,9.0,19.0,2.0,0.0,0.0,0.0,0.1052631578947368,1.0,0.0,0.0,0.0,0.0,0.0,0.0,0,Legitimate,train
1119,J.M. Huber Corporation,https://www.linkedin.com/company/8129,1.0,37.0,1.0,6.666666666666667,22.0,3.0,0.0,0.0,2.0,0.1818181818181818,1.0,0.0,0.0,1.0,1.0,1.0,1.0,0,Legitimate,val
1120,Dharma's Love LLC,https://www.linkedin.com/company/68335779,1.0,41.0,1.0,5.0,17.0,3.0,0.0,0.0,1.0,0.2941176470588235,1.0,0.0,0.0,0.0,0.0,1.0,1.0,0,Legitimate,train
1121,Regulatory Affairs Professionals Society (RAPS),https://www.linkedin.com/company/306225,1.0,39.0,1.0,8.6,47.0,5.0,0.0,0.0,2.0,0.1702127659574468,1.0,0.0,0.0,0.0,0.0,0.0,0.0,0,Legitimate,train
1122,Flexport,https://www.linkedin.com/company/3131483,1.0,40.0,1.0,8.0,8.0,1.0,0.0,0.0,0.0,0.125,1.0,0.0,0.0,0.0,0.0,0.0,0.0,0,Legitimate,train
1123,PatPat 招募,https://www.linkedin.com/company/74741970,1.0,41.0,1.0,4.0,9.0,2.0,0.0,0.0,0.0,0.2222222222222222,0.0,0.0,0.0,0.0,0.0,0.0,0.0,0,Legitimate,test
1124,INSPIRE|LAUGH|LEARN,https://www.linkedin.com/company/76539852,1.0,41.0,1.0,19.0,19.0,1.0,0.0,0.0,2.0,0.8947368421052632,1.0,0.0,0.0,0.0,0.0,0.0,0.0,0,Legitimate,train
1125,The Penki Kontinentai Group,https://www.linkedin.com/company/367311,1.0,39.0,1.0,6.0,27.0,4.0,0.0,0.0,0.0,0.1481481481481481,1.0,0.0,0.0,1.0,1.0,1.0,1.0,0,Legitimate,train
1126,Salomon,https://www.linkedin.com/company/165824,1.0,39.0,1.0,7.0,7.0,1.0,0.0,0.0,0.0,0.1428571428571428,1.0,0.0,0.0,0.0,0.0,0.0,0.0,0,Legitimate,train
1127,Fleet Complete,https://www.linkedin.com/company/100383,1.0,39.0,1.0,6.5,14.0,2.0,0.0,0.0,0.0,0.1428571428571428,1.0,0.0,0.0,0.0,0.0,0.0,0.0,0,Legitimate,val
1128,GRS,https://www.linkedin.com/company/799526,1.0,39.0,1.0,3.0,3.0,1.0,0.0,0.0,0.0,1.0,1.0,0.0,0.0,0.0,0.0,0.0,0.0,0,Legitimate,test
1129,Dynamic Binary Options Hub,,0.0,0.0,0.0,5.75,26.0,4.0,0.0,0.0,0.0,0.1538461538461538,1.0,0.0,0.0,1.0,1.0,0.0,0.0,1,Fake_Scam,train
1130,Salesforce CRM Cloud Partners,,0.0,0.0,0.0,6.5,29.0,4.0,0.0,0.0,0.0,0.2068965517241379,1.0,0.0,0.0,0.0,0.0,1.0,1.0,1,Fake_Scam,train
1131,Paul Bridges Group HR Executive Search,https://www.linkedin.com/company/68670227,1.0,41.0,1.0,5.5,38.0,6.0,0.0,0.0,0.0,0.1842105263157894,1.0,0.0,0.0,0.0,0.0,1.0,1.0,0,Legitimate,val
1132,Mindmaven,https://www.linkedin.com/company/1474538,1.0,40.0,1.0,9.0,9.0,1.0,0.0,0.0,0.0,0.1111111111111111,1.0,0.0,0.0,0.0,0.0,0.0,0.0,0,Legitimate,test
1133,Spencer Fane LLP,https://www.linkedin.com/company/50386,1.0,38.0,1.0,4.666666666666667,16.0,3.0,0.0,0.0,0.0,0.3125,1.0,0.0,0.0,0.0,0.0,0.0,0.0,0,Legitimate,train
1134,FFL Partners,https://www.linkedin.com/company/75110,1.0,38.0,1.0,5.5,12.0,2.0,0.0,0.0,0.0,0.3333333333333333,1.0,0.0,0.0,0.0,0.0,1.0,1.0,0,Legitimate,val
1135,ADAPT.legal,https://www.linkedin.com/company/80839115,1.0,41.0,1.0,11.0,11.0,1.0,0.0,0.0,1.0,0.4545454545454545,1.0,0.0,0.0,0.0,0.0,0.0,0.0,0,Legitimate,val
1136,Structured Communication Systems,https://www.linkedin.com/company/71417,1.0,38.0,1.0,10.0,32.0,3.0,0.0,0.0,0.0,0.09375,1.0,0.0,0.0,0.0,0.0,0.0,0.0,0,Legitimate,train
1137,Cenário Capital,https://www.linkedin.com/company/1008724,1.0,40.0,1.0,7.0,15.0,2.0,0.0,0.0,0.0,0.1333333333333333,0.0,0.0,0.0,1.0,1.0,0.0,0.0,0,Legitimate,train
1138,Supply Chain,https://www.linkedin.com/company/4992434,1.0,40.0,1.0,5.5,12.0,2.0,0.0,0.0,0.0,0.1666666666666666,1.0,0.0,0.0,0.0,0.0,0.0,0.0,0,Legitimate,val
1139,"Keker, Van Nest & Peters LLP",https://www.linkedin.com/company/42659,1.0,38.0,1.0,3.8333333333333335,28.0,6.0,0.0,0.0,2.0,0.25,1.0,1.0,1.0,0.0,0.0,0.0,0.0,0,Legitimate,train
1140,Rockwell Collins,https://www.linkedin.com/company/3959,1.0,37.0,1.0,7.5,16.0,2.0,0.0,0.0,0.0,0.125,1.0,0.0,0.0,0.0,0.0,0.0,0.0,0,Legitimate,test
1141,"Birdseye Renewable Energy, a Dominion Energy Company",https://www.linkedin.com/company/17900327,1.0,41.0,1.0,6.571428571428571,52.0,7.0,0.0,0.0,1.0,0.1153846153846153,1.0,0.0,1.0,0.0,0.0,1.0,1.0,0,Legitimate,test
1142,Rapchr,https://www.linkedin.com/company/79439429,1.0,41.0,1.0,6.0,6.0,1.0,0.0,0.0,0.0,0.1666666666666666,1.0,0.0,0.0,0.0,0.0,0.0,0.0,0,Legitimate,train
1143,REA Spratt,https://www.linkedin.com/company/42960322,1.0,41.0,1.0,4.5,10.0,2.0,0.0,0.0,0.0,0.4,1.0,0.0,0.0,0.0,0.0,0.0,0.0,0,Legitimate,train
1144,Brown & Brown Insurance,https://www.linkedin.com/company/7427,1.0,37.0,1.0,5.0,23.0,4.0,0.0,0.0,1.0,0.1304347826086956,1.0,1.0,0.0,0.0,0.0,0.0,0.0,0,Legitimate,train
1145,"Robertson Companies, LLC",https://www.linkedin.com/company/11328609,1.0,41.0,1.0,7.333333333333333,24.0,3.0,0.0,0.0,1.0,0.2083333333333333,1.0,0.0,1.0,0.0,0.0,1.0,1.0,0,Legitimate,train
1146,Not Going To Uni,https://www.linkedin.com/company/1215491,1.0,40.0,1.0,3.25,16.0,4.0,0.0,0.0,0.0,0.25,1.0,0.0,0.0,0.0,0.0,0.0,0.0,0,Legitimate,val
1147,SWTCH,https://www.linkedin.com/company/15219354,1.0,41.0,1.0,5.0,5.0,1.0,0.0,0.0,0.0,1.0,1.0,0.0,0.0,0.0,0.0,0.0,0.0,0,Legitimate,test
1148,HCA Healthcare,https://www.linkedin.com/company/3626,1.0,37.0,1.0,6.5,14.0,2.0,0.0,0.0,0.0,0.2857142857142857,1.0,0.0,0.0,0.0,0.0,0.0,0.0,0,Legitimate,train
1149,Panterra Finance,https://www.linkedin.com/company/37029325,1.0,41.0,1.0,7.5,16.0,2.0,0.0,0.0,0.0,0.125,1.0,0.0,0.0,0.0,0.0,0.0,0.0,0,Legitimate,train
1150,Southern Oregon University,https://www.linkedin.com/company/19940,1.0,38.0,1.0,8.0,26.0,3.0,0.0,0.0,0.0,0.1153846153846153,1.0,0.0,0.0,0.0,0.0,0.0,0.0,0,Legitimate,train
1151,Brisque,https://www.linkedin.com/company/10289133,1.0,41.0,1.0,7.0,7.0,1.0,0.0,0.0,0.0,0.1428571428571428,1.0,0.0,0.0,0.0,0.0,0.0,0.0,0,Legitimate,val
1152,JobSync,https://www.linkedin.com/company/35698093,1.0,41.0,1.0,7.0,7.0,1.0,0.0,0.0,0.0,0.2857142857142857,1.0,0.0,0.0,0.0,0.0,0.0,0.0,0,Legitimate,train
1153,Forward Madison FC,https://www.linkedin.com/company/18912384,1.0,41.0,1.0,5.333333333333333,18.0,3.0,0.0,0.0,0.0,0.2222222222222222,1.0,0.0,0.0,0.0,0.0,0.0,0.0,0,Legitimate,train
1154,SAM Seamless Network,https://www.linkedin.com/company/18234328,1.0,41.0,1.0,6.0,20.0,3.0,0.0,0.0,0.0,0.25,1.0,0.0,0.0,0.0,0.0,0.0,0.0,0,Legitimate,val
1155,"University of Tennessee, Knoxville",https://www.linkedin.com/company/15102289,1.0,41.0,1.0,7.75,34.0,4.0,0.0,0.0,1.0,0.088235294117647,1.0,0.0,1.0,0.0,0.0,0.0,0.0,0,Legitimate,test
1156,Sports Business Journal,https://www.linkedin.com/company/226644,1.0,39.0,1.0,7.0,23.0,3.0,0.0,0.0,0.0,0.1304347826086956,1.0,0.0,0.0,1.0,1.0,0.0,0.0,0,Legitimate,train
1157,SKU,https://www.linkedin.com/company/2882382,1.0,40.0,1.0,3.0,3.0,1.0,0.0,0.0,0.0,1.0,1.0,0.0,0.0,0.0,0.0,0.0,0.0,0,Legitimate,test
1158,Federal Aviation Administration,https://www.linkedin.com/company/5039,1.0,37.0,1.0,9.666666666666666,31.0,3.0,0.0,0.0,0.0,0.0967741935483871,1.0,0.0,0.0,0.0,0.0,0.0,0.0,0,Legitimate,test
1159,Newcastle High School for Girls,https://www.linkedin.com/company/37229795,1.0,41.0,1.0,5.4,31.0,5.0,0.0,0.0,0.0,0.1290322580645161,1.0,0.0,0.0,0.0,0.0,0.0,0.0,0,Legitimate,train
1160,University of Minnesota,https://www.linkedin.com/company/3181,1.0,37.0,1.0,7.0,23.0,3.0,0.0,0.0,0.0,0.0869565217391304,1.0,0.0,0.0,0.0,0.0,0.0,0.0,0,Legitimate,train
1161,"EMD Serono, Inc.",https://www.linkedin.com/company/4237,1.0,37.0,1.0,4.666666666666667,16.0,3.0,0.0,0.0,2.0,0.3125,1.0,0.0,1.0,0.0,0.0,1.0,1.0,0,Legitimate,train
1162,Starks Media 🎥,https://www.linkedin.com/company/9309594,1.0,40.0,1.0,4.0,14.0,3.0,0.0,0.0,1.0,0.1428571428571428,0.0,0.0,0.0,0.0,0.0,0.0,0.0,0,Legitimate,train
1163,University of Chicago,https://www.linkedin.com/company/3881,1.0,37.0,1.0,6.333333333333333,21.0,3.0,0.0,0.0,0.0,0.0952380952380952,1.0,0.0,0.0,0.0,0.0,0.0,0.0,0,Legitimate,train
1164,Rezo Therapeutics,https://www.linkedin.com/company/89774341,1.0,41.0,1.0,8.0,17.0,2.0,0.0,0.0,0.0,0.1176470588235294,1.0,0.0,0.0,0.0,0.0,0.0,0.0,0,Legitimate,test
1165,D-Data,https://www.linkedin.com/company/53124246,1.0,41.0,1.0,6.0,6.0,1.0,0.0,0.0,1.0,0.3333333333333333,1.0,0.0,0.0,0.0,0.0,0.0,0.0,0,Legitimate,test
1166,Osmania University,https://www.linkedin.com/company/15094382,1.0,41.0,1.0,8.5,18.0,2.0,0.0,0.0,0.0,0.1111111111111111,1.0,0.0,0.0,0.0,0.0,0.0,0.0,0,Legitimate,val
1167,"Complete Capital Services, Inc.",https://www.linkedin.com/company/604298,1.0,39.0,1.0,7.0,31.0,4.0,0.0,0.0,2.0,0.1290322580645161,1.0,0.0,1.0,1.0,1.0,1.0,1.0,0,Legitimate,train
1168,Belkasoft,https://www.linkedin.com/company/1074685,1.0,40.0,1.0,9.0,9.0,1.0,0.0,0.0,0.0,0.1111111111111111,1.0,0.0,0.0,0.0,0.0,0.0,0.0,0,Legitimate,test
1169,Connector by Granite,https://www.linkedin.com/company/1910386,1.0,40.0,1.0,6.0,20.0,3.0,0.0,0.0,0.0,0.1,1.0,0.0,0.0,0.0,0.0,0.0,0.0,0,Legitimate,val
1170,Category Pirates,https://www.linkedin.com/company/71624742,1.0,41.0,1.0,7.5,16.0,2.0,0.0,0.0,0.0,0.125,1.0,0.0,0.0,0.0,0.0,0.0,0.0,0,Legitimate,train
1171,JLL's Hotels & Hospitality Group,https://www.linkedin.com/company/3177,1.0,37.0,1.0,5.6,32.0,5.0,0.0,0.0,2.0,0.1875,1.0,1.0,0.0,0.0,0.0,1.0,1.0,0,Legitimate,train
1172,VTH Solutions,https://www.linkedin.com/company/16268601,1.0,41.0,1.0,6.0,13.0,2.0,0.0,0.0,0.0,0.3076923076923077,1.0,0.0,0.0,0.0,0.0,1.0,1.0,0,Legitimate,train
1173,Cognitiv,https://www.linkedin.com/company/6584997,1.0,40.0,1.0,8.0,8.0,1.0,0.0,0.0,0.0,0.125,1.0,0.0,0.0,0.0,0.0,0.0,0.0,0,Legitimate,train
1174,vendor registry powered by mdf commerce,https://www.linkedin.com/company/3218345,1.0,40.0,1.0,5.666666666666667,39.0,6.0,0.0,0.0,0.0,0.0,1.0,0.0,0.0,0.0,0.0,0.0,0.0,0,Legitimate,val
1175,LAV8 CBD,https://www.linkedin.com/company/67542335,1.0,41.0,1.0,3.5,8.0,2.0,1.0,1.0,0.0,0.75,1.0,0.0,0.0,0.0,0.0,0.0,0.0,0,Legitimate,val
1176,Achievers,https://www.linkedin.com/company/2314366,1.0,40.0,1.0,9.0,9.0,1.0,0.0,0.0,0.0,0.1111111111111111,1.0,0.0,0.0,0.0,0.0,0.0,0.0,0,Legitimate,test
1177,Vaccitech,https://www.linkedin.com/company/10815501,1.0,41.0,1.0,9.0,9.0,1.0,0.0,0.0,0.0,0.1111111111111111,1.0,0.0,0.0,0.0,0.0,0.0,0.0,0,Legitimate,train
1178,FiscalNote Executive Institute,https://www.linkedin.com/company/68235189,1.0,41.0,1.0,9.333333333333334,30.0,3.0,0.0,0.0,0.0,0.1333333333333333,1.0,0.0,0.0,0.0,0.0,0.0,0.0,0,Legitimate,train
1179,Seguros GNP Asesoria Personalizada,https://www.linkedin.com/company/81878884,1.0,41.0,1.0,7.75,34.0,4.0,0.0,0.0,0.0,0.1764705882352941,1.0,0.0,0.0,0.0,0.0,0.0,0.0,0,Legitimate,train
1180,Northside Hospital,https://www.linkedin.com/company/16182,1.0,38.0,1.0,8.5,18.0,2.0,0.0,0.0,0.0,0.1111111111111111,1.0,0.0,0.0,0.0,0.0,0.0,0.0,0,Legitimate,train
1181,Siemens,https://www.linkedin.com/company/1043,1.0,37.0,1.0,7.0,7.0,1.0,0.0,0.0,0.0,0.1428571428571428,1.0,0.0,0.0,0.0,0.0,0.0,0.0,0,Legitimate,train
1182,340B Health,https://www.linkedin.com/company/888839,1.0,39.0,1.0,5.0,11.0,2.0,3.0,1.0,0.0,0.1818181818181818,1.0,0.0,0.0,0.0,0.0,0.0,0.0,0,Legitimate,train
1183,BMO,https://www.linkedin.com/company/2587,1.0,37.0,1.0,3.0,3.0,1.0,0.0,0.0,0.0,1.0,1.0,0.0,0.0,0.0,0.0,0.0,0.0,0,Legitimate,train
1184,Proagrica,https://www.linkedin.com/company/15178464,1.0,41.0,1.0,9.0,9.0,1.0,0.0,0.0,0.0,0.1111111111111111,1.0,0.0,0.0,0.0,0.0,0.0,0.0,0,Legitimate,train
1185,Federal Bar Association,https://www.linkedin.com/company/114338,1.0,39.0,1.0,7.0,23.0,3.0,0.0,0.0,0.0,0.1304347826086956,1.0,0.0,0.0,0.0,0.0,0.0,0.0,0,Legitimate,train
1186,Circles,https://www.linkedin.com/company/34595189,1.0,41.0,1.0,7.0,7.0,1.0,0.0,0.0,0.0,0.1428571428571428,1.0,0.0,0.0,0.0,0.0,0.0,0.0,0,Legitimate,train
1187,UniversitÃ© Paris Nanterre,https://www.linkedin.com/company/352250,1.0,39.0,1.0,8.0,26.0,3.0,0.0,0.0,1.0,0.1538461538461538,0.0,0.0,0.0,0.0,0.0,0.0,0.0,0,Legitimate,val
1188,Nanyang Technological University Singapore,https://www.linkedin.com/company/165091,1.0,39.0,1.0,9.75,42.0,4.0,0.0,0.0,0.0,0.0952380952380952,1.0,0.0,0.0,0.0,0.0,0.0,0.0,0,Legitimate,train
1189,MediBeacon Inc.,https://www.linkedin.com/company/9968703,1.0,40.0,1.0,7.0,15.0,2.0,0.0,0.0,1.0,0.2,1.0,0.0,0.0,0.0,0.0,1.0,1.0,0,Legitimate,train
1190,The Mulberry Bush,https://www.linkedin.com/company/2659238,1.0,40.0,1.0,5.0,17.0,3.0,0.0,0.0,0.0,0.1764705882352941,1.0,0.0,0.0,0.0,0.0,0.0,0.0,0,Legitimate,test
1191,Woman Leaders,https://www.linkedin.com/company/40654026,1.0,41.0,1.0,6.0,13.0,2.0,0.0,0.0,0.0,0.1538461538461538,1.0,0.0,0.0,0.0,0.0,0.0,0.0,0,Legitimate,train
1192,Dell Technologies,https://www.linkedin.com/company/15088102,1.0,41.0,1.0,8.0,17.0,2.0,0.0,0.0,0.0,0.1176470588235294,1.0,0.0,0.0,0.0,0.0,0.0,0.0,0,Legitimate,test
1193,Foothill College,https://www.linkedin.com/company/10041,1.0,38.0,1.0,7.5,16.0,2.0,0.0,0.0,0.0,0.125,1.0,0.0,0.0,0.0,0.0,0.0,0.0,0,Legitimate,train
1194,Museum of Contemporary Art Chicago,https://www.linkedin.com/company/2340898,1.0,40.0,1.0,6.0,34.0,5.0,0.0,0.0,0.0,0.1176470588235294,1.0,0.0,0.0,0.0,0.0,0.0,0.0,0,Legitimate,train
1195,Macerich,https://www.linkedin.com/company/15929,1.0,38.0,1.0,8.0,8.0,1.0,0.0,0.0,0.0,0.125,1.0,0.0,0.0,0.0,0.0,0.0,0.0,0,Legitimate,train
1196,Chesapeake Analytics,https://www.linkedin.com/company/76419629,1.0,41.0,1.0,9.5,20.0,2.0,0.0,0.0,0.0,0.1,1.0,0.0,0.0,0.0,0.0,0.0,0.0,0,Legitimate,train
1197,Cornell Capital LLC,https://www.linkedin.com/company/11144726,1.0,41.0,1.0,5.666666666666667,19.0,3.0,0.0,0.0,0.0,0.2631578947368421,1.0,0.0,0.0,1.0,1.0,1.0,1.0,0,Legitimate,train
1198,ADT,https://www.linkedin.com/company/162293,1.0,39.0,1.0,3.0,3.0,1.0,0.0,0.0,0.0,1.0,1.0,0.0,0.0,0.0,0.0,0.0,0.0,0,Legitimate,train
1199,Muse Diagnostics,https://www.linkedin.com/company/13198024,1.0,41.0,1.0,7.5,16.0,2.0,0.0,0.0,0.0,0.125,1.0,0.0,0.0,0.0,0.0,0.0,0.0,0,Legitimate,train
1200,symplr Lean Human Capital,https://www.linkedin.com/company/491582,1.0,39.0,1.0,5.5,25.0,4.0,0.0,0.0,0.0,0.12,1.0,0.0,0.0,1.0,1.0,0.0,0.0,0,Legitimate,train
1201,Orderchamp,https://www.linkedin.com/company/12980891,1.0,41.0,1.0,10.0,10.0,1.0,0.0,0.0,0.0,0.1,1.0,0.0,0.0,0.0,0.0,0.0,0.0,0,Legitimate,train
1202,OOH Pitch,https://www.linkedin.com/company/130284,1.0,39.0,1.0,4.0,9.0,2.0,0.0,0.0,0.0,0.4444444444444444,1.0,0.0,0.0,0.0,0.0,0.0,0.0,0,Legitimate,val
1203,Apex Executive Search Partners,,0.0,0.0,0.0,6.75,30.0,4.0,0.0,0.0,0.0,0.1333333333333333,1.0,0.0,0.0,0.0,0.0,1.0,1.0,1,Fake_Scam,train
1204,Emirates Dubai 7s,https://www.linkedin.com/company/1620563,1.0,40.0,1.0,5.0,17.0,3.0,1.0,1.0,0.0,0.1176470588235294,1.0,0.0,0.0,1.0,1.0,0.0,0.0,0,Legitimate,train
1205,Tastry,https://www.linkedin.com/company/18728356,1.0,41.0,1.0,6.0,6.0,1.0,0.0,0.0,0.0,0.1666666666666666,1.0,0.0,0.0,0.0,0.0,0.0,0.0,0,Legitimate,train
1206,HRsource,https://www.linkedin.com/company/980480,1.0,39.0,1.0,8.0,8.0,1.0,0.0,0.0,0.0,0.25,1.0,0.0,0.0,0.0,0.0,0.0,0.0,0,Legitimate,train
1207,Global X ETFs,https://www.linkedin.com/company/232580,1.0,39.0,1.0,3.6666666666666665,13.0,3.0,0.0,0.0,0.0,0.3846153846153846,1.0,0.0,0.0,1.0,1.0,0.0,0.0,0,Legitimate,train
1208,HAC'KP Kerala Police Cyberdome,https://www.linkedin.com/company/68245661,1.0,41.0,1.0,6.75,30.0,4.0,0.0,0.0,1.0,0.2666666666666666,1.0,0.0,0.0,0.0,0.0,0.0,0.0,0,Legitimate,train
1209,Fidelity Investments,https://www.linkedin.com/company/1307,1.0,37.0,1.0,9.5,20.0,2.0,0.0,0.0,0.0,0.1,1.0,0.0,0.0,0.0,0.0,0.0,0.0,0,Legitimate,train
1210,Wilmington Trust,https://www.linkedin.com/company/166943,1.0,39.0,1.0,7.5,16.0,2.0,0.0,0.0,0.0,0.125,1.0,0.0,0.0,0.0,0.0,0.0,0.0,0,Legitimate,train
1211,Common Experience at Texas State,https://www.linkedin.com/company/29054391,1.0,41.0,1.0,5.6,32.0,5.0,0.0,0.0,0.0,0.125,1.0,0.0,0.0,0.0,0.0,0.0,0.0,0,Legitimate,train
1212,NYS Office of Alcoholism and Substance Abuse Services,https://www.linkedin.com/company/502602,1.0,39.0,1.0,5.75,53.0,8.0,0.0,0.0,0.0,0.1509433962264151,1.0,0.0,0.0,0.0,0.0,0.0,0.0,0,Legitimate,train
1213,"Shen Ge Technology Co.,Ltd",https://www.linkedin.com/company/702201,1.0,39.0,1.0,5.75,26.0,4.0,0.0,0.0,2.0,0.1923076923076923,1.0,0.0,1.0,0.0,0.0,2.0,1.0,0,Legitimate,train
1214,Schunk Moreland Strategies,https://www.linkedin.com/company/40716219,1.0,41.0,1.0,8.0,26.0,3.0,0.0,0.0,0.0,0.1153846153846153,1.0,0.0,0.0,0.0,0.0,0.0,0.0,0,Legitimate,train
1215,Netflix,https://www.linkedin.com/company/165158,1.0,39.0,1.0,7.0,7.0,1.0,0.0,0.0,0.0,0.1428571428571428,1.0,0.0,0.0,0.0,0.0,0.0,0.0,0,Legitimate,val
1216,Contguard,https://www.linkedin.com/company/5047126,1.0,40.0,1.0,9.0,9.0,1.0,0.0,0.0,0.0,0.1111111111111111,1.0,0.0,0.0,0.0,0.0,0.0,0.0,0,Legitimate,val
1217,Jessica Kennedy Coaching LLC,https://www.linkedin.com/company/75580842,1.0,41.0,1.0,6.25,28.0,4.0,0.0,0.0,0.0,0.2142857142857142,1.0,0.0,0.0,0.0,0.0,1.0,1.0,0,Legitimate,train
1218,"Cassava Sciences, Inc.",https://www.linkedin.com/company/84479,1.0,38.0,1.0,6.666666666666667,22.0,3.0,0.0,0.0,2.0,0.1363636363636363,1.0,0.0,1.0,0.0,0.0,1.0,1.0,0,Legitimate,train
1219,LewisGale Physicians,https://www.linkedin.com/company/35563655,1.0,41.0,1.0,9.5,20.0,2.0,0.0,0.0,0.0,0.15,1.0,0.0,0.0,0.0,0.0,0.0,0.0,0,Legitimate,train
1220,Dune Asset Management,https://www.linkedin.com/company/82357918,1.0,41.0,1.0,6.333333333333333,21.0,3.0,0.0,0.0,0.0,0.1428571428571428,1.0,0.0,0.0,0.0,0.0,0.0,0.0,0,Legitimate,val
1221,IBM Enterprise Cloud Scouts,,0.0,0.0,0.0,6.0,27.0,4.0,0.0,0.0,0.0,0.2222222222222222,1.0,0.0,0.0,0.0,0.0,0.0,0.0,1,Fake_Scam,test
1222,University of Windsor,https://www.linkedin.com/company/14123,1.0,38.0,1.0,6.333333333333333,21.0,3.0,0.0,0.0,0.0,0.0952380952380952,1.0,0.0,0.0,0.0,0.0,0.0,0.0,0,Legitimate,train
1223,Epic Games,https://www.linkedin.com/company/19327,1.0,38.0,1.0,4.5,10.0,2.0,0.0,0.0,0.0,0.2,1.0,0.0,0.0,0.0,0.0,0.0,0.0,0,Legitimate,train
1224,Intel Microchip Careers Desk,,0.0,0.0,0.0,6.25,28.0,4.0,0.0,0.0,0.0,0.1428571428571428,1.0,0.0,0.0,2.0,1.0,0.0,0.0,1,Fake_Scam,val
1225,ASIS International,https://www.linkedin.com/company/30614,1.0,38.0,1.0,8.5,18.0,2.0,0.0,0.0,0.0,0.2777777777777778,1.0,0.0,0.0,0.0,0.0,0.0,0.0,0,Legitimate,train
1226,Female Founders Fund,https://www.linkedin.com/company/9412282,1.0,40.0,1.0,6.0,20.0,3.0,0.0,0.0,0.0,0.15,1.0,0.0,0.0,0.0,0.0,0.0,0.0,0,Legitimate,train
1227,Colorado College,https://www.linkedin.com/company/17292,1.0,38.0,1.0,7.5,16.0,2.0,0.0,0.0,0.0,0.125,1.0,0.0,0.0,0.0,0.0,0.0,0.0,0,Legitimate,train
1228,APL Logistics,https://www.linkedin.com/company/2278459,1.0,40.0,1.0,6.0,13.0,2.0,0.0,0.0,0.0,0.3076923076923077,1.0,0.0,0.0,1.0,1.0,0.0,0.0,0,Legitimate,train
1229,Eads Bridge Holdings,https://www.linkedin.com/company/71609327,1.0,41.0,1.0,6.0,20.0,3.0,0.0,0.0,0.0,0.15,1.0,0.0,0.0,0.0,0.0,1.0,1.0,0,Legitimate,train
1230,Humanscale,https://www.linkedin.com/company/15038,1.0,38.0,1.0,10.0,10.0,1.0,0.0,0.0,0.0,0.1,1.0,0.0,0.0,0.0,0.0,0.0,0.0,0,Legitimate,train
1231,Avon,https://www.linkedin.com/company/2614,1.0,37.0,1.0,4.0,4.0,1.0,0.0,0.0,0.0,0.25,1.0,0.0,0.0,0.0,0.0,0.0,0.0,0,Legitimate,test
1232,"Factor6, LLC Consulting",https://www.linkedin.com/company/3224837,1.0,40.0,1.0,7.0,23.0,3.0,1.0,1.0,1.0,0.217391304347826,1.0,0.0,1.0,1.0,1.0,1.0,1.0,0,Legitimate,train
1233,World Ocean Initiative,https://www.linkedin.com/company/19015121,1.0,41.0,1.0,6.666666666666667,22.0,3.0,0.0,0.0,0.0,0.1363636363636363,1.0,0.0,0.0,0.0,0.0,0.0,0.0,0,Legitimate,test
1234,New Name Ministries,https://www.linkedin.com/company/53470070,1.0,41.0,1.0,5.666666666666667,19.0,3.0,0.0,0.0,0.0,0.1578947368421052,1.0,0.0,0.0,0.0,0.0,0.0,0.0,0,Legitimate,val
1235,The Art History Class,https://www.linkedin.com/company/78032675,1.0,41.0,1.0,4.5,21.0,4.0,0.0,0.0,0.0,0.1904761904761904,1.0,0.0,0.0,0.0,0.0,0.0,0.0,0,Legitimate,train
1236,Serhant Media Group,https://www.linkedin.com/company/28536025,1.0,41.0,1.0,5.666666666666667,19.0,3.0,0.0,0.0,0.0,0.1578947368421052,1.0,0.0,0.0,0.0,0.0,1.0,1.0,0,Legitimate,test
1237,manager magazin,https://www.linkedin.com/company/87049,1.0,38.0,1.0,7.0,15.0,2.0,0.0,0.0,0.0,0.0,1.0,0.0,0.0,0.0,0.0,0.0,0.0,0,Legitimate,train
1238,Allergy Companions,https://www.linkedin.com/company/73996329,1.0,41.0,1.0,8.5,18.0,2.0,0.0,0.0,0.0,0.1111111111111111,1.0,0.0,0.0,0.0,0.0,0.0,0.0,0,Legitimate,train
1239,Carbon,https://www.linkedin.com/company/4802576,1.0,40.0,1.0,6.0,6.0,1.0,0.0,0.0,0.0,0.1666666666666666,1.0,0.0,0.0,0.0,0.0,0.0,0.0,0,Legitimate,val
1240,"Legal Decoder, Inc",https://www.linkedin.com/company/5096170,1.0,40.0,1.0,5.333333333333333,18.0,3.0,0.0,0.0,1.0,0.1666666666666666,1.0,0.0,1.0,0.0,0.0,1.0,1.0,0,Legitimate,val
1241,Saint Louis Art Museum,https://www.linkedin.com/company/56501,1.0,38.0,1.0,4.75,22.0,4.0,0.0,0.0,0.0,0.1818181818181818,1.0,0.0,0.0,0.0,0.0,0.0,0.0,0,Legitimate,train
1242,Pinnacle Financial Partners,https://www.linkedin.com/company/37854,1.0,38.0,1.0,8.333333333333334,27.0,3.0,0.0,0.0,0.0,0.1111111111111111,1.0,0.0,0.0,0.0,0.0,1.0,1.0,0,Legitimate,train
1243,RIBA,https://www.linkedin.com/company/106985,1.0,39.0,1.0,4.0,4.0,1.0,0.0,0.0,0.0,1.0,1.0,0.0,0.0,0.0,0.0,0.0,0.0,0,Legitimate,train
1244,Harvard Business School,https://www.linkedin.com/company/4867,1.0,37.0,1.0,7.0,23.0,3.0,0.0,0.0,0.0,0.1304347826086956,1.0,0.0,0.0,0.0,0.0,0.0,0.0,0,Legitimate,train
1245,Kaspien,https://www.linkedin.com/company/68479457,1.0,41.0,1.0,7.0,7.0,1.0,0.0,0.0,0.0,0.1428571428571428,1.0,0.0,0.0,0.0,0.0,0.0,0.0,0,Legitimate,train
1246,"NU Borders, LLC",https://www.linkedin.com/company/3771238,1.0,40.0,1.0,4.333333333333333,15.0,3.0,0.0,0.0,1.0,0.4,1.0,0.0,1.0,0.0,0.0,1.0,1.0,0,Legitimate,train
1247,FutureCare Health,https://www.linkedin.com/company/1896077,1.0,40.0,1.0,8.0,17.0,2.0,0.0,0.0,0.0,0.1764705882352941,1.0,0.0,0.0,0.0,0.0,0.0,0.0,0,Legitimate,train
1248,Austmine,https://www.linkedin.com/company/1517941,1.0,40.0,1.0,8.0,8.0,1.0,0.0,0.0,0.0,0.125,1.0,0.0,0.0,0.0,0.0,0.0,0.0,0,Legitimate,val
1249,Columbia Business School Executive Education,https://www.linkedin.com/company/10836471,1.0,41.0,1.0,8.0,44.0,5.0,0.0,0.0,0.0,0.1136363636363636,1.0,0.0,0.0,0.0,0.0,0.0,0.0,0,Legitimate,train
1250,AXION energy,https://www.linkedin.com/company/3100264,1.0,40.0,1.0,5.5,12.0,2.0,0.0,0.0,0.0,0.4166666666666667,1.0,0.0,0.0,0.0,0.0,0.0,0.0,0,Legitimate,train
1251,Australian Mining Review,https://www.linkedin.com/company/35457956,1.0,41.0,1.0,7.333333333333333,24.0,3.0,0.0,0.0,0.0,0.125,1.0,0.0,0.0,0.0,0.0,0.0,0.0,0,Legitimate,test
1252,WINT - Water Intelligence,https://www.linkedin.com/company/5062917,1.0,40.0,1.0,5.5,25.0,4.0,0.0,0.0,1.0,0.24,1.0,0.0,0.0,0.0,0.0,0.0,0.0,0,Legitimate,train
1253,riskCanvas- a Genpact company,https://www.linkedin.com/company/35506291,1.0,41.0,1.0,6.5,29.0,4.0,0.0,0.0,1.0,0.0689655172413793,1.0,0.0,0.0,0.0,0.0,1.0,1.0,0,Legitimate,train
1254,AECOM Hunt,https://www.linkedin.com/company/1040014,1.0,40.0,1.0,4.5,10.0,2.0,0.0,0.0,0.0,0.6,1.0,0.0,0.0,0.0,0.0,0.0,0.0,0,Legitimate,val
1255,Allylix,https://www.linkedin.com/company/1336291,1.0,40.0,1.0,7.0,7.0,1.0,0.0,0.0,0.0,0.1428571428571428,1.0,0.0,0.0,0.0,0.0,0.0,0.0,0,Legitimate,test
1256,Accenture Strategy,https://www.linkedin.com/company/3627218,1.0,40.0,1.0,8.5,18.0,2.0,0.0,0.0,0.0,0.1111111111111111,1.0,0.0,0.0,0.0,0.0,0.0,0.0,0,Legitimate,train
1257,Zaynax Health,https://www.linkedin.com/company/70996417,1.0,41.0,1.0,6.0,13.0,2.0,0.0,0.0,0.0,0.1538461538461538,1.0,0.0,0.0,0.0,0.0,0.0,0.0,0,Legitimate,train
1258,Dentsu Creative US,https://www.linkedin.com/company/86294788,1.0,41.0,1.0,5.333333333333333,18.0,3.0,0.0,0.0,0.0,0.2222222222222222,1.0,0.0,0.0,0.0,0.0,0.0,0.0,0,Legitimate,train
1259,UnityPoint Health,https://www.linkedin.com/company/164451,1.0,39.0,1.0,8.0,17.0,2.0,0.0,0.0,0.0,0.1764705882352941,1.0,0.0,0.0,0.0,0.0,0.0,0.0,0,Legitimate,train
1260,Reading Partners,https://www.linkedin.com/company/493046,1.0,39.0,1.0,7.5,16.0,2.0,0.0,0.0,0.0,0.125,1.0,0.0,0.0,0.0,0.0,1.0,1.0,0,Legitimate,test
1261,Aspire Healthcare,https://www.linkedin.com/company/4086931,1.0,40.0,1.0,8.0,17.0,2.0,0.0,0.0,0.0,0.1176470588235294,1.0,0.0,0.0,0.0,0.0,0.0,0.0,0,Legitimate,train
1262,Latinos for Education,https://www.linkedin.com/company/10857844,1.0,41.0,1.0,6.333333333333333,21.0,3.0,0.0,0.0,0.0,0.0952380952380952,1.0,0.0,0.0,0.0,0.0,0.0,0.0,0,Legitimate,train
1263,HR magazine,https://www.linkedin.com/company/13051957,1.0,41.0,1.0,5.0,11.0,2.0,0.0,0.0,0.0,0.1818181818181818,1.0,0.0,0.0,0.0,0.0,0.0,0.0,0,Legitimate,train
1264,Coexisting With AI,https://www.linkedin.com/company/82373280,1.0,41.0,1.0,5.333333333333333,18.0,3.0,0.0,0.0,0.0,0.2222222222222222,1.0,0.0,0.0,0.0,0.0,0.0,0.0,0,Legitimate,test
1265,TOP Group - Japanese Recruiting Agency,https://www.linkedin.com/company/2039570,1.0,40.0,1.0,5.5,38.0,6.0,0.0,0.0,1.0,0.1842105263157894,1.0,0.0,0.0,1.0,1.0,1.0,1.0,0,Legitimate,val
1266,"The School of Pharmacy, University of London",https://www.linkedin.com/company/308840,1.0,39.0,1.0,5.428571428571429,44.0,7.0,0.0,0.0,1.0,0.1136363636363636,1.0,0.0,1.0,0.0,0.0,0.0,0.0,0,Legitimate,test
1267,MBA Group Ltd,https://www.linkedin.com/company/104072,1.0,39.0,1.0,3.6666666666666665,13.0,3.0,0.0,0.0,0.0,0.3846153846153846,1.0,0.0,0.0,0.0,0.0,2.0,1.0,0,Legitimate,train
1268,Ashley Furniture International,https://www.linkedin.com/company/52193158,1.0,41.0,1.0,9.333333333333334,30.0,3.0,0.0,0.0,0.0,0.1,1.0,0.0,0.0,0.0,0.0,0.0,0.0,0,Legitimate,train
1269,Alison,https://www.linkedin.com/company/28707757,1.0,41.0,1.0,6.0,6.0,1.0,0.0,0.0,0.0,0.1666666666666666,1.0,0.0,0.0,0.0,0.0,0.0,0.0,0,Legitimate,test
1270,Shutterstock,https://www.linkedin.com/company/85823,1.0,38.0,1.0,12.0,12.0,1.0,0.0,0.0,0.0,0.0833333333333333,1.0,0.0,0.0,0.0,0.0,0.0,0.0,0,Legitimate,test
1271,西安电竞之家网络科技有限公司,https://www.linkedin.com/company/32335453,1.0,41.0,1.0,14.0,14.0,1.0,0.0,0.0,0.0,0.0,0.0,0.0,0.0,0.0,0.0,0.0,0.0,0,Legitimate,train
1272,Havas Media Group,https://www.linkedin.com/company/164133,1.0,39.0,1.0,5.0,17.0,3.0,0.0,0.0,0.0,0.1764705882352941,1.0,0.0,0.0,0.0,0.0,1.0,1.0,0,Legitimate,train
1273,University of Central Oklahoma,https://www.linkedin.com/company/19470,1.0,38.0,1.0,6.75,30.0,4.0,0.0,0.0,0.0,0.1,1.0,0.0,0.0,0.0,0.0,0.0,0.0,0,Legitimate,test
1274,XPO,https://www.linkedin.com/company/2430668,1.0,40.0,1.0,3.0,3.0,1.0,0.0,0.0,0.0,1.0,1.0,0.0,0.0,0.0,0.0,0.0,0.0,0,Legitimate,train
1275,Segra,https://www.linkedin.com/company/13009774,1.0,41.0,1.0,5.0,5.0,1.0,0.0,0.0,0.0,0.2,1.0,0.0,0.0,0.0,0.0,0.0,0.0,0,Legitimate,val
1276,11:FS,https://www.linkedin.com/company/10651948,1.0,41.0,1.0,5.0,5.0,1.0,2.0,1.0,1.0,0.4,1.0,0.0,0.0,0.0,0.0,0.0,0.0,0,Legitimate,train
1277,University of Nebraska System,https://www.linkedin.com/company/5921,1.0,37.0,1.0,6.5,29.0,4.0,0.0,0.0,0.0,0.1034482758620689,1.0,0.0,0.0,0.0,0.0,0.0,0.0,0,Legitimate,train
1278,LinkedIn Notícias,https://www.linkedin.com/company/64871542,1.0,41.0,1.0,8.0,17.0,2.0,0.0,0.0,0.0,0.1764705882352941,0.0,0.0,0.0,0.0,0.0,0.0,0.0,0,Legitimate,val
1279,Abacus Ridge,https://www.linkedin.com/company/77030268,1.0,41.0,1.0,5.5,12.0,2.0,0.0,0.0,0.0,0.1666666666666666,1.0,0.0,0.0,0.0,0.0,0.0,0.0,0,Legitimate,train
1280,Indira Gandhi National Open University,https://www.linkedin.com/company/15105582,1.0,41.0,1.0,6.8,38.0,5.0,0.0,0.0,0.0,0.131578947368421,1.0,0.0,0.0,0.0,0.0,0.0,0.0,0,Legitimate,train
1281,"National University of Singapore, Faculty of Science",https://www.linkedin.com/company/13279914,1.0,41.0,1.0,6.571428571428571,52.0,7.0,0.0,0.0,1.0,0.0961538461538461,1.0,0.0,1.0,0.0,0.0,0.0,0.0,0,Legitimate,test
1282,CodeCraft Global Solutions,,0.0,0.0,0.0,8.0,26.0,3.0,0.0,0.0,0.0,0.1538461538461538,1.0,0.0,0.0,1.0,1.0,1.0,1.0,1,Fake_Scam,train
1283,ICANN,https://www.linkedin.com/company/19042,1.0,38.0,1.0,5.0,5.0,1.0,0.0,0.0,0.0,1.0,1.0,0.0,0.0,0.0,0.0,0.0,0.0,0,Legitimate,train
1284,ReBIT | Reserve Bank Information Technology Pvt Ltd.,https://www.linkedin.com/company/13253022,1.0,41.0,1.0,5.625,52.0,8.0,0.0,0.0,2.0,0.1923076923076923,1.0,0.0,0.0,0.0,0.0,1.0,1.0,0,Legitimate,test
1285,Assonime,https://www.linkedin.com/company/98688,1.0,38.0,1.0,8.0,8.0,1.0,0.0,0.0,0.0,0.125,1.0,0.0,0.0,0.0,0.0,0.0,0.0,0,Legitimate,train
1286,TalentBridge Staffing Network,,0.0,0.0,0.0,9.0,29.0,3.0,0.0,0.0,0.0,0.1379310344827586,1.0,0.0,0.0,2.0,1.0,0.0,0.0,1,Fake_Scam,test
1287,Caste Capital,https://www.linkedin.com/company/84509047,1.0,41.0,1.0,6.0,13.0,2.0,0.0,0.0,0.0,0.1538461538461538,1.0,0.0,0.0,1.0,1.0,0.0,0.0,0,Legitimate,train
1288,The Job Window,https://www.linkedin.com/company/3237346,1.0,40.0,1.0,4.0,14.0,3.0,0.0,0.0,0.0,0.2142857142857142,1.0,0.0,0.0,0.0,0.0,0.0,0.0,0,Legitimate,test
1289,Landmark Public Affairs,https://www.linkedin.com/company/1194287,1.0,40.0,1.0,7.0,23.0,3.0,0.0,0.0,0.0,0.1304347826086956,1.0,0.0,0.0,0.0,0.0,0.0,0.0,0,Legitimate,train
1290,Reclaim13,https://www.linkedin.com/company/10649936,1.0,41.0,1.0,9.0,9.0,1.0,2.0,1.0,0.0,0.1111111111111111,1.0,0.0,0.0,0.0,0.0,0.0,0.0,0,Legitimate,val
1291,NAIOP Houston,https://www.linkedin.com/company/2896918,1.0,40.0,1.0,6.0,13.0,2.0,0.0,0.0,0.0,0.4615384615384615,1.0,0.0,0.0,0.0,0.0,0.0,0.0,0,Legitimate,train
1292,Engage Hub,https://www.linkedin.com/company/10476135,1.0,41.0,1.0,4.5,10.0,2.0,0.0,0.0,0.0,0.2,1.0,0.0,0.0,1.0,1.0,0.0,0.0,0,Legitimate,train
1293,Cross River,https://www.linkedin.com/company/967395,1.0,39.0,1.0,5.0,11.0,2.0,0.0,0.0,0.0,0.1818181818181818,1.0,0.0,0.0,0.0,0.0,0.0,0.0,0,Legitimate,train
1294,Ipsos UK,https://www.linkedin.com/company/4320,1.0,37.0,1.0,3.5,8.0,2.0,0.0,0.0,0.0,0.375,1.0,0.0,0.0,0.0,0.0,0.0,0.0,0,Legitimate,train
1295,iTelecom,https://www.linkedin.com/company/2112764,1.0,40.0,1.0,8.0,8.0,1.0,0.0,0.0,0.0,0.125,1.0,0.0,0.0,0.0,0.0,0.0,0.0,0,Legitimate,train
1296,Young Mining Professionals Brisbane,https://www.linkedin.com/company/19078322,1.0,41.0,1.0,8.0,35.0,4.0,0.0,0.0,0.0,0.1142857142857142,1.0,0.0,0.0,0.0,0.0,0.0,0.0,0,Legitimate,train
1297,Hey Mirza,https://www.linkedin.com/company/65495477,1.0,41.0,1.0,4.0,9.0,2.0,0.0,0.0,0.0,0.2222222222222222,1.0,0.0,0.0,0.0,0.0,0.0,0.0,0,Legitimate,test
1298,Tech Women,https://www.linkedin.com/company/40692265,1.0,41.0,1.0,4.5,10.0,2.0,0.0,0.0,0.0,0.2,1.0,0.0,0.0,0.0,0.0,0.0,0.0,0,Legitimate,train
1299,Shure Incorporated,https://www.linkedin.com/company/6579,1.0,37.0,1.0,8.5,18.0,2.0,0.0,0.0,0.0,0.1111111111111111,1.0,0.0,0.0,0.0,0.0,0.0,0.0,0,Legitimate,val
1300,Patten University,https://www.linkedin.com/company/2189275,1.0,40.0,1.0,8.0,17.0,2.0,0.0,0.0,0.0,0.1176470588235294,1.0,0.0,0.0,0.0,0.0,0.0,0.0,0,Legitimate,train
1301,SOUSCOUT,https://www.linkedin.com/company/85866911,1.0,41.0,1.0,8.0,8.0,1.0,0.0,0.0,0.0,1.0,1.0,0.0,0.0,0.0,0.0,0.0,0.0,0,Legitimate,train
1302,cBEYONData,https://www.linkedin.com/company/1786867,1.0,40.0,1.0,10.0,10.0,1.0,0.0,0.0,0.0,0.6,1.0,0.0,0.0,0.0,0.0,0.0,0.0,0,Legitimate,train
1303,Boston Plan for Excellence (BPE),https://www.linkedin.com/company/66931,1.0,38.0,1.0,5.6,32.0,5.0,0.0,0.0,2.0,0.1875,1.0,0.0,0.0,0.0,0.0,0.0,0.0,0,Legitimate,train
1304,Semmelweis University,https://www.linkedin.com/company/9104993,1.0,40.0,1.0,10.0,21.0,2.0,0.0,0.0,0.0,0.0952380952380952,1.0,0.0,0.0,0.0,0.0,0.0,0.0,0,Legitimate,train
1305,UrbanGeekz,https://www.linkedin.com/company/9313403,1.0,40.0,1.0,10.0,10.0,1.0,0.0,0.0,0.0,0.2,1.0,0.0,0.0,0.0,0.0,0.0,0.0,0,Legitimate,val
1306,Chance Productions,https://www.linkedin.com/company/25017407,1.0,41.0,1.0,8.5,18.0,2.0,0.0,0.0,0.0,0.1111111111111111,1.0,0.0,0.0,0.0,0.0,0.0,0.0,0,Legitimate,val
1307,Freie Universität Berlin,https://www.linkedin.com/company/163897,1.0,39.0,1.0,7.333333333333333,24.0,3.0,0.0,0.0,0.0,0.125,0.0,0.0,0.0,0.0,0.0,0.0,0.0,0,Legitimate,val
1308,GNIOTPOL Trailers LTD,https://www.linkedin.com/company/11813141,1.0,41.0,1.0,6.333333333333333,21.0,3.0,0.0,0.0,0.0,0.5714285714285714,1.0,0.0,0.0,0.0,0.0,1.0,1.0,0,Legitimate,train
1309,Nuffield Foundation,https://www.linkedin.com/company/309188,1.0,39.0,1.0,9.0,19.0,2.0,0.0,0.0,0.0,0.1052631578947368,1.0,0.0,0.0,0.0,0.0,0.0,0.0,0,Legitimate,train
1310,Dome Recruitment Group,https://www.linkedin.com/company/40580,1.0,38.0,1.0,6.666666666666667,22.0,3.0,0.0,0.0,0.0,0.1363636363636363,1.0,0.0,0.0,1.0,1.0,1.0,1.0,0,Legitimate,train
1311,Scuderia Ferrari,https://www.linkedin.com/company/77057770,1.0,41.0,1.0,7.5,16.0,2.0,0.0,0.0,0.0,0.125,1.0,0.0,0.0,0.0,0.0,0.0,0.0,0,Legitimate,train
1312,Amsterdam Venture Partners,https://www.linkedin.com/company/17890517,1.0,41.0,1.0,8.0,26.0,3.0,0.0,0.0,0.0,0.1153846153846153,1.0,0.0,0.0,0.0,0.0,1.0,1.0,0,Legitimate,train
1313,American Cancer Society - Kentucky,https://www.linkedin.com/company/37901336,1.0,41.0,1.0,6.0,34.0,5.0,0.0,0.0,1.0,0.1176470588235294,1.0,0.0,0.0,0.0,0.0,0.0,0.0,0,Legitimate,train
1314,In the Company of Huskies,https://www.linkedin.com/company/524608,1.0,39.0,1.0,4.2,25.0,5.0,0.0,0.0,0.0,0.12,1.0,0.0,0.0,0.0,0.0,1.0,1.0,0,Legitimate,train
1315,hoffmann murtaugh inc.,https://www.linkedin.com/company/2743909,1.0,40.0,1.0,6.666666666666667,22.0,3.0,0.0,0.0,1.0,0.0,1.0,0.0,0.0,0.0,0.0,1.0,1.0,0,Legitimate,test
1316,With Honor,https://www.linkedin.com/company/11183795,1.0,41.0,1.0,4.5,10.0,2.0,0.0,0.0,0.0,0.2,1.0,0.0,0.0,0.0,0.0,0.0,0.0,0,Legitimate,train
1317,Reveille United Methodist Church,https://www.linkedin.com/company/9249392,1.0,40.0,1.0,7.25,32.0,4.0,0.0,0.0,0.0,0.125,1.0,0.0,0.0,0.0,0.0,0.0,0.0,0,Legitimate,train
1318,Apex Crypto Yield Fund,,0.0,0.0,0.0,4.75,22.0,4.0,0.0,0.0,0.0,0.1818181818181818,1.0,0.0,0.0,1.0,1.0,0.0,0.0,1,Fake_Scam,val
1319,"Apollo Global Management, Inc.",https://www.linkedin.com/company/48414,1.0,38.0,1.0,6.75,30.0,4.0,0.0,0.0,2.0,0.1333333333333333,1.0,0.0,1.0,1.0,1.0,1.0,1.0,0,Legitimate,train
1320,County of Tehama,https://www.linkedin.com/company/1667537,1.0,40.0,1.0,4.666666666666667,16.0,3.0,0.0,0.0,0.0,0.125,1.0,0.0,0.0,0.0,0.0,0.0,0.0,0,Legitimate,test
1321,Measurabl,https://www.linkedin.com/company/3043089,1.0,40.0,1.0,9.0,9.0,1.0,0.0,0.0,0.0,0.1111111111111111,1.0,0.0,0.0,0.0,0.0,0.0,0.0,0,Legitimate,train
1322,El Concilio California,https://www.linkedin.com/company/2167393,1.0,40.0,1.0,6.666666666666667,22.0,3.0,0.0,0.0,0.0,0.1363636363636363,1.0,0.0,0.0,0.0,0.0,0.0,0.0,0,Legitimate,train
1323,Pete for America,https://www.linkedin.com/company/14861004,1.0,41.0,1.0,4.666666666666667,16.0,3.0,0.0,0.0,0.0,0.125,1.0,0.0,0.0,0.0,0.0,0.0,0.0,0,Legitimate,train
1324,NUS Business School,https://www.linkedin.com/company/5523,1.0,37.0,1.0,5.666666666666667,19.0,3.0,0.0,0.0,0.0,0.2631578947368421,1.0,0.0,0.0,0.0,0.0,0.0,0.0,0,Legitimate,train
1325,GIN-Pittsburgh,https://www.linkedin.com/company/76974861,1.0,41.0,1.0,14.0,14.0,1.0,0.0,0.0,1.0,0.2857142857142857,1.0,0.0,0.0,0.0,0.0,0.0,0.0,0,Legitimate,train
1326,KPMG India,https://www.linkedin.com/company/2525298,1.0,40.0,1.0,4.5,10.0,2.0,0.0,0.0,0.0,0.5,1.0,0.0,0.0,0.0,0.0,0.0,0.0,0,Legitimate,train
1327,Etisalat UAE,https://www.linkedin.com/company/163700,1.0,39.0,1.0,5.5,12.0,2.0,0.0,0.0,0.0,0.3333333333333333,1.0,0.0,0.0,0.0,0.0,0.0,0.0,0,Legitimate,train
1328,FMDC Ltd,https://www.linkedin.com/company/3149591,1.0,40.0,1.0,3.5,8.0,2.0,0.0,0.0,0.0,0.625,1.0,0.0,0.0,0.0,0.0,1.0,1.0,0,Legitimate,train
1329,Offensive Security,https://www.linkedin.com/company/5384047,1.0,40.0,1.0,8.5,18.0,2.0,0.0,0.0,0.0,0.1111111111111111,1.0,0.0,0.0,0.0,0.0,0.0,0.0,0,Legitimate,train
1330,POLITICO,https://www.linkedin.com/company/792817,1.0,39.0,1.0,8.0,8.0,1.0,0.0,0.0,0.0,1.0,1.0,0.0,0.0,0.0,0.0,0.0,0.0,0,Legitimate,val
1331,FanWord,https://www.linkedin.com/company/25166645,1.0,41.0,1.0,7.0,7.0,1.0,0.0,0.0,0.0,0.2857142857142857,1.0,0.0,0.0,0.0,0.0,0.0,0.0,0,Legitimate,train
1332,Intellifi Corporation,https://www.linkedin.com/company/78426022,1.0,41.0,1.0,10.0,21.0,2.0,0.0,0.0,0.0,0.0952380952380952,1.0,0.0,0.0,0.0,0.0,1.0,1.0,0,Legitimate,train
1333,Upworthy,https://www.linkedin.com/company/2541869,1.0,40.0,1.0,8.0,8.0,1.0,0.0,0.0,0.0,0.125,1.0,0.0,0.0,0.0,0.0,0.0,0.0,0,Legitimate,test
1334,DX25 Labs,https://www.linkedin.com/company/89252514,1.0,41.0,1.0,4.0,9.0,2.0,2.0,1.0,0.0,0.3333333333333333,1.0,0.0,0.0,0.0,0.0,1.0,1.0,0,Legitimate,train
1335,CVC Capital Partners,https://www.linkedin.com/company/9308253,1.0,40.0,1.0,6.0,20.0,3.0,0.0,0.0,0.0,0.25,1.0,0.0,0.0,1.0,1.0,1.0,1.0,0,Legitimate,test
1336,Tempo,https://www.linkedin.com/company/18373122,1.0,41.0,1.0,5.0,5.0,1.0,0.0,0.0,0.0,0.2,1.0,0.0,0.0,0.0,0.0,0.0,0.0,0,Legitimate,test
1337,Confer With,https://www.linkedin.com/company/66200406,1.0,41.0,1.0,5.0,11.0,2.0,0.0,0.0,0.0,0.1818181818181818,1.0,0.0,0.0,0.0,0.0,0.0,0.0,0,Legitimate,train
1338,Detroit Red Wings,https://www.linkedin.com/company/46394,1.0,38.0,1.0,5.0,17.0,3.0,0.0,0.0,0.0,0.1764705882352941,1.0,0.0,0.0,0.0,0.0,0.0,0.0,0,Legitimate,train
1339,Oglethorpe University,https://www.linkedin.com/company/20811,1.0,38.0,1.0,10.0,21.0,2.0,0.0,0.0,0.0,0.0952380952380952,1.0,0.0,0.0,0.0,0.0,0.0,0.0,0,Legitimate,test
1340,LifeLine Animal Project,https://www.linkedin.com/company/2790348,1.0,40.0,1.0,7.0,23.0,3.0,0.0,0.0,0.0,0.1739130434782608,1.0,0.0,0.0,0.0,0.0,0.0,0.0,0,Legitimate,train
1341,Allstate,https://www.linkedin.com/company/1835,1.0,37.0,1.0,8.0,8.0,1.0,0.0,0.0,0.0,0.125,1.0,0.0,0.0,0.0,0.0,0.0,0.0,0,Legitimate,train
1342,First Gen Support,https://www.linkedin.com/company/69175942,1.0,41.0,1.0,5.0,17.0,3.0,0.0,0.0,0.0,0.1764705882352941,1.0,0.0,0.0,0.0,0.0,0.0,0.0,0,Legitimate,train
1343,VALOIS VINTAGE PARIS,https://www.linkedin.com/company/8687299,1.0,40.0,1.0,6.0,20.0,3.0,0.0,0.0,0.0,0.9,1.0,0.0,0.0,0.0,0.0,0.0,0.0,0,Legitimate,train
1344,Newristics,https://www.linkedin.com/company/11005009,1.0,41.0,1.0,10.0,10.0,1.0,0.0,0.0,0.0,0.1,1.0,0.0,0.0,0.0,0.0,0.0,0.0,0,Legitimate,train
1345,Spacestation Gaming,https://www.linkedin.com/company/18401047,1.0,41.0,1.0,9.0,19.0,2.0,0.0,0.0,0.0,0.1052631578947368,1.0,0.0,0.0,0.0,0.0,0.0,0.0,0,Legitimate,val
1346,Nexus Cybersec Global,,0.0,0.0,0.0,6.333333333333333,21.0,3.0,0.0,0.0,0.0,0.1428571428571428,1.0,0.0,0.0,1.0,1.0,0.0,0.0,1,Fake_Scam,train
1347,SphereMail,https://www.linkedin.com/company/2681305,1.0,40.0,1.0,10.0,10.0,1.0,0.0,0.0,0.0,0.2,1.0,0.0,0.0,0.0,0.0,0.0,0.0,0,Legitimate,train
1348,"Vertek Solutions, Inc.",https://www.linkedin.com/company/403661,1.0,39.0,1.0,6.666666666666667,22.0,3.0,0.0,0.0,2.0,0.1363636363636363,1.0,0.0,1.0,0.0,0.0,2.0,1.0,0,Legitimate,train
1349,MassDEP,https://www.linkedin.com/company/11782731,1.0,41.0,1.0,7.0,7.0,1.0,0.0,0.0,0.0,0.5714285714285714,1.0,0.0,0.0,0.0,0.0,0.0,0.0,0,Legitimate,train
1350,US Environmental Protection Agency (EPA),https://www.linkedin.com/company/4495,1.0,37.0,1.0,7.2,40.0,5.0,0.0,0.0,2.0,0.2,1.0,0.0,0.0,0.0,0.0,0.0,0.0,0,Legitimate,test
1351,"Thread, Inc.",https://www.linkedin.com/company/485951,1.0,39.0,1.0,5.5,12.0,2.0,0.0,0.0,2.0,0.1666666666666666,1.0,0.0,1.0,0.0,0.0,1.0,1.0,0,Legitimate,train
1352,NOW CFO,https://www.linkedin.com/company/2591453,1.0,40.0,1.0,3.0,7.0,2.0,0.0,0.0,0.0,0.8571428571428571,1.0,0.0,0.0,0.0,0.0,0.0,0.0,0,Legitimate,train
1353,Drive TLV,https://www.linkedin.com/company/17905426,1.0,41.0,1.0,4.0,9.0,2.0,0.0,0.0,0.0,0.4444444444444444,1.0,0.0,0.0,0.0,0.0,0.0,0.0,0,Legitimate,train
1354,SAUDI AIRLINES,https://www.linkedin.com/company/16886,1.0,38.0,1.0,6.5,14.0,2.0,0.0,0.0,0.0,0.9285714285714286,1.0,0.0,0.0,0.0,0.0,0.0,0.0,0,Legitimate,train
1355,Pfizer Global Health Careers,,0.0,0.0,0.0,6.25,28.0,4.0,0.0,0.0,0.0,0.1428571428571428,1.0,0.0,0.0,3.0,1.0,0.0,0.0,1,Fake_Scam,train
1356,Blue Ridge Community College - Workforce and Continuing Education,https://www.linkedin.com/company/86944876,1.0,41.0,1.0,6.333333333333333,65.0,9.0,0.0,0.0,1.0,0.1076923076923077,1.0,0.0,0.0,0.0,0.0,0.0,0.0,0,Legitimate,train
1357,Stanford University,https://www.linkedin.com/company/1792,1.0,37.0,1.0,9.0,19.0,2.0,0.0,0.0,0.0,0.1052631578947368,1.0,0.0,0.0,0.0,0.0,0.0,0.0,0,Legitimate,train
1358,Girls Who Invest,https://www.linkedin.com/company/11077582,1.0,41.0,1.0,4.666666666666667,16.0,3.0,0.0,0.0,0.0,0.1875,1.0,0.0,0.0,0.0,0.0,0.0,0.0,0,Legitimate,test
1359,KPMG Customer First,https://www.linkedin.com/company/11340578,1.0,41.0,1.0,5.666666666666667,19.0,3.0,0.0,0.0,0.0,0.3157894736842105,1.0,0.0,0.0,0.0,0.0,0.0,0.0,0,Legitimate,train
1360,"Ginkgo Bioworks, Inc.",https://www.linkedin.com/company/2241894,1.0,40.0,1.0,6.333333333333333,21.0,3.0,0.0,0.0,2.0,0.1428571428571428,1.0,0.0,1.0,0.0,0.0,1.0,1.0,0,Legitimate,train
1361,Combs Enterprises,https://www.linkedin.com/company/3942942,1.0,40.0,1.0,8.0,17.0,2.0,0.0,0.0,0.0,0.1176470588235294,1.0,0.0,0.0,0.0,0.0,1.0,1.0,0,Legitimate,train
1362,Brandt Information Services,https://www.linkedin.com/company/138321,1.0,39.0,1.0,8.333333333333334,27.0,3.0,0.0,0.0,0.0,0.1111111111111111,1.0,0.0,0.0,0.0,0.0,0.0,0.0,0,Legitimate,train
1363,Encore: The Interactive Live Music App,https://www.linkedin.com/company/69324711,1.0,41.0,1.0,5.5,38.0,6.0,0.0,0.0,1.0,0.1578947368421052,1.0,0.0,0.0,0.0,0.0,0.0,0.0,0,Legitimate,train
1364,Municipal Bond Women's Forum,https://www.linkedin.com/company/34218834,1.0,41.0,1.0,6.25,28.0,4.0,0.0,0.0,1.0,0.1428571428571428,1.0,0.0,0.0,0.0,0.0,0.0,0.0,0,Legitimate,train
1365,Solomon Page,https://www.linkedin.com/company/14352,1.0,38.0,1.0,5.5,12.0,2.0,0.0,0.0,0.0,0.1666666666666666,1.0,0.0,0.0,0.0,0.0,0.0,0.0,0,Legitimate,train
1366,SciTech DiploHub | Barcelona Science & Technology Diplomacy Hub,https://www.linkedin.com/company/11746245,1.0,41.0,1.0,6.111111111111111,63.0,9.0,0.0,0.0,2.0,0.1428571428571428,1.0,1.0,0.0,1.0,1.0,0.0,0.0,0,Legitimate,test
1367,LinkedIn News Africa,https://www.linkedin.com/company/77173895,1.0,41.0,1.0,6.0,20.0,3.0,0.0,0.0,0.0,0.2,1.0,0.0,0.0,0.0,0.0,0.0,0.0,0,Legitimate,train
1368,Babylist,https://www.linkedin.com/company/2018147,1.0,40.0,1.0,8.0,8.0,1.0,0.0,0.0,0.0,0.125,1.0,0.0,0.0,0.0,0.0,0.0,0.0,0,Legitimate,train
1369,Experts Cafe,https://www.linkedin.com/company/7578595,1.0,40.0,1.0,5.5,12.0,2.0,0.0,0.0,0.0,0.1666666666666666,1.0,0.0,0.0,0.0,0.0,0.0,0.0,0,Legitimate,train
1370,TalentFirst Recruitment Hub,,0.0,0.0,0.0,8.333333333333334,27.0,3.0,0.0,0.0,0.0,0.1481481481481481,1.0,0.0,0.0,3.0,1.0,0.0,0.0,1,Fake_Scam,val
1371,VNEconomics Academy,https://www.linkedin.com/company/74745862,1.0,41.0,1.0,9.0,19.0,2.0,0.0,0.0,0.0,0.2105263157894736,1.0,0.0,0.0,1.0,1.0,0.0,0.0,0,Legitimate,test
1372,Rancho Pescadero,https://www.linkedin.com/company/7941065,1.0,40.0,1.0,7.5,16.0,2.0,0.0,0.0,0.0,0.125,1.0,0.0,0.0,0.0,0.0,0.0,0.0,0,Legitimate,test
1373,Clemson University,https://www.linkedin.com/company/163107,1.0,39.0,1.0,8.5,18.0,2.0,0.0,0.0,0.0,0.1111111111111111,1.0,0.0,0.0,0.0,0.0,0.0,0.0,0,Legitimate,val
1374,"Rogers Towers, P.A.",https://www.linkedin.com/company/121474,1.0,39.0,1.0,5.666666666666667,19.0,3.0,0.0,0.0,3.0,0.2105263157894736,1.0,0.0,1.0,0.0,0.0,0.0,0.0,0,Legitimate,train
1375,Crabe Transition,https://www.linkedin.com/company/86192758,1.0,41.0,1.0,7.5,16.0,2.0,0.0,0.0,0.0,0.125,1.0,0.0,0.0,0.0,0.0,0.0,0.0,0,Legitimate,train
1376,Women in Aviation International,https://www.linkedin.com/company/5931623,1.0,40.0,1.0,7.0,31.0,4.0,0.0,0.0,0.0,0.0967741935483871,1.0,0.0,0.0,0.0,0.0,0.0,0.0,0,Legitimate,test
1377,TheECSSR,https://www.linkedin.com/company/2948124,1.0,40.0,1.0,8.0,8.0,1.0,0.0,0.0,0.0,0.75,1.0,0.0,0.0,0.0,0.0,0.0,0.0,0,Legitimate,train
1378,Marketx Digital LTD,https://www.linkedin.com/company/77735319,1.0,41.0,1.0,5.666666666666667,19.0,3.0,0.0,0.0,0.0,0.2631578947368421,1.0,0.0,0.0,0.0,0.0,1.0,1.0,0,Legitimate,train
1379,Surgnova Healthcare Technologies,https://www.linkedin.com/company/14381509,1.0,41.0,1.0,10.0,32.0,3.0,0.0,0.0,0.0,0.09375,1.0,0.0,0.0,0.0,0.0,0.0,0.0,0,Legitimate,train
1380,Stylish Female Models - Actresses,https://www.linkedin.com/company/86390865,1.0,41.0,1.0,5.8,33.0,5.0,0.0,0.0,1.0,0.1212121212121212,1.0,0.0,0.0,0.0,0.0,0.0,0.0,0,Legitimate,train
1381,EtherVanguard Ventures,,0.0,0.0,0.0,10.5,22.0,2.0,0.0,0.0,0.0,0.1363636363636363,1.0,0.0,0.0,0.0,0.0,1.0,1.0,1,Fake_Scam,train
1382,Georgia Tech Scheller College of Business,https://www.linkedin.com/company/15101154,1.0,41.0,1.0,6.0,41.0,6.0,0.0,0.0,0.0,0.1219512195121951,1.0,0.0,0.0,0.0,0.0,0.0,0.0,0,Legitimate,train
1383,The Associates Global,https://www.linkedin.com/company/3512670,1.0,40.0,1.0,6.333333333333333,21.0,3.0,0.0,0.0,0.0,0.1428571428571428,1.0,0.0,0.0,1.0,1.0,0.0,0.0,0,Legitimate,train
1384,Canyon Associates,https://www.linkedin.com/company/4143946,1.0,40.0,1.0,8.0,17.0,2.0,0.0,0.0,0.0,0.1176470588235294,1.0,0.0,0.0,0.0,0.0,0.0,0.0,0,Legitimate,train
1385,Everytable,https://www.linkedin.com/company/10658065,1.0,41.0,1.0,10.0,10.0,1.0,0.0,0.0,0.0,0.1,1.0,0.0,0.0,0.0,0.0,0.0,0.0,0,Legitimate,val
1386,WCJ Quality Consulting LLC,https://www.linkedin.com/company/77588194,1.0,41.0,1.0,5.75,26.0,4.0,0.0,0.0,0.0,0.3076923076923077,1.0,0.0,0.0,1.0,1.0,1.0,1.0,0,Legitimate,train
1387,𒆜вℓαcк 30♛,https://www.linkedin.com/company/89886675,1.0,41.0,1.0,4.5,10.0,2.0,2.0,1.0,1.0,0.0,0.0,0.0,0.0,0.0,0.0,0.0,0.0,0,Legitimate,train
1388,"Institut National du Sport, de l'Expertise et de la Performance",https://www.linkedin.com/company/936309,1.0,39.0,1.0,5.4,63.0,10.0,0.0,0.0,2.0,0.0793650793650793,1.0,0.0,1.0,0.0,0.0,0.0,0.0,0,Legitimate,train
1389,Insureblocks,https://www.linkedin.com/company/18582086,1.0,41.0,1.0,12.0,12.0,1.0,0.0,0.0,0.0,0.0833333333333333,1.0,0.0,0.0,0.0,0.0,0.0,0.0,0,Legitimate,train
1390,Arekibo - Digital Consultancy,https://www.linkedin.com/company/1717242,1.0,40.0,1.0,6.5,29.0,4.0,0.0,0.0,1.0,0.1034482758620689,1.0,0.0,0.0,1.0,1.0,0.0,0.0,0,Legitimate,train
1391,UN Biodiversity,https://www.linkedin.com/company/2867020,1.0,40.0,1.0,7.0,15.0,2.0,0.0,0.0,0.0,0.2,1.0,0.0,0.0,0.0,0.0,0.0,0.0,0,Legitimate,train
1392,PwC,https://www.linkedin.com/company/1044,1.0,37.0,1.0,3.0,3.0,1.0,0.0,0.0,0.0,0.6666666666666666,1.0,0.0,0.0,0.0,0.0,0.0,0.0,0,Legitimate,train
1393,Rensselaer Polytechnic Institute,https://www.linkedin.com/company/6060,1.0,37.0,1.0,10.0,32.0,3.0,0.0,0.0,0.0,0.09375,1.0,0.0,0.0,0.0,0.0,0.0,0.0,0,Legitimate,train
1394,EcoCart,https://www.linkedin.com/company/37245042,1.0,41.0,1.0,7.0,7.0,1.0,0.0,0.0,0.0,0.2857142857142857,1.0,0.0,0.0,0.0,0.0,0.0,0.0,0,Legitimate,train
1395,Virginia Early Childhood Foundation,https://www.linkedin.com/company/1121157,1.0,40.0,1.0,8.0,35.0,4.0,0.0,0.0,0.0,0.1142857142857142,1.0,0.0,0.0,0.0,0.0,0.0,0.0,0,Legitimate,train
1396,温州精密互感器制造公司,https://www.linkedin.com/company/30321148,1.0,41.0,1.0,11.0,11.0,1.0,0.0,0.0,0.0,0.0,0.0,0.0,0.0,0.0,0.0,0.0,0.0,0,Legitimate,train
1397,Coco Beauty Inc,https://www.linkedin.com/company/4550844,1.0,40.0,1.0,4.333333333333333,15.0,3.0,0.0,0.0,0.0,0.2,1.0,0.0,0.0,0.0,0.0,1.0,1.0,0,Legitimate,train
1398,Virginia Artesian Bottling Company,https://www.linkedin.com/company/1697075,1.0,40.0,1.0,7.75,34.0,4.0,0.0,0.0,0.0,0.1176470588235294,1.0,0.0,0.0,0.0,0.0,1.0,1.0,0,Legitimate,train
1399,Resolvit,https://www.linkedin.com/company/18669,1.0,38.0,1.0,8.0,8.0,1.0,0.0,0.0,0.0,0.125,1.0,0.0,0.0,0.0,0.0,0.0,0.0,0,Legitimate,train
1400,Oceanic Freight Consolidation,,0.0,0.0,0.0,9.0,29.0,3.0,0.0,0.0,0.0,0.1034482758620689,1.0,0.0,0.0,1.0,1.0,0.0,0.0,1,Fake_Scam,train
1401,Benafica,https://www.linkedin.com/company/18636795,1.0,41.0,1.0,8.0,8.0,1.0,0.0,0.0,0.0,0.125,1.0,0.0,0.0,0.0,0.0,0.0,0.0,0,Legitimate,train
1402,"Cloudely, Inc",https://www.linkedin.com/company/3579211,1.0,40.0,1.0,6.0,13.0,2.0,0.0,0.0,1.0,0.1538461538461538,1.0,0.0,1.0,0.0,0.0,1.0,1.0,0,Legitimate,test
1403,Soothsayer Analytics,https://www.linkedin.com/company/3834678,1.0,40.0,1.0,9.5,20.0,2.0,0.0,0.0,0.0,0.1,1.0,0.0,0.0,0.0,0.0,0.0,0.0,0,Legitimate,val
1404,Bradley University,https://www.linkedin.com/company/18140,1.0,38.0,1.0,8.5,18.0,2.0,0.0,0.0,0.0,0.1111111111111111,1.0,0.0,0.0,0.0,0.0,0.0,0.0,0,Legitimate,test
1405,"Palm Coast Staffing, LLC",https://www.linkedin.com/company/87147427,1.0,41.0,1.0,5.25,24.0,4.0,0.0,0.0,1.0,0.25,1.0,0.0,1.0,1.0,1.0,1.0,1.0,0,Legitimate,train
1406,BD,https://www.linkedin.com/company/3102,1.0,37.0,1.0,2.0,2.0,1.0,0.0,0.0,0.0,1.0,1.0,0.0,0.0,0.0,0.0,0.0,0.0,0,Legitimate,train
1407,Frankfurt School of Finance & Management,https://www.linkedin.com/company/730179,1.0,39.0,1.0,5.833333333333333,40.0,6.0,0.0,0.0,1.0,0.1,1.0,1.0,0.0,0.0,0.0,0.0,0.0,0,Legitimate,train
1408,8thGear Hub,https://www.linkedin.com/company/68202045,1.0,41.0,1.0,5.0,11.0,2.0,1.0,1.0,0.0,0.1818181818181818,1.0,0.0,0.0,1.0,1.0,0.0,0.0,0,Legitimate,val
1409,Helion,https://www.linkedin.com/company/3051270,1.0,40.0,1.0,6.0,6.0,1.0,0.0,0.0,0.0,0.1666666666666666,1.0,0.0,0.0,0.0,0.0,0.0,0.0,0,Legitimate,train
1410,"King Ranch, Inc.",https://www.linkedin.com/company/10827206,1.0,41.0,1.0,4.666666666666667,16.0,3.0,0.0,0.0,2.0,0.1875,1.0,0.0,1.0,0.0,0.0,1.0,1.0,0,Legitimate,train
1411,河南素颜堂化妆品有限公司,https://www.linkedin.com/company/29628404,1.0,41.0,1.0,12.0,12.0,1.0,0.0,0.0,0.0,0.0,0.0,0.0,0.0,0.0,0.0,0.0,0.0,0,Legitimate,test
1412,Ameren,https://www.linkedin.com/company/9643,1.0,37.0,1.0,6.0,6.0,1.0,0.0,0.0,0.0,0.1666666666666666,1.0,0.0,0.0,0.0,0.0,0.0,0.0,0,Legitimate,test
1413,Teacher Created Materials,https://www.linkedin.com/company/56799,1.0,38.0,1.0,7.666666666666667,25.0,3.0,0.0,0.0,0.0,0.12,1.0,0.0,0.0,0.0,0.0,0.0,0.0,0,Legitimate,test
1414,Zhejiang University,https://www.linkedin.com/company/24531,1.0,38.0,1.0,9.0,19.0,2.0,0.0,0.0,0.0,0.1052631578947368,1.0,0.0,0.0,0.0,0.0,0.0,0.0,0,Legitimate,train
1415,Crypto Climate Accord,https://www.linkedin.com/company/76809516,1.0,41.0,1.0,6.333333333333333,21.0,3.0,0.0,0.0,0.0,0.1428571428571428,1.0,0.0,0.0,1.0,1.0,0.0,0.0,0,Legitimate,train
1416,National PKU Alliance,https://www.linkedin.com/company/24983748,1.0,41.0,1.0,6.333333333333333,21.0,3.0,0.0,0.0,0.0,0.238095238095238,1.0,0.0,0.0,0.0,0.0,0.0,0.0,0,Legitimate,train
1417,Bella Virtu Organics,https://www.linkedin.com/company/71856582,1.0,41.0,1.0,6.0,20.0,3.0,0.0,0.0,0.0,0.15,1.0,0.0,0.0,0.0,0.0,0.0,0.0,0,Legitimate,train
1418,LinkedIn for Nonprofits,https://www.linkedin.com/company/70260066,1.0,41.0,1.0,7.0,23.0,3.0,0.0,0.0,0.0,0.1304347826086956,1.0,0.0,0.0,0.0,0.0,0.0,0.0,0,Legitimate,train
1419,BBC News,https://www.linkedin.com/company/1765,1.0,37.0,1.0,3.5,8.0,2.0,0.0,0.0,0.0,0.5,1.0,0.0,0.0,0.0,0.0,0.0,0.0,0,Legitimate,train
1420,VICE Media,https://www.linkedin.com/company/61212,1.0,38.0,1.0,4.5,10.0,2.0,0.0,0.0,0.0,0.5,1.0,0.0,0.0,0.0,0.0,0.0,0.0,0,Legitimate,train
1421,Brainstorm Strategies,https://www.linkedin.com/company/82673214,1.0,41.0,1.0,10.0,21.0,2.0,0.0,0.0,0.0,0.0952380952380952,1.0,0.0,0.0,0.0,0.0,0.0,0.0,0,Legitimate,train
1422,OAK THEORY,https://www.linkedin.com/company/64940900,1.0,41.0,1.0,4.5,10.0,2.0,0.0,0.0,0.0,0.9,1.0,0.0,0.0,0.0,0.0,0.0,0.0,0,Legitimate,val
1423,Minim,https://www.linkedin.com/company/24429928,1.0,41.0,1.0,5.0,5.0,1.0,0.0,0.0,0.0,0.2,1.0,0.0,0.0,0.0,0.0,0.0,0.0,0,Legitimate,train
1424,Seated,https://www.linkedin.com/company/6392111,1.0,40.0,1.0,6.0,6.0,1.0,0.0,0.0,0.0,0.1666666666666666,1.0,0.0,0.0,0.0,0.0,0.0,0.0,0,Legitimate,train
1425,Polkadot Parachain Foundation,,0.0,0.0,0.0,9.0,29.0,3.0,0.0,0.0,0.0,0.1034482758620689,1.0,0.0,0.0,0.0,0.0,0.0,0.0,1,Fake_Scam,train
1426,Atticus,https://www.linkedin.com/company/18473993,1.0,41.0,1.0,7.0,7.0,1.0,0.0,0.0,0.0,0.1428571428571428,1.0,0.0,0.0,0.0,0.0,0.0,0.0,0,Legitimate,test
1427,NextEra Analytics,https://www.linkedin.com/company/12648279,1.0,41.0,1.0,8.0,17.0,2.0,0.0,0.0,0.0,0.1764705882352941,1.0,0.0,0.0,0.0,0.0,0.0,0.0,0,Legitimate,train
1428,Benefits Canada,https://www.linkedin.com/company/28145597,1.0,41.0,1.0,7.0,15.0,2.0,0.0,0.0,0.0,0.1333333333333333,1.0,0.0,0.0,0.0,0.0,0.0,0.0,0,Legitimate,val
1429,Green Roads,https://www.linkedin.com/company/27246884,1.0,41.0,1.0,5.0,11.0,2.0,0.0,0.0,0.0,0.1818181818181818,1.0,0.0,0.0,0.0,0.0,0.0,0.0,0,Legitimate,test
1430,Infor,https://www.linkedin.com/company/1711,1.0,37.0,1.0,5.0,5.0,1.0,0.0,0.0,0.0,0.2,1.0,0.0,0.0,0.0,0.0,0.0,0.0,0,Legitimate,train
1431,Korn Ferry,https://www.linkedin.com/company/3741,1.0,37.0,1.0,4.5,10.0,2.0,0.0,0.0,0.0,0.2,1.0,0.0,0.0,0.0,0.0,0.0,0.0,0,Legitimate,train
1432,Gilt,https://www.linkedin.com/company/167354,1.0,39.0,1.0,4.0,4.0,1.0,0.0,0.0,0.0,0.25,1.0,0.0,0.0,0.0,0.0,0.0,0.0,0,Legitimate,train
1433,Houston Maker Hub,https://www.linkedin.com/company/65269825,1.0,41.0,1.0,5.0,17.0,3.0,0.0,0.0,0.0,0.1764705882352941,1.0,0.0,0.0,1.0,1.0,0.0,0.0,0,Legitimate,train
1434,Ludmer Law,https://www.linkedin.com/company/35707801,1.0,41.0,1.0,4.5,10.0,2.0,0.0,0.0,0.0,0.2,1.0,0.0,0.0,0.0,0.0,0.0,0.0,0,Legitimate,train
1435,AuditPartners,https://www.linkedin.com/company/81957885,1.0,41.0,1.0,13.0,13.0,1.0,0.0,0.0,0.0,0.1538461538461538,1.0,0.0,0.0,0.0,0.0,0.0,0.0,0,Legitimate,train
1436,Frosty,https://www.linkedin.com/company/77602379,1.0,41.0,1.0,6.0,6.0,1.0,0.0,0.0,0.0,0.1666666666666666,1.0,0.0,0.0,0.0,0.0,0.0,0.0,0,Legitimate,train
1437,The BAM Companies,https://www.linkedin.com/company/3681051,1.0,40.0,1.0,5.0,17.0,3.0,0.0,0.0,0.0,0.2941176470588235,1.0,0.0,0.0,0.0,0.0,0.0,0.0,0,Legitimate,train
1438,Innovation Women,https://www.linkedin.com/company/10256306,1.0,41.0,1.0,7.5,16.0,2.0,0.0,0.0,0.0,0.125,1.0,0.0,0.0,0.0,0.0,0.0,0.0,0,Legitimate,train
1439,SSH Design,https://www.linkedin.com/company/463105,1.0,39.0,1.0,4.5,10.0,2.0,0.0,0.0,0.0,0.4,1.0,0.0,0.0,0.0,0.0,0.0,0.0,0,Legitimate,train
1440,Tempus Delay Analysis LLP,https://www.linkedin.com/company/2776999,1.0,40.0,1.0,5.5,25.0,4.0,0.0,0.0,0.0,0.24,1.0,0.0,0.0,0.0,0.0,0.0,0.0,0,Legitimate,train
1441,Atlantis Medical Wellness Center,https://www.linkedin.com/company/80186250,1.0,41.0,1.0,7.25,32.0,4.0,0.0,0.0,0.0,0.125,1.0,0.0,0.0,0.0,0.0,0.0,0.0,0,Legitimate,train
1442,"USC Dornsife College of Letters, Arts and Sciences",https://www.linkedin.com/company/18774020,1.0,41.0,1.0,5.375,50.0,8.0,0.0,0.0,1.0,0.16,1.0,0.0,1.0,0.0,0.0,0.0,0.0,0,Legitimate,train
1443,Social Good Connect,https://www.linkedin.com/company/37473958,1.0,41.0,1.0,5.666666666666667,19.0,3.0,0.0,0.0,0.0,0.1578947368421052,1.0,0.0,0.0,0.0,0.0,0.0,0.0,0,Legitimate,train
1444,McNeelyLaw LLP,https://www.linkedin.com/company/65003499,1.0,41.0,1.0,6.5,14.0,2.0,0.0,0.0,0.0,0.4285714285714285,1.0,0.0,0.0,0.0,0.0,0.0,0.0,0,Legitimate,val
1445,Chase,https://www.linkedin.com/company/163001,1.0,39.0,1.0,5.0,5.0,1.0,0.0,0.0,0.0,0.2,1.0,0.0,0.0,0.0,0.0,0.0,0.0,0,Legitimate,test
1446,CISO Network,https://www.linkedin.com/company/3652766,1.0,40.0,1.0,5.5,12.0,2.0,0.0,0.0,0.0,0.4166666666666667,1.0,0.0,0.0,0.0,0.0,0.0,0.0,0,Legitimate,test
1447,London Terrariums Studio Ltd,https://www.linkedin.com/company/42102819,1.0,41.0,1.0,6.25,28.0,4.0,0.0,0.0,0.0,0.1428571428571428,1.0,0.0,0.0,0.0,0.0,1.0,1.0,0,Legitimate,train
1448,Sustainalytics,https://www.linkedin.com/company/295390,1.0,39.0,1.0,14.0,14.0,1.0,0.0,0.0,0.0,0.0714285714285714,1.0,0.0,0.0,0.0,0.0,0.0,0.0,0,Legitimate,train
1449,German Aerospace Center (DLR),https://www.linkedin.com/company/163473,1.0,39.0,1.0,6.5,29.0,4.0,0.0,0.0,2.0,0.2068965517241379,1.0,0.0,0.0,0.0,0.0,0.0,0.0,0,Legitimate,train
1450,TCS Business & Technology Services,https://www.linkedin.com/company/10046180,1.0,41.0,1.0,6.0,34.0,5.0,0.0,0.0,1.0,0.1764705882352941,1.0,1.0,0.0,0.0,0.0,0.0,0.0,0,Legitimate,train
1451,DomainTools,https://www.linkedin.com/company/735223,1.0,39.0,1.0,11.0,11.0,1.0,0.0,0.0,0.0,0.1818181818181818,1.0,0.0,0.0,0.0,0.0,0.0,0.0,0,Legitimate,train
1452,Salisbury University - Perdue School of Business,https://www.linkedin.com/company/15100304,1.0,41.0,1.0,6.0,48.0,7.0,0.0,0.0,1.0,0.1041666666666666,1.0,0.0,0.0,0.0,0.0,0.0,0.0,0,Legitimate,test
1453,XtraAdvice,https://www.linkedin.com/company/15813687,1.0,41.0,1.0,10.0,10.0,1.0,0.0,0.0,0.0,0.2,1.0,0.0,0.0,0.0,0.0,0.0,0.0,0,Legitimate,train
1454,Lawgeex,https://www.linkedin.com/company/9435398,1.0,40.0,1.0,7.0,7.0,1.0,0.0,0.0,0.0,0.1428571428571428,1.0,0.0,0.0,0.0,0.0,0.0,0.0,0,Legitimate,train
1455,"Guangzhou Aowangda Leather Product Co., Ltd.",https://www.linkedin.com/company/41779136,1.0,41.0,1.0,6.5,44.0,6.0,0.0,0.0,3.0,0.1363636363636363,1.0,0.0,1.0,0.0,0.0,2.0,1.0,0,Legitimate,train
1456,Vietnam Blockchain Summit,https://www.linkedin.com/company/81816352,1.0,41.0,1.0,7.666666666666667,25.0,3.0,0.0,0.0,0.0,0.12,1.0,0.0,0.0,0.0,0.0,0.0,0.0,0,Legitimate,train
1457,National Italian American Foundation,https://www.linkedin.com/company/118456,1.0,39.0,1.0,8.25,36.0,4.0,0.0,0.0,0.0,0.1111111111111111,1.0,0.0,0.0,0.0,0.0,0.0,0.0,0,Legitimate,train
1458,Shopping Mall,https://www.linkedin.com/company/14566044,1.0,41.0,1.0,6.0,13.0,2.0,0.0,0.0,0.0,0.1538461538461538,1.0,0.0,0.0,0.0,0.0,0.0,0.0,0,Legitimate,train
1459,Agência Nacional de Mineração - ANM,https://www.linkedin.com/company/35696993,1.0,41.0,1.0,5.0,35.0,6.0,0.0,0.0,1.0,0.1714285714285714,0.0,0.0,0.0,0.0,0.0,0.0,0.0,0,Legitimate,test
1460,News Corp,https://www.linkedin.com/company/5025,1.0,37.0,1.0,4.0,9.0,2.0,0.0,0.0,0.0,0.2222222222222222,1.0,0.0,0.0,0.0,0.0,1.0,1.0,0,Legitimate,val
1461,Inexture Solutions,https://www.linkedin.com/company/9400239,1.0,40.0,1.0,8.5,18.0,2.0,0.0,0.0,0.0,0.1111111111111111,1.0,0.0,0.0,0.0,0.0,1.0,1.0,0,Legitimate,train
1462,Eurostar,https://www.linkedin.com/company/163727,1.0,39.0,1.0,8.0,8.0,1.0,0.0,0.0,0.0,0.125,1.0,0.0,0.0,0.0,0.0,0.0,0.0,0,Legitimate,train
1463,Husky Intelligence North America,https://www.linkedin.com/company/2930671,1.0,40.0,1.0,7.25,32.0,4.0,0.0,0.0,0.0,0.125,1.0,0.0,0.0,0.0,0.0,0.0,0.0,0,Legitimate,val
1464,OPEX Week: Business Transformation World Summit,https://www.linkedin.com/company/33247602,1.0,41.0,1.0,7.0,47.0,6.0,0.0,0.0,1.0,0.1914893617021276,1.0,0.0,0.0,0.0,0.0,0.0,0.0,0,Legitimate,test
1465,Together / Ambev,https://www.linkedin.com/company/73412394,1.0,41.0,1.0,4.666666666666667,16.0,3.0,0.0,0.0,1.0,0.125,1.0,0.0,0.0,0.0,0.0,0.0,0.0,0,Legitimate,test
1466,Accelerating Leadership,https://www.linkedin.com/company/65624190,1.0,41.0,1.0,11.0,23.0,2.0,0.0,0.0,0.0,0.0869565217391304,1.0,0.0,0.0,0.0,0.0,0.0,0.0,0,Legitimate,test
1467,Newcastle University,https://www.linkedin.com/company/165179,1.0,39.0,1.0,9.5,20.0,2.0,0.0,0.0,0.0,0.1,1.0,0.0,0.0,0.0,0.0,0.0,0.0,0,Legitimate,train
1468,GOOD AMERICAN,https://www.linkedin.com/company/15183489,1.0,41.0,1.0,6.0,13.0,2.0,0.0,0.0,0.0,0.9230769230769232,1.0,0.0,0.0,0.0,0.0,0.0,0.0,0,Legitimate,train
1469,Air Liquide,https://www.linkedin.com/company/3818,1.0,37.0,1.0,5.0,11.0,2.0,0.0,0.0,0.0,0.1818181818181818,1.0,0.0,0.0,0.0,0.0,0.0,0.0,0,Legitimate,train
1470,Pedal Pub Fayetteville,https://www.linkedin.com/company/78418296,1.0,41.0,1.0,6.666666666666667,22.0,3.0,0.0,0.0,0.0,0.1363636363636363,1.0,0.0,0.0,0.0,0.0,0.0,0.0,0,Legitimate,train
1471,Idelic,https://www.linkedin.com/company/12899484,1.0,41.0,1.0,6.0,6.0,1.0,0.0,0.0,0.0,0.1666666666666666,1.0,0.0,0.0,0.0,0.0,0.0,0.0,0,Legitimate,train
1472,Enterprise Community Partners,https://www.linkedin.com/company/26072,1.0,38.0,1.0,9.0,29.0,3.0,0.0,0.0,0.0,0.1034482758620689,1.0,0.0,0.0,0.0,0.0,1.0,1.0,0,Legitimate,test
1473,UWC Atlantic College,https://www.linkedin.com/company/15101054,1.0,41.0,1.0,6.0,20.0,3.0,0.0,0.0,0.0,0.25,1.0,0.0,0.0,0.0,0.0,0.0,0.0,0,Legitimate,train
1474,Barnsley Council,https://www.linkedin.com/company/62365,1.0,38.0,1.0,7.5,16.0,2.0,0.0,0.0,0.0,0.125,1.0,0.0,0.0,0.0,0.0,0.0,0.0,0,Legitimate,test
1475,Mursion,https://www.linkedin.com/company/6414748,1.0,40.0,1.0,7.0,7.0,1.0,0.0,0.0,0.0,0.1428571428571428,1.0,0.0,0.0,0.0,0.0,0.0,0.0,0,Legitimate,train
1476,Mercedes-Benz USA,https://www.linkedin.com/company/164934,1.0,39.0,1.0,8.0,17.0,2.0,0.0,0.0,1.0,0.2941176470588235,1.0,0.0,0.0,0.0,0.0,0.0,0.0,0,Legitimate,test
1477,NAMI Maryland,https://www.linkedin.com/company/3283571,1.0,40.0,1.0,6.0,13.0,2.0,0.0,0.0,0.0,0.3846153846153846,1.0,0.0,0.0,0.0,0.0,0.0,0.0,0,Legitimate,train
1478,Avalanche Avalanche Nodes Lab,,0.0,0.0,0.0,6.5,29.0,4.0,0.0,0.0,0.0,0.1379310344827586,1.0,0.0,0.0,0.0,0.0,0.0,0.0,1,Fake_Scam,val
1479,REAL GOLD,https://www.linkedin.com/company/35505388,1.0,41.0,1.0,4.0,9.0,2.0,0.0,0.0,0.0,0.8888888888888888,1.0,0.0,0.0,0.0,0.0,0.0,0.0,0,Legitimate,train
1480,Westpac,https://www.linkedin.com/company/3597,1.0,37.0,1.0,7.0,7.0,1.0,0.0,0.0,0.0,0.1428571428571428,1.0,0.0,0.0,0.0,0.0,0.0,0.0,0,Legitimate,train
1481,National Institute of Design (NID) Ahmedabad,https://www.linkedin.com/company/29480,1.0,38.0,1.0,6.5,44.0,6.0,0.0,0.0,2.0,0.1590909090909091,1.0,0.0,0.0,0.0,0.0,0.0,0.0,0,Legitimate,test
1482,Broadbean Technology,https://www.linkedin.com/company/88025,1.0,38.0,1.0,9.5,20.0,2.0,0.0,0.0,0.0,0.1,1.0,0.0,0.0,0.0,0.0,0.0,0.0,0,Legitimate,train
1483,Motive: A Project WorldWide Agency,https://www.linkedin.com/company/2974768,1.0,40.0,1.0,6.0,34.0,5.0,0.0,0.0,1.0,0.1764705882352941,1.0,0.0,0.0,0.0,0.0,0.0,0.0,0,Legitimate,val
1484,"Green Courte Partners, LLC",https://www.linkedin.com/company/672862,1.0,39.0,1.0,5.75,26.0,4.0,0.0,0.0,1.0,0.2307692307692307,1.0,0.0,1.0,0.0,0.0,2.0,1.0,0,Legitimate,train
1485,"Modigie, Inc.",https://www.linkedin.com/company/33298403,1.0,41.0,1.0,6.0,13.0,2.0,0.0,0.0,2.0,0.1538461538461538,1.0,0.0,1.0,0.0,0.0,1.0,1.0,0,Legitimate,test
1486,Strategic Sustainability Consulting,https://www.linkedin.com/company/250581,1.0,39.0,1.0,11.0,35.0,3.0,0.0,0.0,0.0,0.0857142857142857,1.0,0.0,0.0,1.0,1.0,0.0,0.0,0,Legitimate,val
1487,Lafayette Economic Development Authority (LEDA),https://www.linkedin.com/company/91893,1.0,38.0,1.0,8.6,47.0,5.0,0.0,0.0,2.0,0.1702127659574468,1.0,0.0,0.0,0.0,0.0,0.0,0.0,0,Legitimate,train
1488,The Michael J. Fox Foundation for Parkinson's Research,https://www.linkedin.com/company/78411,1.0,38.0,1.0,5.875,54.0,8.0,0.0,0.0,2.0,0.1296296296296296,1.0,0.0,0.0,0.0,0.0,0.0,0.0,0,Legitimate,train
1489,Acenda Integrated Health,https://www.linkedin.com/company/40711210,1.0,41.0,1.0,7.333333333333333,24.0,3.0,0.0,0.0,0.0,0.125,1.0,0.0,0.0,0.0,0.0,0.0,0.0,0,Legitimate,val
1490,Financial Technology & Cybersecurity Center,https://www.linkedin.com/company/79439648,1.0,41.0,1.0,7.8,43.0,5.0,0.0,0.0,1.0,0.0930232558139534,1.0,1.0,0.0,0.0,0.0,0.0,0.0,0,Legitimate,test
1491,98Strong,https://www.linkedin.com/company/78618275,1.0,41.0,1.0,8.0,8.0,1.0,2.0,1.0,0.0,0.125,1.0,0.0,0.0,0.0,0.0,0.0,0.0,0,Legitimate,test
1492,Appleton Creative,https://www.linkedin.com/company/1122010,1.0,40.0,1.0,8.0,17.0,2.0,0.0,0.0,0.0,0.1176470588235294,1.0,0.0,0.0,0.0,0.0,0.0,0.0,0,Legitimate,train
1493,Harry Winston,https://www.linkedin.com/company/164129,1.0,39.0,1.0,6.0,13.0,2.0,0.0,0.0,0.0,0.1538461538461538,1.0,0.0,0.0,0.0,0.0,0.0,0.0,0,Legitimate,train
1494,Tokio Marine HCC,https://www.linkedin.com/company/1000415,1.0,40.0,1.0,4.666666666666667,16.0,3.0,0.0,0.0,0.0,0.3125,1.0,0.0,0.0,0.0,0.0,0.0,0.0,0,Legitimate,train
1495,Hawthorne Residential Partners,https://www.linkedin.com/company/1283753,1.0,40.0,1.0,9.333333333333334,30.0,3.0,0.0,0.0,0.0,0.1,1.0,0.0,0.0,0.0,0.0,1.0,1.0,0,Legitimate,train
1496,Taylor Wimpey plc,https://www.linkedin.com/company/7979,1.0,37.0,1.0,5.0,17.0,3.0,0.0,0.0,0.0,0.1176470588235294,1.0,0.0,0.0,0.0,0.0,1.0,1.0,0,Legitimate,val
1497,nikio,https://www.linkedin.com/company/86865945,1.0,41.0,1.0,5.0,5.0,1.0,0.0,0.0,0.0,0.0,1.0,0.0,0.0,0.0,0.0,0.0,0.0,0,Legitimate,train
1498,KIKICHIC,https://www.linkedin.com/company/14841819,1.0,41.0,1.0,8.0,8.0,1.0,0.0,0.0,0.0,1.0,1.0,0.0,0.0,0.0,0.0,0.0,0.0,0,Legitimate,val
1499,Collaborative Fund,https://www.linkedin.com/company/2503025,1.0,40.0,1.0,8.5,18.0,2.0,0.0,0.0,0.0,0.1111111111111111,1.0,0.0,0.0,0.0,0.0,0.0,0.0,0,Legitimate,train
1500,Equitas Investimentos,https://www.linkedin.com/company/13019708,1.0,41.0,1.0,10.0,21.0,2.0,0.0,0.0,0.0,0.0952380952380952,1.0,0.0,0.0,0.0,0.0,0.0,0.0,0,Legitimate,val
1501,Groupe TF1,https://www.linkedin.com/company/6240,1.0,37.0,1.0,4.5,10.0,2.0,1.0,1.0,0.0,0.3,1.0,0.0,0.0,0.0,0.0,0.0,0.0,0,Legitimate,train
1502,Paragon One,https://www.linkedin.com/company/4446262,1.0,40.0,1.0,5.0,11.0,2.0,0.0,0.0,0.0,0.1818181818181818,1.0,0.0,0.0,0.0,0.0,0.0,0.0,0,Legitimate,val
1503,BIT Capital,https://www.linkedin.com/company/14807490,1.0,41.0,1.0,5.0,11.0,2.0,0.0,0.0,0.0,0.3636363636363636,1.0,0.0,0.0,1.0,1.0,0.0,0.0,0,Legitimate,train
1504,Stop & Shop,https://www.linkedin.com/company/3143,1.0,37.0,1.0,3.0,11.0,3.0,0.0,0.0,1.0,0.1818181818181818,1.0,1.0,0.0,0.0,0.0,0.0,0.0,0,Legitimate,val
1505,Kumon UK,https://www.linkedin.com/company/728173,1.0,39.0,1.0,3.5,8.0,2.0,0.0,0.0,0.0,0.375,1.0,0.0,0.0,0.0,0.0,0.0,0.0,0,Legitimate,val
1506,Chain IQ Group AG,https://www.linkedin.com/company/5100724,1.0,40.0,1.0,3.5,17.0,4.0,0.0,0.0,0.0,0.3529411764705882,1.0,0.0,0.0,0.0,0.0,1.0,1.0,0,Legitimate,train
1507,Alnylam Pharmaceuticals,https://www.linkedin.com/company/48171,1.0,38.0,1.0,11.0,23.0,2.0,0.0,0.0,0.0,0.0869565217391304,1.0,0.0,0.0,0.0,0.0,0.0,0.0,0,Legitimate,test
1508,Ter Molen Watkins & Brandt,https://www.linkedin.com/company/2968263,1.0,40.0,1.0,4.4,26.0,5.0,0.0,0.0,1.0,0.1538461538461538,1.0,1.0,0.0,0.0,0.0,0.0,0.0,0,Legitimate,train
1509,Phonak Canada,https://www.linkedin.com/company/65325134,1.0,41.0,1.0,6.0,13.0,2.0,0.0,0.0,0.0,0.1538461538461538,1.0,0.0,0.0,0.0,0.0,0.0,0.0,0,Legitimate,test
1510,Riot Games,https://www.linkedin.com/company/60870,1.0,38.0,1.0,4.5,10.0,2.0,0.0,0.0,0.0,0.2,1.0,0.0,0.0,0.0,0.0,0.0,0.0,0,Legitimate,train
1511,PPR Australia and New Zealand,https://www.linkedin.com/company/242821,1.0,39.0,1.0,5.0,29.0,5.0,0.0,0.0,0.0,0.2068965517241379,1.0,0.0,0.0,0.0,0.0,0.0,0.0,0,Legitimate,train
1512,University of Florida - Warrington College of Business,https://www.linkedin.com/company/7974417,1.0,40.0,1.0,5.875,54.0,8.0,0.0,0.0,1.0,0.0925925925925925,1.0,0.0,0.0,0.0,0.0,0.0,0.0,0,Legitimate,train
1513,UNG Beta Alpha Psi - Nu Gamma Chapter,https://www.linkedin.com/company/24785925,1.0,41.0,1.0,3.75,37.0,8.0,0.0,0.0,1.0,0.2432432432432432,1.0,0.0,0.0,0.0,0.0,0.0,0.0,0,Legitimate,train
1514,Zipp Mobility,https://www.linkedin.com/company/26190225,1.0,41.0,1.0,6.0,13.0,2.0,0.0,0.0,0.0,0.1538461538461538,1.0,0.0,0.0,0.0,0.0,0.0,0.0,0,Legitimate,train
1515,"Custom Pipe & Fabrication, Inc.",https://www.linkedin.com/company/33276376,1.0,41.0,1.0,5.4,31.0,5.0,0.0,0.0,3.0,0.1290322580645161,1.0,1.0,1.0,0.0,0.0,1.0,1.0,0,Legitimate,val
1516,Winning Women Series,https://www.linkedin.com/company/35453959,1.0,41.0,1.0,6.0,20.0,3.0,0.0,0.0,0.0,0.15,1.0,0.0,0.0,0.0,0.0,0.0,0.0,0,Legitimate,test
1517,CNA Insurance,https://www.linkedin.com/company/3246,1.0,37.0,1.0,6.0,13.0,2.0,0.0,0.0,0.0,0.3076923076923077,1.0,0.0,0.0,0.0,0.0,0.0,0.0,0,Legitimate,val
1518,Harvard Business Review Türkiye,https://www.linkedin.com/company/2623858,1.0,40.0,1.0,7.0,31.0,4.0,0.0,0.0,0.0,0.1290322580645161,0.0,0.0,0.0,0.0,0.0,0.0,0.0,0,Legitimate,train
1519,Fox Interactive Media,https://www.linkedin.com/company/2073,1.0,37.0,1.0,6.333333333333333,21.0,3.0,0.0,0.0,0.0,0.1428571428571428,1.0,0.0,0.0,0.0,0.0,0.0,0.0,0,Legitimate,test
1520,Maisonette,https://www.linkedin.com/company/11003766,1.0,41.0,1.0,10.0,10.0,1.0,0.0,0.0,0.0,0.1,1.0,0.0,0.0,0.0,0.0,0.0,0.0,0,Legitimate,train
1521,徐州火铺广告传媒有限公司,https://www.linkedin.com/company/32515898,1.0,41.0,1.0,12.0,12.0,1.0,0.0,0.0,0.0,0.0,0.0,0.0,0.0,0.0,0.0,0.0,0.0,0,Legitimate,val
1522,Embry-Riddle Aeronautical University,https://www.linkedin.com/company/9405,1.0,37.0,1.0,11.333333333333334,36.0,3.0,0.0,0.0,1.0,0.1111111111111111,1.0,0.0,0.0,0.0,0.0,0.0,0.0,0,Legitimate,test
1523,The Career Foundation,https://www.linkedin.com/company/65531,1.0,38.0,1.0,6.333333333333333,21.0,3.0,0.0,0.0,0.0,0.1428571428571428,1.0,0.0,0.0,1.0,1.0,0.0,0.0,0,Legitimate,train
1524,Legacy Youth Sports Of Florida,https://www.linkedin.com/company/24780377,1.0,41.0,1.0,5.2,30.0,5.0,0.0,0.0,0.0,0.1666666666666666,1.0,0.0,0.0,0.0,0.0,0.0,0.0,0,Legitimate,train
1525,EFI,https://www.linkedin.com/company/4303,1.0,37.0,1.0,3.0,3.0,1.0,0.0,0.0,0.0,1.0,1.0,0.0,0.0,0.0,0.0,0.0,0.0,0,Legitimate,train
1526,Procter & Gamble,https://www.linkedin.com/company/1116,1.0,37.0,1.0,4.666666666666667,16.0,3.0,0.0,0.0,1.0,0.125,1.0,1.0,0.0,0.0,0.0,0.0,0.0,0,Legitimate,val
1527,"Julius Wealth Advisors, LLC",https://www.linkedin.com/company/76526831,1.0,41.0,1.0,6.0,27.0,4.0,0.0,0.0,1.0,0.2222222222222222,1.0,0.0,1.0,0.0,0.0,1.0,1.0,0,Legitimate,train
1528,Regenesys-io,https://www.linkedin.com/company/88678889,1.0,41.0,1.0,12.0,12.0,1.0,0.0,0.0,1.0,0.0833333333333333,1.0,0.0,0.0,0.0,0.0,0.0,0.0,0,Legitimate,val
1529,Quantum Leap Biotech Labs,,0.0,0.0,0.0,5.5,25.0,4.0,0.0,0.0,0.0,0.16,1.0,0.0,0.0,0.0,0.0,1.0,1.0,1,Fake_Scam,test
1530,HRS agency,https://www.linkedin.com/company/37533103,1.0,41.0,1.0,4.5,10.0,2.0,0.0,0.0,0.0,0.3,1.0,0.0,0.0,0.0,0.0,0.0,0.0,0,Legitimate,test
1531,Karrikins Group,https://www.linkedin.com/company/1085129,1.0,40.0,1.0,7.0,15.0,2.0,0.0,0.0,0.0,0.1333333333333333,1.0,0.0,0.0,0.0,0.0,1.0,1.0,0,Legitimate,train
1532,1Path,https://www.linkedin.com/company/841735,1.0,39.0,1.0,5.0,5.0,1.0,1.0,1.0,0.0,0.2,1.0,0.0,0.0,0.0,0.0,0.0,0.0,0,Legitimate,train
1533,The Greene Group,https://www.linkedin.com/company/68229923,1.0,41.0,1.0,4.666666666666667,16.0,3.0,0.0,0.0,0.0,0.1875,1.0,0.0,0.0,0.0,0.0,1.0,1.0,0,Legitimate,train
1534,Savvy Ladies,https://www.linkedin.com/company/3493828,1.0,40.0,1.0,5.5,12.0,2.0,0.0,0.0,0.0,0.1666666666666666,1.0,0.0,0.0,0.0,0.0,0.0,0.0,0,Legitimate,train
1535,HPMA Healthcare People Management Association,https://www.linkedin.com/company/2112641,1.0,40.0,1.0,8.2,45.0,5.0,0.0,0.0,0.0,0.1777777777777777,1.0,0.0,0.0,0.0,0.0,0.0,0.0,0,Legitimate,test
1536,Insider Intelligence,https://www.linkedin.com/company/5387966,1.0,40.0,1.0,9.5,20.0,2.0,0.0,0.0,0.0,0.1,1.0,0.0,0.0,0.0,0.0,0.0,0.0,0,Legitimate,train
1537,Elevate Travel Co.,https://www.linkedin.com/company/18702794,1.0,41.0,1.0,5.333333333333333,18.0,3.0,0.0,0.0,1.0,0.1666666666666666,1.0,0.0,0.0,0.0,0.0,1.0,1.0,0,Legitimate,train
1538,artnet,https://www.linkedin.com/company/17566,1.0,38.0,1.0,6.0,6.0,1.0,0.0,0.0,0.0,0.0,1.0,0.0,0.0,0.0,0.0,0.0,0.0,0,Legitimate,train
1539,"Girls in Tech, Inc.",https://www.linkedin.com/company/5058120,1.0,40.0,1.0,4.0,19.0,4.0,0.0,0.0,2.0,0.1578947368421052,1.0,0.0,1.0,0.0,0.0,1.0,1.0,0,Legitimate,train
1540,Insider Business,https://www.linkedin.com/company/683279,1.0,39.0,1.0,7.5,16.0,2.0,0.0,0.0,0.0,0.125,1.0,0.0,0.0,0.0,0.0,0.0,0.0,0,Legitimate,train
1541,"Cynergy, The Experience Agency",https://www.linkedin.com/company/29036,1.0,38.0,1.0,6.75,30.0,4.0,0.0,0.0,1.0,0.1333333333333333,1.0,0.0,1.0,0.0,0.0,0.0,0.0,0,Legitimate,val
1542,China Textile Traders,https://www.linkedin.com/company/7575574,1.0,40.0,1.0,6.333333333333333,21.0,3.0,0.0,0.0,0.0,0.1428571428571428,1.0,0.0,0.0,0.0,0.0,0.0,0.0,0,Legitimate,test
1543,R/GA,https://www.linkedin.com/company/207439,1.0,39.0,1.0,4.0,4.0,1.0,0.0,0.0,1.0,0.75,1.0,0.0,0.0,0.0,0.0,0.0,0.0,0,Legitimate,train
1544,GoArmy,https://www.linkedin.com/company/64693636,1.0,41.0,1.0,6.0,6.0,1.0,0.0,0.0,0.0,0.3333333333333333,1.0,0.0,0.0,0.0,0.0,0.0,0.0,0,Legitimate,train
1545,Knowledge Link,https://www.linkedin.com/company/2756165,1.0,40.0,1.0,6.5,14.0,2.0,0.0,0.0,0.0,0.1428571428571428,1.0,0.0,0.0,0.0,0.0,0.0,0.0,0,Legitimate,train
1546,Cribl,https://www.linkedin.com/company/18777798,1.0,41.0,1.0,5.0,5.0,1.0,0.0,0.0,0.0,0.2,1.0,0.0,0.0,0.0,0.0,0.0,0.0,0,Legitimate,train
1547,Gies Online at Illinois Gies Business,https://www.linkedin.com/company/65535974,1.0,41.0,1.0,5.333333333333333,37.0,6.0,0.0,0.0,0.0,0.1351351351351351,1.0,0.0,0.0,0.0,0.0,0.0,0.0,0,Legitimate,train
1548,Golden Gate University,https://www.linkedin.com/company/9293,1.0,37.0,1.0,6.666666666666667,22.0,3.0,0.0,0.0,0.0,0.1363636363636363,1.0,0.0,0.0,0.0,0.0,0.0,0.0,0,Legitimate,train
1549,Siemens Smart Infrastructure Desk,,0.0,0.0,0.0,7.5,33.0,4.0,0.0,0.0,0.0,0.1212121212121212,1.0,0.0,0.0,0.0,0.0,0.0,0.0,1,Fake_Scam,test
1550,Lighthouse Central Florida,https://www.linkedin.com/company/671905,1.0,39.0,1.0,8.0,26.0,3.0,0.0,0.0,0.0,0.1153846153846153,1.0,0.0,0.0,0.0,0.0,0.0,0.0,0,Legitimate,train
1551,Elective Services,https://www.linkedin.com/company/34743095,1.0,41.0,1.0,8.0,17.0,2.0,0.0,0.0,0.0,0.1176470588235294,1.0,0.0,0.0,0.0,0.0,0.0,0.0,0,Legitimate,train
1552,Enavate,https://www.linkedin.com/company/3561251,1.0,40.0,1.0,7.0,7.0,1.0,0.0,0.0,0.0,0.1428571428571428,1.0,0.0,0.0,0.0,0.0,0.0,0.0,0,Legitimate,train
1553,Maximum Effort,https://www.linkedin.com/company/18646404,1.0,41.0,1.0,6.5,14.0,2.0,0.0,0.0,0.0,0.1428571428571428,1.0,0.0,0.0,0.0,0.0,0.0,0.0,0,Legitimate,test
1554,FRG Technology Consulting,https://www.linkedin.com/company/18152901,1.0,41.0,1.0,7.666666666666667,25.0,3.0,0.0,0.0,0.0,0.2,1.0,0.0,0.0,1.0,1.0,0.0,0.0,0,Legitimate,val
1555,Nashville Area Chamber of Commerce,https://www.linkedin.com/company/487474,1.0,39.0,1.0,6.0,34.0,5.0,0.0,0.0,0.0,0.1176470588235294,1.0,0.0,0.0,0.0,0.0,0.0,0.0,0,Legitimate,train
1556,MCCA (Minority Corporate Counsel Association),https://www.linkedin.com/company/1224927,1.0,40.0,1.0,8.2,45.0,5.0,0.0,0.0,2.0,0.1777777777777777,1.0,0.0,0.0,0.0,0.0,0.0,0.0,0,Legitimate,train
1557,NeuroLink Deep Learning,,0.0,0.0,0.0,7.0,23.0,3.0,0.0,0.0,0.0,0.1739130434782608,1.0,0.0,0.0,0.0,0.0,0.0,0.0,1,Fake_Scam,test
1558,La Colombe Coffee Roasters,https://www.linkedin.com/company/9374055,1.0,40.0,1.0,5.75,26.0,4.0,0.0,0.0,0.0,0.1538461538461538,1.0,0.0,0.0,1.0,1.0,0.0,0.0,0,Legitimate,train
1559,SimplePractice,https://www.linkedin.com/company/2686631,1.0,40.0,1.0,14.0,14.0,1.0,0.0,0.0,0.0,0.1428571428571428,1.0,0.0,0.0,0.0,0.0,0.0,0.0,0,Legitimate,train
1560,University of Michigan,https://www.linkedin.com/company/2516,1.0,37.0,1.0,6.666666666666667,22.0,3.0,0.0,0.0,0.0,0.0909090909090909,1.0,0.0,0.0,0.0,0.0,0.0,0.0,0,Legitimate,test
1561,My Coach Viviana,https://www.linkedin.com/company/35431864,1.0,41.0,1.0,4.666666666666667,16.0,3.0,0.0,0.0,0.0,0.1875,1.0,0.0,0.0,0.0,0.0,0.0,0.0,0,Legitimate,train
1562,HP,https://www.linkedin.com/company/5390798,1.0,40.0,1.0,2.0,2.0,1.0,0.0,0.0,0.0,1.0,1.0,0.0,0.0,0.0,0.0,0.0,0.0,0,Legitimate,test
1563,illumr,https://www.linkedin.com/company/2810817,1.0,40.0,1.0,6.0,6.0,1.0,0.0,0.0,0.0,0.0,1.0,0.0,0.0,0.0,0.0,0.0,0.0,0,Legitimate,train
1564,Florida Institute of Technology,https://www.linkedin.com/company/15369,1.0,38.0,1.0,7.0,31.0,4.0,0.0,0.0,0.0,0.0967741935483871,1.0,0.0,0.0,0.0,0.0,0.0,0.0,0,Legitimate,val
1565,Board of Directors Center of Excellence,https://www.linkedin.com/company/18636109,1.0,41.0,1.0,5.666666666666667,39.0,6.0,0.0,0.0,0.0,0.1025641025641025,1.0,0.0,0.0,0.0,0.0,0.0,0.0,0,Legitimate,train
1566,Phoenix Business Journal,https://www.linkedin.com/company/2545515,1.0,40.0,1.0,7.333333333333333,24.0,3.0,0.0,0.0,0.0,0.125,1.0,0.0,0.0,1.0,1.0,0.0,0.0,0,Legitimate,val
1567,New Horizons Computer Learning Centers,https://www.linkedin.com/company/61750,1.0,38.0,1.0,6.8,38.0,5.0,0.0,0.0,0.0,0.131578947368421,1.0,0.0,0.0,0.0,0.0,0.0,0.0,0,Legitimate,train
1568,Visit Lake Charles- Louisiana's Playground,https://www.linkedin.com/company/2715371,1.0,40.0,1.0,7.6,42.0,5.0,0.0,0.0,2.0,0.119047619047619,1.0,0.0,0.0,0.0,0.0,0.0,0.0,0,Legitimate,test
1569,"Phi Beta Sigma Fraternity, Inc.",https://www.linkedin.com/company/1079924,1.0,40.0,1.0,5.4,31.0,5.0,0.0,0.0,2.0,0.1612903225806451,1.0,0.0,1.0,0.0,0.0,1.0,1.0,0,Legitimate,train
1570,Six Degrees Creative,https://www.linkedin.com/company/35449571,1.0,41.0,1.0,6.0,20.0,3.0,0.0,0.0,0.0,0.15,1.0,0.0,0.0,0.0,0.0,0.0,0.0,0,Legitimate,test
1571,Overheidsbreed Cyberprogramma,https://www.linkedin.com/company/82745117,1.0,41.0,1.0,14.0,29.0,2.0,0.0,0.0,0.0,0.0689655172413793,1.0,0.0,0.0,0.0,0.0,0.0,0.0,0,Legitimate,train
1572,The Johns Hopkins University - Carey Business School,https://www.linkedin.com/company/368576,1.0,39.0,1.0,5.625,52.0,8.0,0.0,0.0,1.0,0.1346153846153846,1.0,0.0,0.0,0.0,0.0,0.0,0.0,0,Legitimate,train
1573,Civilla,https://www.linkedin.com/company/10388460,1.0,41.0,1.0,7.0,7.0,1.0,0.0,0.0,0.0,0.1428571428571428,1.0,0.0,0.0,0.0,0.0,0.0,0.0,0,Legitimate,train
1574,Metaverse Tech Solutions Inc.,,0.0,0.0,0.0,6.5,29.0,4.0,0.0,0.0,1.0,0.1379310344827586,1.0,0.0,0.0,0.0,0.0,2.0,1.0,1,Fake_Scam,train
1575,Monic.ai,https://www.linkedin.com/company/89348076,1.0,41.0,1.0,8.0,8.0,1.0,0.0,0.0,1.0,0.125,1.0,0.0,0.0,0.0,0.0,0.0,0.0,0,Legitimate,test
1576,JobThai,https://www.linkedin.com/company/3767791,1.0,40.0,1.0,7.0,7.0,1.0,0.0,0.0,0.0,0.2857142857142857,1.0,0.0,0.0,0.0,0.0,0.0,0.0,0,Legitimate,train
1577,Stairways,https://www.linkedin.com/company/10397434,1.0,41.0,1.0,9.0,9.0,1.0,0.0,0.0,0.0,0.1111111111111111,1.0,0.0,0.0,0.0,0.0,0.0,0.0,0,Legitimate,train
1578,European Olympic Academies (EOA),https://www.linkedin.com/company/68526961,1.0,41.0,1.0,7.25,32.0,4.0,0.0,0.0,2.0,0.1875,1.0,0.0,0.0,0.0,0.0,0.0,0.0,0,Legitimate,train
1579,WGU Labs,https://www.linkedin.com/company/28422144,1.0,41.0,1.0,3.5,8.0,2.0,0.0,0.0,0.0,0.5,1.0,0.0,0.0,0.0,0.0,1.0,1.0,0,Legitimate,train
1580,Chow Tai Fook Jewellery Group Ltd,https://www.linkedin.com/company/56897131,1.0,41.0,1.0,4.666666666666667,33.0,6.0,0.0,0.0,0.0,0.1818181818181818,1.0,0.0,0.0,1.0,1.0,2.0,1.0,0,Legitimate,train
1581,Reach Out,https://www.linkedin.com/company/1038101,1.0,40.0,1.0,4.0,9.0,2.0,0.0,0.0,0.0,0.2222222222222222,1.0,0.0,0.0,0.0,0.0,0.0,0.0,0,Legitimate,train
1582,Maxwell Solutions LLC,https://www.linkedin.com/company/1869492,1.0,40.0,1.0,6.333333333333333,21.0,3.0,0.0,0.0,0.0,0.238095238095238,1.0,0.0,0.0,0.0,0.0,2.0,1.0,0,Legitimate,train
1583,National Restaurant Association,https://www.linkedin.com/company/22205,1.0,38.0,1.0,9.666666666666666,31.0,3.0,0.0,0.0,0.0,0.0967741935483871,1.0,0.0,0.0,0.0,0.0,0.0,0.0,0,Legitimate,test
1584,HCN Bank,https://www.linkedin.com/company/1063159,1.0,40.0,1.0,3.5,8.0,2.0,0.0,0.0,0.0,0.5,1.0,0.0,0.0,0.0,0.0,0.0,0.0,0,Legitimate,train
1585,Bipartisan Policy Center,https://www.linkedin.com/company/1136638,1.0,40.0,1.0,7.333333333333333,24.0,3.0,0.0,0.0,0.0,0.125,1.0,0.0,0.0,0.0,0.0,0.0,0.0,0,Legitimate,train
1586,Newchip Accelerator,https://www.linkedin.com/company/10964495,1.0,41.0,1.0,9.0,19.0,2.0,0.0,0.0,0.0,0.1052631578947368,1.0,0.0,0.0,0.0,0.0,0.0,0.0,0,Legitimate,train
1587,Etag,https://www.linkedin.com/company/2252923,1.0,40.0,1.0,4.0,4.0,1.0,0.0,0.0,0.0,0.25,1.0,0.0,0.0,0.0,0.0,0.0,0.0,0,Legitimate,train
1588,Customer Experience Professionals Association (CXPA),https://www.linkedin.com/company/2246778,1.0,40.0,1.0,9.6,52.0,5.0,0.0,0.0,2.0,0.1538461538461538,1.0,0.0,0.0,0.0,0.0,0.0,0.0,0,Legitimate,train
1589,CreativBuild,https://www.linkedin.com/company/35674169,1.0,41.0,1.0,12.0,12.0,1.0,0.0,0.0,0.0,0.1666666666666666,1.0,0.0,0.0,0.0,0.0,0.0,0.0,0,Legitimate,train
1590,辽宁耐力机械有限公司,https://www.linkedin.com/company/29176257,1.0,41.0,1.0,10.0,10.0,1.0,0.0,0.0,0.0,0.0,0.0,0.0,0.0,0.0,0.0,0.0,0.0,0,Legitimate,val
1591,Female Tech Leaders Community,https://www.linkedin.com/company/18702268,1.0,41.0,1.0,6.5,29.0,4.0,0.0,0.0,0.0,0.1379310344827586,1.0,0.0,0.0,0.0,0.0,0.0,0.0,0,Legitimate,train
1592,Full Stack Squad,https://www.linkedin.com/company/15100293,1.0,41.0,1.0,4.666666666666667,16.0,3.0,0.0,0.0,0.0,0.1875,1.0,0.0,0.0,0.0,0.0,0.0,0.0,0,Legitimate,train
1593,InnovatorsRoom Community,https://www.linkedin.com/company/11872601,1.0,41.0,1.0,11.5,24.0,2.0,0.0,0.0,0.0,0.125,1.0,0.0,0.0,0.0,0.0,0.0,0.0,0,Legitimate,train
1594,"University of California, Los Angeles",https://www.linkedin.com/company/2477,1.0,37.0,1.0,6.6,37.0,5.0,0.0,0.0,1.0,0.1081081081081081,1.0,0.0,1.0,0.0,0.0,0.0,0.0,0,Legitimate,val
1595,Afortj - Teaching jobs in UAE,https://www.linkedin.com/company/87185876,1.0,41.0,1.0,4.0,29.0,6.0,0.0,0.0,1.0,0.1724137931034483,1.0,0.0,0.0,0.0,0.0,0.0,0.0,0,Legitimate,train
1596,National Association for Campus Activities,https://www.linkedin.com/company/1033763,1.0,40.0,1.0,7.6,42.0,5.0,0.0,0.0,0.0,0.0952380952380952,1.0,0.0,0.0,0.0,0.0,0.0,0.0,0,Legitimate,test
1597,Immersive Labs,https://www.linkedin.com/company/11064993,1.0,41.0,1.0,6.5,14.0,2.0,0.0,0.0,0.0,0.1428571428571428,1.0,0.0,0.0,0.0,0.0,1.0,1.0,0,Legitimate,train
1598,Oregon State University,https://www.linkedin.com/company/165337,1.0,39.0,1.0,7.0,23.0,3.0,0.0,0.0,0.0,0.1304347826086956,1.0,0.0,0.0,0.0,0.0,0.0,0.0,0,Legitimate,train
1599,Foothold America,https://www.linkedin.com/company/5232971,1.0,40.0,1.0,7.5,16.0,2.0,0.0,0.0,0.0,0.125,1.0,0.0,0.0,0.0,0.0,0.0,0.0,0,Legitimate,train
1600,Cosmos Hub Staking Partners,,0.0,0.0,0.0,6.0,27.0,4.0,0.0,0.0,0.0,0.1481481481481481,1.0,0.0,0.0,1.0,1.0,1.0,1.0,1,Fake_Scam,train
1601,GlobalLogic,https://www.linkedin.com/company/164008,1.0,39.0,1.0,11.0,11.0,1.0,0.0,0.0,0.0,0.1818181818181818,1.0,0.0,0.0,1.0,1.0,0.0,0.0,0,Legitimate,train
1602,Colorado State University Graduate School,https://www.linkedin.com/company/9488260,1.0,40.0,1.0,7.4,41.0,5.0,0.0,0.0,0.0,0.1219512195121951,1.0,0.0,0.0,0.0,0.0,0.0,0.0,0,Legitimate,test
1603,CRO,https://www.linkedin.com/company/1392556,1.0,40.0,1.0,3.0,3.0,1.0,0.0,0.0,0.0,1.0,1.0,0.0,0.0,0.0,0.0,0.0,0.0,0,Legitimate,train
1604,Gallagher Canada,https://www.linkedin.com/company/79365062,1.0,41.0,1.0,7.5,16.0,2.0,0.0,0.0,0.0,0.125,1.0,0.0,0.0,0.0,0.0,0.0,0.0,0,Legitimate,train
1605,Edifying Teachers,https://www.linkedin.com/company/80973912,1.0,41.0,1.0,8.0,17.0,2.0,0.0,0.0,0.0,0.1176470588235294,1.0,0.0,0.0,0.0,0.0,0.0,0.0,0,Legitimate,train
1606,RMC Learning Solutions,https://www.linkedin.com/company/77259,1.0,38.0,1.0,6.666666666666667,22.0,3.0,0.0,0.0,0.0,0.2272727272727272,1.0,0.0,0.0,0.0,0.0,1.0,1.0,0,Legitimate,train
1607,Sustainable In A Circular World,https://www.linkedin.com/company/75164774,1.0,41.0,1.0,5.4,31.0,5.0,0.0,0.0,0.0,0.1612903225806451,1.0,0.0,0.0,0.0,0.0,0.0,0.0,0,Legitimate,train
1608,Patê Maison Gastronomia,https://www.linkedin.com/company/15803729,1.0,41.0,1.0,7.0,23.0,3.0,0.0,0.0,0.0,0.1304347826086956,0.0,0.0,0.0,0.0,0.0,0.0,0.0,0,Legitimate,train
1609,Polygon Genesis Labs,,0.0,0.0,0.0,6.0,20.0,3.0,0.0,0.0,0.0,0.15,1.0,0.0,0.0,0.0,0.0,1.0,1.0,1,Fake_Scam,train
1610,Sift,https://www.linkedin.com/company/10281428,1.0,41.0,1.0,4.0,4.0,1.0,0.0,0.0,0.0,0.25,1.0,0.0,0.0,0.0,0.0,0.0,0.0,0,Legitimate,test
1611,"The Economic Club of Washington, D.C.",https://www.linkedin.com/company/9331985,1.0,40.0,1.0,5.333333333333333,37.0,6.0,0.0,0.0,3.0,0.1621621621621621,1.0,0.0,1.0,0.0,0.0,0.0,0.0,0,Legitimate,train
1612,Leading light It,https://www.linkedin.com/company/72066405,1.0,41.0,1.0,4.666666666666667,16.0,3.0,0.0,0.0,0.0,0.125,1.0,0.0,0.0,0.0,0.0,0.0,0.0,0,Legitimate,train
1613,武汉同发科技有限公司,https://www.linkedin.com/company/29708490,1.0,41.0,1.0,10.0,10.0,1.0,0.0,0.0,0.0,0.0,0.0,0.0,0.0,0.0,0.0,0.0,0.0,0,Legitimate,train
1614,Rocky Mountain Partnership,https://www.linkedin.com/company/10993486,1.0,41.0,1.0,8.0,26.0,3.0,0.0,0.0,0.0,0.1153846153846153,1.0,0.0,0.0,0.0,0.0,0.0,0.0,0,Legitimate,train
1615,Alphanumeric Systems,https://www.linkedin.com/company/29773,1.0,38.0,1.0,9.5,20.0,2.0,0.0,0.0,0.0,0.1,1.0,0.0,0.0,0.0,0.0,0.0,0.0,0,Legitimate,train
1616,TechNET Digital,https://www.linkedin.com/company/10983596,1.0,41.0,1.0,7.0,15.0,2.0,0.0,0.0,0.0,0.3333333333333333,1.0,0.0,0.0,0.0,0.0,0.0,0.0,0,Legitimate,train
1617,Porsche Cars North America,https://www.linkedin.com/company/9133,1.0,37.0,1.0,5.75,26.0,4.0,0.0,0.0,0.0,0.1538461538461538,1.0,0.0,0.0,0.0,0.0,0.0,0.0,0,Legitimate,train
1618,Kleo,https://www.linkedin.com/company/77080262,1.0,41.0,1.0,4.0,4.0,1.0,0.0,0.0,0.0,0.25,1.0,0.0,0.0,0.0,0.0,0.0,0.0,0,Legitimate,train
1619,BGI Retail,https://www.linkedin.com/company/11405264,1.0,41.0,1.0,4.5,10.0,2.0,0.0,0.0,0.0,0.4,1.0,0.0,0.0,0.0,0.0,0.0,0.0,0,Legitimate,train
1620,Finsimco,https://www.linkedin.com/company/28894396,1.0,41.0,1.0,8.0,8.0,1.0,0.0,0.0,0.0,0.125,1.0,0.0,0.0,0.0,0.0,0.0,0.0,0,Legitimate,test
1621,Veterinary Care Consultants,https://www.linkedin.com/company/82940363,1.0,41.0,1.0,8.333333333333334,27.0,3.0,0.0,0.0,0.0,0.1111111111111111,1.0,0.0,0.0,1.0,1.0,0.0,0.0,0,Legitimate,train
1622,DeepCore AI Innovations,,0.0,0.0,0.0,7.0,23.0,3.0,0.0,0.0,0.0,0.217391304347826,1.0,0.0,0.0,1.0,1.0,0.0,0.0,1,Fake_Scam,train
1623,"The Christopher Group, Agile HR Business Solutions",https://www.linkedin.com/company/71047,1.0,38.0,1.0,6.285714285714286,50.0,7.0,0.0,0.0,1.0,0.16,1.0,0.0,1.0,0.0,0.0,2.0,1.0,0,Legitimate,train
1624,True South Artist Services,https://www.linkedin.com/company/2683528,1.0,40.0,1.0,5.75,26.0,4.0,0.0,0.0,0.0,0.1538461538461538,1.0,0.0,0.0,0.0,0.0,0.0,0.0,0,Legitimate,train
1625,Sabbatical,https://www.linkedin.com/company/29004533,1.0,41.0,1.0,10.0,10.0,1.0,0.0,0.0,0.0,0.1,1.0,0.0,0.0,0.0,0.0,0.0,0.0,0,Legitimate,test
1626,Canopie,https://www.linkedin.com/company/69747636,1.0,41.0,1.0,7.0,7.0,1.0,0.0,0.0,0.0,0.1428571428571428,1.0,0.0,0.0,0.0,0.0,0.0,0.0,0,Legitimate,train
1627,Synchrony Aerial Site Services,https://www.linkedin.com/company/81947544,1.0,41.0,1.0,6.75,30.0,4.0,0.0,0.0,0.0,0.1333333333333333,1.0,0.0,0.0,0.0,0.0,0.0,0.0,0,Legitimate,val
1628,Teads,https://www.linkedin.com/company/2691523,1.0,40.0,1.0,5.0,5.0,1.0,0.0,0.0,0.0,0.2,1.0,0.0,0.0,0.0,0.0,0.0,0.0,0,Legitimate,val
1629,Magic Hat Consulting,https://www.linkedin.com/company/1419622,1.0,40.0,1.0,6.0,20.0,3.0,0.0,0.0,0.0,0.15,1.0,0.0,0.0,1.0,1.0,0.0,0.0,0,Legitimate,train
1630,INSEAD,https://www.linkedin.com/company/5176,1.0,37.0,1.0,6.0,6.0,1.0,0.0,0.0,0.0,1.0,1.0,0.0,0.0,0.0,0.0,0.0,0.0,0,Legitimate,train
1631,Policy Network India,https://www.linkedin.com/company/78698154,1.0,41.0,1.0,6.0,20.0,3.0,0.0,0.0,0.0,0.15,1.0,0.0,0.0,0.0,0.0,0.0,0.0,0,Legitimate,train
1632,Endeavor Ireland,https://www.linkedin.com/company/70245586,1.0,41.0,1.0,7.5,16.0,2.0,0.0,0.0,0.0,0.125,1.0,0.0,0.0,0.0,0.0,0.0,0.0,0,Legitimate,train
1633,Kiehl's Since 1851,https://www.linkedin.com/company/54087819,1.0,41.0,1.0,5.333333333333333,18.0,3.0,4.0,1.0,1.0,0.1111111111111111,1.0,0.0,0.0,0.0,0.0,0.0,0.0,0,Legitimate,val
1634,Hewlett Packard Enterprise,https://www.linkedin.com/company/1025,1.0,37.0,1.0,8.0,26.0,3.0,0.0,0.0,0.0,0.1153846153846153,1.0,0.0,0.0,0.0,0.0,0.0,0.0,0,Legitimate,train
1635,"Terafina, an NCR company",https://www.linkedin.com/company/3686410,1.0,40.0,1.0,5.25,24.0,4.0,0.0,0.0,1.0,0.1666666666666666,1.0,0.0,1.0,0.0,0.0,1.0,1.0,0,Legitimate,train
1636,Ranchi University,https://www.linkedin.com/company/3890955,1.0,40.0,1.0,8.0,17.0,2.0,0.0,0.0,0.0,0.1176470588235294,1.0,0.0,0.0,0.0,0.0,0.0,0.0,0,Legitimate,train
1637,"VisualDNA, A Nielsen Company",https://www.linkedin.com/company/1901329,1.0,40.0,1.0,6.25,28.0,4.0,0.0,0.0,1.0,0.25,1.0,0.0,1.0,0.0,0.0,1.0,1.0,0,Legitimate,test
1638,"Stroz Friedberg, an Aon company",https://www.linkedin.com/company/28594,1.0,38.0,1.0,5.4,31.0,5.0,0.0,0.0,1.0,0.0967741935483871,1.0,0.0,1.0,0.0,0.0,1.0,1.0,0,Legitimate,train
1639,String and Key,https://www.linkedin.com/company/42147988,1.0,41.0,1.0,4.0,14.0,3.0,0.0,0.0,0.0,0.1428571428571428,1.0,0.0,0.0,0.0,0.0,0.0,0.0,0,Legitimate,test
1640,"Applied Vision Works, Inc.",https://www.linkedin.com/company/3199940,1.0,40.0,1.0,5.75,26.0,4.0,0.0,0.0,2.0,0.1538461538461538,1.0,0.0,1.0,0.0,0.0,1.0,1.0,0,Legitimate,train
1641,Modus,https://www.linkedin.com/company/1546241,1.0,40.0,1.0,5.0,5.0,1.0,0.0,0.0,0.0,0.2,1.0,0.0,0.0,0.0,0.0,0.0,0.0,0,Legitimate,val
1642,Renzym,https://www.linkedin.com/company/1336588,1.0,40.0,1.0,6.0,6.0,1.0,0.0,0.0,0.0,0.1666666666666666,1.0,0.0,0.0,0.0,0.0,0.0,0.0,0,Legitimate,train
1643,Harvard University,https://www.linkedin.com/company/1646,1.0,37.0,1.0,8.5,18.0,2.0,0.0,0.0,0.0,0.1111111111111111,1.0,0.0,0.0,0.0,0.0,0.0,0.0,0,Legitimate,train
1644,Apartments on the Go Podcast,https://www.linkedin.com/company/65837415,1.0,41.0,1.0,4.8,28.0,5.0,0.0,0.0,0.0,0.1071428571428571,1.0,0.0,0.0,0.0,0.0,0.0,0.0,0,Legitimate,train
1645,EQUALibrium Group,https://www.linkedin.com/company/15194969,1.0,41.0,1.0,8.0,17.0,2.0,0.0,0.0,0.0,0.3529411764705882,1.0,0.0,0.0,0.0,0.0,1.0,1.0,0,Legitimate,test
1646,Alstom Power,https://www.linkedin.com/company/2444,1.0,37.0,1.0,5.5,12.0,2.0,0.0,0.0,0.0,0.1666666666666666,1.0,0.0,0.0,0.0,0.0,0.0,0.0,0,Legitimate,train
1647,University of Virginia,https://www.linkedin.com/company/4298,1.0,37.0,1.0,6.666666666666667,22.0,3.0,0.0,0.0,0.0,0.0909090909090909,1.0,0.0,0.0,0.0,0.0,0.0,0.0,0,Legitimate,train
1648,Birmingham Business Journal,https://www.linkedin.com/company/2601844,1.0,40.0,1.0,8.333333333333334,27.0,3.0,0.0,0.0,0.0,0.1111111111111111,1.0,0.0,0.0,1.0,1.0,0.0,0.0,0,Legitimate,test
1649,University of Georgia - J.M. Tull School of Accounting,https://www.linkedin.com/company/15100151,1.0,41.0,1.0,5.111111111111111,54.0,9.0,0.0,0.0,3.0,0.1296296296296296,1.0,0.0,0.0,0.0,0.0,0.0,0.0,0,Legitimate,train
1650,Cuso International,https://www.linkedin.com/company/510859,1.0,39.0,1.0,8.5,18.0,2.0,0.0,0.0,0.0,0.1111111111111111,1.0,0.0,0.0,0.0,0.0,0.0,0.0,0,Legitimate,train
1651,Koch-Glitsch,https://www.linkedin.com/company/52219,1.0,38.0,1.0,12.0,12.0,1.0,0.0,0.0,1.0,0.1666666666666666,1.0,0.0,0.0,0.0,0.0,0.0,0.0,0,Legitimate,test
1652,LandTech,https://www.linkedin.com/company/10309911,1.0,41.0,1.0,8.0,8.0,1.0,0.0,0.0,0.0,0.25,1.0,0.0,0.0,0.0,0.0,0.0,0.0,0,Legitimate,train
1653,ASPCA,https://www.linkedin.com/company/23499,1.0,38.0,1.0,5.0,5.0,1.0,0.0,0.0,0.0,1.0,1.0,0.0,0.0,0.0,0.0,0.0,0.0,0,Legitimate,test
1654,Climate Power,https://www.linkedin.com/company/73797924,1.0,41.0,1.0,6.0,13.0,2.0,0.0,0.0,0.0,0.1538461538461538,1.0,0.0,0.0,0.0,0.0,0.0,0.0,0,Legitimate,val
1655,Synerfac Technical Staffing,https://www.linkedin.com/company/24214,1.0,38.0,1.0,8.333333333333334,27.0,3.0,0.0,0.0,0.0,0.1111111111111111,1.0,0.0,0.0,1.0,1.0,0.0,0.0,0,Legitimate,train
1656,Calculated Hire,https://www.linkedin.com/company/6575603,1.0,40.0,1.0,7.0,15.0,2.0,0.0,0.0,0.0,0.1333333333333333,1.0,0.0,0.0,0.0,0.0,0.0,0.0,0,Legitimate,train
1657,Security Advisor Alliance,https://www.linkedin.com/company/3960348,1.0,40.0,1.0,7.666666666666667,25.0,3.0,0.0,0.0,0.0,0.12,1.0,0.0,0.0,0.0,0.0,0.0,0.0,0,Legitimate,train
1658,ACDA - (Active Cyber Defence Alliance Inc),https://www.linkedin.com/company/69625043,1.0,41.0,1.0,5.142857142857143,42.0,7.0,0.0,0.0,3.0,0.2142857142857142,1.0,0.0,0.0,0.0,0.0,1.0,1.0,0,Legitimate,train
1659,"The Links, Incorporated",https://www.linkedin.com/company/945313,1.0,39.0,1.0,7.0,23.0,3.0,0.0,0.0,1.0,0.1304347826086956,1.0,0.0,1.0,0.0,0.0,0.0,0.0,0,Legitimate,val
1660,Cornerstone OnDemand,https://www.linkedin.com/company/19664,1.0,38.0,1.0,9.5,20.0,2.0,0.0,0.0,0.0,0.15,1.0,0.0,0.0,0.0,0.0,0.0,0.0,0,Legitimate,train
1661,Seller Labs,https://www.linkedin.com/company/3479281,1.0,40.0,1.0,5.0,11.0,2.0,0.0,0.0,0.0,0.1818181818181818,1.0,0.0,0.0,0.0,0.0,1.0,1.0,0,Legitimate,val
1662,Pittsburgh Penguins Foundation,https://www.linkedin.com/company/2285361,1.0,40.0,1.0,9.333333333333334,30.0,3.0,0.0,0.0,0.0,0.1,1.0,0.0,0.0,0.0,0.0,0.0,0.0,0,Legitimate,test
1663,"IOT WEB LAB, LLC",https://www.linkedin.com/company/42369217,1.0,41.0,1.0,3.25,16.0,4.0,0.0,0.0,1.0,0.75,1.0,0.0,1.0,0.0,0.0,1.0,1.0,0,Legitimate,val
1664,Bentley University,https://www.linkedin.com/company/8103,1.0,37.0,1.0,8.5,18.0,2.0,0.0,0.0,0.0,0.1111111111111111,1.0,0.0,0.0,0.0,0.0,0.0,0.0,0,Legitimate,train
1665,Orthopedic Treatment Centers of America (OTCA),https://www.linkedin.com/company/77026567,1.0,41.0,1.0,6.833333333333333,46.0,6.0,0.0,0.0,2.0,0.1739130434782608,1.0,0.0,0.0,0.0,0.0,0.0,0.0,0,Legitimate,train
1666,George Mason University - School of Business,https://www.linkedin.com/company/15102971,1.0,41.0,1.0,5.428571428571429,44.0,7.0,0.0,0.0,1.0,0.1136363636363636,1.0,0.0,0.0,0.0,0.0,0.0,0.0,0,Legitimate,train
1667,Levi9 Technology Services,https://www.linkedin.com/company/20191,1.0,38.0,1.0,7.666666666666667,25.0,3.0,1.0,1.0,0.0,0.12,1.0,0.0,0.0,0.0,0.0,0.0,0.0,0,Legitimate,train
1668,Cannasis Wellness,https://www.linkedin.com/company/74451504,1.0,41.0,1.0,8.0,17.0,2.0,0.0,0.0,0.0,0.1176470588235294,1.0,0.0,0.0,0.0,0.0,0.0,0.0,0,Legitimate,train
1669,Arizona Tile,https://www.linkedin.com/company/48486,1.0,38.0,1.0,5.5,12.0,2.0,0.0,0.0,0.0,0.1666666666666666,1.0,0.0,0.0,0.0,0.0,0.0,0.0,0,Legitimate,train
1670,We Are The Dead,https://www.linkedin.com/company/89802003,1.0,41.0,1.0,3.0,15.0,4.0,0.0,0.0,0.0,0.2666666666666666,1.0,0.0,0.0,0.0,0.0,0.0,0.0,0,Legitimate,train
1671,Florida Southern College,https://www.linkedin.com/company/28225,1.0,38.0,1.0,7.333333333333333,24.0,3.0,0.0,0.0,0.0,0.125,1.0,0.0,0.0,0.0,0.0,0.0,0.0,0,Legitimate,val
1672,PureQuad,https://www.linkedin.com/company/10876980,1.0,41.0,1.0,8.0,8.0,1.0,0.0,0.0,0.0,0.25,1.0,0.0,0.0,0.0,0.0,0.0,0.0,0,Legitimate,test
1673,The Story Lab,https://www.linkedin.com/company/2811837,1.0,40.0,1.0,3.6666666666666665,13.0,3.0,0.0,0.0,0.0,0.2307692307692307,1.0,0.0,0.0,0.0,0.0,0.0,0.0,0,Legitimate,train
1674,"Grady College of Journalism and Mass Communication, University of Georgia",https://www.linkedin.com/company/15096209,1.0,41.0,1.0,6.4,73.0,10.0,0.0,0.0,1.0,0.0958904109589041,1.0,0.0,1.0,1.0,1.0,0.0,0.0,0,Legitimate,test
1675,Opportunity@Work,https://www.linkedin.com/company/9354512,1.0,40.0,1.0,16.0,16.0,1.0,0.0,0.0,1.0,0.125,1.0,0.0,0.0,0.0,0.0,0.0,0.0,0,Legitimate,val
1676,Brigham and Women's Hospital,https://www.linkedin.com/company/2895,1.0,37.0,1.0,6.25,28.0,4.0,0.0,0.0,1.0,0.1071428571428571,1.0,0.0,0.0,0.0,0.0,0.0,0.0,0,Legitimate,train
1677,United Way Bay Area,https://www.linkedin.com/company/19899,1.0,38.0,1.0,4.0,19.0,4.0,0.0,0.0,0.0,0.2105263157894736,1.0,0.0,0.0,0.0,0.0,0.0,0.0,0,Legitimate,train
1678,Deloitte Dbriefs,https://www.linkedin.com/company/11013920,1.0,41.0,1.0,7.5,16.0,2.0,0.0,0.0,0.0,0.125,1.0,0.0,0.0,0.0,0.0,0.0,0.0,0,Legitimate,train
1679,Louisiana Culinary Institute,https://www.linkedin.com/company/15135183,1.0,41.0,1.0,8.666666666666666,28.0,3.0,0.0,0.0,0.0,0.1071428571428571,1.0,0.0,0.0,0.0,0.0,0.0,0.0,0,Legitimate,train
1680,SoSafe,https://www.linkedin.com/company/18541944,1.0,41.0,1.0,6.0,6.0,1.0,0.0,0.0,0.0,0.3333333333333333,1.0,0.0,0.0,0.0,0.0,0.0,0.0,0,Legitimate,train
1681,Welcome.AI,https://www.linkedin.com/company/12902659,1.0,41.0,1.0,10.0,10.0,1.0,0.0,0.0,1.0,0.3,1.0,0.0,0.0,0.0,0.0,0.0,0.0,0,Legitimate,test
1682,Pinnacle Home Care,https://www.linkedin.com/company/22332371,1.0,41.0,1.0,5.333333333333333,18.0,3.0,0.0,0.0,0.0,0.1666666666666666,1.0,0.0,0.0,0.0,0.0,0.0,0.0,0,Legitimate,train
1683,Bridgeway Benefit Technologies,https://www.linkedin.com/company/230669,1.0,39.0,1.0,9.333333333333334,30.0,3.0,0.0,0.0,0.0,0.1,1.0,0.0,0.0,0.0,0.0,0.0,0.0,0,Legitimate,train
1684,Portland General Electric,https://www.linkedin.com/company/13658,1.0,38.0,1.0,7.666666666666667,25.0,3.0,0.0,0.0,0.0,0.12,1.0,0.0,0.0,0.0,0.0,0.0,0.0,0,Legitimate,train
1685,Airly,https://www.linkedin.com/company/10815676,1.0,41.0,1.0,5.0,5.0,1.0,0.0,0.0,0.0,0.2,1.0,0.0,0.0,0.0,0.0,0.0,0.0,0,Legitimate,val
1686,Victoria University,https://www.linkedin.com/company/245820,1.0,39.0,1.0,9.0,19.0,2.0,0.0,0.0,0.0,0.1052631578947368,1.0,0.0,0.0,0.0,0.0,0.0,0.0,0,Legitimate,train
1687,dcypher,https://www.linkedin.com/company/74690045,1.0,41.0,1.0,7.0,7.0,1.0,0.0,0.0,0.0,0.0,1.0,0.0,0.0,0.0,0.0,0.0,0.0,0,Legitimate,val
1688,EPRI,https://www.linkedin.com/company/163662,1.0,39.0,1.0,4.0,4.0,1.0,0.0,0.0,0.0,1.0,1.0,0.0,0.0,0.0,0.0,0.0,0.0,0,Legitimate,train
1689,Earl Bacon Agency,https://www.linkedin.com/company/615506,1.0,39.0,1.0,5.0,17.0,3.0,0.0,0.0,0.0,0.1764705882352941,1.0,0.0,0.0,0.0,0.0,0.0,0.0,0,Legitimate,val
1690,GenAI Data Annotation Works,,0.0,0.0,0.0,6.0,27.0,4.0,0.0,0.0,0.0,0.2222222222222222,1.0,0.0,0.0,1.0,1.0,0.0,0.0,1,Fake_Scam,train
1691,The Impact Facility,https://www.linkedin.com/company/11781380,1.0,41.0,1.0,5.666666666666667,19.0,3.0,0.0,0.0,0.0,0.1578947368421052,1.0,0.0,0.0,0.0,0.0,0.0,0.0,0,Legitimate,train
1692,PIMSCO,https://www.linkedin.com/company/14856610,1.0,41.0,1.0,6.0,6.0,1.0,0.0,0.0,0.0,1.0,1.0,0.0,0.0,0.0,0.0,0.0,0.0,0,Legitimate,train
1693,Serbian Researchers,https://www.linkedin.com/company/71899891,1.0,41.0,1.0,9.0,19.0,2.0,0.0,0.0,0.0,0.1052631578947368,1.0,0.0,0.0,0.0,0.0,0.0,0.0,0,Legitimate,train
1694,Parsons Roofing Atlanta,https://www.linkedin.com/company/25037471,1.0,41.0,1.0,7.0,23.0,3.0,0.0,0.0,0.0,0.1304347826086956,1.0,0.0,0.0,0.0,0.0,0.0,0.0,0,Legitimate,train
1695,SEPHORA,https://www.linkedin.com/company/6814,1.0,37.0,1.0,7.0,7.0,1.0,0.0,0.0,0.0,1.0,1.0,0.0,0.0,0.0,0.0,0.0,0.0,0,Legitimate,train
1696,Mr Preventive : Maintenance and Safety News,https://www.linkedin.com/company/28392413,1.0,41.0,1.0,5.285714285714286,43.0,7.0,0.0,0.0,1.0,0.1162790697674418,1.0,0.0,0.0,0.0,0.0,0.0,0.0,0,Legitimate,train
1697,Flutter Entertainment Plc,https://www.linkedin.com/company/14072241,1.0,41.0,1.0,7.666666666666667,25.0,3.0,0.0,0.0,0.0,0.12,1.0,0.0,0.0,0.0,0.0,1.0,1.0,0,Legitimate,train
1698,Huntsman Corporation,https://www.linkedin.com/company/5649,1.0,37.0,1.0,9.5,20.0,2.0,0.0,0.0,0.0,0.1,1.0,0.0,0.0,0.0,0.0,1.0,1.0,0,Legitimate,train
1699,IAITAM,https://www.linkedin.com/company/91069,1.0,38.0,1.0,6.0,6.0,1.0,0.0,0.0,0.0,1.0,1.0,0.0,0.0,0.0,0.0,0.0,0.0,0,Legitimate,test
1700,Fingercheck,https://www.linkedin.com/company/3542117,1.0,40.0,1.0,11.0,11.0,1.0,0.0,0.0,0.0,0.0909090909090909,1.0,0.0,0.0,0.0,0.0,0.0,0.0,0,Legitimate,train
1701,Florida State University,https://www.linkedin.com/company/163849,1.0,39.0,1.0,7.333333333333333,24.0,3.0,0.0,0.0,0.0,0.125,1.0,0.0,0.0,0.0,0.0,0.0,0.0,0,Legitimate,train
1702,World Central Kitchen,https://www.linkedin.com/company/5277795,1.0,40.0,1.0,6.333333333333333,21.0,3.0,0.0,0.0,0.0,0.1428571428571428,1.0,0.0,0.0,0.0,0.0,0.0,0.0,0,Legitimate,val
1703,Gen™,https://www.linkedin.com/company/86730975,1.0,41.0,1.0,4.0,4.0,1.0,0.0,0.0,1.0,0.25,0.0,0.0,0.0,0.0,0.0,0.0,0.0,0,Legitimate,test
1704,Pizza Hut,https://www.linkedin.com/company/3406,1.0,37.0,1.0,4.0,9.0,2.0,0.0,0.0,0.0,0.2222222222222222,1.0,0.0,0.0,0.0,0.0,0.0,0.0,0,Legitimate,val
1705,Diveplane Corporation,https://www.linkedin.com/company/28667777,1.0,41.0,1.0,10.0,21.0,2.0,0.0,0.0,0.0,0.0952380952380952,1.0,0.0,0.0,0.0,0.0,1.0,1.0,0,Legitimate,train
1706,Wright's Media,https://www.linkedin.com/company/1327350,1.0,40.0,1.0,6.5,14.0,2.0,0.0,0.0,1.0,0.1428571428571428,1.0,0.0,0.0,0.0,0.0,0.0,0.0,0,Legitimate,train
1707,Paxon School/Advanced Studies,https://www.linkedin.com/company/33452645,1.0,41.0,1.0,9.0,29.0,3.0,0.0,0.0,1.0,0.1379310344827586,1.0,0.0,0.0,0.0,0.0,0.0,0.0,0,Legitimate,train
1708,IBM,https://www.linkedin.com/company/1009,1.0,37.0,1.0,3.0,3.0,1.0,0.0,0.0,0.0,1.0,1.0,0.0,0.0,0.0,0.0,0.0,0.0,0,Legitimate,train
1709,Spotsylvania Regional Medical Center,https://www.linkedin.com/company/8479403,1.0,40.0,1.0,8.25,36.0,4.0,0.0,0.0,0.0,0.1111111111111111,1.0,0.0,0.0,0.0,0.0,0.0,0.0,0,Legitimate,train
1710,Microsoft Game Dev,https://www.linkedin.com/company/3641570,1.0,40.0,1.0,5.333333333333333,18.0,3.0,0.0,0.0,0.0,0.1666666666666666,1.0,0.0,0.0,0.0,0.0,0.0,0.0,0,Legitimate,train
1711,Arthur M. Blank Family Foundation,https://www.linkedin.com/company/15663153,1.0,41.0,1.0,5.8,33.0,5.0,0.0,0.0,1.0,0.1515151515151515,1.0,0.0,0.0,0.0,0.0,0.0,0.0,0,Legitimate,train
1712,Southern University and A&M College- Baton Rouge,https://www.linkedin.com/company/580157,1.0,39.0,1.0,6.0,48.0,7.0,0.0,0.0,2.0,0.1458333333333333,1.0,1.0,0.0,0.0,0.0,0.0,0.0,0,Legitimate,train
1713,Nielsen Associates,https://www.linkedin.com/company/105110,1.0,39.0,1.0,8.5,18.0,2.0,0.0,0.0,0.0,0.1111111111111111,1.0,0.0,0.0,0.0,0.0,0.0,0.0,0,Legitimate,test
1714,Bronze/Brass/Alloy Valves,https://www.linkedin.com/company/10062481,1.0,41.0,1.0,12.0,25.0,2.0,0.0,0.0,2.0,0.16,1.0,0.0,0.0,0.0,0.0,0.0,0.0,0,Legitimate,test
1715,L'Oréal Professionnel Paris,https://www.linkedin.com/company/73237399,1.0,41.0,1.0,8.333333333333334,27.0,3.0,0.0,0.0,1.0,0.1481481481481481,0.0,0.0,0.0,0.0,0.0,0.0,0.0,0,Legitimate,train
1716,Baker Donelson,https://www.linkedin.com/company/18418,1.0,38.0,1.0,6.5,14.0,2.0,0.0,0.0,0.0,0.1428571428571428,1.0,0.0,0.0,0.0,0.0,0.0,0.0,0,Legitimate,train
1717,Rhodes Scholarship Trust,https://www.linkedin.com/company/9070361,1.0,40.0,1.0,7.333333333333333,24.0,3.0,0.0,0.0,0.0,0.125,1.0,0.0,0.0,0.0,0.0,0.0,0.0,0,Legitimate,train
1718,HP Inc. Workforce Recruitment,,0.0,0.0,0.0,6.5,29.0,4.0,0.0,0.0,1.0,0.1724137931034483,1.0,0.0,0.0,1.0,1.0,1.0,1.0,1,Fake_Scam,train
1719,Atlanta Braves,https://www.linkedin.com/company/2050,1.0,37.0,1.0,6.5,14.0,2.0,0.0,0.0,0.0,0.1428571428571428,1.0,0.0,0.0,0.0,0.0,0.0,0.0,0,Legitimate,train
1720,Kingspan Global,https://www.linkedin.com/company/2979742,1.0,40.0,1.0,7.0,15.0,2.0,0.0,0.0,0.0,0.1333333333333333,1.0,0.0,0.0,1.0,1.0,0.0,0.0,0,Legitimate,test
1721,LeadHERship Global,https://www.linkedin.com/company/69501001,1.0,41.0,1.0,8.5,18.0,2.0,0.0,0.0,0.0,0.2777777777777778,1.0,0.0,0.0,1.0,1.0,0.0,0.0,0,Legitimate,train
1722,CryptoMatrix Quant Desk,,0.0,0.0,0.0,7.0,23.0,3.0,0.0,0.0,0.0,0.1739130434782608,1.0,0.0,0.0,1.0,1.0,0.0,0.0,1,Fake_Scam,val
1723,Primo Ventures,https://www.linkedin.com/company/10985190,1.0,41.0,1.0,6.5,14.0,2.0,0.0,0.0,0.0,0.1428571428571428,1.0,0.0,0.0,0.0,0.0,1.0,1.0,0,Legitimate,train
1724,Advantia Health,https://www.linkedin.com/company/9177279,1.0,40.0,1.0,7.0,15.0,2.0,0.0,0.0,0.0,0.1333333333333333,1.0,0.0,0.0,0.0,0.0,0.0,0.0,0,Legitimate,train
1725,Ecstatic Sales,https://www.linkedin.com/company/89731258,1.0,41.0,1.0,6.5,14.0,2.0,0.0,0.0,0.0,0.1428571428571428,1.0,0.0,0.0,0.0,0.0,0.0,0.0,0,Legitimate,train
1726,SanTrac Technologies Inc,https://www.linkedin.com/company/3980082,1.0,40.0,1.0,7.333333333333333,24.0,3.0,0.0,0.0,0.0,0.1666666666666666,1.0,0.0,0.0,0.0,0.0,1.0,1.0,0,Legitimate,val
1727,"Global Talent Alliance, Canada",https://www.linkedin.com/company/74698012,1.0,41.0,1.0,6.75,30.0,4.0,0.0,0.0,1.0,0.1333333333333333,1.0,0.0,1.0,2.0,1.0,0.0,0.0,0,Legitimate,train
1728,Global Custodian,https://www.linkedin.com/company/35523271,1.0,41.0,1.0,7.5,16.0,2.0,0.0,0.0,0.0,0.125,1.0,0.0,0.0,1.0,1.0,0.0,0.0,0,Legitimate,train
1729,Trans4mation.coach,https://www.linkedin.com/company/15091305,1.0,41.0,1.0,18.0,18.0,1.0,1.0,1.0,1.0,0.0555555555555555,1.0,0.0,0.0,0.0,0.0,0.0,0.0,0,Legitimate,train
1730,Cisco Secure,https://www.linkedin.com/company/3510977,1.0,40.0,1.0,5.5,12.0,2.0,0.0,0.0,0.0,0.1666666666666666,1.0,0.0,0.0,0.0,0.0,0.0,0.0,0,Legitimate,train
1731,Currensea,https://www.linkedin.com/company/19124814,1.0,41.0,1.0,9.0,9.0,1.0,0.0,0.0,0.0,0.1111111111111111,1.0,0.0,0.0,0.0,0.0,0.0,0.0,0,Legitimate,train
1732,University of Portland,https://www.linkedin.com/company/9202,1.0,37.0,1.0,6.666666666666667,22.0,3.0,0.0,0.0,0.0,0.0909090909090909,1.0,0.0,0.0,0.0,0.0,0.0,0.0,0,Legitimate,train
1733,Strafford,https://www.linkedin.com/company/620667,1.0,39.0,1.0,9.0,9.0,1.0,0.0,0.0,0.0,0.1111111111111111,1.0,0.0,0.0,0.0,0.0,0.0,0.0,0,Legitimate,train
1734,"Tacala, LLC",https://www.linkedin.com/company/1519214,1.0,40.0,1.0,5.0,11.0,2.0,0.0,0.0,1.0,0.3636363636363636,1.0,0.0,1.0,0.0,0.0,1.0,1.0,0,Legitimate,val
1735,Air Canada,https://www.linkedin.com/company/4737,1.0,37.0,1.0,4.5,10.0,2.0,0.0,0.0,0.0,0.2,1.0,0.0,0.0,0.0,0.0,0.0,0.0,0,Legitimate,train
1736,Fayetteville Road,https://www.linkedin.com/company/65487268,1.0,41.0,1.0,8.0,17.0,2.0,0.0,0.0,0.0,0.1176470588235294,1.0,0.0,0.0,0.0,0.0,0.0,0.0,0,Legitimate,val
1737,Contemporary Staffing Solutions,https://www.linkedin.com/company/33218,1.0,38.0,1.0,9.666666666666666,31.0,3.0,0.0,0.0,0.0,0.0967741935483871,1.0,0.0,0.0,1.0,1.0,1.0,1.0,0,Legitimate,train
1738,Compass,https://www.linkedin.com/company/27003594,1.0,41.0,1.0,7.0,7.0,1.0,0.0,0.0,0.0,0.1428571428571428,1.0,0.0,0.0,0.0,0.0,0.0,0.0,0,Legitimate,train
1739,Foreword,https://www.linkedin.com/company/82802086,1.0,41.0,1.0,8.0,8.0,1.0,0.0,0.0,0.0,0.125,1.0,0.0,0.0,0.0,0.0,0.0,0.0,0,Legitimate,test
1740,Adobe Creative Cloud Studios,,0.0,0.0,0.0,6.25,28.0,4.0,0.0,0.0,0.0,0.1428571428571428,1.0,0.0,0.0,0.0,0.0,0.0,0.0,1,Fake_Scam,test
1741,Lincoln Public Schools,https://www.linkedin.com/company/18731,1.0,38.0,1.0,6.666666666666667,22.0,3.0,0.0,0.0,0.0,0.1363636363636363,1.0,0.0,0.0,0.0,0.0,0.0,0.0,0,Legitimate,train
1742,"Tai Ginsberg & Associates, LLC",https://www.linkedin.com/company/18798178,1.0,41.0,1.0,5.2,30.0,5.0,0.0,0.0,2.0,0.2,1.0,1.0,1.0,1.0,1.0,1.0,1.0,0,Legitimate,train
1743,The O'Connor Group,https://www.linkedin.com/company/222531,1.0,39.0,1.0,5.333333333333333,18.0,3.0,0.0,0.0,1.0,0.2222222222222222,1.0,0.0,0.0,0.0,0.0,1.0,1.0,0,Legitimate,train
1744,The Wilner Group,https://www.linkedin.com/company/11825395,1.0,41.0,1.0,4.666666666666667,16.0,3.0,0.0,0.0,0.0,0.1875,1.0,0.0,0.0,0.0,0.0,1.0,1.0,0,Legitimate,train
1745,Amiti,https://www.linkedin.com/company/9468263,1.0,40.0,1.0,5.0,5.0,1.0,0.0,0.0,0.0,0.2,1.0,0.0,0.0,0.0,0.0,0.0,0.0,0,Legitimate,train
1746,QuickHire Staffing Consult,,0.0,0.0,0.0,8.0,26.0,3.0,0.0,0.0,0.0,0.1538461538461538,1.0,0.0,0.0,2.0,1.0,0.0,0.0,1,Fake_Scam,test
1747,The St. James,https://www.linkedin.com/company/11178321,1.0,41.0,1.0,3.6666666666666665,13.0,3.0,0.0,0.0,1.0,0.2307692307692307,1.0,0.0,0.0,0.0,0.0,0.0,0.0,0,Legitimate,val
1748,University of Southern California,https://www.linkedin.com/company/3084,1.0,37.0,1.0,7.5,33.0,4.0,0.0,0.0,0.0,0.0909090909090909,1.0,0.0,0.0,0.0,0.0,0.0,0.0,0,Legitimate,train
1749,TCC Canada,https://www.linkedin.com/company/615107,1.0,39.0,1.0,4.5,10.0,2.0,0.0,0.0,0.0,0.4,1.0,0.0,0.0,0.0,0.0,0.0,0.0,0,Legitimate,train
1750,Navy Blue Sports,https://www.linkedin.com/company/1920484,1.0,40.0,1.0,4.666666666666667,16.0,3.0,0.0,0.0,0.0,0.1875,1.0,0.0,0.0,0.0,0.0,0.0,0.0,0,Legitimate,train
1751,Beta Alpha Psi International (BAP),https://www.linkedin.com/company/16247396,1.0,41.0,1.0,6.0,34.0,5.0,0.0,0.0,2.0,0.2058823529411764,1.0,0.0,0.0,0.0,0.0,0.0,0.0,0,Legitimate,train
1752,Missouri University of Science and Technology,https://www.linkedin.com/company/15142330,1.0,41.0,1.0,6.666666666666667,45.0,6.0,0.0,0.0,0.0,0.0888888888888888,1.0,0.0,0.0,0.0,0.0,0.0,0.0,0,Legitimate,train
1753,Benefit Cosmetics,https://www.linkedin.com/company/19295,1.0,38.0,1.0,8.0,17.0,2.0,0.0,0.0,0.0,0.1176470588235294,1.0,0.0,0.0,0.0,0.0,0.0,0.0,0,Legitimate,train
1754,moment,https://www.linkedin.com/company/18894395,1.0,41.0,1.0,6.0,6.0,1.0,0.0,0.0,0.0,0.0,1.0,0.0,0.0,0.0,0.0,0.0,0.0,0,Legitimate,val
1755,Roosevelt STAY,https://www.linkedin.com/company/33305142,1.0,41.0,1.0,6.5,14.0,2.0,0.0,0.0,0.0,0.3571428571428571,1.0,0.0,0.0,0.0,0.0,0.0,0.0,0,Legitimate,train
1756,Haven Behavioral Healthcare,https://www.linkedin.com/company/1380865,1.0,40.0,1.0,8.333333333333334,27.0,3.0,0.0,0.0,0.0,0.1111111111111111,1.0,0.0,0.0,0.0,0.0,0.0,0.0,0,Legitimate,train
1757,ChickTech,https://www.linkedin.com/company/2500545,1.0,40.0,1.0,9.0,9.0,1.0,0.0,0.0,0.0,0.2222222222222222,1.0,0.0,0.0,0.0,0.0,0.0,0.0,0,Legitimate,test
1758,Empresa de Generación Huallaga S.A.,https://www.linkedin.com/company/53109395,1.0,41.0,1.0,6.2,35.0,5.0,0.0,0.0,2.0,0.1428571428571428,0.0,0.0,0.0,0.0,0.0,0.0,0.0,0,Legitimate,train
1759,Vanguard Digital Forex,,0.0,0.0,0.0,6.666666666666667,22.0,3.0,0.0,0.0,0.0,0.1363636363636363,1.0,0.0,0.0,0.0,0.0,0.0,0.0,1,Fake_Scam,train
1760,Reach,https://www.linkedin.com/company/33300982,1.0,41.0,1.0,5.0,5.0,1.0,0.0,0.0,0.0,0.2,1.0,0.0,0.0,0.0,0.0,0.0,0.0,0,Legitimate,train
1761,AFROTECH,https://www.linkedin.com/company/86875079,1.0,41.0,1.0,8.0,8.0,1.0,0.0,0.0,0.0,1.0,1.0,0.0,0.0,0.0,0.0,0.0,0.0,0,Legitimate,train
1762,Synthetic AI Labs,,0.0,0.0,0.0,5.0,17.0,3.0,0.0,0.0,0.0,0.2352941176470588,1.0,0.0,0.0,1.0,1.0,1.0,1.0,1,Fake_Scam,test
1763,TriHealth,https://www.linkedin.com/company/20848,1.0,38.0,1.0,9.0,9.0,1.0,0.0,0.0,0.0,0.2222222222222222,1.0,0.0,0.0,0.0,0.0,0.0,0.0,0,Legitimate,train
1764,Human Resources International (HRI),https://www.linkedin.com/company/11967,1.0,38.0,1.0,8.0,35.0,4.0,0.0,0.0,2.0,0.1714285714285714,1.0,0.0,0.0,0.0,0.0,0.0,0.0,0,Legitimate,train
1765,Forj Marketing,https://www.linkedin.com/company/17917944,1.0,41.0,1.0,6.5,14.0,2.0,0.0,0.0,0.0,0.1428571428571428,1.0,0.0,0.0,0.0,0.0,0.0,0.0,0,Legitimate,train
1766,"Primeritus Financial Services, Inc",https://www.linkedin.com/company/1555406,1.0,40.0,1.0,7.75,34.0,4.0,0.0,0.0,1.0,0.1176470588235294,1.0,0.0,1.0,0.0,0.0,1.0,1.0,0,Legitimate,train
1767,Stella & Dot,https://www.linkedin.com/company/915662,1.0,39.0,1.0,3.333333333333333,12.0,3.0,0.0,0.0,1.0,0.1666666666666666,1.0,1.0,0.0,0.0,0.0,0.0,0.0,0,Legitimate,train
1768,Huntsman Architectural Group,https://www.linkedin.com/company/38999,1.0,38.0,1.0,8.666666666666666,28.0,3.0,0.0,0.0,0.0,0.1071428571428571,1.0,0.0,0.0,0.0,0.0,1.0,1.0,0,Legitimate,test
1769,Cleveland Clinic International Operations,https://www.linkedin.com/company/33242544,1.0,41.0,1.0,9.5,41.0,4.0,0.0,0.0,0.0,0.0975609756097561,1.0,0.0,0.0,0.0,0.0,0.0,0.0,0,Legitimate,train
1770,United Spaces,https://www.linkedin.com/company/86909,1.0,38.0,1.0,6.0,13.0,2.0,0.0,0.0,0.0,0.1538461538461538,1.0,0.0,0.0,0.0,0.0,0.0,0.0,0,Legitimate,test
1771,ACC Compliance and Ethics Network,https://www.linkedin.com/company/71493393,1.0,41.0,1.0,5.8,33.0,5.0,0.0,0.0,0.0,0.1818181818181818,1.0,0.0,0.0,0.0,0.0,0.0,0.0,0,Legitimate,test
1772,upReach,https://www.linkedin.com/company/2693222,1.0,40.0,1.0,7.0,7.0,1.0,0.0,0.0,0.0,0.1428571428571428,1.0,0.0,0.0,0.0,0.0,0.0,0.0,0,Legitimate,train
1773,National Urban League,https://www.linkedin.com/company/28775,1.0,38.0,1.0,6.333333333333333,21.0,3.0,0.0,0.0,0.0,0.1428571428571428,1.0,0.0,0.0,0.0,0.0,0.0,0.0,0,Legitimate,train
1774,CareerSource Tampa Bay,https://www.linkedin.com/company/95427,1.0,38.0,1.0,6.666666666666667,22.0,3.0,0.0,0.0,0.0,0.1818181818181818,1.0,0.0,0.0,2.0,1.0,0.0,0.0,0,Legitimate,val
1775,Highway Park Neighborhood Council,https://www.linkedin.com/company/71560952,1.0,41.0,1.0,7.5,33.0,4.0,0.0,0.0,0.0,0.1212121212121212,1.0,0.0,0.0,0.0,0.0,0.0,0.0,0,Legitimate,train
1776,Y.Chroma Apparel,https://www.linkedin.com/company/82975084,1.0,41.0,1.0,7.5,16.0,2.0,0.0,0.0,1.0,0.1875,1.0,0.0,0.0,0.0,0.0,0.0,0.0,0,Legitimate,train
1777,Women in Compliance,https://www.linkedin.com/company/11431255,1.0,41.0,1.0,5.666666666666667,19.0,3.0,0.0,0.0,0.0,0.1052631578947368,1.0,0.0,0.0,0.0,0.0,0.0,0.0,0,Legitimate,test
1778,The Container Store,https://www.linkedin.com/company/18062,1.0,38.0,1.0,5.666666666666667,19.0,3.0,0.0,0.0,0.0,0.1578947368421052,1.0,0.0,0.0,0.0,0.0,0.0,0.0,0,Legitimate,train
1779,CSC Station,https://www.linkedin.com/company/69218995,1.0,41.0,1.0,5.0,11.0,2.0,0.0,0.0,0.0,0.3636363636363636,1.0,0.0,0.0,0.0,0.0,0.0,0.0,0,Legitimate,train
1780,Milwaukee Bucks Inc.,https://www.linkedin.com/company/1118824,1.0,40.0,1.0,6.0,20.0,3.0,0.0,0.0,1.0,0.15,1.0,0.0,0.0,0.0,0.0,1.0,1.0,0,Legitimate,test
1781,"Barrett Firearms Mfg, Inc",https://www.linkedin.com/company/867892,1.0,39.0,1.0,5.5,25.0,4.0,0.0,0.0,1.0,0.16,1.0,0.0,1.0,0.0,0.0,1.0,1.0,0,Legitimate,train
1782,Downtown Memphis Commission,https://www.linkedin.com/company/35469746,1.0,41.0,1.0,8.333333333333334,27.0,3.0,0.0,0.0,0.0,0.1111111111111111,1.0,0.0,0.0,0.0,0.0,0.0,0.0,0,Legitimate,train
1783,Zelus Esports,https://www.linkedin.com/company/80154447,1.0,41.0,1.0,6.0,13.0,2.0,0.0,0.0,0.0,0.1538461538461538,1.0,0.0,0.0,0.0,0.0,0.0,0.0,0,Legitimate,train
1784,SCS Technology Solutions Ltd,https://www.linkedin.com/company/5217183,1.0,40.0,1.0,6.25,28.0,4.0,0.0,0.0,0.0,0.2142857142857142,1.0,0.0,0.0,0.0,0.0,2.0,1.0,0,Legitimate,train
1785,GIA (Gemological Institute of America),https://www.linkedin.com/company/14401,1.0,38.0,1.0,6.8,38.0,5.0,0.0,0.0,2.0,0.1578947368421052,1.0,0.0,0.0,0.0,0.0,0.0,0.0,0,Legitimate,train
1786,Meta Hollywood,https://www.linkedin.com/company/85433973,1.0,41.0,1.0,6.5,14.0,2.0,0.0,0.0,0.0,0.1428571428571428,1.0,0.0,0.0,0.0,0.0,0.0,0.0,0,Legitimate,test
1787,"GE Lighting, a Savant company",https://www.linkedin.com/company/2489209,1.0,40.0,1.0,5.0,29.0,5.0,0.0,0.0,1.0,0.1379310344827586,1.0,0.0,1.0,0.0,0.0,1.0,1.0,0,Legitimate,train
1788,Staple,https://www.linkedin.com/company/1113704,1.0,40.0,1.0,6.0,6.0,1.0,0.0,0.0,0.0,0.1666666666666666,1.0,0.0,0.0,0.0,0.0,0.0,0.0,0,Legitimate,train
1789,Inclusion Allies Coalition,https://www.linkedin.com/company/11307268,1.0,41.0,1.0,8.0,26.0,3.0,0.0,0.0,0.0,0.1153846153846153,1.0,0.0,0.0,0.0,0.0,0.0,0.0,0,Legitimate,val
1790,The Female Lead,https://www.linkedin.com/company/10587940,1.0,41.0,1.0,4.333333333333333,15.0,3.0,0.0,0.0,0.0,0.2,1.0,0.0,0.0,0.0,0.0,0.0,0.0,0,Legitimate,train
1791,UBS,https://www.linkedin.com/company/1214,1.0,37.0,1.0,3.0,3.0,1.0,0.0,0.0,0.0,1.0,1.0,0.0,0.0,0.0,0.0,0.0,0.0,0,Legitimate,train
1792,Mitsubishi Electric,https://www.linkedin.com/company/14495786,1.0,41.0,1.0,9.0,19.0,2.0,0.0,0.0,0.0,0.1052631578947368,1.0,0.0,0.0,0.0,0.0,0.0,0.0,0,Legitimate,train
1793,Charcot-Marie-Tooth Association,https://www.linkedin.com/company/2779868,1.0,40.0,1.0,15.0,31.0,2.0,0.0,0.0,2.0,0.1290322580645161,1.0,0.0,0.0,0.0,0.0,0.0,0.0,0,Legitimate,val
1794,Singapore Institute of Management,https://www.linkedin.com/company/15108918,1.0,41.0,1.0,7.5,33.0,4.0,0.0,0.0,0.0,0.0909090909090909,1.0,0.0,0.0,0.0,0.0,0.0,0.0,0,Legitimate,val
1795,Volaris Group,https://www.linkedin.com/company/2016165,1.0,40.0,1.0,6.0,13.0,2.0,0.0,0.0,0.0,0.1538461538461538,1.0,0.0,0.0,0.0,0.0,1.0,1.0,0,Legitimate,val
1796,Cubic Corporation,https://www.linkedin.com/company/5908,1.0,37.0,1.0,8.0,17.0,2.0,0.0,0.0,0.0,0.1176470588235294,1.0,0.0,0.0,0.0,0.0,1.0,1.0,0,Legitimate,test
1797,Through the Woods Consulting,https://www.linkedin.com/company/7787098,1.0,40.0,1.0,6.25,28.0,4.0,0.0,0.0,0.0,0.1071428571428571,1.0,0.0,0.0,1.0,1.0,0.0,0.0,0,Legitimate,test
1798,Meta,https://www.linkedin.com/company/10667,1.0,38.0,1.0,4.0,4.0,1.0,0.0,0.0,0.0,0.25,1.0,0.0,0.0,0.0,0.0,0.0,0.0,0,Legitimate,train
1799,Intov8 Pty Ltd,https://www.linkedin.com/company/2254475,1.0,40.0,1.0,4.0,14.0,3.0,1.0,1.0,0.0,0.2142857142857142,1.0,0.0,0.0,0.0,0.0,1.0,1.0,0,Legitimate,train
1800,Lidl Italia,https://www.linkedin.com/company/3579420,1.0,40.0,1.0,5.0,11.0,2.0,0.0,0.0,0.0,0.1818181818181818,1.0,0.0,0.0,0.0,0.0,0.0,0.0,0,Legitimate,val
1801,Virgin StartUp,https://www.linkedin.com/company/3515492,1.0,40.0,1.0,6.5,14.0,2.0,0.0,0.0,0.0,0.2142857142857142,1.0,0.0,0.0,0.0,0.0,0.0,0.0,0,Legitimate,train
1802,ServiceNow,https://www.linkedin.com/company/29352,1.0,38.0,1.0,10.0,10.0,1.0,0.0,0.0,0.0,0.2,1.0,0.0,0.0,0.0,0.0,0.0,0.0,0,Legitimate,train
1803,Breaking the Ice Podcast,https://www.linkedin.com/company/76585716,1.0,41.0,1.0,5.25,24.0,4.0,0.0,0.0,0.0,0.125,1.0,0.0,0.0,0.0,0.0,0.0,0.0,0,Legitimate,train
1804,LinkedIn News Europe,https://www.linkedin.com/company/64872366,1.0,41.0,1.0,6.0,20.0,3.0,0.0,0.0,0.0,0.2,1.0,0.0,0.0,0.0,0.0,0.0,0.0,0,Legitimate,train
1805,RBW Consulting,https://www.linkedin.com/company/348981,1.0,39.0,1.0,6.5,14.0,2.0,0.0,0.0,0.0,0.2857142857142857,1.0,0.0,0.0,1.0,1.0,0.0,0.0,0,Legitimate,train
1806,RDV Corporation,https://www.linkedin.com/company/77195,1.0,38.0,1.0,7.0,15.0,2.0,0.0,0.0,0.0,0.2666666666666666,1.0,0.0,0.0,0.0,0.0,1.0,1.0,0,Legitimate,train
1807,Immigration Law Group LLP,https://www.linkedin.com/company/103710,1.0,39.0,1.0,5.5,25.0,4.0,0.0,0.0,0.0,0.24,1.0,0.0,0.0,0.0,0.0,1.0,1.0,0,Legitimate,test
1808,VAER,https://www.linkedin.com/company/30141136,1.0,41.0,1.0,4.0,4.0,1.0,0.0,0.0,0.0,1.0,1.0,0.0,0.0,0.0,0.0,0.0,0.0,0,Legitimate,test
1809,Your Black Matters,https://www.linkedin.com/company/65621512,1.0,41.0,1.0,5.333333333333333,18.0,3.0,0.0,0.0,0.0,0.1666666666666666,1.0,0.0,0.0,0.0,0.0,0.0,0.0,0,Legitimate,train
1810,University of Minnesota Duluth,https://www.linkedin.com/company/5047602,1.0,40.0,1.0,6.75,30.0,4.0,0.0,0.0,0.0,0.1,1.0,0.0,0.0,0.0,0.0,0.0,0.0,0,Legitimate,test
1811,Dragonflies Everywhere,https://www.linkedin.com/company/67322007,1.0,41.0,1.0,10.5,22.0,2.0,0.0,0.0,0.0,0.0909090909090909,1.0,0.0,0.0,0.0,0.0,0.0,0.0,0,Legitimate,test
1812,"Goodwill Industries-Suncoast, Inc.",https://www.linkedin.com/company/2228467,1.0,40.0,1.0,10.666666666666666,34.0,3.0,0.0,0.0,3.0,0.1176470588235294,1.0,0.0,1.0,0.0,0.0,1.0,1.0,0,Legitimate,val
1813,Prime Healthcare,https://www.linkedin.com/company/1129552,1.0,40.0,1.0,7.5,16.0,2.0,0.0,0.0,0.0,0.125,1.0,0.0,0.0,0.0,0.0,0.0,0.0,0,Legitimate,val
1814,"CTA Consultants, LLC",https://www.linkedin.com/company/19026541,1.0,41.0,1.0,6.0,20.0,3.0,0.0,0.0,1.0,0.35,1.0,0.0,1.0,1.0,1.0,1.0,1.0,0,Legitimate,test
1815,HR Ninjas,https://www.linkedin.com/company/69492774,1.0,41.0,1.0,4.0,9.0,2.0,0.0,0.0,0.0,0.3333333333333333,1.0,0.0,0.0,0.0,0.0,0.0,0.0,0,Legitimate,train
1816,Ardent Financial Planning,https://www.linkedin.com/company/12078381,1.0,41.0,1.0,7.666666666666667,25.0,3.0,0.0,0.0,0.0,0.12,1.0,0.0,0.0,0.0,0.0,0.0,0.0,0,Legitimate,train
1817,LinkedIn News Asia,https://www.linkedin.com/company/64873261,1.0,41.0,1.0,5.333333333333333,18.0,3.0,0.0,0.0,0.0,0.2222222222222222,1.0,0.0,0.0,0.0,0.0,0.0,0.0,0,Legitimate,train
1818,AMD,https://www.linkedin.com/company/1497,1.0,37.0,1.0,3.0,3.0,1.0,0.0,0.0,0.0,1.0,1.0,0.0,0.0,0.0,0.0,0.0,0.0,0,Legitimate,train
1819,Acuitive Solutions,https://www.linkedin.com/company/2355843,1.0,40.0,1.0,8.5,18.0,2.0,0.0,0.0,0.0,0.1111111111111111,1.0,0.0,0.0,0.0,0.0,1.0,1.0,0,Legitimate,train
1820,Accenture France,https://www.linkedin.com/company/3790748,1.0,40.0,1.0,7.5,16.0,2.0,0.0,0.0,0.0,0.125,1.0,0.0,0.0,0.0,0.0,0.0,0.0,0,Legitimate,val
1821,"CKM Health Alliance, LLC",https://www.linkedin.com/company/35900741,1.0,41.0,1.0,5.25,24.0,4.0,0.0,0.0,1.0,0.3333333333333333,1.0,0.0,1.0,0.0,0.0,1.0,1.0,0,Legitimate,train
1822,BevZero,https://www.linkedin.com/company/18923377,1.0,41.0,1.0,7.0,7.0,1.0,0.0,0.0,0.0,0.2857142857142857,1.0,0.0,0.0,0.0,0.0,0.0,0.0,0,Legitimate,train
1823,"HARIBO of America, Inc.",https://www.linkedin.com/company/10245611,1.0,41.0,1.0,5.0,23.0,4.0,0.0,0.0,2.0,0.3478260869565217,1.0,0.0,1.0,0.0,0.0,1.0,1.0,0,Legitimate,train
1824,timdenning.com,https://www.linkedin.com/company/68891161,1.0,41.0,1.0,14.0,14.0,1.0,0.0,0.0,1.0,0.0,1.0,0.0,0.0,0.0,0.0,0.0,0.0,0,Legitimate,val
1825,"Victoria Labalme Communications, LLC",https://www.linkedin.com/company/10345376,1.0,41.0,1.0,8.25,36.0,4.0,0.0,0.0,1.0,0.1666666666666666,1.0,0.0,1.0,0.0,0.0,1.0,1.0,0,Legitimate,train
1826,Millward Brown Vermeer,https://www.linkedin.com/company/5064356,1.0,40.0,1.0,6.666666666666667,22.0,3.0,0.0,0.0,0.0,0.1363636363636363,1.0,0.0,0.0,0.0,0.0,0.0,0.0,0,Legitimate,train
1827,Athene,https://www.linkedin.com/company/3362620,1.0,40.0,1.0,6.0,6.0,1.0,0.0,0.0,0.0,0.1666666666666666,1.0,0.0,0.0,0.0,0.0,0.0,0.0,0,Legitimate,train
1828,World Trade Center Miami,https://www.linkedin.com/company/1108460,1.0,40.0,1.0,5.25,24.0,4.0,0.0,0.0,0.0,0.1666666666666666,1.0,0.0,0.0,0.0,0.0,0.0,0.0,0,Legitimate,train
1829,K&S Corporation Limited,https://www.linkedin.com/company/117496,1.0,39.0,1.0,7.0,23.0,3.0,0.0,0.0,1.0,0.1739130434782608,1.0,1.0,0.0,0.0,0.0,1.0,1.0,0,Legitimate,train
1830,Dallas Stars,https://www.linkedin.com/company/40507,1.0,38.0,1.0,5.5,12.0,2.0,0.0,0.0,0.0,0.1666666666666666,1.0,0.0,0.0,0.0,0.0,0.0,0.0,0,Legitimate,train
1831,London Metropolitan University,https://www.linkedin.com/company/12467,1.0,38.0,1.0,9.333333333333334,30.0,3.0,0.0,0.0,0.0,0.1,1.0,0.0,0.0,0.0,0.0,0.0,0.0,0,Legitimate,train
1832,METRO/MAKRO,https://www.linkedin.com/company/164955,1.0,39.0,1.0,11.0,11.0,1.0,0.0,0.0,1.0,0.9090909090909092,1.0,0.0,0.0,0.0,0.0,0.0,0.0,0,Legitimate,test
1833,Cashify,https://www.linkedin.com/company/455379,1.0,39.0,1.0,7.0,7.0,1.0,0.0,0.0,0.0,0.1428571428571428,1.0,0.0,0.0,0.0,0.0,0.0,0.0,0,Legitimate,train
1834,Flynn Restaurant Group,https://www.linkedin.com/company/7929696,1.0,40.0,1.0,6.666666666666667,22.0,3.0,0.0,0.0,0.0,0.1363636363636363,1.0,0.0,0.0,0.0,0.0,1.0,1.0,0,Legitimate,train
1835,Crest Hollow Country Club,https://www.linkedin.com/company/2963558,1.0,40.0,1.0,5.5,25.0,4.0,0.0,0.0,0.0,0.16,1.0,0.0,0.0,0.0,0.0,0.0,0.0,0,Legitimate,test
1836,Transition Pathway Initiative (TPI),https://www.linkedin.com/company/66263999,1.0,41.0,1.0,8.0,35.0,4.0,0.0,0.0,2.0,0.1714285714285714,1.0,0.0,0.0,0.0,0.0,0.0,0.0,0,Legitimate,train
1837,America Needs You,https://www.linkedin.com/company/5094510,1.0,40.0,1.0,5.0,17.0,3.0,0.0,0.0,0.0,0.1764705882352941,1.0,0.0,0.0,0.0,0.0,0.0,0.0,0,Legitimate,train
1838,Herbalife Nutrition,https://www.linkedin.com/company/5619,1.0,37.0,1.0,9.0,19.0,2.0,0.0,0.0,0.0,0.1052631578947368,1.0,0.0,0.0,0.0,0.0,0.0,0.0,0,Legitimate,val
1839,TCF Bank,https://www.linkedin.com/company/6930,1.0,37.0,1.0,3.5,8.0,2.0,0.0,0.0,0.0,0.5,1.0,0.0,0.0,0.0,0.0,0.0,0.0,0,Legitimate,train
1840,Quarles & Brady LLP,https://www.linkedin.com/company/12825,1.0,38.0,1.0,4.0,19.0,4.0,0.0,0.0,1.0,0.2631578947368421,1.0,1.0,0.0,0.0,0.0,0.0,0.0,0,Legitimate,train
1841,Presentech,https://www.linkedin.com/company/1463166,1.0,40.0,1.0,10.0,10.0,1.0,0.0,0.0,0.0,0.1,1.0,0.0,0.0,0.0,0.0,0.0,0.0,0,Legitimate,train
1842,"Zinda Law Group, PLLC",https://www.linkedin.com/company/1286794,1.0,40.0,1.0,4.5,21.0,4.0,0.0,0.0,1.0,0.3333333333333333,1.0,0.0,1.0,0.0,0.0,1.0,1.0,0,Legitimate,train
1843,CBIP Logistics,https://www.linkedin.com/company/37195554,1.0,41.0,1.0,6.5,14.0,2.0,0.0,0.0,0.0,0.3571428571428571,1.0,0.0,0.0,1.0,1.0,0.0,0.0,0,Legitimate,val
1844,Social Mobility Commission,https://www.linkedin.com/company/11171573,1.0,41.0,1.0,8.0,26.0,3.0,0.0,0.0,0.0,0.1153846153846153,1.0,0.0,0.0,0.0,0.0,0.0,0.0,0,Legitimate,train
1845,SWSM Magazine,https://www.linkedin.com/company/67483775,1.0,41.0,1.0,6.0,13.0,2.0,0.0,0.0,0.0,0.3846153846153846,1.0,0.0,0.0,0.0,0.0,0.0,0.0,0,Legitimate,train
1846,Elton John AIDS Foundation,https://www.linkedin.com/company/1504595,1.0,40.0,1.0,5.75,26.0,4.0,0.0,0.0,0.0,0.2692307692307692,1.0,0.0,0.0,0.0,0.0,0.0,0.0,0,Legitimate,train
1847,TULA Skincare,https://www.linkedin.com/company/10046321,1.0,41.0,1.0,6.0,13.0,2.0,0.0,0.0,0.0,0.3846153846153846,1.0,0.0,0.0,0.0,0.0,0.0,0.0,0,Legitimate,train
1848,The University of Texas at Austin,https://www.linkedin.com/company/3162,1.0,37.0,1.0,4.666666666666667,33.0,6.0,0.0,0.0,0.0,0.1212121212121212,1.0,0.0,0.0,0.0,0.0,0.0,0.0,0,Legitimate,val
1849,CyberKingdom Bilişim,https://www.linkedin.com/company/87126639,1.0,41.0,1.0,9.5,20.0,2.0,0.0,0.0,0.0,0.15,0.0,0.0,0.0,0.0,0.0,0.0,0.0,0,Legitimate,train
1850,EMR | Specialist in Marketing Recruitment,https://www.linkedin.com/company/166369,1.0,39.0,1.0,6.0,41.0,6.0,0.0,0.0,1.0,0.1463414634146341,1.0,0.0,0.0,1.0,1.0,0.0,0.0,0,Legitimate,train
1851,Total Wine & More,https://www.linkedin.com/company/27290,1.0,38.0,1.0,3.5,17.0,4.0,0.0,0.0,1.0,0.1764705882352941,1.0,1.0,0.0,0.0,0.0,0.0,0.0,0,Legitimate,val
1852,Packed with Purpose,https://www.linkedin.com/company/10875344,1.0,41.0,1.0,5.666666666666667,19.0,3.0,0.0,0.0,0.0,0.1052631578947368,1.0,0.0,0.0,0.0,0.0,0.0,0.0,0,Legitimate,train
1853,Outward Bound Netherlands,https://www.linkedin.com/company/11105375,1.0,41.0,1.0,7.666666666666667,25.0,3.0,0.0,0.0,0.0,0.12,1.0,0.0,0.0,0.0,0.0,0.0,0.0,0,Legitimate,train
1854,Townsend Harris Alumni Association,https://www.linkedin.com/company/11131599,1.0,41.0,1.0,7.75,34.0,4.0,0.0,0.0,0.0,0.1176470588235294,1.0,0.0,0.0,0.0,0.0,0.0,0.0,0,Legitimate,test
1855,Rice Ken Kennedy Institute,https://www.linkedin.com/company/33278448,1.0,41.0,1.0,5.75,26.0,4.0,0.0,0.0,0.0,0.1538461538461538,1.0,0.0,0.0,0.0,0.0,0.0,0.0,0,Legitimate,train
1856,Special Olympics Florida,https://www.linkedin.com/company/2168730,1.0,40.0,1.0,7.333333333333333,24.0,3.0,0.0,0.0,0.0,0.125,1.0,0.0,0.0,0.0,0.0,0.0,0.0,0,Legitimate,test
1857,K Street Capital,https://www.linkedin.com/company/5157237,1.0,40.0,1.0,4.666666666666667,16.0,3.0,0.0,0.0,0.0,0.1875,1.0,0.0,0.0,1.0,1.0,0.0,0.0,0,Legitimate,train
1858,"Maverick Transportation, LLC",https://www.linkedin.com/company/146002,1.0,39.0,1.0,8.666666666666666,28.0,3.0,0.0,0.0,1.0,0.1785714285714285,1.0,0.0,1.0,0.0,0.0,1.0,1.0,0,Legitimate,train
1859,Quadrical Ai,https://www.linkedin.com/company/28656901,1.0,41.0,1.0,5.5,12.0,2.0,0.0,0.0,0.0,0.1666666666666666,1.0,0.0,0.0,0.0,0.0,0.0,0.0,0,Legitimate,val
1860,finway,https://www.linkedin.com/company/31549594,1.0,41.0,1.0,6.0,6.0,1.0,0.0,0.0,0.0,0.0,1.0,0.0,0.0,0.0,0.0,0.0,0.0,0,Legitimate,train
1861,NBC Sports Next,https://www.linkedin.com/company/79809662,1.0,41.0,1.0,4.333333333333333,15.0,3.0,0.0,0.0,0.0,0.3333333333333333,1.0,0.0,0.0,0.0,0.0,0.0,0.0,0,Legitimate,val
1862,U*Realized,https://www.linkedin.com/company/1605951,1.0,40.0,1.0,10.0,10.0,1.0,0.0,0.0,1.0,0.2,1.0,0.0,0.0,0.0,0.0,0.0,0.0,0,Legitimate,train
1863,Eversheds Sutherland,https://www.linkedin.com/company/17937327,1.0,41.0,1.0,9.5,20.0,2.0,0.0,0.0,0.0,0.1,1.0,0.0,0.0,0.0,0.0,0.0,0.0,0,Legitimate,train
1864,American Marketing Association - Wayne State University,https://www.linkedin.com/company/18837252,1.0,41.0,1.0,7.0,55.0,7.0,0.0,0.0,1.0,0.109090909090909,1.0,0.0,0.0,0.0,0.0,0.0,0.0,0,Legitimate,train
1865,"United Gaming, LLC.",https://www.linkedin.com/company/72984232,1.0,41.0,1.0,5.666666666666667,19.0,3.0,0.0,0.0,2.0,0.2631578947368421,1.0,0.0,1.0,0.0,0.0,1.0,1.0,0,Legitimate,test
1866,IMA-Europe (Industrial Minerals Association - Europe),https://www.linkedin.com/company/1553801,1.0,40.0,1.0,8.0,53.0,6.0,0.0,0.0,4.0,0.1509433962264151,1.0,0.0,0.0,0.0,0.0,0.0,0.0,0,Legitimate,train
1867,Integrate Autism Employment Advisors,https://www.linkedin.com/company/11072045,1.0,41.0,1.0,8.25,36.0,4.0,0.0,0.0,0.0,0.1111111111111111,1.0,0.0,0.0,0.0,0.0,0.0,0.0,0,Legitimate,train
1868,Universities Australia,https://www.linkedin.com/company/1455411,1.0,40.0,1.0,10.5,22.0,2.0,0.0,0.0,0.0,0.0909090909090909,1.0,0.0,0.0,0.0,0.0,0.0,0.0,0,Legitimate,train
1869,Love What Matters,https://www.linkedin.com/company/11537309,1.0,41.0,1.0,5.0,17.0,3.0,0.0,0.0,0.0,0.1764705882352941,1.0,0.0,0.0,0.0,0.0,0.0,0.0,0,Legitimate,val
1870,ARD Logistics,https://www.linkedin.com/company/1896967,1.0,40.0,1.0,6.0,13.0,2.0,0.0,0.0,0.0,0.3076923076923077,1.0,0.0,0.0,1.0,1.0,0.0,0.0,0,Legitimate,train
1871,UL Solutions,https://www.linkedin.com/company/4721,1.0,37.0,1.0,5.5,12.0,2.0,0.0,0.0,0.0,0.25,1.0,0.0,0.0,0.0,0.0,1.0,1.0,0,Legitimate,train
1872,Vogue Business,https://www.linkedin.com/company/35505786,1.0,41.0,1.0,6.5,14.0,2.0,0.0,0.0,0.0,0.1428571428571428,1.0,0.0,0.0,0.0,0.0,0.0,0.0,0,Legitimate,train
1873,BG MULTIFAMILY,https://www.linkedin.com/company/5073645,1.0,40.0,1.0,6.5,14.0,2.0,0.0,0.0,0.0,0.9285714285714286,1.0,0.0,0.0,0.0,0.0,0.0,0.0,0,Legitimate,val
1874,Pembury Partners Household Consultancy,https://www.linkedin.com/company/31437587,1.0,41.0,1.0,8.75,38.0,4.0,0.0,0.0,0.0,0.1052631578947368,1.0,0.0,0.0,1.0,1.0,1.0,1.0,0,Legitimate,train
1875,"Universal Write Publications, LLC",https://www.linkedin.com/company/1505692,1.0,40.0,1.0,7.5,33.0,4.0,0.0,0.0,1.0,0.1818181818181818,1.0,0.0,1.0,0.0,0.0,1.0,1.0,0,Legitimate,test
1876,Ingredion Incorporated,https://www.linkedin.com/company/16530,1.0,38.0,1.0,10.5,22.0,2.0,0.0,0.0,0.0,0.0909090909090909,1.0,0.0,0.0,0.0,0.0,0.0,0.0,0,Legitimate,val
1877,Stablli,https://www.linkedin.com/company/76546125,1.0,41.0,1.0,7.0,7.0,1.0,0.0,0.0,0.0,0.1428571428571428,1.0,0.0,0.0,0.0,0.0,0.0,0.0,0,Legitimate,train
1878,Human Resource Advisors,https://www.linkedin.com/company/90954,1.0,38.0,1.0,7.0,23.0,3.0,0.0,0.0,0.0,0.1304347826086956,1.0,0.0,0.0,0.0,0.0,0.0,0.0,0,Legitimate,train
1879,Boone & Associates Inc.,https://www.linkedin.com/company/68597190,1.0,41.0,1.0,5.0,23.0,4.0,0.0,0.0,2.0,0.1304347826086956,1.0,1.0,0.0,0.0,0.0,1.0,1.0,0,Legitimate,val
1880,U.S. Naval War College,https://www.linkedin.com/company/1322,1.0,37.0,1.0,4.75,22.0,4.0,0.0,0.0,2.0,0.2272727272727272,1.0,0.0,0.0,0.0,0.0,0.0,0.0,0,Legitimate,test
1881,Tyson & Mendes,https://www.linkedin.com/company/1043063,1.0,40.0,1.0,4.0,14.0,3.0,0.0,0.0,1.0,0.1428571428571428,1.0,1.0,0.0,0.0,0.0,0.0,0.0,0,Legitimate,train
1882,Children’s Health Ireland (CHI),https://www.linkedin.com/company/1297723,1.0,40.0,1.0,7.0,31.0,4.0,0.0,0.0,3.0,0.1935483870967742,0.0,0.0,0.0,0.0,0.0,0.0,0.0,0,Legitimate,train
1883,WM,https://www.linkedin.com/company/204770,1.0,39.0,1.0,2.0,2.0,1.0,0.0,0.0,0.0,1.0,1.0,0.0,0.0,0.0,0.0,0.0,0.0,0,Legitimate,val
1884,ADR Consulting Group LLC,https://www.linkedin.com/company/67518971,1.0,41.0,1.0,5.25,24.0,4.0,0.0,0.0,0.0,0.3333333333333333,1.0,0.0,0.0,1.0,1.0,2.0,1.0,0,Legitimate,train
1885,"Strategy Voice Associates, LLC",https://www.linkedin.com/company/37865095,1.0,41.0,1.0,6.75,30.0,4.0,0.0,0.0,1.0,0.2,1.0,0.0,1.0,0.0,0.0,1.0,1.0,0,Legitimate,val
1886,WeLearn Learning Services,https://www.linkedin.com/company/16262578,1.0,41.0,1.0,7.666666666666667,25.0,3.0,0.0,0.0,0.0,0.16,1.0,0.0,0.0,0.0,0.0,0.0,0.0,0,Legitimate,train
1887,South China Normal University,https://www.linkedin.com/company/928099,1.0,39.0,1.0,6.5,29.0,4.0,0.0,0.0,0.0,0.1379310344827586,1.0,0.0,0.0,0.0,0.0,0.0,0.0,0,Legitimate,train
1888,Bali Construction Inc.,https://www.linkedin.com/company/67492544,1.0,41.0,1.0,6.666666666666667,22.0,3.0,0.0,0.0,1.0,0.1363636363636363,1.0,0.0,0.0,0.0,0.0,1.0,1.0,0,Legitimate,val
1889,City University of Hong Kong,https://www.linkedin.com/company/459034,1.0,39.0,1.0,4.8,28.0,5.0,0.0,0.0,0.0,0.1428571428571428,1.0,0.0,0.0,0.0,0.0,0.0,0.0,0,Legitimate,train
1890,Saint Ignatius College Prep,https://www.linkedin.com/company/384639,1.0,39.0,1.0,6.0,27.0,4.0,0.0,0.0,0.0,0.1481481481481481,1.0,0.0,0.0,0.0,0.0,0.0,0.0,0,Legitimate,train
1891,河北燕兴机械有限公司,https://www.linkedin.com/company/32608805,1.0,41.0,1.0,10.0,10.0,1.0,0.0,0.0,0.0,0.0,0.0,0.0,0.0,0.0,0.0,0.0,0.0,0,Legitimate,train
1892,"Minnetronix, Inc.",https://www.linkedin.com/company/104026,1.0,39.0,1.0,8.0,17.0,2.0,0.0,0.0,2.0,0.1176470588235294,1.0,0.0,1.0,0.0,0.0,1.0,1.0,0,Legitimate,train
1893,Winning in Work,https://www.linkedin.com/company/10889356,1.0,41.0,1.0,4.333333333333333,15.0,3.0,0.0,0.0,0.0,0.1333333333333333,1.0,0.0,0.0,0.0,0.0,0.0,0.0,0,Legitimate,train
1894,Enterprise Canada,https://www.linkedin.com/company/1490832,1.0,40.0,1.0,8.0,17.0,2.0,0.0,0.0,0.0,0.1176470588235294,1.0,0.0,0.0,0.0,0.0,0.0,0.0,0,Legitimate,train
1895,Nanometrics Inc,https://www.linkedin.com/company/266295,1.0,39.0,1.0,7.0,15.0,2.0,0.0,0.0,0.0,0.1333333333333333,1.0,0.0,0.0,0.0,0.0,1.0,1.0,0,Legitimate,train
1896,Mission Health,https://www.linkedin.com/company/28169,1.0,38.0,1.0,6.5,14.0,2.0,0.0,0.0,0.0,0.1428571428571428,1.0,0.0,0.0,0.0,0.0,0.0,0.0,0,Legitimate,train
1897,Co-Learning Lounge,https://www.linkedin.com/company/30951747,1.0,41.0,1.0,8.5,18.0,2.0,0.0,0.0,1.0,0.1666666666666666,1.0,0.0,0.0,0.0,0.0,1.0,1.0,0,Legitimate,train
1898,Theery,https://www.linkedin.com/company/3588039,1.0,40.0,1.0,6.0,6.0,1.0,0.0,0.0,0.0,0.1666666666666666,1.0,0.0,0.0,0.0,0.0,0.0,0.0,0,Legitimate,train
1899,SERVPRO of The Saint Croix Valley,https://www.linkedin.com/company/16201860,1.0,41.0,1.0,4.666666666666667,33.0,6.0,0.0,0.0,0.0,0.3333333333333333,1.0,0.0,0.0,0.0,0.0,0.0,0.0,0,Legitimate,train
1900,JK Design,https://www.linkedin.com/company/49460,1.0,38.0,1.0,4.0,9.0,2.0,0.0,0.0,0.0,0.3333333333333333,1.0,0.0,0.0,0.0,0.0,0.0,0.0,0,Legitimate,train
1901,Haleon,https://www.linkedin.com/company/80030090,1.0,41.0,1.0,6.0,6.0,1.0,0.0,0.0,0.0,0.1666666666666666,1.0,0.0,0.0,0.0,0.0,0.0,0.0,0,Legitimate,val
1902,Saint Louis University School of Law,https://www.linkedin.com/company/15102105,1.0,41.0,1.0,5.166666666666667,36.0,6.0,0.0,0.0,0.0,0.1388888888888889,1.0,0.0,0.0,0.0,0.0,0.0,0.0,0,Legitimate,train
1903,Indiana University Bloomington,https://www.linkedin.com/company/3325,1.0,37.0,1.0,9.333333333333334,30.0,3.0,0.0,0.0,0.0,0.1,1.0,0.0,0.0,0.0,0.0,0.0,0.0,0,Legitimate,train
1904,Biz New Orleans Magazine,https://www.linkedin.com/company/25039402,1.0,41.0,1.0,5.25,24.0,4.0,0.0,0.0,0.0,0.1666666666666666,1.0,0.0,0.0,0.0,0.0,0.0,0.0,0,Legitimate,train
1905,Bank of America Merrill Lynch,https://www.linkedin.com/company/3797085,1.0,40.0,1.0,5.0,29.0,5.0,0.0,0.0,0.0,0.1379310344827586,1.0,0.0,0.0,0.0,0.0,0.0,0.0,0,Legitimate,train
1906,Mashable,https://www.linkedin.com/company/200000,1.0,39.0,1.0,8.0,8.0,1.0,0.0,0.0,0.0,0.125,1.0,0.0,0.0,0.0,0.0,0.0,0.0,0,Legitimate,train
1907,Business School Nederland,https://www.linkedin.com/company/1386893,1.0,40.0,1.0,7.666666666666667,25.0,3.0,0.0,0.0,0.0,0.12,1.0,0.0,0.0,0.0,0.0,0.0,0.0,0,Legitimate,val
1908,OMD USA,https://www.linkedin.com/company/3540705,1.0,40.0,1.0,3.0,7.0,2.0,0.0,0.0,0.0,0.8571428571428571,1.0,0.0,0.0,0.0,0.0,0.0,0.0,0,Legitimate,train
1909,Pyramid Club,https://www.linkedin.com/company/3282012,1.0,40.0,1.0,5.5,12.0,2.0,0.0,0.0,0.0,0.1666666666666666,1.0,0.0,0.0,0.0,0.0,0.0,0.0,0,Legitimate,train
1910,"U.S. Preventive Medicine, Inc. (USPM)",https://www.linkedin.com/company/380977,1.0,39.0,1.0,6.6,37.0,5.0,0.0,0.0,6.0,0.2432432432432432,1.0,0.0,1.0,0.0,0.0,1.0,1.0,0,Legitimate,test
1911,西安奇维科技有限公司,https://www.linkedin.com/company/31773008,1.0,41.0,1.0,10.0,10.0,1.0,0.0,0.0,0.0,0.0,0.0,0.0,0.0,0.0,0.0,0.0,0.0,0,Legitimate,train
1912,CBIZ,https://www.linkedin.com/company/6078,1.0,37.0,1.0,4.0,4.0,1.0,0.0,0.0,0.0,1.0,1.0,0.0,0.0,0.0,0.0,0.0,0.0,0,Legitimate,test
1913,Groupe Lacasse Inc.,https://www.linkedin.com/company/432939,1.0,39.0,1.0,5.666666666666667,19.0,3.0,0.0,0.0,1.0,0.1578947368421052,1.0,0.0,0.0,0.0,0.0,1.0,1.0,0,Legitimate,test
1914,University of Pennsylvania Graduate School of Education,https://www.linkedin.com/company/12575393,1.0,41.0,1.0,7.0,55.0,7.0,0.0,0.0,0.0,0.0909090909090909,1.0,0.0,0.0,0.0,0.0,0.0,0.0,0,Legitimate,test
1915,Oracle Cloud,https://www.linkedin.com/company/6438417,1.0,40.0,1.0,5.5,12.0,2.0,0.0,0.0,0.0,0.1666666666666666,1.0,0.0,0.0,0.0,0.0,0.0,0.0,0,Legitimate,val
1916,"Conscious Capitalism, Inc.",https://www.linkedin.com/company/1430644,1.0,40.0,1.0,8.0,26.0,3.0,0.0,0.0,2.0,0.1153846153846153,1.0,0.0,1.0,1.0,1.0,1.0,1.0,0,Legitimate,train
1917,ZEGNA BARUFFA LANE BORGOSESIA SPA,https://www.linkedin.com/company/8935882,1.0,40.0,1.0,5.8,33.0,5.0,0.0,0.0,0.0,0.8787878787878788,1.0,0.0,0.0,0.0,0.0,0.0,0.0,0,Legitimate,test
1918,ESPN,https://www.linkedin.com/company/3595,1.0,37.0,1.0,4.0,4.0,1.0,0.0,0.0,0.0,1.0,1.0,0.0,0.0,0.0,0.0,0.0,0.0,0,Legitimate,train
1919,SocialTalent,https://www.linkedin.com/company/1613174,1.0,40.0,1.0,12.0,12.0,1.0,0.0,0.0,0.0,0.1666666666666666,1.0,0.0,0.0,1.0,1.0,0.0,0.0,0,Legitimate,train
1920,The Davis Consulting Group,https://www.linkedin.com/company/6629902,1.0,40.0,1.0,5.75,26.0,4.0,0.0,0.0,0.0,0.1538461538461538,1.0,0.0,0.0,1.0,1.0,1.0,1.0,0,Legitimate,train
1921,Modus Planning,https://www.linkedin.com/company/11263069,1.0,41.0,1.0,6.5,14.0,2.0,0.0,0.0,0.0,0.1428571428571428,1.0,0.0,0.0,0.0,0.0,0.0,0.0,0,Legitimate,train
1922,Employment Mediation Services,https://www.linkedin.com/company/79911494,1.0,41.0,1.0,9.0,29.0,3.0,0.0,0.0,0.0,0.1034482758620689,1.0,0.0,0.0,0.0,0.0,0.0,0.0,0,Legitimate,train
1923,The Duke of Edinburgh's International Award Romania,https://www.linkedin.com/company/82023694,1.0,41.0,1.0,6.428571428571429,51.0,7.0,0.0,0.0,1.0,0.1176470588235294,1.0,0.0,0.0,0.0,0.0,0.0,0.0,0,Legitimate,train
1924,"HDH Advancement Group, LLC",https://www.linkedin.com/company/70413807,1.0,41.0,1.0,5.75,26.0,4.0,0.0,0.0,1.0,0.3076923076923077,1.0,0.0,1.0,0.0,0.0,2.0,1.0,0,Legitimate,train
1925,"Centro de Educación Profesional, S.C",https://www.linkedin.com/company/15095404,1.0,41.0,1.0,6.4,36.0,5.0,0.0,0.0,2.0,0.1388888888888889,0.0,0.0,1.0,0.0,0.0,0.0,0.0,0,Legitimate,train
1926,DriverEu,https://www.linkedin.com/company/69381633,1.0,41.0,1.0,8.0,8.0,1.0,0.0,0.0,0.0,0.25,1.0,0.0,0.0,0.0,0.0,0.0,0.0,0,Legitimate,train
1927,Worldwide Parcel Express,,0.0,0.0,0.0,7.333333333333333,24.0,3.0,0.0,0.0,0.0,0.125,1.0,0.0,0.0,0.0,0.0,0.0,0.0,1,Fake_Scam,train
1928,Baptist Health Care,https://www.linkedin.com/company/37130,1.0,38.0,1.0,5.666666666666667,19.0,3.0,0.0,0.0,0.0,0.1578947368421052,1.0,0.0,0.0,0.0,0.0,0.0,0.0,0,Legitimate,train
1929,PSCI,https://www.linkedin.com/company/27078,1.0,38.0,1.0,4.0,4.0,1.0,0.0,0.0,0.0,1.0,1.0,0.0,0.0,0.0,0.0,0.0,0.0,0,Legitimate,val
1930,University of Sussex,https://www.linkedin.com/company/9521,1.0,37.0,1.0,6.0,20.0,3.0,0.0,0.0,0.0,0.1,1.0,0.0,0.0,0.0,0.0,0.0,0.0,0,Legitimate,val
1931,Tenet Healthcare,https://www.linkedin.com/company/5315,1.0,37.0,1.0,7.5,16.0,2.0,0.0,0.0,0.0,0.125,1.0,0.0,0.0,0.0,0.0,0.0,0.0,0,Legitimate,val
1932,Deltaphi Construtora,https://www.linkedin.com/company/42709767,1.0,41.0,1.0,9.5,20.0,2.0,0.0,0.0,0.0,0.1,1.0,0.0,0.0,0.0,0.0,0.0,0.0,0,Legitimate,train
1933,Federal Reserve Bank of Richmond,https://www.linkedin.com/company/2667723,1.0,40.0,1.0,5.6,32.0,5.0,0.0,0.0,0.0,0.125,1.0,0.0,0.0,0.0,0.0,0.0,0.0,0,Legitimate,train
1934,The InStore Group,https://www.linkedin.com/company/5157459,1.0,40.0,1.0,5.0,17.0,3.0,0.0,0.0,0.0,0.2352941176470588,1.0,0.0,0.0,0.0,0.0,1.0,1.0,0,Legitimate,train
1935,The Preiss Company,https://www.linkedin.com/company/836710,1.0,39.0,1.0,5.333333333333333,18.0,3.0,0.0,0.0,0.0,0.1666666666666666,1.0,0.0,0.0,0.0,0.0,1.0,1.0,0,Legitimate,train
1936,Soydan Fluid Power Technologies,https://www.linkedin.com/company/15182335,1.0,41.0,1.0,7.0,31.0,4.0,0.0,0.0,0.0,0.1290322580645161,1.0,0.0,0.0,0.0,0.0,0.0,0.0,0,Legitimate,train
1937,LTIMindtree,https://www.linkedin.com/company/86813252,1.0,41.0,1.0,11.0,11.0,1.0,0.0,0.0,0.0,0.3636363636363636,1.0,0.0,0.0,0.0,0.0,0.0,0.0,0,Legitimate,test
1938,International Institute for Sustainable Development,https://www.linkedin.com/company/42452,1.0,38.0,1.0,9.4,51.0,5.0,0.0,0.0,0.0,0.0784313725490196,1.0,0.0,0.0,0.0,0.0,0.0,0.0,0,Legitimate,test
1939,✨ Best Version Services ✨,https://www.linkedin.com/company/77680361,1.0,41.0,1.0,4.2,25.0,5.0,0.0,0.0,2.0,0.12,0.0,0.0,0.0,0.0,0.0,0.0,0.0,0,Legitimate,train
1940,757 Angels,https://www.linkedin.com/company/10220451,1.0,41.0,1.0,4.5,10.0,2.0,3.0,1.0,0.0,0.1,1.0,0.0,0.0,0.0,0.0,0.0,0.0,0,Legitimate,train
1941,University of Plymouth,https://www.linkedin.com/company/18911,1.0,38.0,1.0,6.666666666666667,22.0,3.0,0.0,0.0,0.0,0.0909090909090909,1.0,0.0,0.0,0.0,0.0,0.0,0.0,0,Legitimate,train
1942,Charlotte FC,https://www.linkedin.com/company/64539188,1.0,41.0,1.0,5.5,12.0,2.0,0.0,0.0,0.0,0.25,1.0,0.0,0.0,0.0,0.0,0.0,0.0,0,Legitimate,train
1943,University of Houston-Victoria,https://www.linkedin.com/company/47837,1.0,38.0,1.0,9.333333333333334,30.0,3.0,0.0,0.0,1.0,0.1,1.0,0.0,0.0,0.0,0.0,0.0,0.0,0,Legitimate,train
1944,The Carruthers Group,https://www.linkedin.com/company/3850656,1.0,40.0,1.0,6.0,20.0,3.0,0.0,0.0,0.0,0.15,1.0,0.0,0.0,0.0,0.0,1.0,1.0,0,Legitimate,train
1945,World Economic Forum AI and Machine Learning,https://www.linkedin.com/company/65624159,1.0,41.0,1.0,5.428571428571429,44.0,7.0,0.0,0.0,0.0,0.1590909090909091,1.0,0.0,0.0,1.0,1.0,0.0,0.0,0,Legitimate,test
1946,Amptek Growth,https://www.linkedin.com/company/40755370,1.0,41.0,1.0,6.0,13.0,2.0,0.0,0.0,0.0,0.1538461538461538,1.0,0.0,0.0,0.0,0.0,0.0,0.0,0,Legitimate,train
1947,Talk Healthy To Me,https://www.linkedin.com/company/73842467,1.0,41.0,1.0,3.75,18.0,4.0,0.0,0.0,0.0,0.2222222222222222,1.0,0.0,0.0,0.0,0.0,0.0,0.0,0,Legitimate,train
1948,DS Smith,https://www.linkedin.com/company/3854,1.0,37.0,1.0,3.5,8.0,2.0,0.0,0.0,0.0,0.375,1.0,0.0,0.0,0.0,0.0,0.0,0.0,0,Legitimate,train
1949,Louisville Water Company,https://www.linkedin.com/company/93374,1.0,38.0,1.0,7.333333333333333,24.0,3.0,0.0,0.0,0.0,0.125,1.0,0.0,0.0,0.0,0.0,1.0,1.0,0,Legitimate,train
1950,Moolarben Coal,https://www.linkedin.com/company/1638243,1.0,40.0,1.0,6.5,14.0,2.0,0.0,0.0,0.0,0.1428571428571428,1.0,0.0,0.0,0.0,0.0,0.0,0.0,0,Legitimate,train
1951,Philanthropy Network Greater Philadelphia,https://www.linkedin.com/company/10063100,1.0,41.0,1.0,9.5,41.0,4.0,0.0,0.0,0.0,0.0975609756097561,1.0,0.0,0.0,0.0,0.0,0.0,0.0,0,Legitimate,val
1952,SunTrust,https://www.linkedin.com/company/2692,1.0,37.0,1.0,8.0,8.0,1.0,0.0,0.0,0.0,0.25,1.0,0.0,0.0,0.0,0.0,0.0,0.0,0,Legitimate,train
1953,Nevada College of Pharmacy,https://www.linkedin.com/company/15101307,1.0,41.0,1.0,5.75,26.0,4.0,0.0,0.0,0.0,0.1153846153846153,1.0,0.0,0.0,0.0,0.0,0.0,0.0,0,Legitimate,train
1954,Houses of Parliament Restoration & Renewal,https://www.linkedin.com/company/54321519,1.0,41.0,1.0,6.166666666666667,42.0,6.0,0.0,0.0,1.0,0.0952380952380952,1.0,1.0,0.0,0.0,0.0,0.0,0.0,0,Legitimate,test
1955,Aprio,https://www.linkedin.com/company/377671,1.0,39.0,1.0,5.0,5.0,1.0,0.0,0.0,0.0,0.2,1.0,0.0,0.0,0.0,0.0,0.0,0.0,0,Legitimate,train
1956,Bonjour Design Consultants,https://www.linkedin.com/company/2767314,1.0,40.0,1.0,8.0,26.0,3.0,0.0,0.0,0.0,0.1153846153846153,1.0,0.0,0.0,1.0,1.0,0.0,0.0,0,Legitimate,train
1957,UniCredit Bulbank,https://www.linkedin.com/company/12588,1.0,38.0,1.0,8.0,17.0,2.0,0.0,0.0,0.0,0.1764705882352941,1.0,0.0,0.0,0.0,0.0,0.0,0.0,0,Legitimate,train
1958,GamerTech™,https://www.linkedin.com/company/30966444,1.0,41.0,1.0,10.0,10.0,1.0,0.0,0.0,1.0,0.2,0.0,0.0,0.0,0.0,0.0,0.0,0.0,0,Legitimate,val
1959,Be Happy - Follow us for amazing stories ☀️,https://www.linkedin.com/company/80966401,1.0,41.0,1.0,3.888888888888889,43.0,9.0,0.0,0.0,3.0,0.0697674418604651,0.0,0.0,0.0,0.0,0.0,0.0,0.0,0,Legitimate,train
1960,California Polytechnic State University-San Luis Obispo,https://www.linkedin.com/company/15251132,1.0,41.0,1.0,8.333333333333334,55.0,6.0,0.0,0.0,1.0,0.1272727272727272,1.0,0.0,0.0,0.0,0.0,0.0,0.0,0,Legitimate,train
1961,MassChallenge,https://www.linkedin.com/company/291490,1.0,39.0,1.0,13.0,13.0,1.0,0.0,0.0,0.0,0.1538461538461538,1.0,0.0,0.0,0.0,0.0,0.0,0.0,0,Legitimate,train
1962,Johnson & Johnson Human Performance InstituteÂ®,https://www.linkedin.com/company/90953,1.0,38.0,1.0,7.0,47.0,6.0,0.0,0.0,2.0,0.1276595744680851,0.0,1.0,0.0,0.0,0.0,0.0,0.0,0,Legitimate,train
1963,Cornell University,https://www.linkedin.com/company/3523,1.0,37.0,1.0,8.5,18.0,2.0,0.0,0.0,0.0,0.1111111111111111,1.0,0.0,0.0,0.0,0.0,0.0,0.0,0,Legitimate,train
1964,Thrive Global,https://www.linkedin.com/company/15080091,1.0,41.0,1.0,6.0,13.0,2.0,0.0,0.0,0.0,0.1538461538461538,1.0,0.0,0.0,1.0,1.0,0.0,0.0,0,Legitimate,train
1965,Okocha,https://www.linkedin.com/company/76236879,1.0,41.0,1.0,6.0,6.0,1.0,0.0,0.0,0.0,0.1666666666666666,1.0,0.0,0.0,0.0,0.0,0.0,0.0,0,Legitimate,test
1966,Green Check Verified,https://www.linkedin.com/company/27218394,1.0,41.0,1.0,6.0,20.0,3.0,0.0,0.0,0.0,0.15,1.0,0.0,0.0,0.0,0.0,0.0,0.0,0,Legitimate,test
1967,Black Tech Pipeline,https://www.linkedin.com/company/69185496,1.0,41.0,1.0,5.666666666666667,19.0,3.0,0.0,0.0,0.0,0.1578947368421052,1.0,0.0,0.0,0.0,0.0,0.0,0.0,0,Legitimate,train
1968,Atlantic Logistics,https://www.linkedin.com/company/15157701,1.0,41.0,1.0,8.5,18.0,2.0,0.0,0.0,0.0,0.1111111111111111,1.0,0.0,0.0,1.0,1.0,0.0,0.0,0,Legitimate,train
1969,M. Dias Branco,https://www.linkedin.com/company/1121147,1.0,40.0,1.0,4.0,14.0,3.0,0.0,0.0,1.0,0.2142857142857142,1.0,0.0,0.0,0.0,0.0,0.0,0.0,0,Legitimate,train
1970,GoodLiving.Eco,https://www.linkedin.com/company/72171163,1.0,41.0,1.0,14.0,14.0,1.0,0.0,0.0,1.0,0.2142857142857142,1.0,0.0,0.0,0.0,0.0,0.0,0.0,0,Legitimate,train
1971,Georgia Institute of Technology,https://www.linkedin.com/company/3558,1.0,37.0,1.0,7.0,31.0,4.0,0.0,0.0,0.0,0.0967741935483871,1.0,0.0,0.0,0.0,0.0,0.0,0.0,0,Legitimate,train
1972,Neudata,https://www.linkedin.com/company/10453754,1.0,41.0,1.0,7.0,7.0,1.0,0.0,0.0,0.0,0.1428571428571428,1.0,0.0,0.0,0.0,0.0,0.0,0.0,0,Legitimate,train
1973,Healthcare Businesswomen’s Association,https://www.linkedin.com/company/148589,1.0,39.0,1.0,12.0,38.0,3.0,0.0,0.0,1.0,0.0789473684210526,0.0,0.0,0.0,0.0,0.0,0.0,0.0,0,Legitimate,val
1974,"University of California, Berkeley",https://www.linkedin.com/company/2517,1.0,37.0,1.0,7.75,34.0,4.0,0.0,0.0,1.0,0.088235294117647,1.0,0.0,1.0,0.0,0.0,0.0,0.0,0,Legitimate,val
1975,The Johns Hopkins University,https://www.linkedin.com/company/3528,1.0,37.0,1.0,6.25,28.0,4.0,0.0,0.0,0.0,0.1428571428571428,1.0,0.0,0.0,0.0,0.0,0.0,0.0,0,Legitimate,train
1976,Northwestern University,https://www.linkedin.com/company/3196,1.0,37.0,1.0,11.0,23.0,2.0,0.0,0.0,0.0,0.0869565217391304,1.0,0.0,0.0,0.0,0.0,0.0,0.0,0,Legitimate,train
1977,Georgia Restaurant Association,https://www.linkedin.com/company/82422,1.0,38.0,1.0,9.333333333333334,30.0,3.0,0.0,0.0,0.0,0.1,1.0,0.0,0.0,0.0,0.0,0.0,0.0,0,Legitimate,train
1978,StockX,https://www.linkedin.com/company/15261355,1.0,41.0,1.0,6.0,6.0,1.0,0.0,0.0,0.0,0.3333333333333333,1.0,0.0,0.0,0.0,0.0,0.0,0.0,0,Legitimate,train
1979,Podcasters Live!!!,https://www.linkedin.com/company/80642962,1.0,41.0,1.0,8.5,18.0,2.0,0.0,0.0,3.0,0.1111111111111111,1.0,0.0,0.0,0.0,0.0,0.0,0.0,0,Legitimate,val
1980,University of Seoul,https://www.linkedin.com/company/15094713,1.0,41.0,1.0,5.666666666666667,19.0,3.0,0.0,0.0,0.0,0.1052631578947368,1.0,0.0,0.0,0.0,0.0,0.0,0.0,0,Legitimate,train
1981,IMDDA,https://www.linkedin.com/company/10463310,1.0,41.0,1.0,5.0,5.0,1.0,0.0,0.0,0.0,1.0,1.0,0.0,0.0,0.0,0.0,0.0,0.0,0,Legitimate,train
1982,Northland Human Resource Association,https://www.linkedin.com/company/2049491,1.0,40.0,1.0,8.25,36.0,4.0,0.0,0.0,0.0,0.1111111111111111,1.0,0.0,0.0,0.0,0.0,0.0,0.0,0,Legitimate,train
1983,"Epstein Becker & Green, P.C.",https://www.linkedin.com/company/11560,1.0,38.0,1.0,4.8,28.0,5.0,0.0,0.0,4.0,0.1785714285714285,1.0,1.0,1.0,0.0,0.0,0.0,0.0,0,Legitimate,train
1984,IGA Talent Solutions,https://www.linkedin.com/company/34662189,1.0,41.0,1.0,6.0,20.0,3.0,0.0,0.0,0.0,0.25,1.0,0.0,0.0,1.0,1.0,1.0,1.0,0,Legitimate,val
1985,Zero To Mastery Academy,https://www.linkedin.com/company/64685953,1.0,41.0,1.0,5.0,23.0,4.0,0.0,0.0,0.0,0.1739130434782608,1.0,0.0,0.0,1.0,1.0,0.0,0.0,0,Legitimate,train
1986,Chip City,https://www.linkedin.com/company/30581980,1.0,41.0,1.0,4.0,9.0,2.0,0.0,0.0,0.0,0.2222222222222222,1.0,0.0,0.0,0.0,0.0,0.0,0.0,0,Legitimate,train
1987,University of Colorado Denver,https://www.linkedin.com/company/3768,1.0,37.0,1.0,6.5,29.0,4.0,0.0,0.0,0.0,0.1034482758620689,1.0,0.0,0.0,0.0,0.0,0.0,0.0,0,Legitimate,train
1988,DBusiness Magazine,https://www.linkedin.com/company/2292245,1.0,40.0,1.0,8.5,18.0,2.0,0.0,0.0,0.0,0.1666666666666666,1.0,0.0,0.0,0.0,0.0,0.0,0.0,0,Legitimate,train
1989,EPIC PR & COMMUNICATION,https://www.linkedin.com/company/9308191,1.0,40.0,1.0,5.0,23.0,4.0,0.0,0.0,1.0,0.8260869565217391,1.0,1.0,0.0,0.0,0.0,0.0,0.0,0,Legitimate,test
1990,Black Owned And Hiring,https://www.linkedin.com/company/65894658,1.0,41.0,1.0,4.75,22.0,4.0,0.0,0.0,0.0,0.1818181818181818,1.0,0.0,0.0,0.0,0.0,0.0,0.0,0,Legitimate,train
1991,Northern Kentucky University,https://www.linkedin.com/company/12983,1.0,38.0,1.0,8.666666666666666,28.0,3.0,0.0,0.0,0.0,0.1071428571428571,1.0,0.0,0.0,0.0,0.0,0.0,0.0,0,Legitimate,test
1992,Tableau,https://www.linkedin.com/company/206993,1.0,39.0,1.0,7.0,7.0,1.0,0.0,0.0,0.0,0.1428571428571428,1.0,0.0,0.0,0.0,0.0,0.0,0.0,0,Legitimate,train
1993,Shopzu.com,https://www.linkedin.com/company/20326311,1.0,41.0,1.0,10.0,10.0,1.0,0.0,0.0,1.0,0.1,1.0,0.0,0.0,0.0,0.0,0.0,0.0,0,Legitimate,train
1994,Greater Yellowstone Coalition,https://www.linkedin.com/company/720378,1.0,39.0,1.0,9.0,29.0,3.0,0.0,0.0,0.0,0.1034482758620689,1.0,0.0,0.0,0.0,0.0,0.0,0.0,0,Legitimate,val
1995,eTegrity,https://www.linkedin.com/company/65474932,1.0,41.0,1.0,8.0,8.0,1.0,0.0,0.0,0.0,0.125,1.0,0.0,0.0,0.0,0.0,0.0,0.0,0,Legitimate,test
1996,MSU Federal Credit Union,https://www.linkedin.com/company/93115,1.0,38.0,1.0,5.25,24.0,4.0,0.0,0.0,0.0,0.25,1.0,0.0,0.0,0.0,0.0,0.0,0.0,0,Legitimate,test
1997,Visual Side,https://www.linkedin.com/company/71197335,1.0,41.0,1.0,5.0,11.0,2.0,0.0,0.0,0.0,0.1818181818181818,1.0,0.0,0.0,0.0,0.0,0.0,0.0,0,Legitimate,val
1998,QTurn LLC,https://www.linkedin.com/company/68051270,1.0,41.0,1.0,4.0,9.0,2.0,0.0,0.0,0.0,0.5555555555555556,1.0,0.0,0.0,0.0,0.0,1.0,1.0,0,Legitimate,train
1999,Starrz Dance Academy of Performing Arts,https://www.linkedin.com/company/69943065,1.0,41.0,1.0,5.666666666666667,39.0,6.0,0.0,0.0,0.0,0.1282051282051282,1.0,0.0,0.0,1.0,1.0,0.0,0.0,0,Legitimate,train
2000,NC State Belk Center,https://www.linkedin.com/company/71129020,1.0,41.0,1.0,4.25,20.0,4.0,0.0,0.0,0.0,0.25,1.0,0.0,0.0,0.0,0.0,0.0,0.0,0,Legitimate,train
2001,FAMU-FSU College of Engineering,https://www.linkedin.com/company/28659813,1.0,41.0,1.0,7.0,31.0,4.0,0.0,0.0,1.0,0.2903225806451613,1.0,0.0,0.0,0.0,0.0,0.0,0.0,0,Legitimate,train
2002,University of North Carolina Asheville,https://www.linkedin.com/company/47989,1.0,38.0,1.0,6.8,38.0,5.0,0.0,0.0,0.0,0.1052631578947368,1.0,0.0,0.0,0.0,0.0,0.0,0.0,0,Legitimate,train
2003,Disrupt HR Pittsburgh,https://www.linkedin.com/company/20347123,1.0,41.0,1.0,6.333333333333333,21.0,3.0,0.0,0.0,0.0,0.1904761904761904,1.0,0.0,0.0,0.0,0.0,0.0,0.0,0,Legitimate,train
2004,Memorial University of Newfoundland,https://www.linkedin.com/company/16992,1.0,38.0,1.0,8.0,35.0,4.0,0.0,0.0,0.0,0.0857142857142857,1.0,0.0,0.0,0.0,0.0,0.0,0.0,0,Legitimate,train
2005,Penguin Random House,https://www.linkedin.com/company/165656,1.0,39.0,1.0,6.0,20.0,3.0,0.0,0.0,0.0,0.15,1.0,0.0,0.0,0.0,0.0,0.0,0.0,0,Legitimate,train
2006,Guggenheim Partners,https://www.linkedin.com/company/15823,1.0,38.0,1.0,9.0,19.0,2.0,0.0,0.0,0.0,0.1052631578947368,1.0,0.0,0.0,0.0,0.0,1.0,1.0,0,Legitimate,val
2007,National Lampoon,https://www.linkedin.com/company/26042,1.0,38.0,1.0,7.5,16.0,2.0,0.0,0.0,0.0,0.125,1.0,0.0,0.0,0.0,0.0,0.0,0.0,0,Legitimate,val
2008,Greene-Hazel Insurance Group,https://www.linkedin.com/company/351411,1.0,39.0,1.0,8.666666666666666,28.0,3.0,0.0,0.0,1.0,0.1428571428571428,1.0,0.0,0.0,0.0,0.0,1.0,1.0,0,Legitimate,val
2009,Academy Museum of Motion Pictures,https://www.linkedin.com/company/33191985,1.0,41.0,1.0,5.8,33.0,5.0,0.0,0.0,0.0,0.1212121212121212,1.0,0.0,0.0,1.0,1.0,0.0,0.0,0,Legitimate,train
2010,NCCU Law OCPD,https://www.linkedin.com/company/28963213,1.0,41.0,1.0,3.6666666666666665,13.0,3.0,0.0,0.0,0.0,0.6923076923076923,1.0,0.0,0.0,0.0,0.0,0.0,0.0,0,Legitimate,val
2011,MRA Associates (Now CAPTRUST),https://www.linkedin.com/company/2273535,1.0,40.0,1.0,6.5,29.0,4.0,0.0,0.0,2.0,0.4482758620689655,1.0,0.0,0.0,0.0,0.0,0.0,0.0,0,Legitimate,train
2012,GoPursue,https://www.linkedin.com/company/78856845,1.0,41.0,1.0,8.0,8.0,1.0,0.0,0.0,0.0,0.25,1.0,0.0,0.0,0.0,0.0,0.0,0.0,0,Legitimate,train
2013,DisruptHR Nashville,https://www.linkedin.com/company/80087916,1.0,41.0,1.0,9.0,19.0,2.0,0.0,0.0,0.0,0.2105263157894736,1.0,0.0,0.0,0.0,0.0,0.0,0.0,0,Legitimate,train
2014,Norwalk Community College,https://www.linkedin.com/company/15103821,1.0,41.0,1.0,7.666666666666667,25.0,3.0,0.0,0.0,0.0,0.12,1.0,0.0,0.0,0.0,0.0,0.0,0.0,0,Legitimate,val
2015,KPMG Australia,https://www.linkedin.com/company/2639873,1.0,40.0,1.0,6.5,14.0,2.0,0.0,0.0,0.0,0.3571428571428571,1.0,0.0,0.0,0.0,0.0,0.0,0.0,0,Legitimate,train
2016,ByteForge DevOps Consulting,,0.0,0.0,0.0,8.333333333333334,27.0,3.0,0.0,0.0,0.0,0.1851851851851851,1.0,0.0,0.0,1.0,1.0,0.0,0.0,1,Fake_Scam,train
2017,V&S news,https://www.linkedin.com/company/10398829,1.0,41.0,1.0,3.5,8.0,2.0,0.0,0.0,1.0,0.25,1.0,1.0,0.0,0.0,0.0,0.0,0.0,0,Legitimate,val
2018,Latina Wealth™,https://www.linkedin.com/company/19121511,1.0,41.0,1.0,6.5,14.0,2.0,0.0,0.0,1.0,0.1428571428571428,0.0,0.0,0.0,0.0,0.0,0.0,0.0,0,Legitimate,train
2019,Express Masu Chiura,https://www.linkedin.com/company/82287275,1.0,41.0,1.0,5.666666666666667,19.0,3.0,0.0,0.0,0.0,0.1578947368421052,1.0,0.0,0.0,0.0,0.0,0.0,0.0,0,Legitimate,test
2020,Syngenta Indonesia,https://www.linkedin.com/company/30201428,1.0,41.0,1.0,8.5,18.0,2.0,0.0,0.0,0.0,0.1111111111111111,1.0,0.0,0.0,0.0,0.0,0.0,0.0,0,Legitimate,train
2021,"AEye, Inc.",https://www.linkedin.com/company/17899533,1.0,41.0,1.0,4.5,10.0,2.0,0.0,0.0,2.0,0.3,1.0,0.0,1.0,0.0,0.0,1.0,1.0,0,Legitimate,train
2022,AUSTRAC,https://www.linkedin.com/company/57802,1.0,38.0,1.0,7.0,7.0,1.0,0.0,0.0,0.0,1.0,1.0,0.0,0.0,0.0,0.0,0.0,0.0,0,Legitimate,train
2023,IIA,https://www.linkedin.com/company/34055,1.0,38.0,1.0,3.0,3.0,1.0,0.0,0.0,0.0,1.0,1.0,0.0,0.0,0.0,0.0,0.0,0.0,0,Legitimate,val
2024,The Doctor is In,https://www.linkedin.com/company/10553209,1.0,41.0,1.0,3.25,16.0,4.0,0.0,0.0,0.0,0.1875,1.0,0.0,0.0,0.0,0.0,0.0,0.0,0,Legitimate,val
2025,Imagine Staffing Technology,https://www.linkedin.com/company/741968,1.0,39.0,1.0,8.333333333333334,27.0,3.0,0.0,0.0,0.0,0.1111111111111111,1.0,0.0,0.0,1.0,1.0,0.0,0.0,0,Legitimate,train
2026,ANA AIMM,https://www.linkedin.com/company/18766282,1.0,41.0,1.0,3.5,8.0,2.0,0.0,0.0,0.0,0.875,1.0,0.0,0.0,0.0,0.0,0.0,0.0,0,Legitimate,train
2027,Boeing,https://www.linkedin.com/company/1384,1.0,37.0,1.0,6.0,6.0,1.0,0.0,0.0,0.0,0.1666666666666666,1.0,0.0,0.0,0.0,0.0,0.0,0.0,0,Legitimate,val
2028,DPI Staffing,https://www.linkedin.com/company/42794467,1.0,41.0,1.0,5.5,12.0,2.0,0.0,0.0,0.0,0.3333333333333333,1.0,0.0,0.0,1.0,1.0,0.0,0.0,0,Legitimate,train
2029,Fingerprint for Success (F4S),https://www.linkedin.com/company/10686766,1.0,41.0,1.0,6.5,29.0,4.0,1.0,1.0,2.0,0.1379310344827586,1.0,0.0,0.0,0.0,0.0,0.0,0.0,0,Legitimate,train
2030,Minnesota State University Moorhead,https://www.linkedin.com/company/40896,1.0,38.0,1.0,8.0,35.0,4.0,0.0,0.0,0.0,0.1142857142857142,1.0,0.0,0.0,0.0,0.0,0.0,0.0,0,Legitimate,val
2031,Ames Karanjia LLP,https://www.linkedin.com/company/66680755,1.0,41.0,1.0,5.0,17.0,3.0,0.0,0.0,0.0,0.2941176470588235,1.0,0.0,0.0,0.0,0.0,0.0,0.0,0,Legitimate,train
2032,TrueNorth Transcription Services,,0.0,0.0,0.0,10.0,32.0,3.0,0.0,0.0,0.0,0.125,1.0,0.0,0.0,0.0,0.0,0.0,0.0,1,Fake_Scam,train
2033,Kyndryl,https://www.linkedin.com/company/73002693,1.0,41.0,1.0,7.0,7.0,1.0,0.0,0.0,0.0,0.1428571428571428,1.0,0.0,0.0,0.0,0.0,0.0,0.0,0,Legitimate,train
2034,Edoughble,https://www.linkedin.com/company/18200644,1.0,41.0,1.0,9.0,9.0,1.0,0.0,0.0,0.0,0.1111111111111111,1.0,0.0,0.0,0.0,0.0,0.0,0.0,0,Legitimate,train
2035,GNA,https://www.linkedin.com/company/645508,1.0,39.0,1.0,3.0,3.0,1.0,0.0,0.0,0.0,1.0,1.0,0.0,0.0,0.0,0.0,0.0,0.0,0,Legitimate,test
2036,Tulsea,https://www.linkedin.com/company/9309554,1.0,40.0,1.0,6.0,6.0,1.0,0.0,0.0,0.0,0.1666666666666666,1.0,0.0,0.0,0.0,0.0,0.0,0.0,0,Legitimate,train
2037,Modern Baker,https://www.linkedin.com/company/18638161,1.0,41.0,1.0,5.5,12.0,2.0,0.0,0.0,0.0,0.1666666666666666,1.0,0.0,0.0,0.0,0.0,0.0,0.0,0,Legitimate,test
2038,Boys & Girls Club of Hollywood,https://www.linkedin.com/company/3245247,1.0,40.0,1.0,4.166666666666667,30.0,6.0,0.0,0.0,1.0,0.1333333333333333,1.0,1.0,0.0,0.0,0.0,0.0,0.0,0,Legitimate,val
2039,DGA - Direction gÃ©nÃ©rale de l'armement,https://www.linkedin.com/company/227489,1.0,39.0,1.0,5.833333333333333,40.0,6.0,0.0,0.0,4.0,0.15,0.0,0.0,0.0,0.0,0.0,0.0,0.0,0,Legitimate,train
2040,"BreakPoint Labs, LLC",https://www.linkedin.com/company/10284084,1.0,41.0,1.0,6.0,20.0,3.0,0.0,0.0,1.0,0.3,1.0,0.0,1.0,0.0,0.0,2.0,1.0,0,Legitimate,train
2041,Product School,https://www.linkedin.com/company/3861577,1.0,40.0,1.0,6.5,14.0,2.0,0.0,0.0,0.0,0.1428571428571428,1.0,0.0,0.0,0.0,0.0,0.0,0.0,0,Legitimate,train
2042,"So Cal CPAs, Inc.",https://www.linkedin.com/company/81548740,1.0,41.0,1.0,3.5,17.0,4.0,0.0,0.0,2.0,0.3529411764705882,1.0,0.0,1.0,0.0,0.0,1.0,1.0,0,Legitimate,train
2043,Lincoln University,https://www.linkedin.com/company/741924,1.0,39.0,1.0,8.5,18.0,2.0,0.0,0.0,0.0,0.1111111111111111,1.0,0.0,0.0,0.0,0.0,0.0,0.0,0,Legitimate,test
2044,Webex,https://www.linkedin.com/company/3805,1.0,37.0,1.0,5.0,5.0,1.0,0.0,0.0,0.0,0.2,1.0,0.0,0.0,0.0,0.0,0.0,0.0,0,Legitimate,val
2045,Java Republic,https://www.linkedin.com/company/2218308,1.0,40.0,1.0,6.0,13.0,2.0,0.0,0.0,0.0,0.1538461538461538,1.0,0.0,0.0,0.0,0.0,0.0,0.0,0,Legitimate,train
2046,Amazon Science,https://www.linkedin.com/company/64558211,1.0,41.0,1.0,6.5,14.0,2.0,0.0,0.0,0.0,0.1428571428571428,1.0,0.0,0.0,0.0,0.0,0.0,0.0,0,Legitimate,train
2047,Northern Ireland Bureau (North America),https://www.linkedin.com/company/33181219,1.0,41.0,1.0,7.0,39.0,5.0,0.0,0.0,2.0,0.1282051282051282,1.0,0.0,0.0,0.0,0.0,0.0,0.0,0,Legitimate,train
2048,Resilience,https://www.linkedin.com/company/72516576,1.0,41.0,1.0,10.0,10.0,1.0,0.0,0.0,0.0,0.1,1.0,0.0,0.0,0.0,0.0,0.0,0.0,0,Legitimate,train
2049,ALPFA Rutgers New Brunswick,https://www.linkedin.com/company/11491166,1.0,41.0,1.0,6.0,27.0,4.0,0.0,0.0,0.0,0.2962962962962963,1.0,0.0,0.0,0.0,0.0,0.0,0.0,0,Legitimate,train
2050,Rougeneuron Software Academy,https://www.linkedin.com/company/81607970,1.0,41.0,1.0,8.666666666666666,28.0,3.0,0.0,0.0,0.0,0.1071428571428571,1.0,0.0,0.0,1.0,1.0,0.0,0.0,0,Legitimate,val
2051,Hispanic Association of Colleges and Universities (HACU),https://www.linkedin.com/company/74552,1.0,38.0,1.0,7.142857142857143,56.0,7.0,0.0,0.0,2.0,0.1428571428571428,1.0,0.0,0.0,0.0,0.0,0.0,0.0,0,Legitimate,train
2052,Boost VC,https://www.linkedin.com/company/2774838,1.0,40.0,1.0,3.5,8.0,2.0,0.0,0.0,0.0,0.375,1.0,0.0,0.0,0.0,0.0,0.0,0.0,0,Legitimate,train
2053,Chaos Controlled Transactions,https://www.linkedin.com/company/64514471,1.0,41.0,1.0,9.0,29.0,3.0,0.0,0.0,0.0,0.1034482758620689,1.0,0.0,0.0,0.0,0.0,0.0,0.0,0,Legitimate,train
2054,ROSHN l روشن,https://www.linkedin.com/company/30741333,1.0,41.0,1.0,3.333333333333333,12.0,3.0,0.0,0.0,0.0,0.4166666666666667,0.0,0.0,0.0,0.0,0.0,0.0,0.0,0,Legitimate,train
2055,"Emily Harman Coaching and Consulting, LLC",https://www.linkedin.com/company/64645619,1.0,41.0,1.0,6.0,41.0,6.0,0.0,0.0,1.0,0.1707317073170731,1.0,0.0,1.0,1.0,1.0,1.0,1.0,0,Legitimate,train
2056,UpToDate,https://www.linkedin.com/company/21924,1.0,38.0,1.0,8.0,8.0,1.0,0.0,0.0,0.0,0.375,1.0,0.0,0.0,0.0,0.0,0.0,0.0,0,Legitimate,train
2057,vivo,https://www.linkedin.com/company/9219846,1.0,40.0,1.0,4.0,4.0,1.0,0.0,0.0,0.0,0.0,1.0,0.0,0.0,0.0,0.0,0.0,0.0,0,Legitimate,train
2058,Opportunity Network,https://www.linkedin.com/company/5306128,1.0,40.0,1.0,9.0,19.0,2.0,0.0,0.0,0.0,0.1052631578947368,1.0,0.0,0.0,0.0,0.0,0.0,0.0,0,Legitimate,test
2059,Milliman,https://www.linkedin.com/company/8019,1.0,37.0,1.0,8.0,8.0,1.0,0.0,0.0,0.0,0.125,1.0,0.0,0.0,0.0,0.0,0.0,0.0,0,Legitimate,val
2060,Xiamen University,https://www.linkedin.com/company/1101810,1.0,40.0,1.0,8.0,17.0,2.0,0.0,0.0,0.0,0.1176470588235294,1.0,0.0,0.0,0.0,0.0,0.0,0.0,0,Legitimate,train
2061,Normandin Beaudry,https://www.linkedin.com/company/64647,1.0,38.0,1.0,8.0,17.0,2.0,0.0,0.0,0.0,0.1176470588235294,1.0,0.0,0.0,0.0,0.0,0.0,0.0,0,Legitimate,train
2062,M Group Executive Search,https://www.linkedin.com/company/19081639,1.0,41.0,1.0,5.25,24.0,4.0,0.0,0.0,0.0,0.1666666666666666,1.0,0.0,0.0,0.0,0.0,1.0,1.0,0,Legitimate,train
2063,Solomon Codes,https://www.linkedin.com/company/76503223,1.0,41.0,1.0,6.0,13.0,2.0,0.0,0.0,0.0,0.1538461538461538,1.0,0.0,0.0,0.0,0.0,0.0,0.0,0,Legitimate,train
2064,MakeMyTrip,https://www.linkedin.com/company/35113,1.0,38.0,1.0,10.0,10.0,1.0,0.0,0.0,0.0,0.3,1.0,0.0,0.0,0.0,0.0,0.0,0.0,0,Legitimate,train
2065,The University of British Columbia,https://www.linkedin.com/company/4373,1.0,37.0,1.0,6.0,34.0,5.0,0.0,0.0,0.0,0.1176470588235294,1.0,0.0,0.0,0.0,0.0,0.0,0.0,0,Legitimate,train
2066,Details by Margaret,https://www.linkedin.com/company/1172501,1.0,40.0,1.0,5.666666666666667,19.0,3.0,0.0,0.0,0.0,0.1052631578947368,1.0,0.0,0.0,0.0,0.0,0.0,0.0,0,Legitimate,train
2067,TRIBE by ADAPTOVATE,https://www.linkedin.com/company/31474685,1.0,41.0,1.0,5.666666666666667,19.0,3.0,0.0,0.0,0.0,0.7894736842105263,1.0,0.0,0.0,0.0,0.0,0.0,0.0,0,Legitimate,train
2068,Vanguard Magazine Canada,https://www.linkedin.com/company/25009637,1.0,41.0,1.0,7.333333333333333,24.0,3.0,0.0,0.0,0.0,0.125,1.0,0.0,0.0,0.0,0.0,0.0,0.0,0,Legitimate,train
2069,SBS CORP,https://www.linkedin.com/company/2185454,1.0,40.0,1.0,3.5,8.0,2.0,0.0,0.0,0.0,0.875,1.0,0.0,0.0,0.0,0.0,1.0,1.0,0,Legitimate,train
2070,Roche Diagnostics Remote Care,,0.0,0.0,0.0,6.5,29.0,4.0,0.0,0.0,0.0,0.1379310344827586,1.0,0.0,0.0,1.0,1.0,0.0,0.0,1,Fake_Scam,train
2071,PharmD Live,https://www.linkedin.com/company/11280224,1.0,41.0,1.0,5.0,11.0,2.0,0.0,0.0,0.0,0.2727272727272727,1.0,0.0,0.0,0.0,0.0,0.0,0.0,0,Legitimate,train
2072,Health Insurance Choices,https://www.linkedin.com/company/5837496,1.0,40.0,1.0,7.333333333333333,24.0,3.0,0.0,0.0,0.0,0.125,1.0,0.0,0.0,0.0,0.0,0.0,0.0,0,Legitimate,train
2073,kewalcare,https://www.linkedin.com/company/79407985,1.0,41.0,1.0,9.0,9.0,1.0,0.0,0.0,0.0,0.0,1.0,0.0,0.0,0.0,0.0,0.0,0.0,0,Legitimate,test
2074,成都市联余精密机械有限公司,https://www.linkedin.com/company/31862294,1.0,41.0,1.0,13.0,13.0,1.0,0.0,0.0,0.0,0.0,0.0,0.0,0.0,0.0,0.0,0.0,0.0,0,Legitimate,val
2075,黑龙江青骄网络科技有限公司,https://www.linkedin.com/company/32093670,1.0,41.0,1.0,13.0,13.0,1.0,0.0,0.0,0.0,0.0,0.0,0.0,0.0,0.0,0.0,0.0,0.0,0,Legitimate,train
2076,Apex Editing & Publishing House,,0.0,0.0,0.0,5.4,31.0,5.0,0.0,0.0,1.0,0.1290322580645161,1.0,1.0,0.0,1.0,1.0,0.0,0.0,1,Fake_Scam,train
2077,"The Collaborative Firm, LLC",https://www.linkedin.com/company/2119517,1.0,40.0,1.0,6.0,27.0,4.0,0.0,0.0,1.0,0.2222222222222222,1.0,0.0,1.0,0.0,0.0,1.0,1.0,0,Legitimate,train
2078,The Global Game Jam,https://www.linkedin.com/company/2091470,1.0,40.0,1.0,4.0,19.0,4.0,0.0,0.0,0.0,0.2105263157894736,1.0,0.0,0.0,1.0,1.0,0.0,0.0,0,Legitimate,train
2079,Untapped Ventures,https://www.linkedin.com/company/19206921,1.0,41.0,1.0,8.0,17.0,2.0,0.0,0.0,0.0,0.1176470588235294,1.0,0.0,0.0,0.0,0.0,1.0,1.0,0,Legitimate,train
2080,Cremation Association of North America,https://www.linkedin.com/company/6876865,1.0,40.0,1.0,6.8,38.0,5.0,0.0,0.0,0.0,0.1052631578947368,1.0,0.0,0.0,0.0,0.0,0.0,0.0,0,Legitimate,train
2081,Hampton University,https://www.linkedin.com/company/21341,1.0,38.0,1.0,8.5,18.0,2.0,0.0,0.0,0.0,0.1111111111111111,1.0,0.0,0.0,0.0,0.0,0.0,0.0,0,Legitimate,train
2082,Football Benchmark,https://www.linkedin.com/company/9481761,1.0,40.0,1.0,8.5,18.0,2.0,0.0,0.0,0.0,0.1111111111111111,1.0,0.0,0.0,0.0,0.0,0.0,0.0,0,Legitimate,train
2083,ITONICS - The Innovation OS,https://www.linkedin.com/company/1570039,1.0,40.0,1.0,4.6,27.0,5.0,0.0,0.0,1.0,0.4074074074074074,1.0,0.0,0.0,0.0,0.0,0.0,0.0,0,Legitimate,val
2084,Entech,https://www.linkedin.com/company/901502,1.0,39.0,1.0,6.0,6.0,1.0,0.0,0.0,0.0,0.1666666666666666,1.0,0.0,0.0,0.0,0.0,0.0,0.0,0,Legitimate,test
2085,She Loves,https://www.linkedin.com/company/2823826,1.0,40.0,1.0,4.0,9.0,2.0,0.0,0.0,0.0,0.2222222222222222,1.0,0.0,0.0,0.0,0.0,0.0,0.0,0,Legitimate,train
2086,National Renewable Energy Laboratory,https://www.linkedin.com/company/11311,1.0,38.0,1.0,8.25,36.0,4.0,0.0,0.0,0.0,0.1111111111111111,1.0,0.0,0.0,0.0,0.0,0.0,0.0,0,Legitimate,test
2087,Abasyn University,https://www.linkedin.com/company/2789060,1.0,40.0,1.0,8.0,17.0,2.0,0.0,0.0,0.0,0.1176470588235294,1.0,0.0,0.0,0.0,0.0,0.0,0.0,0,Legitimate,test
2088,维也纳国际酒店,https://www.linkedin.com/company/14412703,1.0,41.0,1.0,7.0,7.0,1.0,0.0,0.0,0.0,0.0,0.0,0.0,0.0,0.0,0.0,0.0,0.0,0,Legitimate,train
2089,"PRECISION BARRELS, LLC",https://www.linkedin.com/company/59974124,1.0,41.0,1.0,6.666666666666667,22.0,3.0,0.0,0.0,1.0,0.8636363636363636,1.0,0.0,1.0,0.0,0.0,1.0,1.0,0,Legitimate,val
2090,The Aust Group,https://www.linkedin.com/company/11735203,1.0,41.0,1.0,4.0,14.0,3.0,0.0,0.0,0.0,0.2142857142857142,1.0,0.0,0.0,0.0,0.0,1.0,1.0,0,Legitimate,train
2091,淄博大工机械有限公司,https://www.linkedin.com/company/32235258,1.0,41.0,1.0,10.0,10.0,1.0,0.0,0.0,0.0,0.0,0.0,0.0,0.0,0.0,0.0,0.0,0.0,0,Legitimate,test
2092,Cervello,https://www.linkedin.com/company/594392,1.0,39.0,1.0,8.0,8.0,1.0,0.0,0.0,0.0,0.125,1.0,0.0,0.0,0.0,0.0,0.0,0.0,0,Legitimate,train
2093,University of Iowa,https://www.linkedin.com/company/5258,1.0,37.0,1.0,5.333333333333333,18.0,3.0,0.0,0.0,0.0,0.1111111111111111,1.0,0.0,0.0,0.0,0.0,0.0,0.0,0,Legitimate,train
2094,Maven Recruiting Group,https://www.linkedin.com/company/931923,1.0,39.0,1.0,6.666666666666667,22.0,3.0,0.0,0.0,0.0,0.1363636363636363,1.0,0.0,0.0,1.0,1.0,1.0,1.0,0,Legitimate,train
2095,Glasgow Financial Alliance for Net Zero (GFANZ),https://www.linkedin.com/company/76095593,1.0,41.0,1.0,5.857142857142857,47.0,7.0,0.0,0.0,2.0,0.2127659574468085,1.0,0.0,0.0,0.0,0.0,0.0,0.0,0,Legitimate,train
2096,Consilat,https://www.linkedin.com/company/13239613,1.0,41.0,1.0,8.0,8.0,1.0,0.0,0.0,0.0,0.125,1.0,0.0,0.0,0.0,0.0,0.0,0.0,0,Legitimate,test
2097,Covanta,https://www.linkedin.com/company/17233,1.0,38.0,1.0,7.0,7.0,1.0,0.0,0.0,0.0,0.1428571428571428,1.0,0.0,0.0,0.0,0.0,0.0,0.0,0,Legitimate,test
2098,Alissar Flowers International,https://www.linkedin.com/company/2357534,1.0,40.0,1.0,9.0,29.0,3.0,0.0,0.0,0.0,0.1034482758620689,1.0,0.0,0.0,0.0,0.0,0.0,0.0,0,Legitimate,train
2099,COAA (Construction Owners Association of America),https://www.linkedin.com/company/774208,1.0,39.0,1.0,7.333333333333333,49.0,6.0,0.0,0.0,2.0,0.1632653061224489,1.0,0.0,0.0,0.0,0.0,0.0,0.0,0,Legitimate,train
2100,Wyn-Win Communications,https://www.linkedin.com/company/72077727,1.0,41.0,1.0,10.5,22.0,2.0,0.0,0.0,1.0,0.1363636363636363,1.0,0.0,0.0,0.0,0.0,0.0,0.0,0,Legitimate,train
2101,Network Recruitment,https://www.linkedin.com/company/76713,1.0,38.0,1.0,9.0,19.0,2.0,0.0,0.0,0.0,0.1052631578947368,1.0,0.0,0.0,1.0,1.0,0.0,0.0,0,Legitimate,val
2102,Houston Texans Luxe,https://www.linkedin.com/company/35590230,1.0,41.0,1.0,5.666666666666667,19.0,3.0,0.0,0.0,0.0,0.1578947368421052,1.0,0.0,0.0,0.0,0.0,0.0,0.0,0,Legitimate,test
2103,Co–Star,https://www.linkedin.com/company/27060160,1.0,41.0,1.0,7.0,7.0,1.0,0.0,0.0,1.0,0.2857142857142857,0.0,0.0,0.0,0.0,0.0,1.0,1.0,0,Legitimate,val
2104,Will It Make The Boat Go Faster?,https://www.linkedin.com/company/2789213,1.0,40.0,1.0,3.7142857142857135,32.0,7.0,0.0,0.0,1.0,0.21875,1.0,0.0,0.0,0.0,0.0,0.0,0.0,0,Legitimate,train
2105,Integrated Facility Management - IFM,https://www.linkedin.com/company/74498043,1.0,41.0,1.0,6.4,36.0,5.0,0.0,0.0,1.0,0.1666666666666666,1.0,0.0,0.0,0.0,0.0,0.0,0.0,0,Legitimate,test
2106,NCompass International,https://www.linkedin.com/company/92781,1.0,38.0,1.0,10.5,22.0,2.0,0.0,0.0,0.0,0.1363636363636363,1.0,0.0,0.0,0.0,0.0,0.0,0.0,0,Legitimate,test
2107,University College Cork,https://www.linkedin.com/company/8798,1.0,37.0,1.0,7.0,23.0,3.0,0.0,0.0,0.0,0.1304347826086956,1.0,0.0,0.0,0.0,0.0,0.0,0.0,0,Legitimate,train
2108,The Change Decision,https://www.linkedin.com/company/11140362,1.0,41.0,1.0,5.666666666666667,19.0,3.0,0.0,0.0,0.0,0.1578947368421052,1.0,0.0,0.0,0.0,0.0,0.0,0.0,0,Legitimate,train
2109,Ottawa Newcomer Entrepreneurs Hub,https://www.linkedin.com/company/68918885,1.0,41.0,1.0,7.5,33.0,4.0,0.0,0.0,0.0,0.1212121212121212,1.0,0.0,0.0,1.0,1.0,0.0,0.0,0,Legitimate,train
2110,TACER İNŞAAT TİCARET ve SANAYİ A.Ş,https://www.linkedin.com/company/9342050,1.0,40.0,1.0,4.833333333333333,34.0,6.0,0.0,0.0,1.0,0.7647058823529411,0.0,0.0,0.0,0.0,0.0,0.0,0.0,0,Legitimate,train
2111,Aisle Think,https://www.linkedin.com/company/746359,1.0,39.0,1.0,5.0,11.0,2.0,0.0,0.0,0.0,0.1818181818181818,1.0,0.0,0.0,0.0,0.0,0.0,0.0,0,Legitimate,train
2112,"K.L. Scott & Associates, LLC.",https://www.linkedin.com/company/11432875,1.0,41.0,1.0,5.0,29.0,5.0,0.0,0.0,5.0,0.2413793103448276,1.0,1.0,1.0,0.0,0.0,1.0,1.0,0,Legitimate,train
2113,Collective #MediaTech Incubator,https://www.linkedin.com/company/40666069,1.0,41.0,1.0,9.666666666666666,31.0,3.0,0.0,0.0,1.0,0.1290322580645161,1.0,0.0,0.0,0.0,0.0,0.0,0.0,0,Legitimate,train
2114,BitSafe Security Labs,,0.0,0.0,0.0,6.333333333333333,21.0,3.0,0.0,0.0,0.0,0.1904761904761904,1.0,0.0,0.0,0.0,0.0,1.0,1.0,1,Fake_Scam,train
2115,领英资讯,https://www.linkedin.com/company/64873257,1.0,41.0,1.0,4.0,4.0,1.0,0.0,0.0,0.0,0.0,0.0,0.0,0.0,0.0,0.0,0.0,0.0,0,Legitimate,train
2116,Black Women Empowered Incorporated,https://www.linkedin.com/company/11840110,1.0,41.0,1.0,7.75,34.0,4.0,0.0,0.0,0.0,0.1176470588235294,1.0,0.0,0.0,0.0,0.0,0.0,0.0,0,Legitimate,train
2117,"Center for Equity, Gender, and Leadership",https://www.linkedin.com/company/19095506,1.0,41.0,1.0,6.0,41.0,6.0,0.0,0.0,2.0,0.0975609756097561,1.0,0.0,1.0,0.0,0.0,0.0,0.0,0,Legitimate,train
2118,CNote,https://www.linkedin.com/company/10872158,1.0,41.0,1.0,5.0,5.0,1.0,0.0,0.0,0.0,0.4,1.0,0.0,0.0,0.0,0.0,0.0,0.0,0,Legitimate,test
2119,startups.watch,https://www.linkedin.com/company/10110512,1.0,41.0,1.0,14.0,14.0,1.0,0.0,0.0,1.0,0.0,1.0,0.0,0.0,0.0,0.0,0.0,0.0,0,Legitimate,train
2120,Capital One,https://www.linkedin.com/company/1419,1.0,37.0,1.0,5.0,11.0,2.0,0.0,0.0,0.0,0.1818181818181818,1.0,0.0,0.0,1.0,1.0,0.0,0.0,0,Legitimate,train
2121,MusicCareers,https://www.linkedin.com/company/71316331,1.0,41.0,1.0,12.0,12.0,1.0,0.0,0.0,0.0,0.1666666666666666,1.0,0.0,0.0,2.0,1.0,0.0,0.0,0,Legitimate,train
2122,BCG on Operations,https://www.linkedin.com/company/18859878,1.0,41.0,1.0,5.0,17.0,3.0,0.0,0.0,0.0,0.2352941176470588,1.0,0.0,0.0,0.0,0.0,0.0,0.0,0,Legitimate,train
2123,TotalEnergies,https://www.linkedin.com/company/1818,1.0,37.0,1.0,13.0,13.0,1.0,0.0,0.0,0.0,0.1538461538461538,1.0,0.0,0.0,0.0,0.0,0.0,0.0,0,Legitimate,train
2124,Howard University School of Business,https://www.linkedin.com/company/5383859,1.0,40.0,1.0,6.4,36.0,5.0,0.0,0.0,0.0,0.1111111111111111,1.0,0.0,0.0,0.0,0.0,0.0,0.0,0,Legitimate,train
2125,Monsanto Company,https://www.linkedin.com/company/3422,1.0,37.0,1.0,7.5,16.0,2.0,0.0,0.0,0.0,0.125,1.0,0.0,0.0,0.0,0.0,1.0,1.0,0,Legitimate,train
2126,Balchem Corporation,https://www.linkedin.com/company/250671,1.0,39.0,1.0,9.0,19.0,2.0,0.0,0.0,0.0,0.1052631578947368,1.0,0.0,0.0,0.0,0.0,1.0,1.0,0,Legitimate,test
2127,"FireEye, Inc.",https://www.linkedin.com/company/44195,1.0,38.0,1.0,6.0,13.0,2.0,0.0,0.0,2.0,0.2307692307692307,1.0,0.0,1.0,0.0,0.0,1.0,1.0,0,Legitimate,train
2128,LinkedIn,https://www.linkedin.com/company/1337,1.0,37.0,1.0,8.0,8.0,1.0,0.0,0.0,0.0,0.25,1.0,0.0,0.0,0.0,0.0,0.0,0.0,0,Legitimate,val
2129,"Cohu, Inc.",https://www.linkedin.com/company/141722,1.0,39.0,1.0,4.5,10.0,2.0,0.0,0.0,2.0,0.2,1.0,0.0,1.0,0.0,0.0,1.0,1.0,0,Legitimate,train
2130,辽宁省机械研究院有限公司,https://www.linkedin.com/company/12925922,1.0,41.0,1.0,12.0,12.0,1.0,0.0,0.0,0.0,0.0,0.0,0.0,0.0,0.0,0.0,0.0,0.0,0,Legitimate,train
2131,Coverys,https://www.linkedin.com/company/3042905,1.0,40.0,1.0,7.0,7.0,1.0,0.0,0.0,0.0,0.1428571428571428,1.0,0.0,0.0,0.0,0.0,0.0,0.0,0,Legitimate,val
2132,National Sales Network (NSN) Dallas/Fort Worth,https://www.linkedin.com/company/15327583,1.0,41.0,1.0,6.833333333333333,46.0,6.0,0.0,0.0,3.0,0.1956521739130435,1.0,0.0,0.0,0.0,0.0,0.0,0.0,0,Legitimate,train
2133,RI,https://www.linkedin.com/company/9285592,1.0,40.0,1.0,2.0,2.0,1.0,0.0,0.0,0.0,1.0,1.0,0.0,0.0,0.0,0.0,0.0,0.0,0,Legitimate,train
2134,IBM Quantum,https://www.linkedin.com/company/85353799,1.0,41.0,1.0,5.0,11.0,2.0,0.0,0.0,0.0,0.3636363636363636,1.0,0.0,0.0,0.0,0.0,0.0,0.0,0,Legitimate,train
2135,Cricket Wireless,https://www.linkedin.com/company/5780,1.0,37.0,1.0,7.5,16.0,2.0,0.0,0.0,0.0,0.125,1.0,0.0,0.0,0.0,0.0,0.0,0.0,0,Legitimate,train
2136,City of Mountain View,https://www.linkedin.com/company/163082,1.0,39.0,1.0,4.5,21.0,4.0,0.0,0.0,0.0,0.1428571428571428,1.0,0.0,0.0,0.0,0.0,0.0,0.0,0,Legitimate,train
2137,"SodaStream International, Ltd.",https://www.linkedin.com/company/1000151,1.0,40.0,1.0,9.333333333333334,30.0,3.0,0.0,0.0,2.0,0.1333333333333333,1.0,0.0,1.0,0.0,0.0,1.0,1.0,0,Legitimate,val
2138,LinkedIn News Australia,https://www.linkedin.com/company/64873241,1.0,41.0,1.0,7.0,23.0,3.0,0.0,0.0,0.0,0.1739130434782608,1.0,0.0,0.0,0.0,0.0,0.0,0.0,0,Legitimate,train
2139,Request For Meeting,https://www.linkedin.com/company/86714541,1.0,41.0,1.0,5.666666666666667,19.0,3.0,0.0,0.0,0.0,0.1578947368421052,1.0,0.0,0.0,0.0,0.0,0.0,0.0,0,Legitimate,train
2140,Fresher Jobs,https://www.linkedin.com/company/13356233,1.0,41.0,1.0,5.5,12.0,2.0,0.0,0.0,0.0,0.1666666666666666,1.0,0.0,0.0,0.0,0.0,0.0,0.0,0,Legitimate,test
2141,Údarás na Gaeltachta,https://www.linkedin.com/company/537442,1.0,39.0,1.0,6.0,20.0,3.0,0.0,0.0,0.0,0.1,0.0,0.0,0.0,0.0,0.0,0.0,0.0,0,Legitimate,train
2142,Atlantix Partners,https://www.linkedin.com/company/9443085,1.0,40.0,1.0,8.0,17.0,2.0,0.0,0.0,0.0,0.1176470588235294,1.0,0.0,0.0,0.0,0.0,1.0,1.0,0,Legitimate,train
2143,Chemical Search International,https://www.linkedin.com/company/244006,1.0,39.0,1.0,9.0,29.0,3.0,0.0,0.0,0.0,0.1034482758620689,1.0,0.0,0.0,0.0,0.0,0.0,0.0,0,Legitimate,train
2144,Carbice,https://www.linkedin.com/company/10526584,1.0,41.0,1.0,7.0,7.0,1.0,0.0,0.0,0.0,0.1428571428571428,1.0,0.0,0.0,0.0,0.0,0.0,0.0,0,Legitimate,train
2145,CEN - Center for Excellence in Nonprofits,https://www.linkedin.com/company/3558762,1.0,40.0,1.0,5.0,41.0,7.0,0.0,0.0,1.0,0.1463414634146341,1.0,0.0,0.0,0.0,0.0,0.0,0.0,0,Legitimate,train
2146,Central New Mexico Community College,https://www.linkedin.com/company/18603,1.0,38.0,1.0,6.4,36.0,5.0,0.0,0.0,0.0,0.1388888888888889,1.0,0.0,0.0,0.0,0.0,0.0,0.0,0,Legitimate,train
2147,Remotasks,https://www.linkedin.com/company/18981038,1.0,41.0,1.0,9.0,9.0,1.0,0.0,0.0,0.0,0.1111111111111111,1.0,0.0,0.0,0.0,0.0,0.0,0.0,0,Legitimate,test
2148,Novelis,https://www.linkedin.com/company/9487,1.0,37.0,1.0,7.0,7.0,1.0,0.0,0.0,0.0,0.1428571428571428,1.0,0.0,0.0,0.0,0.0,0.0,0.0,0,Legitimate,train
2149,S'well,https://www.linkedin.com/company/1953591,1.0,40.0,1.0,6.0,6.0,1.0,0.0,0.0,1.0,0.1666666666666666,1.0,0.0,0.0,0.0,0.0,0.0,0.0,0,Legitimate,train
2150,atai Life Sciences,https://www.linkedin.com/company/11743769,1.0,41.0,1.0,5.333333333333333,18.0,3.0,0.0,0.0,0.0,0.1111111111111111,1.0,0.0,0.0,1.0,1.0,0.0,0.0,0,Legitimate,train
2151,Luis Costa – Coach • Mentor • Facilitator,https://www.linkedin.com/company/10997714,1.0,41.0,1.0,4.25,41.0,8.0,0.0,0.0,3.0,0.1219512195121951,0.0,0.0,0.0,0.0,0.0,0.0,0.0,0,Legitimate,train
2152,ABCD School,https://www.linkedin.com/company/26673425,1.0,41.0,1.0,5.0,11.0,2.0,0.0,0.0,0.0,0.4545454545454545,1.0,0.0,0.0,0.0,0.0,0.0,0.0,0,Legitimate,val
2153,Barclays UK,https://www.linkedin.com/company/2623994,1.0,40.0,1.0,5.0,11.0,2.0,0.0,0.0,0.0,0.2727272727272727,1.0,0.0,0.0,0.0,0.0,0.0,0.0,0,Legitimate,val
2154,"MS Pen Technologies, Inc.",https://www.linkedin.com/company/68264305,1.0,41.0,1.0,5.5,25.0,4.0,0.0,0.0,2.0,0.2,1.0,0.0,1.0,0.0,0.0,1.0,1.0,0,Legitimate,train
2155,Girls on the Run New Hampshire,https://www.linkedin.com/company/64521057,1.0,41.0,1.0,4.166666666666667,30.0,6.0,0.0,0.0,0.0,0.1333333333333333,1.0,0.0,0.0,0.0,0.0,0.0,0.0,0,Legitimate,train
2156,TSMC,https://www.linkedin.com/company/8869,1.0,37.0,1.0,4.0,4.0,1.0,0.0,0.0,0.0,1.0,1.0,0.0,0.0,0.0,0.0,0.0,0.0,0,Legitimate,train
2157,ClassBoxes Technologies,https://www.linkedin.com/company/72236614,1.0,41.0,1.0,11.0,23.0,2.0,0.0,0.0,0.0,0.1304347826086956,1.0,0.0,0.0,0.0,0.0,0.0,0.0,0,Legitimate,test
2158,Society for Information Management,https://www.linkedin.com/company/406881,1.0,39.0,1.0,7.75,34.0,4.0,0.0,0.0,0.0,0.088235294117647,1.0,0.0,0.0,0.0,0.0,0.0,0.0,0,Legitimate,train
2159,"Keller Williams Realty, Inc.",https://www.linkedin.com/company/2224,1.0,37.0,1.0,6.25,28.0,4.0,0.0,0.0,2.0,0.1428571428571428,1.0,0.0,1.0,0.0,0.0,1.0,1.0,0,Legitimate,train
2160,To Be Srl,https://www.linkedin.com/company/11276543,1.0,41.0,1.0,2.333333333333333,9.0,3.0,0.0,0.0,0.0,0.3333333333333333,1.0,0.0,0.0,0.0,0.0,0.0,0.0,0,Legitimate,val
2161,ABC News,https://www.linkedin.com/company/3907,1.0,37.0,1.0,3.5,8.0,2.0,0.0,0.0,0.0,0.5,1.0,0.0,0.0,0.0,0.0,0.0,0.0,0,Legitimate,test
2162,CTV News,https://www.linkedin.com/company/3579435,1.0,40.0,1.0,3.5,8.0,2.0,0.0,0.0,0.0,0.5,1.0,0.0,0.0,0.0,0.0,0.0,0.0,0,Legitimate,train
2163,HP India Sales Pvt Ltd,https://www.linkedin.com/company/1677976,1.0,40.0,1.0,3.6,22.0,5.0,0.0,0.0,0.0,0.2727272727272727,1.0,0.0,0.0,0.0,0.0,1.0,1.0,0,Legitimate,train
2164,Payscale,https://www.linkedin.com/company/47199,1.0,38.0,1.0,8.0,8.0,1.0,0.0,0.0,0.0,0.125,1.0,0.0,0.0,0.0,0.0,0.0,0.0,0,Legitimate,train
2165,theii.com,https://www.linkedin.com/company/42929570,1.0,41.0,1.0,9.0,9.0,1.0,0.0,0.0,1.0,0.0,1.0,0.0,0.0,0.0,0.0,0.0,0.0,0,Legitimate,train
2166,Canadian Global Health Students and Young Professionals Summit (GHSYPS),https://www.linkedin.com/company/11349159,1.0,41.0,1.0,7.0,71.0,9.0,0.0,0.0,2.0,0.1830985915492957,1.0,0.0,0.0,1.0,1.0,0.0,0.0,0,Legitimate,val
2167,Fox Restaurant Concepts,https://www.linkedin.com/company/68747,1.0,38.0,1.0,7.0,23.0,3.0,0.0,0.0,0.0,0.1304347826086956,1.0,0.0,0.0,0.0,0.0,0.0,0.0,0,Legitimate,test
2168,UNIVERSAL ORLANDO FOUNDATION INC,https://www.linkedin.com/company/59131689,1.0,41.0,1.0,7.25,32.0,4.0,0.0,0.0,0.0,0.90625,1.0,0.0,0.0,0.0,0.0,1.0,1.0,0,Legitimate,train
2169,Mizuno USA,https://www.linkedin.com/company/266020,1.0,39.0,1.0,4.5,10.0,2.0,0.0,0.0,0.0,0.4,1.0,0.0,0.0,0.0,0.0,0.0,0.0,0,Legitimate,train
2170,UAMS - University of Arkansas for Medical Sciences,https://www.linkedin.com/company/11250,1.0,38.0,1.0,5.375,50.0,8.0,0.0,0.0,1.0,0.16,1.0,0.0,0.0,0.0,0.0,0.0,0.0,0,Legitimate,train
2171,Laboratory for Artistic Intelligence,https://www.linkedin.com/company/51683456,1.0,41.0,1.0,8.25,36.0,4.0,0.0,0.0,0.0,0.0833333333333333,1.0,0.0,0.0,0.0,0.0,0.0,0.0,0,Legitimate,train
2172,Slicedbread,https://www.linkedin.com/company/9237950,1.0,40.0,1.0,11.0,11.0,1.0,0.0,0.0,0.0,0.0909090909090909,1.0,0.0,0.0,0.0,0.0,0.0,0.0,0,Legitimate,train
2173,Elastic,https://www.linkedin.com/company/814025,1.0,39.0,1.0,7.0,7.0,1.0,0.0,0.0,0.0,0.1428571428571428,1.0,0.0,0.0,0.0,0.0,0.0,0.0,0,Legitimate,val
2174,The Brand Factory,https://www.linkedin.com/company/85688,1.0,38.0,1.0,5.0,17.0,3.0,0.0,0.0,0.0,0.1764705882352941,1.0,0.0,0.0,0.0,0.0,0.0,0.0,0,Legitimate,train
2175,80Twenty,https://www.linkedin.com/company/2901787,1.0,40.0,1.0,8.0,8.0,1.0,2.0,1.0,0.0,0.125,1.0,0.0,0.0,0.0,0.0,0.0,0.0,0,Legitimate,train
2176,Gonzaga University,https://www.linkedin.com/company/14646,1.0,38.0,1.0,8.5,18.0,2.0,0.0,0.0,0.0,0.1111111111111111,1.0,0.0,0.0,0.0,0.0,0.0,0.0,0,Legitimate,train
2177,DSD,https://www.linkedin.com/company/34948464,1.0,41.0,1.0,3.0,3.0,1.0,0.0,0.0,0.0,1.0,1.0,0.0,0.0,0.0,0.0,0.0,0.0,0,Legitimate,train
2178,Tata Coffee,https://www.linkedin.com/company/407539,1.0,39.0,1.0,5.0,11.0,2.0,0.0,0.0,0.0,0.1818181818181818,1.0,0.0,0.0,1.0,1.0,0.0,0.0,0,Legitimate,test
2179,OmnicomMediaGroup USA,https://www.linkedin.com/company/2378484,1.0,40.0,1.0,10.0,21.0,2.0,0.0,0.0,0.0,0.2857142857142857,1.0,0.0,0.0,0.0,0.0,0.0,0.0,0,Legitimate,train
2180,Marsh Supermarkets,https://www.linkedin.com/company/913375,1.0,39.0,1.0,8.5,18.0,2.0,0.0,0.0,0.0,0.1111111111111111,1.0,0.0,0.0,0.0,0.0,0.0,0.0,0,Legitimate,test
2181,Get Hired by LinkedIn News Europe,https://www.linkedin.com/company/88893327,1.0,41.0,1.0,4.666666666666667,33.0,6.0,0.0,0.0,0.0,0.1818181818181818,1.0,0.0,0.0,0.0,0.0,0.0,0.0,0,Legitimate,train
2182,Lynée Alves - Expert Career Coach,https://www.linkedin.com/company/28151867,1.0,41.0,1.0,4.666666666666667,33.0,6.0,0.0,0.0,1.0,0.1515151515151515,0.0,0.0,0.0,1.0,1.0,0.0,0.0,0,Legitimate,val
2183,"My Marketing Vice President, Inc.",https://www.linkedin.com/company/22303480,1.0,41.0,1.0,5.8,33.0,5.0,0.0,0.0,2.0,0.1515151515151515,1.0,0.0,1.0,0.0,0.0,1.0,1.0,0,Legitimate,train
2184,TU Dublin Students' Union,https://www.linkedin.com/company/3096363,1.0,40.0,1.0,5.5,25.0,4.0,0.0,0.0,1.0,0.2,1.0,0.0,0.0,0.0,0.0,0.0,0.0,0,Legitimate,train
2185,Wolves,https://www.linkedin.com/company/1229721,1.0,40.0,1.0,6.0,6.0,1.0,0.0,0.0,0.0,0.1666666666666666,1.0,0.0,0.0,0.0,0.0,0.0,0.0,0,Legitimate,test
2186,African Heroes,https://www.linkedin.com/company/19185180,1.0,41.0,1.0,6.5,14.0,2.0,0.0,0.0,0.0,0.1428571428571428,1.0,0.0,0.0,0.0,0.0,0.0,0.0,0,Legitimate,train
2187,East West University,https://www.linkedin.com/company/26550695,1.0,41.0,1.0,6.0,20.0,3.0,0.0,0.0,0.0,0.15,1.0,0.0,0.0,0.0,0.0,0.0,0.0,0,Legitimate,train
2188,Chicago African Americans in Philanthropy,https://www.linkedin.com/company/1499467,1.0,40.0,1.0,7.4,41.0,5.0,0.0,0.0,0.0,0.0975609756097561,1.0,0.0,0.0,0.0,0.0,0.0,0.0,0,Legitimate,test
2189,Doctor,https://www.linkedin.com/company/12033921,1.0,41.0,1.0,6.0,6.0,1.0,0.0,0.0,0.0,0.1666666666666666,1.0,0.0,0.0,0.0,0.0,0.0,0.0,0,Legitimate,test
2190,University of Maryland Baltimore County,https://www.linkedin.com/company/7835,1.0,37.0,1.0,7.0,39.0,5.0,0.0,0.0,0.0,0.1025641025641025,1.0,0.0,0.0,0.0,0.0,0.0,0.0,0,Legitimate,train
2191,U.S. House of Representatives,https://www.linkedin.com/company/3921,1.0,37.0,1.0,6.5,29.0,4.0,0.0,0.0,2.0,0.1379310344827586,1.0,0.0,0.0,0.0,0.0,0.0,0.0,0,Legitimate,test
2192,Ubiquitous Preferred Services,https://www.linkedin.com/company/35432861,1.0,41.0,1.0,9.0,29.0,3.0,0.0,0.0,0.0,0.1034482758620689,1.0,0.0,0.0,0.0,0.0,0.0,0.0,0,Legitimate,test
2193,Sundried,https://www.linkedin.com/company/5009319,1.0,40.0,1.0,8.0,8.0,1.0,0.0,0.0,0.0,0.125,1.0,0.0,0.0,0.0,0.0,0.0,0.0,0,Legitimate,train
2194,Credit Union of Southern California,https://www.linkedin.com/company/18226136,1.0,41.0,1.0,6.2,35.0,5.0,0.0,0.0,0.0,0.1142857142857142,1.0,0.0,0.0,0.0,0.0,0.0,0.0,0,Legitimate,train
2195,BYMA Bolsas y Mercados Argentinos S.A.,https://www.linkedin.com/company/16236115,1.0,41.0,1.0,5.5,38.0,6.0,0.0,0.0,2.0,0.2368421052631578,1.0,0.0,0.0,0.0,0.0,0.0,0.0,0,Legitimate,val
2196,University of Chicago Booth School of Business Executive Education,https://www.linkedin.com/company/2850888,1.0,40.0,1.0,6.444444444444445,66.0,9.0,0.0,0.0,0.0,0.106060606060606,1.0,0.0,0.0,0.0,0.0,0.0,0.0,0,Legitimate,train
2197,Authority Magazine,https://www.linkedin.com/company/11777105,1.0,41.0,1.0,8.5,18.0,2.0,0.0,0.0,0.0,0.1111111111111111,1.0,0.0,0.0,0.0,0.0,0.0,0.0,0,Legitimate,train
2198,VALDO Spumanti,https://www.linkedin.com/company/24677413,1.0,41.0,1.0,6.5,14.0,2.0,0.0,0.0,0.0,0.4285714285714285,1.0,0.0,0.0,0.0,0.0,0.0,0.0,0,Legitimate,test
2199,GorillaStack by PyraCloud ☁,https://www.linkedin.com/company/10019450,1.0,41.0,1.0,6.0,27.0,4.0,0.0,0.0,1.0,0.1481481481481481,0.0,0.0,0.0,0.0,0.0,0.0,0.0,0,Legitimate,train
2200,Embrace Families,https://www.linkedin.com/company/35595395,1.0,41.0,1.0,7.5,16.0,2.0,0.0,0.0,0.0,0.125,1.0,0.0,0.0,0.0,0.0,0.0,0.0,0,Legitimate,train
2201,Washington Nationals,https://www.linkedin.com/company/27906,1.0,38.0,1.0,9.5,20.0,2.0,0.0,0.0,0.0,0.1,1.0,0.0,0.0,0.0,0.0,0.0,0.0,0,Legitimate,train
2202,GM Financial,https://www.linkedin.com/company/7466,1.0,37.0,1.0,5.5,12.0,2.0,0.0,0.0,0.0,0.25,1.0,0.0,0.0,0.0,0.0,0.0,0.0,0,Legitimate,train
2203,Shields Meneley - a Felix Global company,https://www.linkedin.com/company/95671,1.0,38.0,1.0,4.857142857142857,40.0,7.0,0.0,0.0,1.0,0.1,1.0,0.0,0.0,1.0,1.0,1.0,1.0,0,Legitimate,train
2204,CIRCULAR CONSULTING,https://www.linkedin.com/company/140582,1.0,39.0,1.0,9.0,19.0,2.0,0.0,0.0,0.0,0.9473684210526316,1.0,0.0,0.0,1.0,1.0,0.0,0.0,0,Legitimate,train
2205,Watson Clinic LLP,https://www.linkedin.com/company/124122,1.0,39.0,1.0,5.0,17.0,3.0,0.0,0.0,0.0,0.2941176470588235,1.0,0.0,0.0,0.0,0.0,0.0,0.0,0,Legitimate,test
2206,Butler University - Lacy School of Business,https://www.linkedin.com/company/6290543,1.0,40.0,1.0,5.285714285714286,43.0,7.0,0.0,0.0,1.0,0.1162790697674418,1.0,0.0,0.0,0.0,0.0,0.0,0.0,0,Legitimate,val
2207,Cardiff University / Prifysgol Caerdydd,https://www.linkedin.com/company/9126,1.0,37.0,1.0,7.0,39.0,5.0,0.0,0.0,1.0,0.1025641025641025,1.0,0.0,0.0,0.0,0.0,0.0,0.0,0,Legitimate,train
2208,LBC Credit Partners,https://www.linkedin.com/company/1366482,1.0,40.0,1.0,5.666666666666667,19.0,3.0,0.0,0.0,0.0,0.2631578947368421,1.0,0.0,0.0,0.0,0.0,1.0,1.0,0,Legitimate,train
2209,TAB | Tech and Beer,https://www.linkedin.com/company/16189185,1.0,41.0,1.0,3.0,19.0,5.0,0.0,0.0,1.0,0.2631578947368421,1.0,0.0,0.0,0.0,0.0,0.0,0.0,0,Legitimate,train
2210,Triad Technology Partners,https://www.linkedin.com/company/332095,1.0,39.0,1.0,7.666666666666667,25.0,3.0,0.0,0.0,0.0,0.12,1.0,0.0,0.0,0.0,0.0,1.0,1.0,0,Legitimate,train
2211,Amazon,https://www.linkedin.com/company/1586,1.0,37.0,1.0,6.0,6.0,1.0,0.0,0.0,0.0,0.1666666666666666,1.0,0.0,0.0,0.0,0.0,0.0,0.0,0,Legitimate,test
2212,KiiT University,https://www.linkedin.com/company/251741,1.0,39.0,1.0,7.0,15.0,2.0,0.0,0.0,0.0,0.2,1.0,0.0,0.0,0.0,0.0,0.0,0.0,0,Legitimate,train
2213,Social Media Examiner,https://www.linkedin.com/company/576649,1.0,39.0,1.0,6.333333333333333,21.0,3.0,0.0,0.0,0.0,0.1428571428571428,1.0,0.0,0.0,0.0,0.0,0.0,0.0,0,Legitimate,train
2214,Azusa Pacific University,https://www.linkedin.com/company/12054,1.0,38.0,1.0,7.333333333333333,24.0,3.0,0.0,0.0,0.0,0.125,1.0,0.0,0.0,0.0,0.0,0.0,0.0,0,Legitimate,train
2215,Brookdale,https://www.linkedin.com/company/11356,1.0,38.0,1.0,9.0,9.0,1.0,0.0,0.0,0.0,0.1111111111111111,1.0,0.0,0.0,0.0,0.0,0.0,0.0,0,Legitimate,train
2216,Jushi Holdings Inc.,https://www.linkedin.com/company/35497614,1.0,41.0,1.0,5.666666666666667,19.0,3.0,0.0,0.0,1.0,0.1578947368421052,1.0,0.0,0.0,0.0,0.0,2.0,1.0,0,Legitimate,train
2217,AXEA,https://www.linkedin.com/company/9664224,1.0,40.0,1.0,4.0,4.0,1.0,0.0,0.0,0.0,1.0,1.0,0.0,0.0,0.0,0.0,0.0,0.0,0,Legitimate,train
2218,"Drummond Group, LLC",https://www.linkedin.com/company/142071,1.0,39.0,1.0,5.666666666666667,19.0,3.0,0.0,0.0,1.0,0.2631578947368421,1.0,0.0,1.0,0.0,0.0,2.0,1.0,0,Legitimate,train
2219,Regency Grove Consultants,https://www.linkedin.com/company/19040241,1.0,41.0,1.0,7.666666666666667,25.0,3.0,0.0,0.0,0.0,0.12,1.0,0.0,0.0,1.0,1.0,0.0,0.0,0,Legitimate,train
2220,The Bronx High School of Science,https://www.linkedin.com/company/11497971,1.0,41.0,1.0,4.5,32.0,6.0,0.0,0.0,0.0,0.15625,1.0,0.0,0.0,0.0,0.0,0.0,0.0,0,Legitimate,train
2221,Invest Puerto Rico,https://www.linkedin.com/company/3542680,1.0,40.0,1.0,5.333333333333333,18.0,3.0,0.0,0.0,0.0,0.1666666666666666,1.0,0.0,0.0,0.0,0.0,0.0,0.0,0,Legitimate,val
2222,Bravium Consulting Inc.,https://www.linkedin.com/company/1727290,1.0,40.0,1.0,7.0,23.0,3.0,0.0,0.0,1.0,0.1304347826086956,1.0,0.0,0.0,1.0,1.0,1.0,1.0,0,Legitimate,train
2223,I'm Only Human,https://www.linkedin.com/company/16187349,1.0,41.0,1.0,4.0,14.0,3.0,0.0,0.0,1.0,0.2142857142857142,1.0,0.0,0.0,0.0,0.0,0.0,0.0,0,Legitimate,train
2224,FIDO Alliance,https://www.linkedin.com/company/2800482,1.0,40.0,1.0,6.0,13.0,2.0,0.0,0.0,0.0,0.3846153846153846,1.0,0.0,0.0,0.0,0.0,0.0,0.0,0,Legitimate,train
2225,American Welding Society,https://www.linkedin.com/company/467034,1.0,39.0,1.0,7.333333333333333,24.0,3.0,0.0,0.0,0.0,0.125,1.0,0.0,0.0,0.0,0.0,0.0,0.0,0,Legitimate,train
2226,Center Panos Franquias,https://www.linkedin.com/company/10868877,1.0,41.0,1.0,6.666666666666667,22.0,3.0,0.0,0.0,0.0,0.1363636363636363,1.0,0.0,0.0,0.0,0.0,0.0,0.0,0,Legitimate,train
2227,Joy Ofodu,https://www.linkedin.com/company/79487985,1.0,41.0,1.0,4.0,9.0,2.0,0.0,0.0,0.0,0.2222222222222222,1.0,0.0,0.0,0.0,0.0,0.0,0.0,0,Legitimate,train
2228,AFS Intercultural Programs,https://www.linkedin.com/company/20625,1.0,38.0,1.0,8.0,26.0,3.0,0.0,0.0,0.0,0.1923076923076923,1.0,0.0,0.0,0.0,0.0,0.0,0.0,0,Legitimate,train
2229,Mark Anthony Brands International,https://www.linkedin.com/company/31425836,1.0,41.0,1.0,7.5,33.0,4.0,0.0,0.0,0.0,0.1212121212121212,1.0,0.0,0.0,0.0,0.0,0.0,0.0,0,Legitimate,train
2230,Georgia Latino Film Alliance and Film Festival,https://www.linkedin.com/company/31470265,1.0,41.0,1.0,5.714285714285714,46.0,7.0,0.0,0.0,0.0,0.1304347826086956,1.0,0.0,0.0,0.0,0.0,0.0,0.0,0,Legitimate,train
2231,Naval Postgraduate School,https://www.linkedin.com/company/10415,1.0,38.0,1.0,7.666666666666667,25.0,3.0,0.0,0.0,0.0,0.12,1.0,0.0,0.0,0.0,0.0,0.0,0.0,0,Legitimate,train
2232,Kandere,https://www.linkedin.com/company/87417974,1.0,41.0,1.0,7.0,7.0,1.0,0.0,0.0,0.0,0.1428571428571428,1.0,0.0,0.0,0.0,0.0,0.0,0.0,0,Legitimate,train
2233,Harvard Kennedy School,https://www.linkedin.com/company/441164,1.0,39.0,1.0,6.666666666666667,22.0,3.0,0.0,0.0,0.0,0.1363636363636363,1.0,0.0,0.0,0.0,0.0,0.0,0.0,0,Legitimate,train
2234,Studio Management LLC,https://www.linkedin.com/company/28843444,1.0,41.0,1.0,6.333333333333333,21.0,3.0,0.0,0.0,0.0,0.238095238095238,1.0,0.0,0.0,0.0,0.0,1.0,1.0,0,Legitimate,train
2235,UNICEF,https://www.linkedin.com/company/4881,1.0,37.0,1.0,6.0,6.0,1.0,0.0,0.0,0.0,1.0,1.0,0.0,0.0,0.0,0.0,0.0,0.0,0,Legitimate,train
2236,Leo Burnett,https://www.linkedin.com/company/2970,1.0,37.0,1.0,5.0,11.0,2.0,0.0,0.0,0.0,0.1818181818181818,1.0,0.0,0.0,0.0,0.0,0.0,0.0,0,Legitimate,train
2237,Syracuse University,https://www.linkedin.com/company/166228,1.0,39.0,1.0,9.0,19.0,2.0,0.0,0.0,0.0,0.1052631578947368,1.0,0.0,0.0,0.0,0.0,0.0,0.0,0,Legitimate,val
2238,وظائف دبي,https://www.linkedin.com/company/76194940,1.0,41.0,1.0,4.0,9.0,2.0,0.0,0.0,0.0,0.0,0.0,0.0,0.0,0.0,0.0,0.0,0.0,0,Legitimate,test
2239,StoneTurn,https://www.linkedin.com/company/85952,1.0,38.0,1.0,9.0,9.0,1.0,0.0,0.0,0.0,0.2222222222222222,1.0,0.0,0.0,0.0,0.0,0.0,0.0,0,Legitimate,train
2240,NCSOFT,https://www.linkedin.com/company/89696111,1.0,41.0,1.0,6.0,6.0,1.0,0.0,0.0,0.0,1.0,1.0,0.0,0.0,0.0,0.0,0.0,0.0,0,Legitimate,val
2241,Shanghai University,https://www.linkedin.com/company/36598,1.0,38.0,1.0,9.0,19.0,2.0,0.0,0.0,0.0,0.1052631578947368,1.0,0.0,0.0,1.0,1.0,0.0,0.0,0,Legitimate,train
2242,Parisima Talent,https://www.linkedin.com/company/4813283,1.0,40.0,1.0,7.0,15.0,2.0,0.0,0.0,0.0,0.1333333333333333,1.0,0.0,0.0,1.0,1.0,0.0,0.0,0,Legitimate,train
2243,CartStack,https://www.linkedin.com/company/2845712,1.0,40.0,1.0,9.0,9.0,1.0,0.0,0.0,0.0,0.2222222222222222,1.0,0.0,0.0,0.0,0.0,0.0,0.0,0,Legitimate,train
2244,Evosys,https://www.linkedin.com/company/256747,1.0,39.0,1.0,6.0,6.0,1.0,0.0,0.0,0.0,0.1666666666666666,1.0,0.0,0.0,0.0,0.0,0.0,0.0,0,Legitimate,test
2245,HoYoverse,https://www.linkedin.com/company/3230444,1.0,40.0,1.0,9.0,9.0,1.0,0.0,0.0,0.0,0.2222222222222222,1.0,0.0,0.0,0.0,0.0,0.0,0.0,0,Legitimate,train
2246,The Democratic Coalition,https://www.linkedin.com/company/10788331,1.0,41.0,1.0,7.333333333333333,24.0,3.0,0.0,0.0,0.0,0.125,1.0,0.0,0.0,0.0,0.0,0.0,0.0,0,Legitimate,val
2247,Emory University,https://www.linkedin.com/company/3889,1.0,37.0,1.0,7.5,16.0,2.0,0.0,0.0,0.0,0.125,1.0,0.0,0.0,0.0,0.0,0.0,0.0,0,Legitimate,train
2248,Agencia,https://www.linkedin.com/company/1104831,1.0,40.0,1.0,7.0,7.0,1.0,0.0,0.0,0.0,0.1428571428571428,1.0,0.0,0.0,0.0,0.0,0.0,0.0,0,Legitimate,val
2249,Tales of the Cocktail Foundation,https://www.linkedin.com/company/1536695,1.0,40.0,1.0,5.6,32.0,5.0,0.0,0.0,0.0,0.09375,1.0,0.0,0.0,0.0,0.0,0.0,0.0,0,Legitimate,test
2250,TAXI,https://www.linkedin.com/company/166265,1.0,39.0,1.0,4.0,4.0,1.0,0.0,0.0,0.0,1.0,1.0,0.0,0.0,0.0,0.0,0.0,0.0,0,Legitimate,val
2251,The Lauder Institute - University of Pennsylvania,https://www.linkedin.com/company/15141685,1.0,41.0,1.0,6.142857142857143,49.0,7.0,0.0,0.0,1.0,0.1020408163265306,1.0,0.0,0.0,0.0,0.0,0.0,0.0,0,Legitimate,val
2252,abrdn,https://www.linkedin.com/company/74514529,1.0,41.0,1.0,5.0,5.0,1.0,0.0,0.0,0.0,0.0,1.0,0.0,0.0,0.0,0.0,0.0,0.0,0,Legitimate,train
2253,Faire,https://www.linkedin.com/company/18013280,1.0,41.0,1.0,5.0,5.0,1.0,0.0,0.0,0.0,0.2,1.0,0.0,0.0,0.0,0.0,0.0,0.0,0,Legitimate,train
2254,LEFTY Production Co.,https://www.linkedin.com/company/74097630,1.0,41.0,1.0,6.0,20.0,3.0,0.0,0.0,1.0,0.35,1.0,0.0,0.0,0.0,0.0,1.0,1.0,0,Legitimate,train
2255,United Nations Volunteers,https://www.linkedin.com/company/24960,1.0,38.0,1.0,7.666666666666667,25.0,3.0,0.0,0.0,0.0,0.12,1.0,0.0,0.0,0.0,0.0,0.0,0.0,0,Legitimate,train
2256,广州市铭鑫家具有限公司,https://www.linkedin.com/company/32442476,1.0,41.0,1.0,11.0,11.0,1.0,0.0,0.0,0.0,0.0,0.0,0.0,0.0,0.0,0.0,0.0,0.0,0,Legitimate,train
2257,BenevolentAI,https://www.linkedin.com/company/10929741,1.0,41.0,1.0,12.0,12.0,1.0,0.0,0.0,0.0,0.25,1.0,0.0,0.0,0.0,0.0,0.0,0.0,0,Legitimate,train
2258,Hertie School,https://www.linkedin.com/company/55258,1.0,38.0,1.0,6.0,13.0,2.0,0.0,0.0,0.0,0.1538461538461538,1.0,0.0,0.0,0.0,0.0,0.0,0.0,0,Legitimate,train
2259,Monument Advocacy,https://www.linkedin.com/company/132193,1.0,39.0,1.0,8.0,17.0,2.0,0.0,0.0,0.0,0.1176470588235294,1.0,0.0,0.0,0.0,0.0,0.0,0.0,0,Legitimate,val
2260,Neutrall,https://www.linkedin.com/company/73198599,1.0,41.0,1.0,8.0,8.0,1.0,0.0,0.0,0.0,0.125,1.0,0.0,0.0,0.0,0.0,0.0,0.0,0,Legitimate,train
2261,Ph.Creative,https://www.linkedin.com/company/157079,1.0,39.0,1.0,11.0,11.0,1.0,0.0,0.0,1.0,0.1818181818181818,1.0,0.0,0.0,0.0,0.0,0.0,0.0,0,Legitimate,test
2262,DSSG Berlin e.V.,https://www.linkedin.com/company/27124763,1.0,41.0,1.0,4.666666666666667,16.0,3.0,0.0,0.0,2.0,0.375,1.0,0.0,0.0,0.0,0.0,0.0,0.0,0,Legitimate,test
2263,Cramer,https://www.linkedin.com/company/201288,1.0,39.0,1.0,6.0,6.0,1.0,0.0,0.0,0.0,0.1666666666666666,1.0,0.0,0.0,0.0,0.0,0.0,0.0,0,Legitimate,train
2264,Galaxy Surfactants Limited,https://www.linkedin.com/company/716507,1.0,39.0,1.0,8.0,26.0,3.0,0.0,0.0,0.0,0.1153846153846153,1.0,0.0,0.0,0.0,0.0,0.0,0.0,0,Legitimate,train
2265,University of Mannheim,https://www.linkedin.com/company/14750,1.0,38.0,1.0,6.666666666666667,22.0,3.0,0.0,0.0,0.0,0.0909090909090909,1.0,0.0,0.0,0.0,0.0,0.0,0.0,0,Legitimate,train
2266,Corporate Volunteer Council of Atlanta,https://www.linkedin.com/company/9289080,1.0,40.0,1.0,6.8,38.0,5.0,0.0,0.0,0.0,0.1052631578947368,1.0,0.0,0.0,0.0,0.0,0.0,0.0,0,Legitimate,train
2267,Employee Cycle,https://www.linkedin.com/company/10863901,1.0,41.0,1.0,6.5,14.0,2.0,0.0,0.0,0.0,0.1428571428571428,1.0,0.0,0.0,0.0,0.0,0.0,0.0,0,Legitimate,train
2268,Social Responsibility Chicago,https://www.linkedin.com/company/28134958,1.0,41.0,1.0,9.0,29.0,3.0,0.0,0.0,0.0,0.1034482758620689,1.0,0.0,0.0,0.0,0.0,0.0,0.0,0,Legitimate,train
2269,Recordati,https://www.linkedin.com/company/36507,1.0,38.0,1.0,9.0,9.0,1.0,0.0,0.0,0.0,0.1111111111111111,1.0,0.0,0.0,0.0,0.0,0.0,0.0,0,Legitimate,test
2270,Void2One Solutions,https://www.linkedin.com/company/79042999,1.0,41.0,1.0,8.5,18.0,2.0,1.0,1.0,0.0,0.1666666666666666,1.0,0.0,0.0,0.0,0.0,1.0,1.0,0,Legitimate,train
2271,Comba Telecom,https://www.linkedin.com/company/89415,1.0,38.0,1.0,6.0,13.0,2.0,0.0,0.0,0.0,0.1538461538461538,1.0,0.0,0.0,0.0,0.0,0.0,0.0,0,Legitimate,train
2272,Carousel (Manchester),https://www.linkedin.com/company/10390702,1.0,41.0,1.0,10.0,21.0,2.0,0.0,0.0,2.0,0.0952380952380952,1.0,0.0,0.0,0.0,0.0,0.0,0.0,0,Legitimate,train
2273,Schindler Elevator Corporation (U.S.),https://www.linkedin.com/company/6192,1.0,37.0,1.0,8.5,37.0,4.0,0.0,0.0,4.0,0.1351351351351351,1.0,0.0,0.0,0.0,0.0,1.0,1.0,0,Legitimate,train
2274,Represent Recruitment Limited,https://www.linkedin.com/company/1820110,1.0,40.0,1.0,9.0,29.0,3.0,0.0,0.0,0.0,0.1034482758620689,1.0,0.0,0.0,1.0,1.0,0.0,0.0,0,Legitimate,train
2275,Tucker & Associates Public Relations,https://www.linkedin.com/company/871067,1.0,39.0,1.0,6.4,36.0,5.0,0.0,0.0,1.0,0.1111111111111111,1.0,1.0,0.0,0.0,0.0,0.0,0.0,0,Legitimate,train
2276,Shanghai University of Finance and Economics,https://www.linkedin.com/company/15091707,1.0,41.0,1.0,6.5,44.0,6.0,0.0,0.0,0.0,0.0909090909090909,1.0,0.0,0.0,1.0,1.0,0.0,0.0,0,Legitimate,train
2277,"Pioneer Engineering, LLC",https://www.linkedin.com/company/24996823,1.0,41.0,1.0,7.333333333333333,24.0,3.0,0.0,0.0,1.0,0.2083333333333333,1.0,0.0,1.0,0.0,0.0,1.0,1.0,0,Legitimate,train
2278,Leiden University,https://www.linkedin.com/company/6077,1.0,37.0,1.0,8.0,17.0,2.0,0.0,0.0,0.0,0.1176470588235294,1.0,0.0,0.0,0.0,0.0,0.0,0.0,0,Legitimate,train
2279,Technological University Dublin,https://www.linkedin.com/company/12974484,1.0,41.0,1.0,9.666666666666666,31.0,3.0,0.0,0.0,0.0,0.0967741935483871,1.0,0.0,0.0,0.0,0.0,0.0,0.0,0,Legitimate,train
2280,Boisson,https://www.linkedin.com/company/76503274,1.0,41.0,1.0,7.0,7.0,1.0,0.0,0.0,0.0,0.1428571428571428,1.0,0.0,0.0,0.0,0.0,0.0,0.0,0,Legitimate,val
2281,Clearstory—Wayfinding and Placemaking,https://www.linkedin.com/company/29329532,1.0,41.0,1.0,11.666666666666666,37.0,3.0,0.0,0.0,1.0,0.081081081081081,0.0,0.0,0.0,0.0,0.0,0.0,0.0,0,Legitimate,train
2282,Canadian Center For Women's Empowerment (CCFWE),https://www.linkedin.com/company/38142085,1.0,41.0,1.0,7.0,47.0,6.0,0.0,0.0,3.0,0.2127659574468085,1.0,0.0,0.0,0.0,0.0,0.0,0.0,0,Legitimate,train
2283,U.S. Secret Service,https://www.linkedin.com/company/2996,1.0,37.0,1.0,5.666666666666667,19.0,3.0,0.0,0.0,2.0,0.2105263157894736,1.0,0.0,0.0,0.0,0.0,0.0,0.0,0,Legitimate,train
2284,Aspirant Venture Realty,https://www.linkedin.com/company/14562804,1.0,41.0,1.0,7.0,23.0,3.0,0.0,0.0,0.0,0.1304347826086956,1.0,0.0,0.0,0.0,0.0,0.0,0.0,0,Legitimate,train
2285,IABC,https://www.linkedin.com/company/26095,1.0,38.0,1.0,4.0,4.0,1.0,0.0,0.0,0.0,1.0,1.0,0.0,0.0,0.0,0.0,0.0,0.0,0,Legitimate,train
2286,IT Management Group,https://www.linkedin.com/company/1472884,1.0,40.0,1.0,5.666666666666667,19.0,3.0,0.0,0.0,0.0,0.2105263157894736,1.0,0.0,0.0,0.0,0.0,1.0,1.0,0,Legitimate,train
2287,Moira Events & Entertainment,https://www.linkedin.com/company/69925000,1.0,41.0,1.0,6.25,28.0,4.0,0.0,0.0,1.0,0.1071428571428571,1.0,1.0,0.0,0.0,0.0,0.0,0.0,0,Legitimate,val
2288,HEC Paris,https://www.linkedin.com/company/235785,1.0,39.0,1.0,4.0,9.0,2.0,0.0,0.0,0.0,0.4444444444444444,1.0,0.0,0.0,0.0,0.0,0.0,0.0,0,Legitimate,train
2289,Prairie View A&M University,https://www.linkedin.com/company/23719,1.0,38.0,1.0,6.0,27.0,4.0,0.0,0.0,1.0,0.1851851851851851,1.0,1.0,0.0,0.0,0.0,0.0,0.0,0,Legitimate,train
2290,Smart Hive,https://www.linkedin.com/company/11021217,1.0,41.0,1.0,4.5,10.0,2.0,0.0,0.0,0.0,0.2,1.0,0.0,0.0,0.0,0.0,0.0,0.0,0,Legitimate,train
2291,Harvard Business Review,https://www.linkedin.com/company/1649,1.0,37.0,1.0,7.0,23.0,3.0,0.0,0.0,0.0,0.1304347826086956,1.0,0.0,0.0,0.0,0.0,0.0,0.0,0,Legitimate,train
2292,TechGropse Pvt. Ltd.,https://www.linkedin.com/company/15251659,1.0,41.0,1.0,6.0,20.0,3.0,0.0,0.0,2.0,0.2,1.0,0.0,0.0,0.0,0.0,1.0,1.0,0,Legitimate,val
2293,Drata,https://www.linkedin.com/company/69007278,1.0,41.0,1.0,5.0,5.0,1.0,0.0,0.0,0.0,0.2,1.0,0.0,0.0,0.0,0.0,0.0,0.0,0,Legitimate,train
2294,JMI Equity,https://www.linkedin.com/company/44734,1.0,38.0,1.0,4.5,10.0,2.0,0.0,0.0,0.0,0.4,1.0,0.0,0.0,0.0,0.0,0.0,0.0,0,Legitimate,train
2295,Jobless Inc.,https://www.linkedin.com/company/13386331,1.0,41.0,1.0,5.5,12.0,2.0,0.0,0.0,1.0,0.1666666666666666,1.0,0.0,0.0,0.0,0.0,1.0,1.0,0,Legitimate,train
2296,Happily.ai,https://www.linkedin.com/company/15156802,1.0,41.0,1.0,10.0,10.0,1.0,0.0,0.0,1.0,0.1,1.0,0.0,0.0,0.0,0.0,0.0,0.0,0,Legitimate,test
2297,Wipro Limited,https://www.linkedin.com/company/502229,1.0,39.0,1.0,6.0,13.0,2.0,0.0,0.0,0.0,0.1538461538461538,1.0,0.0,0.0,0.0,0.0,0.0,0.0,0,Legitimate,val
2298,Transocean,https://www.linkedin.com/company/8210,1.0,37.0,1.0,10.0,10.0,1.0,0.0,0.0,0.0,0.1,1.0,0.0,0.0,0.0,0.0,0.0,0.0,0,Legitimate,train
2299,Fillerrup.ca,https://www.linkedin.com/company/73962366,1.0,41.0,1.0,12.0,12.0,1.0,0.0,0.0,1.0,0.0833333333333333,1.0,0.0,0.0,0.0,0.0,0.0,0.0,0,Legitimate,val
2300,Faith Driven Investor,https://www.linkedin.com/company/14065842,1.0,41.0,1.0,6.333333333333333,21.0,3.0,0.0,0.0,0.0,0.1428571428571428,1.0,0.0,0.0,0.0,0.0,0.0,0.0,0,Legitimate,train
2301,Ofwat,https://www.linkedin.com/company/385001,1.0,39.0,1.0,5.0,5.0,1.0,0.0,0.0,0.0,0.2,1.0,0.0,0.0,0.0,0.0,0.0,0.0,0,Legitimate,val
2302,Realty Max Homes,https://www.linkedin.com/company/68502789,1.0,41.0,1.0,4.666666666666667,16.0,3.0,0.0,0.0,0.0,0.1875,1.0,0.0,0.0,0.0,0.0,0.0,0.0,0,Legitimate,train
2303,United Nations Office for Disaster Risk Reduction (UNDRR),https://www.linkedin.com/company/15239494,1.0,41.0,1.0,6.25,57.0,8.0,0.0,0.0,2.0,0.1929824561403508,1.0,0.0,0.0,0.0,0.0,0.0,0.0,0,Legitimate,test
2304,Atacadão,https://www.linkedin.com/company/639075,1.0,39.0,1.0,8.0,8.0,1.0,0.0,0.0,0.0,0.125,0.0,0.0,0.0,0.0,0.0,0.0,0.0,0,Legitimate,train
2305,Bluff Pointe Properties,https://www.linkedin.com/company/79456094,1.0,41.0,1.0,7.0,23.0,3.0,0.0,0.0,0.0,0.1304347826086956,1.0,0.0,0.0,0.0,0.0,0.0,0.0,0,Legitimate,train
2306,Louisville Discovery Ball,https://www.linkedin.com/company/79027388,1.0,41.0,1.0,7.666666666666667,25.0,3.0,0.0,0.0,0.0,0.12,1.0,0.0,0.0,0.0,0.0,0.0,0.0,0,Legitimate,train
2307,Victrex,https://www.linkedin.com/company/65949,1.0,38.0,1.0,7.0,7.0,1.0,0.0,0.0,0.0,0.1428571428571428,1.0,0.0,0.0,0.0,0.0,0.0,0.0,0,Legitimate,train
2308,Stripe,https://www.linkedin.com/company/2135371,1.0,40.0,1.0,6.0,6.0,1.0,0.0,0.0,0.0,0.1666666666666666,1.0,0.0,0.0,0.0,0.0,0.0,0.0,0,Legitimate,train
2309,TripleBlind,https://www.linkedin.com/company/65458240,1.0,41.0,1.0,11.0,11.0,1.0,0.0,0.0,0.0,0.1818181818181818,1.0,0.0,0.0,0.0,0.0,0.0,0.0,0,Legitimate,train
2310,Chrysalis,https://www.linkedin.com/company/3621776,1.0,40.0,1.0,9.0,9.0,1.0,0.0,0.0,0.0,0.1111111111111111,1.0,0.0,0.0,0.0,0.0,0.0,0.0,0,Legitimate,train
2311,Global Scholars Academic Journal,,0.0,0.0,0.0,7.25,32.0,4.0,0.0,0.0,0.0,0.125,1.0,0.0,0.0,2.0,1.0,0.0,0.0,1,Fake_Scam,val
2312,People Matters,https://www.linkedin.com/company/1314520,1.0,40.0,1.0,6.5,14.0,2.0,0.0,0.0,0.0,0.1428571428571428,1.0,0.0,0.0,0.0,0.0,0.0,0.0,0,Legitimate,train
2313,Gensler,https://www.linkedin.com/company/5812,1.0,37.0,1.0,7.0,7.0,1.0,0.0,0.0,0.0,0.1428571428571428,1.0,0.0,0.0,0.0,0.0,0.0,0.0,0,Legitimate,train
2314,Computest,https://www.linkedin.com/company/136264,1.0,39.0,1.0,9.0,9.0,1.0,0.0,0.0,0.0,0.1111111111111111,1.0,0.0,0.0,0.0,0.0,0.0,0.0,0,Legitimate,train
2315,International Air Transport Association (IATA),https://www.linkedin.com/company/164256,1.0,39.0,1.0,8.4,46.0,5.0,0.0,0.0,2.0,0.1739130434782608,1.0,0.0,0.0,0.0,0.0,0.0,0.0,0,Legitimate,train
2316,Chase Distillery,https://www.linkedin.com/company/1275639,1.0,40.0,1.0,7.5,16.0,2.0,0.0,0.0,0.0,0.125,1.0,0.0,0.0,0.0,0.0,0.0,0.0,0,Legitimate,train
2317,Awesome Inc,https://www.linkedin.com/company/515216,1.0,39.0,1.0,5.0,11.0,2.0,0.0,0.0,0.0,0.1818181818181818,1.0,0.0,0.0,0.0,0.0,1.0,1.0,0,Legitimate,train
2318,Access Distributed,https://www.linkedin.com/company/30617756,1.0,41.0,1.0,8.5,18.0,2.0,0.0,0.0,0.0,0.1111111111111111,1.0,0.0,0.0,0.0,0.0,0.0,0.0,0,Legitimate,val
2319,Sport for Life Society,https://www.linkedin.com/company/2226883,1.0,40.0,1.0,4.75,22.0,4.0,0.0,0.0,0.0,0.1363636363636363,1.0,0.0,0.0,0.0,0.0,0.0,0.0,0,Legitimate,train
2320,Apple,https://www.linkedin.com/company/162479,1.0,39.0,1.0,5.0,5.0,1.0,0.0,0.0,0.0,0.2,1.0,0.0,0.0,0.0,0.0,0.0,0.0,0,Legitimate,test
2321,Fox News Media,https://www.linkedin.com/company/163884,1.0,39.0,1.0,4.0,14.0,3.0,0.0,0.0,0.0,0.2142857142857142,1.0,0.0,0.0,0.0,0.0,0.0,0.0,0,Legitimate,test
2322,The Tony Elumelu Foundation,https://www.linkedin.com/company/1841288,1.0,40.0,1.0,6.0,27.0,4.0,0.0,0.0,0.0,0.1481481481481481,1.0,0.0,0.0,0.0,0.0,0.0,0.0,0,Legitimate,train
2323,FAIR Institute,https://www.linkedin.com/company/10347269,1.0,41.0,1.0,6.5,14.0,2.0,0.0,0.0,0.0,0.3571428571428571,1.0,0.0,0.0,0.0,0.0,0.0,0.0,0,Legitimate,train
2324,YouTube Advertisers,https://www.linkedin.com/company/11059965,1.0,41.0,1.0,9.0,19.0,2.0,0.0,0.0,0.0,0.1578947368421052,1.0,0.0,0.0,0.0,0.0,0.0,0.0,0,Legitimate,train
2325,Strictly Education MIS & Technology,https://www.linkedin.com/company/18784555,1.0,41.0,1.0,6.2,35.0,5.0,0.0,0.0,1.0,0.1714285714285714,1.0,1.0,0.0,0.0,0.0,0.0,0.0,0,Legitimate,train
2326,Goodfellows India,https://www.linkedin.com/company/82634564,1.0,41.0,1.0,8.0,17.0,2.0,0.0,0.0,0.0,0.1176470588235294,1.0,0.0,0.0,0.0,0.0,0.0,0.0,0,Legitimate,train
2327,NBCUniversal,https://www.linkedin.com/company/1828,1.0,37.0,1.0,12.0,12.0,1.0,0.0,0.0,0.0,0.3333333333333333,1.0,0.0,0.0,0.0,0.0,0.0,0.0,0,Legitimate,train
2328,Rare Global,https://www.linkedin.com/company/11277607,1.0,41.0,1.0,5.0,11.0,2.0,0.0,0.0,0.0,0.1818181818181818,1.0,0.0,0.0,1.0,1.0,0.0,0.0,0,Legitimate,train
2329,Unimed Nacional,https://www.linkedin.com/company/395045,1.0,39.0,1.0,7.0,15.0,2.0,0.0,0.0,0.0,0.1333333333333333,1.0,0.0,0.0,0.0,0.0,0.0,0.0,0,Legitimate,train
2330,EY,https://www.linkedin.com/company/1073,1.0,37.0,1.0,2.0,2.0,1.0,0.0,0.0,0.0,1.0,1.0,0.0,0.0,0.0,0.0,0.0,0.0,0,Legitimate,train
2331,Recorded Future,https://www.linkedin.com/company/678036,1.0,39.0,1.0,7.0,15.0,2.0,0.0,0.0,0.0,0.1333333333333333,1.0,0.0,0.0,0.0,0.0,0.0,0.0,0,Legitimate,train
2332,Improving,https://www.linkedin.com/company/52392,1.0,38.0,1.0,9.0,9.0,1.0,0.0,0.0,0.0,0.1111111111111111,1.0,0.0,0.0,0.0,0.0,0.0,0.0,0,Legitimate,val
2333,Founder Institute,https://www.linkedin.com/company/1154695,1.0,40.0,1.0,8.0,17.0,2.0,0.0,0.0,0.0,0.1176470588235294,1.0,0.0,0.0,0.0,0.0,0.0,0.0,0,Legitimate,train
2334,National Center for Faculty Development & Diversity,https://www.linkedin.com/company/1546992,1.0,40.0,1.0,6.428571428571429,51.0,7.0,0.0,0.0,1.0,0.0980392156862745,1.0,1.0,0.0,0.0,0.0,0.0,0.0,0,Legitimate,train
2335,"Dickie Enterprises, LLC",https://www.linkedin.com/company/35608980,1.0,41.0,1.0,7.0,23.0,3.0,0.0,0.0,1.0,0.217391304347826,1.0,0.0,1.0,0.0,0.0,2.0,1.0,0,Legitimate,train
2336,Mental Health Professionals'​ Network,https://www.linkedin.com/company/739261,1.0,39.0,1.0,8.5,37.0,4.0,0.0,0.0,2.0,0.1081081081081081,0.0,0.0,0.0,0.0,0.0,0.0,0.0,0,Legitimate,test
2337,Total Energy Group,https://www.linkedin.com/company/89686410,1.0,41.0,1.0,5.333333333333333,18.0,3.0,0.0,0.0,0.0,0.1666666666666666,1.0,0.0,0.0,0.0,0.0,1.0,1.0,0,Legitimate,train
2338,JPS Health Network,https://www.linkedin.com/company/17419,1.0,38.0,1.0,5.333333333333333,18.0,3.0,0.0,0.0,0.0,0.2777777777777778,1.0,0.0,0.0,0.0,0.0,0.0,0.0,0,Legitimate,val
2339,Real Madrid C.F.,https://www.linkedin.com/company/56430,1.0,38.0,1.0,4.666666666666667,16.0,3.0,0.0,0.0,2.0,0.25,1.0,0.0,0.0,0.0,0.0,0.0,0.0,0,Legitimate,train
2340,Paddy Power Betfair,https://www.linkedin.com/company/23324,1.0,38.0,1.0,5.666666666666667,19.0,3.0,0.0,0.0,0.0,0.1578947368421052,1.0,0.0,0.0,0.0,0.0,0.0,0.0,0,Legitimate,train
2341,Anomaly Sports Group,https://www.linkedin.com/company/10317215,1.0,41.0,1.0,6.0,20.0,3.0,0.0,0.0,0.0,0.15,1.0,0.0,0.0,0.0,0.0,1.0,1.0,0,Legitimate,val
2342,Cypress Ridge Capital,https://www.linkedin.com/company/71550677,1.0,41.0,1.0,6.333333333333333,21.0,3.0,0.0,0.0,0.0,0.1428571428571428,1.0,0.0,0.0,1.0,1.0,0.0,0.0,0,Legitimate,train
2343,Atlantic Capital Bank,https://www.linkedin.com/company/58035,1.0,38.0,1.0,6.333333333333333,21.0,3.0,0.0,0.0,0.0,0.1428571428571428,1.0,0.0,0.0,1.0,1.0,0.0,0.0,0,Legitimate,val
2344,Raise Black Voices,https://www.linkedin.com/company/54333219,1.0,41.0,1.0,5.333333333333333,18.0,3.0,0.0,0.0,0.0,0.1666666666666666,1.0,0.0,0.0,0.0,0.0,0.0,0.0,0,Legitimate,train
2345,CircuitSolver,https://www.linkedin.com/company/11242724,1.0,41.0,1.0,13.0,13.0,1.0,0.0,0.0,0.0,0.1538461538461538,1.0,0.0,0.0,0.0,0.0,0.0,0.0,0,Legitimate,test
2346,Startup E U,https://www.linkedin.com/company/68744442,1.0,41.0,1.0,3.0,11.0,3.0,0.0,0.0,0.0,0.2727272727272727,1.0,0.0,0.0,0.0,0.0,0.0,0.0,0,Legitimate,val
2347,Cypher Accelerator,https://www.linkedin.com/company/76237523,1.0,41.0,1.0,8.5,18.0,2.0,0.0,0.0,0.0,0.1111111111111111,1.0,0.0,0.0,0.0,0.0,0.0,0.0,0,Legitimate,val
2348,The Greater Scranton Chamber of Commerce,https://www.linkedin.com/company/1360087,1.0,40.0,1.0,5.833333333333333,40.0,6.0,0.0,0.0,0.0,0.125,1.0,0.0,0.0,0.0,0.0,0.0,0.0,0,Legitimate,train
2349,360i,https://www.linkedin.com/company/8824,1.0,37.0,1.0,4.0,4.0,1.0,3.0,1.0,0.0,0.0,1.0,0.0,0.0,0.0,0.0,0.0,0.0,0,Legitimate,test
2350,Pay.UK,https://www.linkedin.com/company/18710422,1.0,41.0,1.0,6.0,6.0,1.0,0.0,0.0,1.0,0.5,1.0,0.0,0.0,0.0,0.0,0.0,0.0,0,Legitimate,train
2351,沧州瑞杰纸箱机械有限公司,https://www.linkedin.com/company/32691557,1.0,41.0,1.0,12.0,12.0,1.0,0.0,0.0,0.0,0.0,0.0,0.0,0.0,0.0,0.0,0.0,0.0,0,Legitimate,val
2352,Riskers Watches,https://www.linkedin.com/company/18980831,1.0,41.0,1.0,7.0,15.0,2.0,0.0,0.0,0.0,0.1333333333333333,1.0,0.0,0.0,0.0,0.0,0.0,0.0,0,Legitimate,train
2353,Ford Motor Company,https://www.linkedin.com/company/1483,1.0,37.0,1.0,5.333333333333333,18.0,3.0,0.0,0.0,0.0,0.1666666666666666,1.0,0.0,0.0,0.0,0.0,1.0,1.0,0,Legitimate,train
2354,Concordex Labs,https://www.linkedin.com/company/89251570,1.0,41.0,1.0,6.5,14.0,2.0,0.0,0.0,0.0,0.1428571428571428,1.0,0.0,0.0,0.0,0.0,1.0,1.0,0,Legitimate,train
2355,COSMAX USA CORPORATION,https://www.linkedin.com/company/15283412,1.0,41.0,1.0,6.666666666666667,22.0,3.0,0.0,0.0,0.0,0.9090909090909092,1.0,0.0,0.0,0.0,0.0,1.0,1.0,0,Legitimate,test
2356,Proto Hologram,https://www.linkedin.com/company/36097071,1.0,41.0,1.0,6.5,14.0,2.0,0.0,0.0,0.0,0.1428571428571428,1.0,0.0,0.0,0.0,0.0,0.0,0.0,0,Legitimate,train
2357,Top Resume Coaches,https://www.linkedin.com/company/73847607,1.0,41.0,1.0,5.333333333333333,18.0,3.0,0.0,0.0,0.0,0.1666666666666666,1.0,0.0,0.0,0.0,0.0,0.0,0.0,0,Legitimate,test
2358,Gallup Workplace,https://www.linkedin.com/company/15249041,1.0,41.0,1.0,7.5,16.0,2.0,0.0,0.0,0.0,0.125,1.0,0.0,0.0,0.0,0.0,0.0,0.0,0,Legitimate,train
2359,Google Analytics,https://www.linkedin.com/company/10476436,1.0,41.0,1.0,7.5,16.0,2.0,0.0,0.0,0.0,0.125,1.0,0.0,0.0,0.0,0.0,0.0,0.0,0,Legitimate,train
2360,OVC Consulting,https://www.linkedin.com/company/222191,1.0,39.0,1.0,6.5,14.0,2.0,0.0,0.0,0.0,0.2857142857142857,1.0,0.0,0.0,1.0,1.0,0.0,0.0,0,Legitimate,test
2361,Forbes,https://www.linkedin.com/company/5597,1.0,37.0,1.0,6.0,6.0,1.0,0.0,0.0,0.0,0.1666666666666666,1.0,0.0,0.0,0.0,0.0,0.0,0.0,0,Legitimate,train
2362,CORTUS ADVISORY GROUP,https://www.linkedin.com/company/70958794,1.0,41.0,1.0,6.333333333333333,21.0,3.0,0.0,0.0,0.0,0.9047619047619048,1.0,0.0,0.0,0.0,0.0,1.0,1.0,0,Legitimate,train
2363,War Child UK,https://www.linkedin.com/company/1039984,1.0,40.0,1.0,3.333333333333333,12.0,3.0,0.0,0.0,0.0,0.3333333333333333,1.0,0.0,0.0,0.0,0.0,0.0,0.0,0,Legitimate,train
2364,Simplicity,https://www.linkedin.com/company/10852815,1.0,41.0,1.0,10.0,10.0,1.0,0.0,0.0,0.0,0.1,1.0,0.0,0.0,0.0,0.0,0.0,0.0,0,Legitimate,train
2365,MCR MEDIA SOLUTIONS LTD,https://www.linkedin.com/company/21275256,1.0,41.0,1.0,5.0,23.0,4.0,0.0,0.0,0.0,0.8695652173913043,1.0,0.0,0.0,0.0,0.0,2.0,1.0,0,Legitimate,train
2366,Hilton Manhattan East Hotel,https://www.linkedin.com/company/52454963,1.0,41.0,1.0,6.0,27.0,4.0,0.0,0.0,0.0,0.1481481481481481,1.0,0.0,0.0,0.0,0.0,0.0,0.0,0,Legitimate,train
2367,Ogletree Deakins,https://www.linkedin.com/company/165290,1.0,39.0,1.0,7.5,16.0,2.0,0.0,0.0,0.0,0.125,1.0,0.0,0.0,0.0,0.0,0.0,0.0,0,Legitimate,train
2368,Yale University,https://www.linkedin.com/company/15248569,1.0,41.0,1.0,7.0,15.0,2.0,0.0,0.0,0.0,0.1333333333333333,1.0,0.0,0.0,0.0,0.0,0.0,0.0,0,Legitimate,train
2369,Syngenta,https://www.linkedin.com/company/3998,1.0,37.0,1.0,8.0,8.0,1.0,0.0,0.0,0.0,0.125,1.0,0.0,0.0,0.0,0.0,0.0,0.0,0,Legitimate,train
2370,UMG FOR BRANDS,https://www.linkedin.com/company/3067651,1.0,40.0,1.0,4.0,14.0,3.0,0.0,0.0,0.0,0.8571428571428571,1.0,0.0,0.0,0.0,0.0,0.0,0.0,0,Legitimate,train
2371,Demand.io,https://www.linkedin.com/company/3135674,1.0,40.0,1.0,9.0,9.0,1.0,0.0,0.0,1.0,0.1111111111111111,1.0,0.0,0.0,0.0,0.0,0.0,0.0,0,Legitimate,test
2372,CellMark,https://www.linkedin.com/company/89361,1.0,38.0,1.0,8.0,8.0,1.0,0.0,0.0,0.0,0.25,1.0,0.0,0.0,0.0,0.0,0.0,0.0,0,Legitimate,train
2373,Launched.LA,https://www.linkedin.com/company/18968662,1.0,41.0,1.0,11.0,11.0,1.0,0.0,0.0,1.0,0.2727272727272727,1.0,0.0,0.0,0.0,0.0,0.0,0.0,0,Legitimate,val
2374,Talent 2 Employer,https://www.linkedin.com/company/80390772,1.0,41.0,1.0,5.0,17.0,3.0,1.0,1.0,0.0,0.1176470588235294,1.0,0.0,0.0,1.0,1.0,0.0,0.0,0,Legitimate,train
2375,"Carter, Advancing Philanthropy Worldwide",https://www.linkedin.com/company/2525857,1.0,40.0,1.0,9.25,40.0,4.0,0.0,0.0,1.0,0.1,1.0,0.0,1.0,0.0,0.0,0.0,0.0,0,Legitimate,train
2376,T.C. Williams High School,https://www.linkedin.com/company/33446192,1.0,41.0,1.0,5.5,25.0,4.0,0.0,0.0,2.0,0.2,1.0,0.0,0.0,0.0,0.0,0.0,0.0,0,Legitimate,train
2377,U.S. Marine Corps Forces Cyberspace Command (MARFORCYBER),https://www.linkedin.com/company/11198345,1.0,41.0,1.0,7.285714285714286,57.0,7.0,0.0,0.0,4.0,0.3157894736842105,1.0,0.0,0.0,0.0,0.0,0.0,0.0,0,Legitimate,val
2378,LA MER,https://www.linkedin.com/company/75040046,1.0,41.0,1.0,2.5,6.0,2.0,0.0,0.0,0.0,0.8333333333333334,1.0,0.0,0.0,0.0,0.0,0.0,0.0,0,Legitimate,train
2379,OpenBet,https://www.linkedin.com/company/165331,1.0,39.0,1.0,7.0,7.0,1.0,0.0,0.0,0.0,0.2857142857142857,1.0,0.0,0.0,0.0,0.0,0.0,0.0,0,Legitimate,train
2380,BERETTA,https://www.linkedin.com/company/391414,1.0,39.0,1.0,7.0,7.0,1.0,0.0,0.0,0.0,1.0,1.0,0.0,0.0,0.0,0.0,0.0,0.0,0,Legitimate,train
2381,Grady Health Foundation,https://www.linkedin.com/company/6624480,1.0,40.0,1.0,7.0,23.0,3.0,0.0,0.0,0.0,0.1304347826086956,1.0,0.0,0.0,0.0,0.0,0.0,0.0,0,Legitimate,train
2382,Forma,https://www.linkedin.com/company/17907029,1.0,41.0,1.0,5.0,5.0,1.0,0.0,0.0,0.0,0.2,1.0,0.0,0.0,0.0,0.0,0.0,0.0,0,Legitimate,train
2383,Jackrabbit Learning Experience,https://www.linkedin.com/company/35586471,1.0,41.0,1.0,9.333333333333334,30.0,3.0,0.0,0.0,0.0,0.1,1.0,0.0,0.0,0.0,0.0,0.0,0.0,0,Legitimate,test
2384,E. & J. Gallo Winery,https://www.linkedin.com/company/5471,1.0,37.0,1.0,3.2,20.0,5.0,0.0,0.0,3.0,0.2,1.0,1.0,0.0,0.0,0.0,0.0,0.0,0,Legitimate,train
2385,South Asia Regional Energy Hub (SAREH),https://www.linkedin.com/company/64632451,1.0,41.0,1.0,5.5,38.0,6.0,0.0,0.0,2.0,0.2631578947368421,1.0,0.0,0.0,1.0,1.0,0.0,0.0,0,Legitimate,val
2386,Global Team Coaching Institute (GTCI),https://www.linkedin.com/company/68043184,1.0,41.0,1.0,6.6,37.0,5.0,0.0,0.0,2.0,0.2162162162162162,1.0,0.0,0.0,1.0,1.0,0.0,0.0,0,Legitimate,train
2387,mindzUnite,https://www.linkedin.com/company/3726864,1.0,40.0,1.0,10.0,10.0,1.0,0.0,0.0,0.0,0.1,1.0,0.0,0.0,0.0,0.0,0.0,0.0,0,Legitimate,train
2388,The University of Hong Kong,https://www.linkedin.com/company/675376,1.0,39.0,1.0,4.6,27.0,5.0,0.0,0.0,0.0,0.1481481481481481,1.0,0.0,0.0,0.0,0.0,0.0,0.0,0,Legitimate,val
2389,One Medical,https://www.linkedin.com/company/686294,1.0,39.0,1.0,5.0,11.0,2.0,0.0,0.0,0.0,0.1818181818181818,1.0,0.0,0.0,0.0,0.0,0.0,0.0,0,Legitimate,test
2390,DDB,https://www.linkedin.com/company/2976,1.0,37.0,1.0,3.0,3.0,1.0,0.0,0.0,0.0,1.0,1.0,0.0,0.0,0.0,0.0,0.0,0.0,0,Legitimate,train
2391,Aussie Broadband,https://www.linkedin.com/company/2440327,1.0,40.0,1.0,7.5,16.0,2.0,0.0,0.0,0.0,0.125,1.0,0.0,0.0,0.0,0.0,0.0,0.0,0,Legitimate,test
2392,US Floating Solar,https://www.linkedin.com/company/28483831,1.0,41.0,1.0,5.0,17.0,3.0,0.0,0.0,0.0,0.2352941176470588,1.0,0.0,0.0,0.0,0.0,0.0,0.0,0,Legitimate,train
2393,E.L. Haynes Public Charter School,https://www.linkedin.com/company/1539759,1.0,40.0,1.0,5.8,33.0,5.0,0.0,0.0,2.0,0.1818181818181818,1.0,0.0,0.0,0.0,0.0,0.0,0.0,0,Legitimate,train
2394,Veeva Systems,https://www.linkedin.com/company/402048,1.0,39.0,1.0,6.0,13.0,2.0,0.0,0.0,0.0,0.1538461538461538,1.0,0.0,0.0,0.0,0.0,0.0,0.0,0,Legitimate,train
2395,Chongqing University,https://www.linkedin.com/company/1607923,1.0,40.0,1.0,9.5,20.0,2.0,0.0,0.0,0.0,0.1,1.0,0.0,0.0,0.0,0.0,0.0,0.0,0,Legitimate,val
2396,Studio Blackburn,https://www.linkedin.com/company/3201677,1.0,40.0,1.0,7.5,16.0,2.0,0.0,0.0,0.0,0.125,1.0,0.0,0.0,0.0,0.0,0.0,0.0,0,Legitimate,train
2397,JPMorgan Chase & Co.,https://www.linkedin.com/company/1068,1.0,37.0,1.0,4.25,20.0,4.0,0.0,0.0,2.0,0.25,1.0,1.0,0.0,0.0,0.0,1.0,1.0,0,Legitimate,train
2398,Makani,https://www.linkedin.com/company/1014817,1.0,40.0,1.0,6.0,6.0,1.0,0.0,0.0,0.0,0.1666666666666666,1.0,0.0,0.0,0.0,0.0,0.0,0.0,0,Legitimate,train
2399,Prep Baseball Report,https://www.linkedin.com/company/1874292,1.0,40.0,1.0,6.0,20.0,3.0,0.0,0.0,0.0,0.15,1.0,0.0,0.0,0.0,0.0,0.0,0.0,0,Legitimate,train
2400,The Bridgespan Group,https://www.linkedin.com/company/11750,1.0,38.0,1.0,6.0,20.0,3.0,0.0,0.0,0.0,0.15,1.0,0.0,0.0,0.0,0.0,1.0,1.0,0,Legitimate,train
2401,Geisinger Medical Center,https://www.linkedin.com/company/18370,1.0,38.0,1.0,7.333333333333333,24.0,3.0,0.0,0.0,0.0,0.125,1.0,0.0,0.0,0.0,0.0,0.0,0.0,0,Legitimate,train
2402,Aussie Biz Chic,https://www.linkedin.com/company/47595237,1.0,41.0,1.0,4.333333333333333,15.0,3.0,0.0,0.0,0.0,0.2,1.0,0.0,0.0,0.0,0.0,0.0,0.0,0,Legitimate,train
2403,IsuiT,https://www.linkedin.com/company/13035487,1.0,41.0,1.0,5.0,5.0,1.0,0.0,0.0,0.0,0.4,1.0,0.0,0.0,0.0,0.0,0.0,0.0,0,Legitimate,test
2404,"Advantage Solutions: Sales, Marketing, Technology",https://www.linkedin.com/company/9123,1.0,37.0,1.0,9.0,49.0,5.0,0.0,0.0,3.0,0.1020408163265306,1.0,0.0,1.0,0.0,0.0,1.0,1.0,0,Legitimate,train
2405,National Legal Alliance,https://www.linkedin.com/company/72573410,1.0,41.0,1.0,7.0,23.0,3.0,0.0,0.0,0.0,0.1304347826086956,1.0,0.0,0.0,0.0,0.0,0.0,0.0,0,Legitimate,val
2406,Morgan Stanley Wealth Management,https://www.linkedin.com/company/1351,1.0,37.0,1.0,7.25,32.0,4.0,0.0,0.0,0.0,0.125,1.0,0.0,0.0,0.0,0.0,0.0,0.0,0,Legitimate,train
2407,Dun & Bradstreet,https://www.linkedin.com/company/2385,1.0,37.0,1.0,4.666666666666667,16.0,3.0,0.0,0.0,1.0,0.125,1.0,1.0,0.0,0.0,0.0,0.0,0.0,0,Legitimate,test
2408,1stDibs,https://www.linkedin.com/company/1068920,1.0,40.0,1.0,7.0,7.0,1.0,1.0,1.0,0.0,0.1428571428571428,1.0,0.0,0.0,0.0,0.0,0.0,0.0,0,Legitimate,train
2409,Permian Global,https://www.linkedin.com/company/10153504,1.0,41.0,1.0,6.5,14.0,2.0,0.0,0.0,0.0,0.1428571428571428,1.0,0.0,0.0,1.0,1.0,0.0,0.0,0,Legitimate,val
2410,Qinera,https://www.linkedin.com/company/737841,1.0,39.0,1.0,6.0,6.0,1.0,0.0,0.0,0.0,0.1666666666666666,1.0,0.0,0.0,0.0,0.0,0.0,0.0,0,Legitimate,test
2411,Tamer Group,https://www.linkedin.com/company/95426,1.0,38.0,1.0,5.0,11.0,2.0,0.0,0.0,0.0,0.1818181818181818,1.0,0.0,0.0,0.0,0.0,1.0,1.0,0,Legitimate,train
2412,LAVCA,https://www.linkedin.com/company/2982748,1.0,40.0,1.0,5.0,5.0,1.0,0.0,0.0,0.0,1.0,1.0,0.0,0.0,0.0,0.0,0.0,0.0,0,Legitimate,test
2413,Dixon Directional,https://www.linkedin.com/company/28894794,1.0,41.0,1.0,8.0,17.0,2.0,0.0,0.0,0.0,0.1176470588235294,1.0,0.0,0.0,0.0,0.0,0.0,0.0,0,Legitimate,val
2414,Sullivan Strategies LLC,https://www.linkedin.com/company/18629102,1.0,41.0,1.0,7.0,23.0,3.0,0.0,0.0,0.0,0.217391304347826,1.0,0.0,0.0,0.0,0.0,1.0,1.0,0,Legitimate,val
2415,Beyond the Bottomline - Anna Letitia Cook Limited,https://www.linkedin.com/company/10017035,1.0,41.0,1.0,5.25,49.0,8.0,0.0,0.0,1.0,0.1224489795918367,1.0,0.0,0.0,0.0,0.0,0.0,0.0,0,Legitimate,train
2416,Hamilton Lane,https://www.linkedin.com/company/23786,1.0,38.0,1.0,6.0,13.0,2.0,0.0,0.0,0.0,0.1538461538461538,1.0,0.0,0.0,0.0,0.0,0.0,0.0,0,Legitimate,train
2417,University of Georgia - Terry College of Business,https://www.linkedin.com/company/15248571,1.0,41.0,1.0,5.25,49.0,8.0,0.0,0.0,1.0,0.1020408163265306,1.0,0.0,0.0,0.0,0.0,0.0,0.0,0,Legitimate,val
2418,"Smithsonian Institution, Museum of Natural History",https://www.linkedin.com/company/1174385,1.0,40.0,1.0,7.5,50.0,6.0,0.0,0.0,1.0,0.1,1.0,0.0,1.0,0.0,0.0,0.0,0.0,0,Legitimate,train
2419,Tackle.io,https://www.linkedin.com/company/18222373,1.0,41.0,1.0,9.0,9.0,1.0,0.0,0.0,1.0,0.1111111111111111,1.0,0.0,0.0,0.0,0.0,0.0,0.0,0,Legitimate,val
2420,"ShenZhen KuanShing Packaging Manufacture Co.,Ltd",https://www.linkedin.com/company/25171568,1.0,41.0,1.0,8.8,48.0,5.0,0.0,0.0,2.0,0.1666666666666666,1.0,0.0,1.0,0.0,0.0,2.0,1.0,0,Legitimate,test
2421,Quantela Inc.,https://www.linkedin.com/company/13333885,1.0,41.0,1.0,6.0,13.0,2.0,0.0,0.0,1.0,0.1538461538461538,1.0,0.0,0.0,0.0,0.0,1.0,1.0,0,Legitimate,val
2422,Philadelphia 76ers,https://www.linkedin.com/company/11323,1.0,38.0,1.0,8.5,18.0,2.0,2.0,1.0,0.0,0.0555555555555555,1.0,0.0,0.0,0.0,0.0,0.0,0.0,0,Legitimate,train
2423,United States Military Academy at West Point,https://www.linkedin.com/company/15250387,1.0,41.0,1.0,5.428571428571429,44.0,7.0,0.0,0.0,0.0,0.1363636363636363,1.0,0.0,0.0,1.0,1.0,0.0,0.0,0,Legitimate,val
2424,Midas,https://www.linkedin.com/company/524506,1.0,39.0,1.0,5.0,5.0,1.0,0.0,0.0,0.0,0.2,1.0,0.0,0.0,0.0,0.0,0.0,0.0,0,Legitimate,train
2425,BNY Mellon Wealth Management,https://www.linkedin.com/company/3147956,1.0,40.0,1.0,6.25,28.0,4.0,0.0,0.0,0.0,0.2142857142857142,1.0,0.0,0.0,0.0,0.0,0.0,0.0,0,Legitimate,train
2426,Rayonier,https://www.linkedin.com/company/20209,1.0,38.0,1.0,8.0,8.0,1.0,0.0,0.0,0.0,0.125,1.0,0.0,0.0,0.0,0.0,0.0,0.0,0,Legitimate,test
2427,Vodafone Business,https://www.linkedin.com/company/1110163,1.0,40.0,1.0,8.0,17.0,2.0,0.0,0.0,0.0,0.1176470588235294,1.0,0.0,0.0,0.0,0.0,0.0,0.0,0,Legitimate,train
2428,BrightWords Copywriting Co.,,0.0,0.0,0.0,8.333333333333334,27.0,3.0,0.0,0.0,1.0,0.1481481481481481,1.0,0.0,0.0,0.0,0.0,1.0,1.0,1,Fake_Scam,train
2429,Copper.co,https://www.linkedin.com/company/18459165,1.0,41.0,1.0,9.0,9.0,1.0,0.0,0.0,1.0,0.1111111111111111,1.0,0.0,0.0,0.0,0.0,1.0,1.0,0,Legitimate,train
2430,Angelo State University,https://www.linkedin.com/company/19908,1.0,38.0,1.0,7.0,23.0,3.0,0.0,0.0,0.0,0.1304347826086956,1.0,0.0,0.0,0.0,0.0,0.0,0.0,0,Legitimate,test
2431,Do Good Institute,https://www.linkedin.com/company/35472796,1.0,41.0,1.0,5.0,17.0,3.0,0.0,0.0,0.0,0.1764705882352941,1.0,0.0,0.0,0.0,0.0,0.0,0.0,0,Legitimate,test
2432,StorsenDigital,https://www.linkedin.com/company/18066777,1.0,41.0,1.0,14.0,14.0,1.0,0.0,0.0,0.0,0.1428571428571428,1.0,0.0,0.0,0.0,0.0,0.0,0.0,0,Legitimate,test
2433,Spaycial,https://www.linkedin.com/company/10621359,1.0,41.0,1.0,8.0,8.0,1.0,0.0,0.0,0.0,0.125,1.0,0.0,0.0,0.0,0.0,0.0,0.0,0,Legitimate,test
2434,AndrÃ© Filion & Associates,https://www.linkedin.com/company/140757,1.0,39.0,1.0,5.75,26.0,4.0,0.0,0.0,2.0,0.1538461538461538,0.0,1.0,0.0,0.0,0.0,0.0,0.0,0,Legitimate,val
2435,Apex Financial Advisory Group,,0.0,0.0,0.0,6.5,29.0,4.0,0.0,0.0,0.0,0.1379310344827586,1.0,0.0,0.0,0.0,0.0,1.0,1.0,1,Fake_Scam,train
2436,Spekit 🐙,https://www.linkedin.com/company/18421890,1.0,41.0,1.0,3.5,8.0,2.0,0.0,0.0,1.0,0.125,0.0,0.0,0.0,0.0,0.0,0.0,0.0,0,Legitimate,train
2437,MIND 24-7,https://www.linkedin.com/company/68868739,1.0,41.0,1.0,4.0,9.0,2.0,3.0,1.0,1.0,0.4444444444444444,1.0,0.0,0.0,0.0,0.0,0.0,0.0,0,Legitimate,train
2438,ARRAY,https://www.linkedin.com/company/23686318,1.0,41.0,1.0,5.0,5.0,1.0,0.0,0.0,0.0,1.0,1.0,0.0,0.0,0.0,0.0,0.0,0.0,0,Legitimate,train
2439,THE-LOWDOWN Group,https://www.linkedin.com/company/3148326,1.0,40.0,1.0,8.0,17.0,2.0,0.0,0.0,1.0,0.6470588235294118,1.0,0.0,0.0,0.0,0.0,1.0,1.0,0,Legitimate,test
2440,Divinus Caritas Ministries,https://www.linkedin.com/company/81354793,1.0,41.0,1.0,8.0,26.0,3.0,0.0,0.0,0.0,0.1153846153846153,1.0,0.0,0.0,0.0,0.0,0.0,0.0,0,Legitimate,train
2441,BlackRifle Co,https://www.linkedin.com/company/14845131,1.0,41.0,1.0,6.0,13.0,2.0,0.0,0.0,0.0,0.2307692307692307,1.0,0.0,0.0,0.0,0.0,1.0,1.0,0,Legitimate,train
2442,Juvia Group,https://www.linkedin.com/company/2354086,1.0,40.0,1.0,5.0,11.0,2.0,0.0,0.0,0.0,0.1818181818181818,1.0,0.0,0.0,0.0,0.0,1.0,1.0,0,Legitimate,train
2443,Westmont College,https://www.linkedin.com/company/166922,1.0,39.0,1.0,7.5,16.0,2.0,0.0,0.0,0.0,0.125,1.0,0.0,0.0,0.0,0.0,0.0,0.0,0,Legitimate,val
2444,twine,https://www.linkedin.com/company/30109288,1.0,41.0,1.0,5.0,5.0,1.0,0.0,0.0,0.0,0.0,1.0,0.0,0.0,0.0,0.0,0.0,0.0,0,Legitimate,test
2445,Tesla,https://www.linkedin.com/company/15564,1.0,38.0,1.0,5.0,5.0,1.0,0.0,0.0,0.0,0.2,1.0,0.0,0.0,0.0,0.0,0.0,0.0,0,Legitimate,train
2446,AlphaProof Editorial Agency,,0.0,0.0,0.0,8.333333333333334,27.0,3.0,0.0,0.0,0.0,0.1481481481481481,1.0,0.0,0.0,0.0,0.0,0.0,0.0,1,Fake_Scam,train
2447,Pima Community College,https://www.linkedin.com/company/19338,1.0,38.0,1.0,6.666666666666667,22.0,3.0,0.0,0.0,0.0,0.1363636363636363,1.0,0.0,0.0,0.0,0.0,0.0,0.0,0,Legitimate,train
2448,DB4 and Associates,https://www.linkedin.com/company/78851550,1.0,41.0,1.0,5.333333333333333,18.0,3.0,1.0,1.0,0.0,0.1666666666666666,1.0,0.0,0.0,0.0,0.0,0.0,0.0,0,Legitimate,train
2449,Marcu & Arora,https://www.linkedin.com/company/68618756,1.0,41.0,1.0,3.6666666666666665,13.0,3.0,0.0,0.0,1.0,0.1538461538461538,1.0,1.0,0.0,0.0,0.0,0.0,0.0,0,Legitimate,train
2450,PetSmart Charities,https://www.linkedin.com/company/25039445,1.0,41.0,1.0,8.5,18.0,2.0,0.0,0.0,0.0,0.1666666666666666,1.0,0.0,0.0,0.0,0.0,0.0,0.0,0,Legitimate,val
2451,Radio One,https://www.linkedin.com/company/9416,1.0,37.0,1.0,4.0,9.0,2.0,0.0,0.0,0.0,0.2222222222222222,1.0,0.0,0.0,0.0,0.0,0.0,0.0,0,Legitimate,train
2452,The Wall Street Journal,https://www.linkedin.com/company/2282,1.0,37.0,1.0,5.0,23.0,4.0,0.0,0.0,0.0,0.1739130434782608,1.0,0.0,0.0,1.0,1.0,0.0,0.0,0,Legitimate,train
2453,Dubai Developments,https://www.linkedin.com/company/3868250,1.0,40.0,1.0,8.5,18.0,2.0,0.0,0.0,0.0,0.1111111111111111,1.0,0.0,0.0,1.0,1.0,0.0,0.0,0,Legitimate,train
2454,BMW Manufacturing Gen>NEXT Student Programs,https://www.linkedin.com/company/80314792,1.0,41.0,1.0,7.8,43.0,5.0,0.0,0.0,1.0,0.2558139534883721,1.0,0.0,0.0,0.0,0.0,0.0,0.0,0,Legitimate,train
2455,Bloom,https://www.linkedin.com/company/821922,1.0,39.0,1.0,5.0,5.0,1.0,0.0,0.0,0.0,0.2,1.0,0.0,0.0,0.0,0.0,0.0,0.0,0,Legitimate,train
2456,G2Xchange,https://www.linkedin.com/company/3871899,1.0,40.0,1.0,9.0,9.0,1.0,1.0,1.0,0.0,0.2222222222222222,1.0,0.0,0.0,0.0,0.0,0.0,0.0,0,Legitimate,train
2457,LinkTips LinkedIn Tips,https://www.linkedin.com/company/89950591,1.0,41.0,1.0,6.666666666666667,22.0,3.0,0.0,0.0,0.0,0.2272727272727272,1.0,0.0,0.0,0.0,0.0,0.0,0.0,0,Legitimate,test
2458,Circular Wave,https://www.linkedin.com/company/11809891,1.0,41.0,1.0,6.0,13.0,2.0,0.0,0.0,0.0,0.1538461538461538,1.0,0.0,0.0,0.0,0.0,0.0,0.0,0,Legitimate,test
2459,MACRO,https://www.linkedin.com/company/3535668,1.0,40.0,1.0,5.0,5.0,1.0,0.0,0.0,0.0,1.0,1.0,0.0,0.0,0.0,0.0,0.0,0.0,0,Legitimate,val
2460,Southern Polytechnic State University,https://www.linkedin.com/company/21902,1.0,38.0,1.0,8.5,37.0,4.0,0.0,0.0,0.0,0.1081081081081081,1.0,0.0,0.0,0.0,0.0,0.0,0.0,0,Legitimate,train
2461,Que Pasa NJ,https://www.linkedin.com/company/65647229,1.0,41.0,1.0,3.0,11.0,3.0,0.0,0.0,0.0,0.3636363636363636,1.0,0.0,0.0,0.0,0.0,0.0,0.0,0,Legitimate,train
2462,Open Collective,https://www.linkedin.com/company/11422990,1.0,41.0,1.0,7.0,15.0,2.0,0.0,0.0,0.0,0.1333333333333333,1.0,0.0,0.0,0.0,0.0,0.0,0.0,0,Legitimate,val
2463,The Coalition for Hemophilia B,https://www.linkedin.com/company/51690006,1.0,41.0,1.0,5.2,30.0,5.0,0.0,0.0,0.0,0.1333333333333333,1.0,0.0,0.0,0.0,0.0,0.0,0.0,0,Legitimate,train
2464,USANA Health Sciences,https://www.linkedin.com/company/5599,1.0,37.0,1.0,6.333333333333333,21.0,3.0,0.0,0.0,0.0,0.3333333333333333,1.0,0.0,0.0,0.0,0.0,0.0,0.0,0,Legitimate,val
2465,LM JV (Laing O'Rourke and Murphy Group Joint Venture),https://www.linkedin.com/company/18203437,1.0,41.0,1.0,5.0,53.0,9.0,0.0,0.0,3.0,0.2075471698113207,1.0,0.0,0.0,0.0,0.0,1.0,1.0,0,Legitimate,val
2466,Cree,https://www.linkedin.com/company/13127,1.0,38.0,1.0,4.0,4.0,1.0,0.0,0.0,0.0,0.25,1.0,0.0,0.0,0.0,0.0,0.0,0.0,0,Legitimate,train
2467,The University of Sheffield,https://www.linkedin.com/company/8421,1.0,37.0,1.0,6.0,27.0,4.0,0.0,0.0,0.0,0.1111111111111111,1.0,0.0,0.0,0.0,0.0,0.0,0.0,0,Legitimate,test
2468,AlilReiki,https://www.linkedin.com/company/89688751,1.0,41.0,1.0,9.0,9.0,1.0,0.0,0.0,0.0,0.2222222222222222,1.0,0.0,0.0,0.0,0.0,0.0,0.0,0,Legitimate,test
2469,US Water Alliance,https://www.linkedin.com/company/2798217,1.0,40.0,1.0,5.0,17.0,3.0,0.0,0.0,0.0,0.2352941176470588,1.0,0.0,0.0,0.0,0.0,0.0,0.0,0,Legitimate,train
2470,Boys & Girls Clubs of Metro Los Angeles,https://www.linkedin.com/company/18901190,1.0,41.0,1.0,4.0,39.0,8.0,0.0,0.0,1.0,0.1538461538461538,1.0,1.0,0.0,0.0,0.0,0.0,0.0,0,Legitimate,train
2471,Analytx,https://www.linkedin.com/company/69333710,1.0,41.0,1.0,7.0,7.0,1.0,0.0,0.0,0.0,0.1428571428571428,1.0,0.0,0.0,0.0,0.0,0.0,0.0,0,Legitimate,train
2472,EPONYME,https://www.linkedin.com/company/76400533,1.0,41.0,1.0,7.0,7.0,1.0,0.0,0.0,0.0,1.0,1.0,0.0,0.0,0.0,0.0,0.0,0.0,0,Legitimate,test
2473,Cisco,https://www.linkedin.com/company/1063,1.0,37.0,1.0,5.0,5.0,1.0,0.0,0.0,0.0,0.2,1.0,0.0,0.0,0.0,0.0,0.0,0.0,0,Legitimate,train
2474,SBA Pro-Life America,https://www.linkedin.com/company/1994396,1.0,40.0,1.0,6.0,20.0,3.0,0.0,0.0,1.0,0.3,1.0,0.0,0.0,0.0,0.0,0.0,0.0,0,Legitimate,train
2475,GlaxoSmithKline Remote Careers,,0.0,0.0,0.0,9.333333333333334,30.0,3.0,0.0,0.0,0.0,0.1666666666666666,1.0,0.0,0.0,3.0,1.0,0.0,0.0,1,Fake_Scam,train
2476,HC3-Hispanic C-Suite Corporate Council,https://www.linkedin.com/company/11841489,1.0,41.0,1.0,8.75,38.0,4.0,1.0,1.0,2.0,0.1842105263157894,1.0,0.0,0.0,0.0,0.0,0.0,0.0,0,Legitimate,train
2477,Arkham Ventures,https://www.linkedin.com/company/72566230,1.0,41.0,1.0,7.0,15.0,2.0,0.0,0.0,0.0,0.1333333333333333,1.0,0.0,0.0,0.0,0.0,1.0,1.0,0,Legitimate,train
2478,Warner Bros. Entertainment,https://www.linkedin.com/company/2470,1.0,37.0,1.0,8.0,26.0,3.0,0.0,0.0,1.0,0.1153846153846153,1.0,0.0,0.0,0.0,0.0,0.0,0.0,0,Legitimate,train
2479,AI Institute for Next Generation Food Systems,https://www.linkedin.com/company/68939614,1.0,41.0,1.0,5.571428571428571,45.0,7.0,0.0,0.0,0.0,0.1555555555555555,1.0,0.0,0.0,1.0,1.0,0.0,0.0,0,Legitimate,train
2480,UBER Search Partners,https://www.linkedin.com/company/18443990,1.0,41.0,1.0,6.0,20.0,3.0,0.0,0.0,0.0,0.3,1.0,0.0,0.0,0.0,0.0,1.0,1.0,0,Legitimate,train
2481,Cybalt,https://www.linkedin.com/company/81626962,1.0,41.0,1.0,6.0,6.0,1.0,0.0,0.0,0.0,0.1666666666666666,1.0,0.0,0.0,0.0,0.0,0.0,0.0,0,Legitimate,val
2482,TS Grale,https://www.linkedin.com/company/10620134,1.0,41.0,1.0,3.5,8.0,2.0,0.0,0.0,0.0,0.375,1.0,0.0,0.0,0.0,0.0,0.0,0.0,0,Legitimate,val
2483,"Transit Labs, LLC",https://www.linkedin.com/company/4984819,1.0,40.0,1.0,5.0,17.0,3.0,0.0,0.0,1.0,0.2941176470588235,1.0,0.0,1.0,0.0,0.0,2.0,1.0,0,Legitimate,train
2484,St. Louis Sports Commission,https://www.linkedin.com/company/2858758,1.0,40.0,1.0,6.0,27.0,4.0,0.0,0.0,1.0,0.1481481481481481,1.0,0.0,0.0,0.0,0.0,0.0,0.0,0,Legitimate,test
2485,Army Chief Information Officer,https://www.linkedin.com/company/11477976,1.0,41.0,1.0,6.75,30.0,4.0,0.0,0.0,0.0,0.1333333333333333,1.0,0.0,0.0,0.0,0.0,0.0,0.0,0,Legitimate,train
2486,Government Finance Officers Association (GFOA),https://www.linkedin.com/company/59136,1.0,38.0,1.0,8.4,46.0,5.0,0.0,0.0,2.0,0.1739130434782608,1.0,0.0,0.0,0.0,0.0,0.0,0.0,0,Legitimate,test
2487,Self Employed,https://www.linkedin.com/company/33200573,1.0,41.0,1.0,6.0,13.0,2.0,0.0,0.0,0.0,0.1538461538461538,1.0,0.0,0.0,0.0,0.0,0.0,0.0,0,Legitimate,train
2488,CyberShield Defense Tech,,0.0,0.0,0.0,7.333333333333333,24.0,3.0,0.0,0.0,0.0,0.1666666666666666,1.0,0.0,0.0,0.0,0.0,0.0,0.0,1,Fake_Scam,val
2489,Secret City Records,https://www.linkedin.com/company/35530158,1.0,41.0,1.0,5.666666666666667,19.0,3.0,0.0,0.0,0.0,0.1578947368421052,1.0,0.0,0.0,0.0,0.0,0.0,0.0,0,Legitimate,train
2490,NYSARC Trust Services,https://www.linkedin.com/company/11530389,1.0,41.0,1.0,6.333333333333333,21.0,3.0,0.0,0.0,0.0,0.3809523809523809,1.0,0.0,0.0,0.0,0.0,0.0,0.0,0,Legitimate,test
2491,Regent University,https://www.linkedin.com/company/14517,1.0,38.0,1.0,8.0,17.0,2.0,0.0,0.0,0.0,0.1176470588235294,1.0,0.0,0.0,0.0,0.0,0.0,0.0,0,Legitimate,train
2492,CyberDuo,https://www.linkedin.com/company/19010961,1.0,41.0,1.0,8.0,8.0,1.0,0.0,0.0,0.0,0.25,1.0,0.0,0.0,0.0,0.0,0.0,0.0,0,Legitimate,test
2493,Boston College,https://www.linkedin.com/company/5396,1.0,37.0,1.0,6.5,14.0,2.0,0.0,0.0,0.0,0.1428571428571428,1.0,0.0,0.0,0.0,0.0,0.0,0.0,0,Legitimate,train
2494,Children's Health,https://www.linkedin.com/company/10032,1.0,38.0,1.0,8.0,17.0,2.0,0.0,0.0,1.0,0.1176470588235294,1.0,0.0,0.0,0.0,0.0,0.0,0.0,0,Legitimate,train
2495,Milestones Labs,https://www.linkedin.com/company/73456000,1.0,41.0,1.0,7.0,15.0,2.0,0.0,0.0,0.0,0.1333333333333333,1.0,0.0,0.0,0.0,0.0,1.0,1.0,0,Legitimate,train
2496,American Express Business,https://www.linkedin.com/company/2419120,1.0,40.0,1.0,7.666666666666667,25.0,3.0,0.0,0.0,0.0,0.12,1.0,0.0,0.0,0.0,0.0,0.0,0.0,0,Legitimate,train
2497,University of North Florida,https://www.linkedin.com/company/13921,1.0,38.0,1.0,6.0,27.0,4.0,0.0,0.0,0.0,0.1111111111111111,1.0,0.0,0.0,0.0,0.0,0.0,0.0,0,Legitimate,val
2498,Fresenius Medical Care Perú,https://www.linkedin.com/company/53240808,1.0,41.0,1.0,6.0,27.0,4.0,0.0,0.0,0.0,0.1481481481481481,0.0,0.0,0.0,0.0,0.0,0.0,0.0,0,Legitimate,test
2499,Clever Housewife,https://www.linkedin.com/company/2169710,1.0,40.0,1.0,7.5,16.0,2.0,0.0,0.0,0.0,0.125,1.0,0.0,0.0,0.0,0.0,0.0,0.0,0,Legitimate,train
2500,Premier Talent Partners,https://www.linkedin.com/company/27069,1.0,38.0,1.0,7.0,23.0,3.0,0.0,0.0,0.0,0.1304347826086956,1.0,0.0,0.0,1.0,1.0,1.0,1.0,0,Legitimate,val
2501,Strickland Debrow LLP,https://www.linkedin.com/company/82297745,1.0,41.0,1.0,6.333333333333333,21.0,3.0,0.0,0.0,0.0,0.238095238095238,1.0,0.0,0.0,0.0,0.0,0.0,0.0,0,Legitimate,train
2502,TBWA\WORLDHEALTH,https://www.linkedin.com/company/10579793,1.0,41.0,1.0,16.0,16.0,1.0,0.0,0.0,1.0,0.9375,1.0,0.0,0.0,0.0,0.0,0.0,0.0,0,Legitimate,train
2503,Scality,https://www.linkedin.com/company/1052172,1.0,40.0,1.0,7.0,7.0,1.0,0.0,0.0,0.0,0.1428571428571428,1.0,0.0,0.0,0.0,0.0,0.0,0.0,0,Legitimate,val
2504,Isenberg Undergraduate Consulting Group (IUCG),https://www.linkedin.com/company/5246838,1.0,40.0,1.0,8.4,46.0,5.0,0.0,0.0,2.0,0.1739130434782608,1.0,0.0,0.0,1.0,1.0,1.0,1.0,0,Legitimate,val
2505,API Evangelist,https://www.linkedin.com/company/1500316,1.0,40.0,1.0,6.5,14.0,2.0,0.0,0.0,0.0,0.2857142857142857,1.0,0.0,0.0,0.0,0.0,0.0,0.0,0,Legitimate,train
2506,Honest Jobs,https://www.linkedin.com/company/13046366,1.0,41.0,1.0,5.0,11.0,2.0,0.0,0.0,0.0,0.1818181818181818,1.0,0.0,0.0,0.0,0.0,0.0,0.0,0,Legitimate,val
2507,Enablers,https://www.linkedin.com/company/14630272,1.0,41.0,1.0,8.0,8.0,1.0,0.0,0.0,0.0,0.125,1.0,0.0,0.0,0.0,0.0,0.0,0.0,0,Legitimate,train
2508,Amazon Logistics Remote Services,,0.0,0.0,0.0,7.25,32.0,4.0,0.0,0.0,0.0,0.125,1.0,0.0,0.0,2.0,1.0,0.0,0.0,1,Fake_Scam,train
2509,Affinis Hospice,https://www.linkedin.com/company/7203879,1.0,40.0,1.0,7.0,15.0,2.0,0.0,0.0,0.0,0.1333333333333333,1.0,0.0,0.0,0.0,0.0,0.0,0.0,0,Legitimate,train
2510,StubHub,https://www.linkedin.com/company/10061,1.0,38.0,1.0,7.0,7.0,1.0,0.0,0.0,0.0,0.2857142857142857,1.0,0.0,0.0,1.0,1.0,0.0,0.0,0,Legitimate,train
2511,Pratt Institute,https://www.linkedin.com/company/12099,1.0,38.0,1.0,7.0,15.0,2.0,0.0,0.0,0.0,0.1333333333333333,1.0,0.0,0.0,0.0,0.0,0.0,0.0,0,Legitimate,train
2512,Business France (Export),https://www.linkedin.com/company/166555,1.0,39.0,1.0,7.333333333333333,24.0,3.0,0.0,0.0,2.0,0.125,1.0,0.0,0.0,0.0,0.0,0.0,0.0,0,Legitimate,train
2513,TechSquad,https://www.linkedin.com/company/87982505,1.0,41.0,1.0,9.0,9.0,1.0,0.0,0.0,0.0,0.2222222222222222,1.0,0.0,0.0,0.0,0.0,0.0,0.0,0,Legitimate,train
2514,City of Atlanta,https://www.linkedin.com/company/8737,1.0,37.0,1.0,4.333333333333333,15.0,3.0,0.0,0.0,0.0,0.1333333333333333,1.0,0.0,0.0,0.0,0.0,0.0,0.0,0,Legitimate,train
2515,Texas A&M Hispanic Network,https://www.linkedin.com/company/79912606,1.0,41.0,1.0,5.75,26.0,4.0,0.0,0.0,1.0,0.1923076923076923,1.0,1.0,0.0,0.0,0.0,0.0,0.0,0,Legitimate,train
2516,The COMO Group,https://www.linkedin.com/company/65872967,1.0,41.0,1.0,4.0,14.0,3.0,0.0,0.0,0.0,0.4285714285714285,1.0,0.0,0.0,0.0,0.0,1.0,1.0,0,Legitimate,train
2517,Alstom,https://www.linkedin.com/company/2443,1.0,37.0,1.0,6.0,6.0,1.0,0.0,0.0,0.0,0.1666666666666666,1.0,0.0,0.0,0.0,0.0,0.0,0.0,0,Legitimate,test
2518,BPRI,https://www.linkedin.com/company/43790,1.0,38.0,1.0,4.0,4.0,1.0,0.0,0.0,0.0,1.0,1.0,0.0,0.0,0.0,0.0,0.0,0.0,0,Legitimate,test
2519,Informa Connect - Global Finance,https://www.linkedin.com/company/11119623,1.0,41.0,1.0,5.6,32.0,5.0,0.0,0.0,1.0,0.125,1.0,0.0,0.0,1.0,1.0,0.0,0.0,0,Legitimate,test
2520,KeeKee's Big Adventures,https://www.linkedin.com/company/11040871,1.0,41.0,1.0,7.0,23.0,3.0,0.0,0.0,1.0,0.1739130434782608,1.0,0.0,0.0,0.0,0.0,0.0,0.0,0,Legitimate,train
2521,TD Insurance,https://www.linkedin.com/company/16207720,1.0,41.0,1.0,5.5,12.0,2.0,0.0,0.0,0.0,0.25,1.0,0.0,0.0,0.0,0.0,0.0,0.0,0,Legitimate,val
2522,Ten Thousand Coffees,https://www.linkedin.com/company/4976234,1.0,40.0,1.0,6.0,20.0,3.0,0.0,0.0,0.0,0.15,1.0,0.0,0.0,1.0,1.0,0.0,0.0,0,Legitimate,train
2523,吉林恒正网络文化传媒有限公司,https://www.linkedin.com/company/30373135,1.0,41.0,1.0,14.0,14.0,1.0,0.0,0.0,0.0,0.0,0.0,0.0,0.0,0.0,0.0,0.0,0.0,0,Legitimate,train
2524,Diversity.com,https://www.linkedin.com/company/856458,1.0,39.0,1.0,13.0,13.0,1.0,0.0,0.0,1.0,0.0769230769230769,1.0,0.0,0.0,0.0,0.0,0.0,0.0,0,Legitimate,train
2525,IRS Criminal Investigation,https://www.linkedin.com/company/9945288,1.0,40.0,1.0,8.0,26.0,3.0,0.0,0.0,0.0,0.1923076923076923,1.0,0.0,0.0,0.0,0.0,0.0,0.0,0,Legitimate,train
2526,Valiant 3 Communications,https://www.linkedin.com/company/32592777,1.0,41.0,1.0,7.333333333333333,24.0,3.0,1.0,1.0,0.0,0.0833333333333333,1.0,0.0,0.0,0.0,0.0,0.0,0.0,0,Legitimate,train
2527,Centum Health Properties,https://www.linkedin.com/company/296974,1.0,39.0,1.0,7.333333333333333,24.0,3.0,0.0,0.0,0.0,0.125,1.0,0.0,0.0,0.0,0.0,0.0,0.0,0,Legitimate,val
2528,Fion Beauty Supplies,https://www.linkedin.com/company/62443075,1.0,41.0,1.0,6.0,20.0,3.0,0.0,0.0,0.0,0.15,1.0,0.0,0.0,0.0,0.0,0.0,0.0,0,Legitimate,train
2529,"SAN FRANCISCO OCULOFACIAL PLASTIC SURGERY, P.C.",https://www.linkedin.com/company/62922046,1.0,41.0,1.0,7.0,47.0,6.0,0.0,0.0,3.0,0.8297872340425532,1.0,0.0,1.0,0.0,0.0,0.0,0.0,0,Legitimate,train
2530,Vitalyst,https://www.linkedin.com/company/49807,1.0,38.0,1.0,8.0,8.0,1.0,0.0,0.0,0.0,0.125,1.0,0.0,0.0,0.0,0.0,0.0,0.0,0,Legitimate,train
2531,Precision Career Matching,,0.0,0.0,0.0,7.666666666666667,25.0,3.0,0.0,0.0,0.0,0.12,1.0,0.0,0.0,1.0,1.0,0.0,0.0,1,Fake_Scam,train
2532,National University of Singapore,https://www.linkedin.com/company/5524,1.0,37.0,1.0,7.25,32.0,4.0,0.0,0.0,0.0,0.09375,1.0,0.0,0.0,0.0,0.0,0.0,0.0,0,Legitimate,train
2533,Hong Kong Institute for Monetary and Financial Research (HKIMR),https://www.linkedin.com/company/20423758,1.0,41.0,1.0,6.111111111111111,63.0,9.0,0.0,0.0,2.0,0.1746031746031746,1.0,0.0,0.0,0.0,0.0,0.0,0.0,0,Legitimate,train
2534,National Notary Association,https://www.linkedin.com/company/22785,1.0,38.0,1.0,8.333333333333334,27.0,3.0,0.0,0.0,0.0,0.1111111111111111,1.0,0.0,0.0,0.0,0.0,0.0,0.0,0,Legitimate,test
2535,Institute of Child Nutrition,https://www.linkedin.com/company/16190058,1.0,41.0,1.0,6.25,28.0,4.0,0.0,0.0,0.0,0.1071428571428571,1.0,0.0,0.0,0.0,0.0,0.0,0.0,0,Legitimate,train
2536,Columbia Business School,https://www.linkedin.com/company/2625,1.0,37.0,1.0,7.333333333333333,24.0,3.0,0.0,0.0,0.0,0.125,1.0,0.0,0.0,0.0,0.0,0.0,0.0,0,Legitimate,train
2537,Marvet Britto,https://www.linkedin.com/company/14845093,1.0,41.0,1.0,6.0,13.0,2.0,0.0,0.0,0.0,0.1538461538461538,1.0,0.0,0.0,0.0,0.0,0.0,0.0,0,Legitimate,train
2538,Hubei Normal University,https://www.linkedin.com/company/15090862,1.0,41.0,1.0,7.0,23.0,3.0,0.0,0.0,0.0,0.1304347826086956,1.0,0.0,0.0,1.0,1.0,0.0,0.0,0,Legitimate,train
2539,beSouba,https://www.linkedin.com/company/40717927,1.0,41.0,1.0,7.0,7.0,1.0,0.0,0.0,0.0,0.1428571428571428,1.0,0.0,0.0,0.0,0.0,0.0,0.0,0,Legitimate,train
2540,UC Davis Health,https://www.linkedin.com/company/2844,1.0,37.0,1.0,4.333333333333333,15.0,3.0,0.0,0.0,0.0,0.2666666666666666,1.0,0.0,0.0,0.0,0.0,0.0,0.0,0,Legitimate,train
2541,YPO,https://www.linkedin.com/company/16041,1.0,38.0,1.0,3.0,3.0,1.0,0.0,0.0,0.0,1.0,1.0,0.0,0.0,0.0,0.0,0.0,0.0,0,Legitimate,val
2542,G&M Fashion Career,https://www.linkedin.com/company/3091073,1.0,40.0,1.0,5.333333333333333,18.0,3.0,0.0,0.0,1.0,0.2222222222222222,1.0,1.0,0.0,1.0,1.0,0.0,0.0,0,Legitimate,train
2543,"NxStage Medical, Inc.",https://www.linkedin.com/company/41136,1.0,38.0,1.0,6.333333333333333,21.0,3.0,0.0,0.0,2.0,0.1904761904761904,1.0,0.0,1.0,0.0,0.0,1.0,1.0,0,Legitimate,train
2544,Gilbert Family Foundation,https://www.linkedin.com/company/40657407,1.0,41.0,1.0,7.666666666666667,25.0,3.0,0.0,0.0,0.0,0.12,1.0,0.0,0.0,0.0,0.0,0.0,0.0,0,Legitimate,train
2545,WorldatWork,https://www.linkedin.com/company/166975,1.0,39.0,1.0,11.0,11.0,1.0,0.0,0.0,0.0,0.1818181818181818,1.0,0.0,0.0,0.0,0.0,0.0,0.0,0,Legitimate,test
2546,Eater,https://www.linkedin.com/company/1388476,1.0,40.0,1.0,5.0,5.0,1.0,0.0,0.0,0.0,0.2,1.0,0.0,0.0,0.0,0.0,0.0,0.0,0,Legitimate,val
2547,Fast Company Brasil,https://www.linkedin.com/company/69525382,1.0,41.0,1.0,5.666666666666667,19.0,3.0,0.0,0.0,0.0,0.1578947368421052,1.0,0.0,0.0,0.0,0.0,1.0,1.0,0,Legitimate,train
2548,Airtasker,https://www.linkedin.com/company/2493828,1.0,40.0,1.0,9.0,9.0,1.0,0.0,0.0,0.0,0.1111111111111111,1.0,0.0,0.0,0.0,0.0,0.0,0.0,0,Legitimate,val
2549,DLA Piper Financial Services Sector,https://www.linkedin.com/company/10515267,1.0,41.0,1.0,6.2,35.0,5.0,0.0,0.0,0.0,0.2,1.0,0.0,0.0,0.0,0.0,0.0,0.0,0,Legitimate,test
2550,Logojojo Custom Label Craft Coffee,https://www.linkedin.com/company/66294654,1.0,41.0,1.0,6.0,34.0,5.0,0.0,0.0,0.0,0.1470588235294117,1.0,0.0,0.0,1.0,1.0,0.0,0.0,0,Legitimate,train
2551,NASSCOM Engineering R&D,https://www.linkedin.com/company/71049316,1.0,41.0,1.0,7.0,23.0,3.0,0.0,0.0,1.0,0.4347826086956521,1.0,1.0,0.0,0.0,0.0,0.0,0.0,0,Legitimate,train
2552,Station Casinos,https://www.linkedin.com/company/166147,1.0,39.0,1.0,7.0,15.0,2.0,0.0,0.0,0.0,0.1333333333333333,1.0,0.0,0.0,0.0,0.0,0.0,0.0,0,Legitimate,test
2553,Valour FC,https://www.linkedin.com/company/37558602,1.0,41.0,1.0,4.0,9.0,2.0,0.0,0.0,0.0,0.3333333333333333,1.0,0.0,0.0,0.0,0.0,0.0,0.0,0,Legitimate,train
2554,Domaining Ocean™,https://www.linkedin.com/company/28156338,1.0,41.0,1.0,7.5,16.0,2.0,0.0,0.0,1.0,0.125,0.0,0.0,0.0,0.0,0.0,0.0,0.0,0,Legitimate,val
2555,洛阳春旺食品有限公司,https://www.linkedin.com/company/32703631,1.0,41.0,1.0,10.0,10.0,1.0,0.0,0.0,0.0,0.0,0.0,0.0,0.0,0.0,0.0,0.0,0.0,0,Legitimate,train
2556,Hargraves Institute,https://www.linkedin.com/company/1472593,1.0,40.0,1.0,9.0,19.0,2.0,0.0,0.0,0.0,0.1052631578947368,1.0,0.0,0.0,0.0,0.0,0.0,0.0,0,Legitimate,val
2557,Copado,https://www.linkedin.com/company/10877423,1.0,41.0,1.0,6.0,6.0,1.0,0.0,0.0,0.0,0.1666666666666666,1.0,0.0,0.0,0.0,0.0,0.0,0.0,0,Legitimate,val
2558,Heidrick & Struggles,https://www.linkedin.com/company/3975,1.0,37.0,1.0,6.0,20.0,3.0,0.0,0.0,1.0,0.1,1.0,1.0,0.0,0.0,0.0,0.0,0.0,0,Legitimate,test
2559,DocGo,https://www.linkedin.com/company/77858449,1.0,41.0,1.0,5.0,5.0,1.0,0.0,0.0,0.0,0.4,1.0,0.0,0.0,0.0,0.0,0.0,0.0,0,Legitimate,train
2560,Lynda.com Business,https://www.linkedin.com/company/6413134,1.0,40.0,1.0,8.5,18.0,2.0,0.0,0.0,1.0,0.1111111111111111,1.0,0.0,0.0,0.0,0.0,0.0,0.0,0,Legitimate,train
2561,Old Mutual Limited,https://www.linkedin.com/company/5135,1.0,37.0,1.0,5.333333333333333,18.0,3.0,0.0,0.0,0.0,0.1666666666666666,1.0,0.0,0.0,0.0,0.0,0.0,0.0,0,Legitimate,train
2562,"Powered By Zerret, Inc.",https://www.linkedin.com/company/75043199,1.0,41.0,1.0,5.0,23.0,4.0,0.0,0.0,2.0,0.1739130434782608,1.0,0.0,1.0,0.0,0.0,1.0,1.0,0,Legitimate,test
2563,Prospera Financial,https://www.linkedin.com/company/107168,1.0,39.0,1.0,8.5,18.0,2.0,0.0,0.0,0.0,0.1111111111111111,1.0,0.0,0.0,0.0,0.0,0.0,0.0,0,Legitimate,train
2564,Pegasus Logistics Group,https://www.linkedin.com/company/449326,1.0,39.0,1.0,7.0,23.0,3.0,0.0,0.0,0.0,0.1304347826086956,1.0,0.0,0.0,1.0,1.0,1.0,1.0,0,Legitimate,train
2565,JG Partners,https://www.linkedin.com/company/12905913,1.0,41.0,1.0,5.0,11.0,2.0,0.0,0.0,0.0,0.2727272727272727,1.0,0.0,0.0,0.0,0.0,1.0,1.0,0,Legitimate,train
2566,EUCENTRE,https://www.linkedin.com/company/621754,1.0,39.0,1.0,8.0,8.0,1.0,0.0,0.0,0.0,1.0,1.0,0.0,0.0,0.0,0.0,0.0,0.0,0,Legitimate,val
2567,Encompass Media Group,https://www.linkedin.com/company/396468,1.0,39.0,1.0,6.333333333333333,21.0,3.0,0.0,0.0,0.0,0.1428571428571428,1.0,0.0,0.0,0.0,0.0,1.0,1.0,0,Legitimate,train
2568,Modern Veteran Advisory Group â€“ Tasmania,https://www.linkedin.com/company/82163633,1.0,41.0,1.0,6.166666666666667,42.0,6.0,0.0,0.0,2.0,0.119047619047619,0.0,0.0,0.0,0.0,0.0,1.0,1.0,0,Legitimate,train
2569,Viscom Wholesale Signage,https://www.linkedin.com/company/9838732,1.0,40.0,1.0,7.333333333333333,24.0,3.0,0.0,0.0,0.0,0.125,1.0,0.0,0.0,0.0,0.0,0.0,0.0,0,Legitimate,val
2570,Exelon,https://www.linkedin.com/company/4674,1.0,37.0,1.0,6.0,6.0,1.0,0.0,0.0,0.0,0.1666666666666666,1.0,0.0,0.0,0.0,0.0,0.0,0.0,0,Legitimate,train
2571,"Oil & Gas Business Solutions, Inc.",https://www.linkedin.com/company/467544,1.0,39.0,1.0,4.833333333333333,34.0,6.0,0.0,0.0,3.0,0.1470588235294117,1.0,1.0,1.0,0.0,0.0,2.0,1.0,0,Legitimate,train
2572,Medallion,https://www.linkedin.com/company/74304634,1.0,41.0,1.0,9.0,9.0,1.0,0.0,0.0,0.0,0.1111111111111111,1.0,0.0,0.0,0.0,0.0,0.0,0.0,0,Legitimate,val
2573,RTO Insider LLC,https://www.linkedin.com/company/3326640,1.0,40.0,1.0,4.333333333333333,15.0,3.0,0.0,0.0,0.0,0.4666666666666667,1.0,0.0,0.0,0.0,0.0,1.0,1.0,0,Legitimate,train
2574,"City of Miramar, Florida Economic Development",https://www.linkedin.com/company/91500676,1.0,41.0,1.0,6.666666666666667,45.0,6.0,0.0,0.0,1.0,0.1111111111111111,1.0,0.0,1.0,0.0,0.0,0.0,0.0,0,Legitimate,train
2575,The AI Journal,https://www.linkedin.com/company/42090580,1.0,41.0,1.0,4.0,14.0,3.0,0.0,0.0,0.0,0.2857142857142857,1.0,0.0,0.0,2.0,1.0,0.0,0.0,0,Legitimate,train
2576,John & JeJuan Stewart Jr. Foundation,https://www.linkedin.com/company/18579837,1.0,41.0,1.0,5.166666666666667,36.0,6.0,0.0,0.0,2.0,0.1666666666666666,1.0,1.0,0.0,0.0,0.0,0.0,0.0,0,Legitimate,train
2577,Dion Training Solutions,https://www.linkedin.com/company/40917226,1.0,41.0,1.0,7.0,23.0,3.0,0.0,0.0,0.0,0.1304347826086956,1.0,0.0,0.0,1.0,1.0,1.0,1.0,0,Legitimate,train
2578,Grupo Memphis,https://www.linkedin.com/company/81738569,1.0,41.0,1.0,6.0,13.0,2.0,0.0,0.0,0.0,0.1538461538461538,1.0,0.0,0.0,0.0,0.0,0.0,0.0,0,Legitimate,val
2579,Arts et Métiers ParisTech - École Nationale Supérieure d'Arts et Métiers,https://www.linkedin.com/company/1280025,1.0,40.0,1.0,5.636363636363637,72.0,11.0,0.0,0.0,2.0,0.125,0.0,0.0,0.0,0.0,0.0,0.0,0.0,0,Legitimate,train
2580,PlayVS,https://www.linkedin.com/company/18600748,1.0,41.0,1.0,6.0,6.0,1.0,0.0,0.0,0.0,0.5,1.0,0.0,0.0,0.0,0.0,0.0,0.0,0,Legitimate,train
2581,SolarCity,https://www.linkedin.com/company/240767,1.0,39.0,1.0,9.0,9.0,1.0,0.0,0.0,0.0,0.2222222222222222,1.0,0.0,0.0,0.0,0.0,0.0,0.0,0,Legitimate,val
2582,The New Exec,https://www.linkedin.com/company/35629101,1.0,41.0,1.0,3.333333333333333,12.0,3.0,0.0,0.0,0.0,0.25,1.0,0.0,0.0,0.0,0.0,0.0,0.0,0,Legitimate,val
2583,California State University-San Bernardino,https://www.linkedin.com/company/15102020,1.0,41.0,1.0,9.75,42.0,4.0,0.0,0.0,1.0,0.119047619047619,1.0,0.0,0.0,0.0,0.0,0.0,0.0,0,Legitimate,train
2584,UN Women France,https://www.linkedin.com/company/3512519,1.0,40.0,1.0,4.333333333333333,15.0,3.0,0.0,0.0,0.0,0.2666666666666666,1.0,0.0,0.0,0.0,0.0,0.0,0.0,0,Legitimate,test
2585,Lumbermens Merchandising Corporation,https://www.linkedin.com/company/920221,1.0,39.0,1.0,11.333333333333334,36.0,3.0,0.0,0.0,0.0,0.0833333333333333,1.0,0.0,0.0,0.0,0.0,1.0,1.0,0,Legitimate,train
2586,Memorial Hermann Health System,https://www.linkedin.com/company/164930,1.0,39.0,1.0,6.75,30.0,4.0,0.0,0.0,0.0,0.1333333333333333,1.0,0.0,0.0,0.0,0.0,0.0,0.0,0,Legitimate,test
2587,OnBuy.com,https://www.linkedin.com/company/5322011,1.0,40.0,1.0,9.0,9.0,1.0,0.0,0.0,1.0,0.2222222222222222,1.0,0.0,0.0,0.0,0.0,0.0,0.0,0,Legitimate,train
2588,Green Corps,https://www.linkedin.com/company/23138,1.0,38.0,1.0,5.0,11.0,2.0,0.0,0.0,0.0,0.1818181818181818,1.0,0.0,0.0,0.0,0.0,0.0,0.0,0,Legitimate,train
2589,Agricarbon UK,https://www.linkedin.com/company/47591637,1.0,41.0,1.0,6.0,13.0,2.0,0.0,0.0,0.0,0.2307692307692307,1.0,0.0,0.0,0.0,0.0,0.0,0.0,0,Legitimate,train
2590,青岛梦娱传媒有限公司,https://www.linkedin.com/company/32007921,1.0,41.0,1.0,10.0,10.0,1.0,0.0,0.0,0.0,0.0,0.0,0.0,0.0,0.0,0.0,0.0,0.0,0,Legitimate,test
2591,Found That Interesting,https://www.linkedin.com/company/86612536,1.0,41.0,1.0,6.666666666666667,22.0,3.0,0.0,0.0,0.0,0.1363636363636363,1.0,0.0,0.0,0.0,0.0,0.0,0.0,0,Legitimate,test
2592,CARPE | EcoSattva,https://www.linkedin.com/company/75402737,1.0,41.0,1.0,5.0,17.0,3.0,0.0,0.0,1.0,0.4117647058823529,1.0,0.0,0.0,0.0,0.0,0.0,0.0,0,Legitimate,train
2593,Edgecortix,https://www.linkedin.com/company/26591439,1.0,41.0,1.0,10.0,10.0,1.0,0.0,0.0,0.0,0.1,1.0,0.0,0.0,0.0,0.0,0.0,0.0,0,Legitimate,train
2594,lavalan - the wool insulation,https://www.linkedin.com/company/40913548,1.0,41.0,1.0,5.0,29.0,5.0,0.0,0.0,1.0,0.0,1.0,0.0,0.0,0.0,0.0,0.0,0.0,0,Legitimate,val
2595,SIMFLO,https://www.linkedin.com/company/794427,1.0,39.0,1.0,6.0,6.0,1.0,0.0,0.0,0.0,1.0,1.0,0.0,0.0,0.0,0.0,0.0,0.0,0,Legitimate,train
2596,Religious Freedom & Business Foundation,https://www.linkedin.com/company/64560584,1.0,41.0,1.0,7.0,39.0,5.0,0.0,0.0,1.0,0.1025641025641025,1.0,1.0,0.0,0.0,0.0,0.0,0.0,0,Legitimate,val
2597,Li & Fung,https://www.linkedin.com/company/585614,1.0,39.0,1.0,2.333333333333333,9.0,3.0,0.0,0.0,1.0,0.2222222222222222,1.0,1.0,0.0,0.0,0.0,0.0,0.0,0,Legitimate,train
2598,Kingston University,https://www.linkedin.com/company/11565,1.0,38.0,1.0,9.0,19.0,2.0,0.0,0.0,0.0,0.1052631578947368,1.0,0.0,0.0,0.0,0.0,0.0,0.0,0,Legitimate,test
2599,Persuasion- Charity Training and Legacy Consultancy Specialist,https://www.linkedin.com/company/68667286,1.0,41.0,1.0,8.0,62.0,7.0,0.0,0.0,1.0,0.0967741935483871,1.0,0.0,0.0,2.0,1.0,0.0,0.0,0,Legitimate,train
2600,City of Fort Lauderdale,https://www.linkedin.com/company/44079,1.0,38.0,1.0,5.0,23.0,4.0,0.0,0.0,0.0,0.1304347826086956,1.0,0.0,0.0,0.0,0.0,0.0,0.0,0,Legitimate,train
2601,Advertising Week,https://www.linkedin.com/company/279566,1.0,39.0,1.0,7.5,16.0,2.0,0.0,0.0,0.0,0.125,1.0,0.0,0.0,0.0,0.0,0.0,0.0,0,Legitimate,train
2602,大连骅尔重工有限公司,https://www.linkedin.com/company/30396772,1.0,41.0,1.0,10.0,10.0,1.0,0.0,0.0,0.0,0.0,0.0,0.0,0.0,0.0,0.0,0.0,0.0,0,Legitimate,train
2603,The Life Stuff,https://www.linkedin.com/company/67887084,1.0,41.0,1.0,4.0,14.0,3.0,0.0,0.0,0.0,0.2142857142857142,1.0,0.0,0.0,0.0,0.0,0.0,0.0,0,Legitimate,val
2604,FEI Chicago,https://www.linkedin.com/company/3669849,1.0,40.0,1.0,5.0,11.0,2.0,0.0,0.0,0.0,0.3636363636363636,1.0,0.0,0.0,0.0,0.0,0.0,0.0,0,Legitimate,train
2605,Institute for STEM Education at CSU East Bay,https://www.linkedin.com/company/7959665,1.0,40.0,1.0,4.625,44.0,8.0,0.0,0.0,0.0,0.25,1.0,0.0,0.0,0.0,0.0,0.0,0.0,0,Legitimate,test
2606,Terropia,https://www.linkedin.com/company/72998355,1.0,41.0,1.0,8.0,8.0,1.0,0.0,0.0,0.0,0.125,1.0,0.0,0.0,0.0,0.0,0.0,0.0,0,Legitimate,train
2607,BlackMaleProfs&Researchers,https://www.linkedin.com/company/74290312,1.0,41.0,1.0,26.0,26.0,1.0,0.0,0.0,1.0,0.1538461538461538,1.0,1.0,0.0,0.0,0.0,0.0,0.0,0,Legitimate,test
2608,Founders Legal | Bekiares Eliezer LLP,https://www.linkedin.com/company/4792056,1.0,40.0,1.0,5.333333333333333,37.0,6.0,0.0,0.0,1.0,0.1891891891891892,1.0,0.0,0.0,0.0,0.0,0.0,0.0,0,Legitimate,test
2609,University of Denver,https://www.linkedin.com/company/5714,1.0,37.0,1.0,6.0,20.0,3.0,0.0,0.0,0.0,0.1,1.0,0.0,0.0,0.0,0.0,0.0,0.0,0,Legitimate,test
2610,"Just Design Consulting, LLC",https://www.linkedin.com/company/7599331,1.0,40.0,1.0,6.0,27.0,4.0,0.0,0.0,1.0,0.2222222222222222,1.0,0.0,1.0,1.0,1.0,1.0,1.0,0,Legitimate,train
2611,The Public Service Network,https://www.linkedin.com/company/1928430,1.0,40.0,1.0,5.75,26.0,4.0,0.0,0.0,0.0,0.1538461538461538,1.0,0.0,0.0,0.0,0.0,0.0,0.0,0,Legitimate,test
2612,Kollmorgen,https://www.linkedin.com/company/39031,1.0,38.0,1.0,10.0,10.0,1.0,0.0,0.0,0.0,0.1,1.0,0.0,0.0,0.0,0.0,0.0,0.0,0,Legitimate,train
2613,DataSphere Global Analytics,,0.0,0.0,0.0,8.333333333333334,27.0,3.0,0.0,0.0,0.0,0.1481481481481481,1.0,0.0,0.0,1.0,1.0,0.0,0.0,1,Fake_Scam,train
2614,"Cultural Heritage Partners, PLLC",https://www.linkedin.com/company/1817183,1.0,40.0,1.0,7.25,32.0,4.0,0.0,0.0,1.0,0.21875,1.0,0.0,1.0,0.0,0.0,1.0,1.0,0,Legitimate,train
2615,Sentinel Technologies,https://www.linkedin.com/company/13562,1.0,38.0,1.0,10.0,21.0,2.0,0.0,0.0,0.0,0.0952380952380952,1.0,0.0,0.0,0.0,0.0,0.0,0.0,0,Legitimate,train
2616,Paul Hastings,https://www.linkedin.com/company/6303,1.0,37.0,1.0,6.0,13.0,2.0,0.0,0.0,0.0,0.1538461538461538,1.0,0.0,0.0,0.0,0.0,0.0,0.0,0,Legitimate,train
2617,Federal Bureau of Investigation (FBI),https://www.linkedin.com/company/6408,1.0,37.0,1.0,6.6,37.0,5.0,0.0,0.0,2.0,0.1621621621621621,1.0,0.0,0.0,0.0,0.0,0.0,0.0,0,Legitimate,train
2618,FSG,https://www.linkedin.com/company/34742,1.0,38.0,1.0,3.0,3.0,1.0,0.0,0.0,0.0,1.0,1.0,0.0,0.0,0.0,0.0,0.0,0.0,0,Legitimate,train
2619,TIME,https://www.linkedin.com/company/1748,1.0,37.0,1.0,4.0,4.0,1.0,0.0,0.0,0.0,1.0,1.0,0.0,0.0,0.0,0.0,0.0,0.0,0,Legitimate,train
2620,Wabtec Control Systems,https://www.linkedin.com/company/2175484,1.0,40.0,1.0,6.666666666666667,22.0,3.0,0.0,0.0,0.0,0.1363636363636363,1.0,0.0,0.0,0.0,0.0,0.0,0.0,0,Legitimate,train
2621,UNICEF Aotearoa,https://www.linkedin.com/company/3619125,1.0,40.0,1.0,7.0,15.0,2.0,0.0,0.0,0.0,0.4666666666666667,1.0,0.0,0.0,0.0,0.0,0.0,0.0,0,Legitimate,train
2622,Canon Inc.,https://www.linkedin.com/company/2195,1.0,37.0,1.0,4.5,10.0,2.0,0.0,0.0,1.0,0.2,1.0,0.0,0.0,0.0,0.0,1.0,1.0,0,Legitimate,train
2623,GE,https://www.linkedin.com/company/1015,1.0,37.0,1.0,2.0,2.0,1.0,0.0,0.0,0.0,1.0,1.0,0.0,0.0,0.0,0.0,0.0,0.0,0,Legitimate,train
2624,Rent A Daughter Senior Care,https://www.linkedin.com/company/64519533,1.0,41.0,1.0,4.6,27.0,5.0,0.0,0.0,0.0,0.1851851851851851,1.0,0.0,0.0,0.0,0.0,0.0,0.0,0,Legitimate,train
2625,TIDAL MARKETING,https://www.linkedin.com/company/33233003,1.0,41.0,1.0,7.0,15.0,2.0,0.0,0.0,0.0,0.9333333333333332,1.0,0.0,0.0,0.0,0.0,0.0,0.0,0,Legitimate,val
2626,Ascential,https://www.linkedin.com/company/5019,1.0,37.0,1.0,9.0,9.0,1.0,0.0,0.0,0.0,0.1111111111111111,1.0,0.0,0.0,0.0,0.0,0.0,0.0,0,Legitimate,train
2627,Skyways,https://www.linkedin.com/company/16203800,1.0,41.0,1.0,7.0,7.0,1.0,0.0,0.0,0.0,0.1428571428571428,1.0,0.0,0.0,0.0,0.0,0.0,0.0,0,Legitimate,train
2628,Bachem,https://www.linkedin.com/company/73003,1.0,38.0,1.0,6.0,6.0,1.0,0.0,0.0,0.0,0.1666666666666666,1.0,0.0,0.0,0.0,0.0,0.0,0.0,0,Legitimate,train
2629,Mr. Recruiter,https://www.linkedin.com/company/14547332,1.0,41.0,1.0,6.0,13.0,2.0,0.0,0.0,1.0,0.1538461538461538,1.0,0.0,0.0,1.0,1.0,0.0,0.0,0,Legitimate,train
2630,K & M Communications,https://www.linkedin.com/company/9498421,1.0,40.0,1.0,4.25,20.0,4.0,0.0,0.0,1.0,0.15,1.0,1.0,0.0,0.0,0.0,0.0,0.0,0,Legitimate,train
2631,Isleworth Golf & Country Club,https://www.linkedin.com/company/58018810,1.0,41.0,1.0,5.0,29.0,5.0,0.0,0.0,1.0,0.1379310344827586,1.0,1.0,0.0,0.0,0.0,0.0,0.0,0,Legitimate,train
2632,Leadership Baton Rouge Alumni,https://www.linkedin.com/company/37119663,1.0,41.0,1.0,6.5,29.0,4.0,0.0,0.0,0.0,0.1379310344827586,1.0,0.0,0.0,0.0,0.0,0.0,0.0,0,Legitimate,train
2633,iSisters Technology Mentoring,https://www.linkedin.com/company/1025938,1.0,40.0,1.0,9.0,29.0,3.0,0.0,0.0,0.0,0.1034482758620689,1.0,0.0,0.0,0.0,0.0,0.0,0.0,0,Legitimate,train
2634,Southern Spine & Rehab,https://www.linkedin.com/company/72536783,1.0,41.0,1.0,4.75,22.0,4.0,0.0,0.0,1.0,0.1363636363636363,1.0,1.0,0.0,0.0,0.0,0.0,0.0,0,Legitimate,test
2635,Pacific Strategies & Assessments,https://www.linkedin.com/company/120329,1.0,39.0,1.0,7.25,32.0,4.0,0.0,0.0,1.0,0.09375,1.0,1.0,0.0,0.0,0.0,0.0,0.0,0,Legitimate,val
2636,Bluemercury,https://www.linkedin.com/company/778874,1.0,39.0,1.0,11.0,11.0,1.0,0.0,0.0,0.0,0.0909090909090909,1.0,0.0,0.0,0.0,0.0,0.0,0.0,0,Legitimate,train
2637,Ardensi,https://www.linkedin.com/company/70920325,1.0,41.0,1.0,7.0,7.0,1.0,0.0,0.0,0.0,0.1428571428571428,1.0,0.0,0.0,0.0,0.0,0.0,0.0,0,Legitimate,train
2638,Design Is Yummy,https://www.linkedin.com/company/2108956,1.0,40.0,1.0,4.333333333333333,15.0,3.0,0.0,0.0,0.0,0.2,1.0,0.0,0.0,0.0,0.0,0.0,0.0,0,Legitimate,train
2639,DeVry University & its Keller Graduate School of Management International,https://www.linkedin.com/company/9193880,1.0,40.0,1.0,6.4,73.0,10.0,0.0,0.0,1.0,0.1095890410958904,1.0,1.0,0.0,0.0,0.0,0.0,0.0,0,Legitimate,train
2640,Teesside University,https://www.linkedin.com/company/19095,1.0,38.0,1.0,9.0,19.0,2.0,0.0,0.0,0.0,0.1052631578947368,1.0,0.0,0.0,0.0,0.0,0.0,0.0,0,Legitimate,train
2641,Nottingham Trent University,https://www.linkedin.com/company/12947,1.0,38.0,1.0,8.333333333333334,27.0,3.0,0.0,0.0,0.0,0.1111111111111111,1.0,0.0,0.0,0.0,0.0,0.0,0.0,0,Legitimate,train
2642,Learning@Work,https://www.linkedin.com/company/6625347,1.0,40.0,1.0,13.0,13.0,1.0,0.0,0.0,1.0,0.1538461538461538,1.0,0.0,0.0,0.0,0.0,0.0,0.0,0,Legitimate,test
2643,Pangea Resourcing,https://www.linkedin.com/company/1802725,1.0,40.0,1.0,8.0,17.0,2.0,0.0,0.0,0.0,0.1176470588235294,1.0,0.0,0.0,0.0,0.0,0.0,0.0,0,Legitimate,train
2644,Neurability Technologies,https://www.linkedin.com/company/89996086,1.0,41.0,1.0,11.5,24.0,2.0,0.0,0.0,0.0,0.0833333333333333,1.0,0.0,0.0,0.0,0.0,0.0,0.0,0,Legitimate,val
2645,Evolv Technology,https://www.linkedin.com/company/3658410,1.0,40.0,1.0,7.5,16.0,2.0,0.0,0.0,0.0,0.125,1.0,0.0,0.0,0.0,0.0,0.0,0.0,0,Legitimate,train
2646,KPMG Deal Advisory,https://www.linkedin.com/company/28613575,1.0,41.0,1.0,5.333333333333333,18.0,3.0,0.0,0.0,0.0,0.3333333333333333,1.0,0.0,0.0,0.0,0.0,0.0,0.0,0,Legitimate,test
2647,Shah Cement,https://www.linkedin.com/company/13616520,1.0,41.0,1.0,5.0,11.0,2.0,0.0,0.0,0.0,0.1818181818181818,1.0,0.0,0.0,0.0,0.0,0.0,0.0,0,Legitimate,train
2648,SONGS FOR SOUND INC,https://www.linkedin.com/company/16119062,1.0,41.0,1.0,4.0,19.0,4.0,0.0,0.0,0.0,0.8421052631578947,1.0,0.0,0.0,0.0,0.0,1.0,1.0,0,Legitimate,train
2649,Louis Dreyfus Company,https://www.linkedin.com/company/7177,1.0,37.0,1.0,6.333333333333333,21.0,3.0,0.0,0.0,0.0,0.1428571428571428,1.0,0.0,0.0,0.0,0.0,1.0,1.0,0,Legitimate,train
2650,"Paggi Engineering, Lawrence J. Paggi PE,PC",https://www.linkedin.com/company/2495658,1.0,40.0,1.0,6.166666666666667,42.0,6.0,0.0,0.0,3.0,0.2142857142857142,1.0,0.0,1.0,0.0,0.0,0.0,0.0,0,Legitimate,train
2651,"APIW, Inc.",https://www.linkedin.com/company/70042565,1.0,41.0,1.0,4.5,10.0,2.0,0.0,0.0,2.0,0.5,1.0,0.0,1.0,0.0,0.0,1.0,1.0,0,Legitimate,train
2652,Verizon,https://www.linkedin.com/company/1103,1.0,37.0,1.0,7.0,7.0,1.0,0.0,0.0,0.0,0.1428571428571428,1.0,0.0,0.0,0.0,0.0,0.0,0.0,0,Legitimate,train
2653,Everytown for Gun Safety,https://www.linkedin.com/company/5166691,1.0,40.0,1.0,5.25,24.0,4.0,0.0,0.0,0.0,0.125,1.0,0.0,0.0,0.0,0.0,0.0,0.0,0,Legitimate,train
2654,University of Mumbai,https://www.linkedin.com/company/15093732,1.0,41.0,1.0,6.0,20.0,3.0,0.0,0.0,0.0,0.1,1.0,0.0,0.0,0.0,0.0,0.0,0.0,0,Legitimate,val
2655,Hub33,https://www.linkedin.com/company/71809775,1.0,41.0,1.0,5.0,5.0,1.0,2.0,1.0,0.0,0.2,1.0,0.0,0.0,1.0,1.0,0.0,0.0,0,Legitimate,train
2656,Unilever,https://www.linkedin.com/company/1248,1.0,37.0,1.0,8.0,8.0,1.0,0.0,0.0,0.0,0.125,1.0,0.0,0.0,0.0,0.0,0.0,0.0,0,Legitimate,train
2657,Salesforce Admins,https://www.linkedin.com/company/6374703,1.0,40.0,1.0,8.0,17.0,2.0,0.0,0.0,0.0,0.1176470588235294,1.0,0.0,0.0,0.0,0.0,0.0,0.0,0,Legitimate,train
2658,Webex Events (formerly Socio),https://www.linkedin.com/company/9195820,1.0,40.0,1.0,6.5,29.0,4.0,0.0,0.0,2.0,0.1034482758620689,1.0,0.0,0.0,0.0,0.0,0.0,0.0,0,Legitimate,val
2659,NACB,https://www.linkedin.com/company/18074713,1.0,41.0,1.0,4.0,4.0,1.0,0.0,0.0,0.0,1.0,1.0,0.0,0.0,0.0,0.0,0.0,0.0,0,Legitimate,test
2660,Algotree Technologies,https://www.linkedin.com/company/42327300,1.0,41.0,1.0,10.0,21.0,2.0,0.0,0.0,0.0,0.0952380952380952,1.0,0.0,0.0,0.0,0.0,0.0,0.0,0,Legitimate,test
2661,Tesla Automation Careers,,0.0,0.0,0.0,7.333333333333333,24.0,3.0,0.0,0.0,0.0,0.125,1.0,0.0,0.0,2.0,1.0,0.0,0.0,1,Fake_Scam,train
2662,Peking University HSBC Business School,https://www.linkedin.com/company/15128889,1.0,41.0,1.0,6.8,38.0,5.0,0.0,0.0,0.0,0.2105263157894736,1.0,0.0,0.0,0.0,0.0,0.0,0.0,0,Legitimate,val
2663,Therapy Brands,https://www.linkedin.com/company/33213730,1.0,41.0,1.0,6.5,14.0,2.0,0.0,0.0,0.0,0.1428571428571428,1.0,0.0,0.0,0.0,0.0,0.0,0.0,0,Legitimate,train
2664,Croomo | Digital training and learning products,https://www.linkedin.com/company/5143570,1.0,40.0,1.0,5.857142857142857,47.0,7.0,0.0,0.0,1.0,0.0425531914893617,1.0,0.0,0.0,1.0,1.0,0.0,0.0,0,Legitimate,train
2665,IDG UK,https://www.linkedin.com/company/2555104,1.0,40.0,1.0,2.5,6.0,2.0,0.0,0.0,0.0,0.8333333333333334,1.0,0.0,0.0,0.0,0.0,0.0,0.0,0,Legitimate,train
2666,AT Osborne,https://www.linkedin.com/company/29783,1.0,38.0,1.0,4.5,10.0,2.0,0.0,0.0,0.0,0.3,1.0,0.0,0.0,0.0,0.0,0.0,0.0,0,Legitimate,train
2667,Papa Johns,https://www.linkedin.com/company/14430,1.0,38.0,1.0,4.5,10.0,2.0,0.0,0.0,0.0,0.2,1.0,0.0,0.0,0.0,0.0,0.0,0.0,0,Legitimate,train
2668,Four Brown Girls,https://www.linkedin.com/company/9464386,1.0,40.0,1.0,4.666666666666667,16.0,3.0,0.0,0.0,0.0,0.1875,1.0,0.0,0.0,0.0,0.0,0.0,0.0,0,Legitimate,train
2669,Santa Fe College,https://www.linkedin.com/company/692941,1.0,39.0,1.0,4.666666666666667,16.0,3.0,0.0,0.0,0.0,0.1875,1.0,0.0,0.0,0.0,0.0,0.0,0.0,0,Legitimate,train
2670,Execution Specialists Group LLC,https://www.linkedin.com/company/975703,1.0,39.0,1.0,7.0,31.0,4.0,0.0,0.0,0.0,0.1935483870967742,1.0,0.0,0.0,0.0,0.0,2.0,1.0,0,Legitimate,train
2671,The Asset Management Exchange,https://www.linkedin.com/company/17955633,1.0,41.0,1.0,6.5,29.0,4.0,0.0,0.0,0.0,0.1379310344827586,1.0,0.0,0.0,0.0,0.0,0.0,0.0,0,Legitimate,train
2672,Johnson & Johnson Talent Portal,,0.0,0.0,0.0,5.4,31.0,5.0,0.0,0.0,1.0,0.1290322580645161,1.0,1.0,0.0,1.0,1.0,0.0,0.0,1,Fake_Scam,train
2673,Employer Branding Brazil,https://www.linkedin.com/company/11836546,1.0,41.0,1.0,7.333333333333333,24.0,3.0,0.0,0.0,0.0,0.125,1.0,0.0,0.0,0.0,0.0,0.0,0.0,0,Legitimate,train
2674,Institute of Molecular Biology and Biotechnology (IMBB),https://www.linkedin.com/company/525715,1.0,39.0,1.0,7.0,55.0,7.0,0.0,0.0,2.0,0.1454545454545454,1.0,0.0,0.0,0.0,0.0,0.0,0.0,0,Legitimate,train
2675,Star Mountain Capital,https://www.linkedin.com/company/1346197,1.0,40.0,1.0,6.333333333333333,21.0,3.0,0.0,0.0,0.0,0.1428571428571428,1.0,0.0,0.0,1.0,1.0,0.0,0.0,0,Legitimate,val
2676,南宁为尔电子科技有限公司,https://www.linkedin.com/company/32339829,1.0,41.0,1.0,12.0,12.0,1.0,0.0,0.0,0.0,0.0,0.0,0.0,0.0,0.0,0.0,0.0,0.0,0,Legitimate,train
2677,Dell Technologies Remote Workforce,,0.0,0.0,0.0,7.75,34.0,4.0,0.0,0.0,0.0,0.1176470588235294,1.0,0.0,0.0,1.0,1.0,0.0,0.0,1,Fake_Scam,train
2678,Vend by Lightspeed,https://www.linkedin.com/company/814954,1.0,39.0,1.0,5.333333333333333,18.0,3.0,0.0,0.0,0.0,0.1111111111111111,1.0,0.0,0.0,0.0,0.0,0.0,0.0,0,Legitimate,train
2679,Rakuten France,https://www.linkedin.com/company/28697,1.0,38.0,1.0,6.5,14.0,2.0,0.0,0.0,0.0,0.1428571428571428,1.0,0.0,0.0,0.0,0.0,0.0,0.0,0,Legitimate,train
2680,Elite Global Transcribers,,0.0,0.0,0.0,7.666666666666667,25.0,3.0,0.0,0.0,0.0,0.12,1.0,0.0,0.0,1.0,1.0,0.0,0.0,1,Fake_Scam,val
2681,San Diego State University,https://www.linkedin.com/company/6206,1.0,37.0,1.0,5.75,26.0,4.0,0.0,0.0,0.0,0.1538461538461538,1.0,0.0,0.0,0.0,0.0,0.0,0.0,0,Legitimate,test
2682,Jobeneur,https://www.linkedin.com/company/30989989,1.0,41.0,1.0,8.0,8.0,1.0,0.0,0.0,0.0,0.125,1.0,0.0,0.0,0.0,0.0,0.0,0.0,0,Legitimate,train
2683,Fender Musical Instruments Corporation,https://www.linkedin.com/company/16223,1.0,38.0,1.0,8.75,38.0,4.0,0.0,0.0,0.0,0.1052631578947368,1.0,0.0,0.0,0.0,0.0,1.0,1.0,0,Legitimate,train
2684,Rhema 99.7 Newcastle,https://www.linkedin.com/company/64641490,1.0,41.0,1.0,6.0,20.0,3.0,3.0,1.0,1.0,0.1,1.0,0.0,0.0,0.0,0.0,0.0,0.0,0,Legitimate,train
2685,Latam Fintech Hub,https://www.linkedin.com/company/3187009,1.0,40.0,1.0,5.0,17.0,3.0,0.0,0.0,0.0,0.1764705882352941,1.0,0.0,0.0,1.0,1.0,0.0,0.0,0,Legitimate,train
2686,University of Melbourne,https://www.linkedin.com/company/5677,1.0,37.0,1.0,7.0,23.0,3.0,0.0,0.0,0.0,0.0869565217391304,1.0,0.0,0.0,0.0,0.0,0.0,0.0,0,Legitimate,val
2687,温岭市福马机械制造有限公司,https://www.linkedin.com/company/32575490,1.0,41.0,1.0,13.0,13.0,1.0,0.0,0.0,0.0,0.0,0.0,0.0,0.0,0.0,0.0,0.0,0.0,0,Legitimate,test
2688,Firezone,https://www.linkedin.com/company/76573105,1.0,41.0,1.0,8.0,8.0,1.0,0.0,0.0,0.0,0.125,1.0,0.0,0.0,0.0,0.0,0.0,0.0,0,Legitimate,train
2689,ITR (International Tax Review),https://www.linkedin.com/company/20297065,1.0,41.0,1.0,6.75,30.0,4.0,0.0,0.0,2.0,0.2,1.0,0.0,0.0,0.0,0.0,0.0,0.0,0,Legitimate,train
2690,EW Fitness Center & Barber Club,https://www.linkedin.com/company/9501832,1.0,40.0,1.0,4.333333333333333,31.0,6.0,0.0,0.0,1.0,0.1935483870967742,1.0,1.0,0.0,0.0,0.0,0.0,0.0,0,Legitimate,train
2691,S&P Global Sustainable1,https://www.linkedin.com/company/79694600,1.0,41.0,1.0,7.0,23.0,3.0,1.0,1.0,1.0,0.1739130434782608,1.0,1.0,0.0,1.0,1.0,0.0,0.0,0,Legitimate,train
2692,Chateau Energy Solutions,https://www.linkedin.com/company/3813243,1.0,40.0,1.0,7.333333333333333,24.0,3.0,0.0,0.0,0.0,0.125,1.0,0.0,0.0,0.0,0.0,1.0,1.0,0,Legitimate,train
2693,Easler Law,https://www.linkedin.com/company/76917489,1.0,41.0,1.0,4.5,10.0,2.0,0.0,0.0,0.0,0.2,1.0,0.0,0.0,0.0,0.0,0.0,0.0,0,Legitimate,train
2694,Automotive Market Data,https://www.linkedin.com/company/80755059,1.0,41.0,1.0,6.666666666666667,22.0,3.0,0.0,0.0,0.0,0.1363636363636363,1.0,0.0,0.0,0.0,0.0,0.0,0.0,0,Legitimate,train
2695,Dress for Success Sydney,https://www.linkedin.com/company/2837496,1.0,40.0,1.0,5.25,24.0,4.0,0.0,0.0,0.0,0.125,1.0,0.0,0.0,0.0,0.0,0.0,0.0,0,Legitimate,test
2696,"NHS Solutions, Inc.",https://www.linkedin.com/company/552590,1.0,39.0,1.0,5.666666666666667,19.0,3.0,0.0,0.0,2.0,0.2631578947368421,1.0,0.0,1.0,0.0,0.0,2.0,1.0,0,Legitimate,test
2697,RICS,https://www.linkedin.com/company/165736,1.0,39.0,1.0,4.0,4.0,1.0,0.0,0.0,0.0,1.0,1.0,0.0,0.0,0.0,0.0,0.0,0.0,0,Legitimate,train
2698,Jobinfo,https://www.linkedin.com/company/39117,1.0,38.0,1.0,7.0,7.0,1.0,0.0,0.0,0.0,0.1428571428571428,1.0,0.0,0.0,0.0,0.0,0.0,0.0,0,Legitimate,train
2699,Netflix Streaming Operations Hub,,0.0,0.0,0.0,7.25,32.0,4.0,0.0,0.0,0.0,0.125,1.0,0.0,0.0,1.0,1.0,0.0,0.0,1,Fake_Scam,train
2700,Intrinsic LLC,https://www.linkedin.com/company/738889,1.0,39.0,1.0,6.0,13.0,2.0,0.0,0.0,0.0,0.3076923076923077,1.0,0.0,0.0,0.0,0.0,1.0,1.0,0,Legitimate,train
2701,Hollisgroupllc,https://www.linkedin.com/company/40886107,1.0,41.0,1.0,14.0,14.0,1.0,0.0,0.0,0.0,0.0714285714285714,1.0,0.0,0.0,0.0,0.0,0.0,0.0,0,Legitimate,train
2702,Cisco Networking Academy,https://www.linkedin.com/company/16202254,1.0,41.0,1.0,7.333333333333333,24.0,3.0,0.0,0.0,0.0,0.125,1.0,0.0,0.0,1.0,1.0,0.0,0.0,0,Legitimate,val
2703,JD Finish Line,https://www.linkedin.com/company/10914,1.0,38.0,1.0,4.0,14.0,3.0,0.0,0.0,0.0,0.2857142857142857,1.0,0.0,0.0,0.0,0.0,0.0,0.0,0,Legitimate,train
2704,"Real Talk Session Series, LLC.",https://www.linkedin.com/company/13045495,1.0,41.0,1.0,5.2,30.0,5.0,0.0,0.0,2.0,0.2333333333333333,1.0,0.0,1.0,0.0,0.0,1.0,1.0,0,Legitimate,train
2705,Energy Solutions,https://www.linkedin.com/company/321632,1.0,39.0,1.0,7.5,16.0,2.0,0.0,0.0,0.0,0.125,1.0,0.0,0.0,0.0,0.0,1.0,1.0,0,Legitimate,test
2706,Westminster Communities of Florida,https://www.linkedin.com/company/10860894,1.0,41.0,1.0,7.75,34.0,4.0,0.0,0.0,0.0,0.088235294117647,1.0,0.0,0.0,0.0,0.0,0.0,0.0,0,Legitimate,test
2707,Sitka Digital,https://www.linkedin.com/company/40854346,1.0,41.0,1.0,6.0,13.0,2.0,0.0,0.0,0.0,0.1538461538461538,1.0,0.0,0.0,0.0,0.0,0.0,0.0,0,Legitimate,val
2708,Shenzhen University,https://www.linkedin.com/company/15092501,1.0,41.0,1.0,9.0,19.0,2.0,0.0,0.0,0.0,0.1052631578947368,1.0,0.0,0.0,0.0,0.0,0.0,0.0,0,Legitimate,test
2709,Kansas State University,https://www.linkedin.com/company/7031,1.0,37.0,1.0,7.0,23.0,3.0,0.0,0.0,0.0,0.1304347826086956,1.0,0.0,0.0,0.0,0.0,0.0,0.0,0,Legitimate,train
2710,GetSmarter,https://www.linkedin.com/company/453299,1.0,39.0,1.0,10.0,10.0,1.0,0.0,0.0,0.0,0.2,1.0,0.0,0.0,0.0,0.0,0.0,0.0,0,Legitimate,train
2711,OSI Consulting,https://www.linkedin.com/company/165355,1.0,39.0,1.0,6.5,14.0,2.0,0.0,0.0,0.0,0.2857142857142857,1.0,0.0,0.0,1.0,1.0,0.0,0.0,0,Legitimate,train
2712,Moderna Therapeutics Careers,,0.0,0.0,0.0,8.666666666666666,28.0,3.0,0.0,0.0,0.0,0.1071428571428571,1.0,0.0,0.0,2.0,1.0,0.0,0.0,1,Fake_Scam,train
2713,Universal Manufacturing Corp.,https://www.linkedin.com/company/2706594,1.0,40.0,1.0,9.0,29.0,3.0,0.0,0.0,1.0,0.1034482758620689,1.0,0.0,0.0,0.0,0.0,1.0,1.0,0,Legitimate,train
2714,Halliburton,https://www.linkedin.com/company/2217,1.0,37.0,1.0,11.0,11.0,1.0,0.0,0.0,0.0,0.0909090909090909,1.0,0.0,0.0,0.0,0.0,0.0,0.0,0,Legitimate,train
2715,Workling,https://www.linkedin.com/company/53237848,1.0,41.0,1.0,8.0,8.0,1.0,0.0,0.0,0.0,0.125,1.0,0.0,0.0,0.0,0.0,0.0,0.0,0,Legitimate,train
2716,ACCIONA Agua,https://www.linkedin.com/company/5163626,1.0,40.0,1.0,5.5,12.0,2.0,0.0,0.0,0.0,0.6666666666666666,1.0,0.0,0.0,0.0,0.0,0.0,0.0,0,Legitimate,train
2717,Elizabeth Arden,https://www.linkedin.com/company/7993,1.0,37.0,1.0,7.0,15.0,2.0,0.0,0.0,0.0,0.1333333333333333,1.0,0.0,0.0,0.0,0.0,0.0,0.0,0,Legitimate,train
2718,National Technical University of Athens,https://www.linkedin.com/company/16460,1.0,38.0,1.0,7.0,39.0,5.0,0.0,0.0,0.0,0.1025641025641025,1.0,0.0,0.0,0.0,0.0,0.0,0.0,0,Legitimate,train
2719,Singularity Tech Intelligence,,0.0,0.0,0.0,9.0,29.0,3.0,0.0,0.0,0.0,0.1034482758620689,1.0,0.0,0.0,0.0,0.0,0.0,0.0,1,Fake_Scam,train
2720,Centennial College,https://www.linkedin.com/company/14309,1.0,38.0,1.0,8.5,18.0,2.0,0.0,0.0,0.0,0.1111111111111111,1.0,0.0,0.0,0.0,0.0,0.0,0.0,0,Legitimate,train
2721,Nouhau,https://www.linkedin.com/company/40774753,1.0,41.0,1.0,6.0,6.0,1.0,0.0,0.0,0.0,0.1666666666666666,1.0,0.0,0.0,0.0,0.0,0.0,0.0,0,Legitimate,train
2722,Oxfam Aotearoa,https://www.linkedin.com/company/231472,1.0,39.0,1.0,6.5,14.0,2.0,0.0,0.0,0.0,0.1428571428571428,1.0,0.0,0.0,0.0,0.0,0.0,0.0,0,Legitimate,train
2723,Surf,https://www.linkedin.com/company/18468732,1.0,41.0,1.0,4.0,4.0,1.0,0.0,0.0,0.0,0.25,1.0,0.0,0.0,0.0,0.0,0.0,0.0,0,Legitimate,val
2724,New Civil Engineer,https://www.linkedin.com/company/18344886,1.0,41.0,1.0,5.333333333333333,18.0,3.0,0.0,0.0,0.0,0.1666666666666666,1.0,0.0,0.0,0.0,0.0,0.0,0.0,0,Legitimate,train
2725,Marketing for Justice,https://www.linkedin.com/company/71894347,1.0,41.0,1.0,6.333333333333333,21.0,3.0,0.0,0.0,0.0,0.0952380952380952,1.0,0.0,0.0,0.0,0.0,0.0,0.0,0,Legitimate,train
2726,Facility Solutions from Veritiv,https://www.linkedin.com/company/3976893,1.0,40.0,1.0,7.0,31.0,4.0,0.0,0.0,0.0,0.0967741935483871,1.0,0.0,0.0,0.0,0.0,1.0,1.0,0,Legitimate,val
2727,Apple Distribution Remote Support,,0.0,0.0,0.0,7.5,33.0,4.0,0.0,0.0,0.0,0.1212121212121212,1.0,0.0,0.0,1.0,1.0,0.0,0.0,1,Fake_Scam,train
2728,FritzFinn,https://www.linkedin.com/company/28131751,1.0,41.0,1.0,9.0,9.0,1.0,0.0,0.0,0.0,0.2222222222222222,1.0,0.0,0.0,0.0,0.0,0.0,0.0,0,Legitimate,test
2729,Apex Postal Solutions,,0.0,0.0,0.0,6.333333333333333,21.0,3.0,0.0,0.0,0.0,0.1428571428571428,1.0,0.0,0.0,0.0,0.0,1.0,1.0,1,Fake_Scam,train
2730,BackOffice Associates,https://www.linkedin.com/company/23826,1.0,38.0,1.0,10.0,21.0,2.0,0.0,0.0,0.0,0.1428571428571428,1.0,0.0,0.0,0.0,0.0,0.0,0.0,0,Legitimate,train
2731,USAJOBS,https://www.linkedin.com/company/5399983,1.0,40.0,1.0,7.0,7.0,1.0,0.0,0.0,0.0,1.0,1.0,0.0,0.0,0.0,0.0,0.0,0.0,0,Legitimate,train
2732,"LearnLab, part of Carnegie Mellon University Simon Initiative",https://www.linkedin.com/company/73261002,1.0,41.0,1.0,6.75,61.0,8.0,0.0,0.0,1.0,0.1147540983606557,1.0,0.0,1.0,0.0,0.0,0.0,0.0,0,Legitimate,train
2733,ML6 Search + Talent Advisory,https://www.linkedin.com/company/16223675,1.0,41.0,1.0,4.8,28.0,5.0,1.0,1.0,1.0,0.1785714285714285,1.0,0.0,0.0,1.0,1.0,0.0,0.0,0,Legitimate,train
2734,Starlight Creative Studios,,0.0,0.0,0.0,8.0,26.0,3.0,0.0,0.0,0.0,0.1153846153846153,1.0,0.0,0.0,0.0,0.0,0.0,0.0,1,Fake_Scam,train
2735,Finest.se,https://www.linkedin.com/company/3652153,1.0,40.0,1.0,9.0,9.0,1.0,0.0,0.0,1.0,0.1111111111111111,1.0,0.0,0.0,0.0,0.0,0.0,0.0,0,Legitimate,train
2736,Acklen Avenue,https://www.linkedin.com/company/2473418,1.0,40.0,1.0,6.0,13.0,2.0,0.0,0.0,0.0,0.1538461538461538,1.0,0.0,0.0,0.0,0.0,0.0,0.0,0,Legitimate,test
2737,Georgia Tech Athletic Association,https://www.linkedin.com/company/1178010,1.0,40.0,1.0,7.5,33.0,4.0,0.0,0.0,0.0,0.1212121212121212,1.0,0.0,0.0,0.0,0.0,0.0,0.0,0,Legitimate,train
2738,Capital University Law School,https://www.linkedin.com/company/15249339,1.0,41.0,1.0,6.5,29.0,4.0,0.0,0.0,0.0,0.1379310344827586,1.0,0.0,0.0,1.0,1.0,0.0,0.0,0,Legitimate,train
2739,Temasek,https://www.linkedin.com/company/15956,1.0,38.0,1.0,7.0,7.0,1.0,0.0,0.0,0.0,0.1428571428571428,1.0,0.0,0.0,0.0,0.0,0.0,0.0,0,Legitimate,train
2740,Priority Sports & Entertainment,https://www.linkedin.com/company/121560,1.0,39.0,1.0,7.0,31.0,4.0,0.0,0.0,1.0,0.0967741935483871,1.0,1.0,0.0,0.0,0.0,0.0,0.0,0,Legitimate,val
2741,Grammarly Business,https://www.linkedin.com/company/81531054,1.0,41.0,1.0,8.5,18.0,2.0,0.0,0.0,0.0,0.1111111111111111,1.0,0.0,0.0,0.0,0.0,0.0,0.0,0,Legitimate,val
2742,Collins Aerospace,https://www.linkedin.com/company/11695727,1.0,41.0,1.0,8.0,17.0,2.0,0.0,0.0,0.0,0.1176470588235294,1.0,0.0,0.0,0.0,0.0,0.0,0.0,0,Legitimate,val
2743,TeacherGoals,https://www.linkedin.com/company/42686854,1.0,41.0,1.0,12.0,12.0,1.0,0.0,0.0,0.0,0.1666666666666666,1.0,0.0,0.0,0.0,0.0,0.0,0.0,0,Legitimate,val
2744,Gig Wage,https://www.linkedin.com/company/4789533,1.0,40.0,1.0,3.5,8.0,2.0,0.0,0.0,0.0,0.25,1.0,0.0,0.0,0.0,0.0,0.0,0.0,0,Legitimate,train
2745,Olo,https://www.linkedin.com/company/1574684,1.0,40.0,1.0,3.0,3.0,1.0,0.0,0.0,0.0,0.3333333333333333,1.0,0.0,0.0,0.0,0.0,0.0,0.0,0,Legitimate,train
2746,Rutgers Business School,https://www.linkedin.com/company/4261,1.0,37.0,1.0,7.0,23.0,3.0,0.0,0.0,0.0,0.1304347826086956,1.0,0.0,0.0,0.0,0.0,0.0,0.0,0,Legitimate,train
2747,Chung Hsin Electric & Machinery MFG CORP,https://www.linkedin.com/company/1147505,1.0,40.0,1.0,4.857142857142857,40.0,7.0,0.0,0.0,1.0,0.275,1.0,1.0,0.0,0.0,0.0,1.0,1.0,0,Legitimate,train
2748,Orion Conmerx Pvt. Ltd.,https://www.linkedin.com/company/66632739,1.0,41.0,1.0,5.0,23.0,4.0,0.0,0.0,2.0,0.1739130434782608,1.0,0.0,0.0,0.0,0.0,1.0,1.0,0,Legitimate,val
2749,TIM Brasil,https://www.linkedin.com/company/372589,1.0,39.0,1.0,4.5,10.0,2.0,0.0,0.0,0.0,0.4,1.0,0.0,0.0,0.0,0.0,0.0,0.0,0,Legitimate,test
2750,EyrID,https://www.linkedin.com/company/76781244,1.0,41.0,1.0,5.0,5.0,1.0,0.0,0.0,0.0,0.6,1.0,0.0,0.0,0.0,0.0,0.0,0.0,0,Legitimate,train
2751,The Ohio State University Fisher College of Business,https://www.linkedin.com/company/15099695,1.0,41.0,1.0,5.625,52.0,8.0,0.0,0.0,0.0,0.1346153846153846,1.0,0.0,0.0,0.0,0.0,0.0,0.0,0,Legitimate,train
2752,EXPRESS,https://www.linkedin.com/company/200465,1.0,39.0,1.0,7.0,7.0,1.0,0.0,0.0,0.0,1.0,1.0,0.0,0.0,0.0,0.0,0.0,0.0,0,Legitimate,train
2753,"VRS Meetings & Events, Inc.",https://www.linkedin.com/company/11498680,1.0,41.0,1.0,4.6,27.0,5.0,0.0,0.0,3.0,0.2222222222222222,1.0,1.0,1.0,0.0,0.0,1.0,1.0,0,Legitimate,train
2754,Northern Virginia Technology Council (NVTC),https://www.linkedin.com/company/56225,1.0,38.0,1.0,7.8,43.0,5.0,0.0,0.0,2.0,0.1860465116279069,1.0,0.0,0.0,0.0,0.0,0.0,0.0,0,Legitimate,train
2755,Hope4,https://www.linkedin.com/company/77007105,1.0,41.0,1.0,5.0,5.0,1.0,1.0,1.0,0.0,0.2,1.0,0.0,0.0,0.0,0.0,0.0,0.0,0,Legitimate,val
2756,Kavak.com,https://www.linkedin.com/company/15196956,1.0,41.0,1.0,9.0,9.0,1.0,0.0,0.0,1.0,0.1111111111111111,1.0,0.0,0.0,0.0,0.0,0.0,0.0,0,Legitimate,train
2757,Hawthorne,https://www.linkedin.com/company/18345377,1.0,41.0,1.0,9.0,9.0,1.0,0.0,0.0,0.0,0.1111111111111111,1.0,0.0,0.0,0.0,0.0,0.0,0.0,0,Legitimate,train
2758,"Land O'Lakes, Inc.",https://www.linkedin.com/company/7935,1.0,37.0,1.0,5.333333333333333,18.0,3.0,0.0,0.0,3.0,0.2222222222222222,1.0,0.0,1.0,0.0,0.0,1.0,1.0,0,Legitimate,val
2759,Fortress Cyber Security,https://www.linkedin.com/company/15263198,1.0,41.0,1.0,7.0,23.0,3.0,0.0,0.0,0.0,0.1304347826086956,1.0,0.0,0.0,0.0,0.0,0.0,0.0,0,Legitimate,train
2760,Nikon,https://www.linkedin.com/company/209374,1.0,39.0,1.0,5.0,5.0,1.0,0.0,0.0,0.0,0.2,1.0,0.0,0.0,0.0,0.0,0.0,0.0,0,Legitimate,test
2761,Texas Department of Information Resources,https://www.linkedin.com/company/1191778,1.0,40.0,1.0,7.4,41.0,5.0,0.0,0.0,0.0,0.0975609756097561,1.0,0.0,0.0,0.0,0.0,0.0,0.0,0,Legitimate,test
2762,Sabaragamuwa University of Sri Lanka,https://www.linkedin.com/company/2058646,1.0,40.0,1.0,6.4,36.0,5.0,0.0,0.0,0.0,0.1111111111111111,1.0,0.0,0.0,0.0,0.0,0.0,0.0,0,Legitimate,train
2763,Microsoft Cloud Solutions Recruiter,,0.0,0.0,0.0,8.0,35.0,4.0,0.0,0.0,0.0,0.1142857142857142,1.0,0.0,0.0,1.0,1.0,1.0,1.0,1,Fake_Scam,train
2764,Centre Hospitalier Simone Veil de Blois,https://www.linkedin.com/company/11011234,1.0,41.0,1.0,5.666666666666667,39.0,6.0,0.0,0.0,0.0,0.1282051282051282,1.0,0.0,0.0,0.0,0.0,0.0,0.0,0,Legitimate,train
2765,Optimity,https://www.linkedin.com/company/5071924,1.0,40.0,1.0,8.0,8.0,1.0,0.0,0.0,0.0,0.125,1.0,0.0,0.0,0.0,0.0,0.0,0.0,0,Legitimate,train
2766,Distrito Empresarial do Porto,https://www.linkedin.com/company/74999084,1.0,41.0,1.0,6.5,29.0,4.0,0.0,0.0,0.0,0.1034482758620689,1.0,0.0,0.0,0.0,0.0,0.0,0.0,0,Legitimate,train
2767,The Brooklyn Hospital Center,https://www.linkedin.com/company/937466,1.0,39.0,1.0,6.25,28.0,4.0,0.0,0.0,0.0,0.1428571428571428,1.0,0.0,0.0,0.0,0.0,0.0,0.0,0,Legitimate,train
2768,Murdoch University,https://www.linkedin.com/company/165072,1.0,39.0,1.0,8.5,18.0,2.0,0.0,0.0,0.0,0.1111111111111111,1.0,0.0,0.0,0.0,0.0,0.0,0.0,0,Legitimate,train
2769,Kaplan Studio,https://www.linkedin.com/company/296427,1.0,39.0,1.0,6.0,13.0,2.0,0.0,0.0,0.0,0.1538461538461538,1.0,0.0,0.0,0.0,0.0,0.0,0.0,0,Legitimate,train
2770,Spring Search Group,https://www.linkedin.com/company/846888,1.0,39.0,1.0,5.666666666666667,19.0,3.0,0.0,0.0,0.0,0.1578947368421052,1.0,0.0,0.0,0.0,0.0,1.0,1.0,0,Legitimate,val
2771,BDO,https://www.linkedin.com/company/2756919,1.0,40.0,1.0,3.0,3.0,1.0,0.0,0.0,0.0,1.0,1.0,0.0,0.0,0.0,0.0,0.0,0.0,0,Legitimate,test
2772,EvolveHer Media,https://www.linkedin.com/company/25064976,1.0,41.0,1.0,7.0,15.0,2.0,0.0,0.0,0.0,0.2,1.0,0.0,0.0,0.0,0.0,0.0,0.0,0,Legitimate,train
2773,Rootstock Software,https://www.linkedin.com/company/2389168,1.0,40.0,1.0,8.5,18.0,2.0,0.0,0.0,0.0,0.1111111111111111,1.0,0.0,0.0,0.0,0.0,0.0,0.0,0,Legitimate,train
2774,AAAIM,https://www.linkedin.com/company/10407409,1.0,41.0,1.0,5.0,5.0,1.0,0.0,0.0,0.0,1.0,1.0,0.0,0.0,0.0,0.0,0.0,0.0,0,Legitimate,train
2775,Iron Mountain,https://www.linkedin.com/company/3780,1.0,37.0,1.0,6.0,13.0,2.0,0.0,0.0,0.0,0.1538461538461538,1.0,0.0,0.0,0.0,0.0,0.0,0.0,0,Legitimate,val
2776,Kipper Tool Company,https://www.linkedin.com/company/1167319,1.0,40.0,1.0,5.666666666666667,19.0,3.0,0.0,0.0,0.0,0.1578947368421052,1.0,0.0,0.0,0.0,0.0,1.0,1.0,0,Legitimate,train
2777,City of Boulder,https://www.linkedin.com/company/15645,1.0,38.0,1.0,4.333333333333333,15.0,3.0,0.0,0.0,0.0,0.1333333333333333,1.0,0.0,0.0,0.0,0.0,0.0,0.0,0,Legitimate,train
2778,PathAI,https://www.linkedin.com/company/10804043,1.0,41.0,1.0,6.0,6.0,1.0,0.0,0.0,0.0,0.5,1.0,0.0,0.0,0.0,0.0,0.0,0.0,0,Legitimate,val
2779,StreetWise Partners,https://www.linkedin.com/company/61193,1.0,38.0,1.0,9.0,19.0,2.0,0.0,0.0,0.0,0.1578947368421052,1.0,0.0,0.0,0.0,0.0,1.0,1.0,0,Legitimate,val
2780,Axbit,https://www.linkedin.com/company/3337122,1.0,40.0,1.0,5.0,5.0,1.0,0.0,0.0,0.0,0.2,1.0,0.0,0.0,0.0,0.0,0.0,0.0,0,Legitimate,test
2781,Texas Roadhouse,https://www.linkedin.com/company/20139,1.0,38.0,1.0,7.0,15.0,2.0,0.0,0.0,0.0,0.1333333333333333,1.0,0.0,0.0,0.0,0.0,0.0,0.0,0,Legitimate,val
2782,University of Delaware,https://www.linkedin.com/company/6807,1.0,37.0,1.0,6.666666666666667,22.0,3.0,0.0,0.0,0.0,0.0909090909090909,1.0,0.0,0.0,0.0,0.0,0.0,0.0,0,Legitimate,train
2783,Human Resource Consultants,https://www.linkedin.com/company/153105,1.0,39.0,1.0,8.0,26.0,3.0,0.0,0.0,0.0,0.1153846153846153,1.0,0.0,0.0,1.0,1.0,0.0,0.0,0,Legitimate,train
2784,"Accessible Teaching, Learning, and Assessment Systems (ATLAS)",https://www.linkedin.com/company/80886730,1.0,41.0,1.0,7.857142857142857,61.0,7.0,0.0,0.0,4.0,0.1639344262295081,1.0,0.0,1.0,0.0,0.0,0.0,0.0,0,Legitimate,train
2785,Edmarc,https://www.linkedin.com/company/2397383,1.0,40.0,1.0,6.0,6.0,1.0,0.0,0.0,0.0,0.1666666666666666,1.0,0.0,0.0,0.0,0.0,0.0,0.0,0,Legitimate,train
2786,Wildlife Conservation Network,https://www.linkedin.com/company/1438070,1.0,40.0,1.0,9.0,29.0,3.0,0.0,0.0,0.0,0.1034482758620689,1.0,0.0,0.0,0.0,0.0,0.0,0.0,0,Legitimate,train
2787,Bid Solutions,https://www.linkedin.com/company/137705,1.0,39.0,1.0,6.0,13.0,2.0,0.0,0.0,0.0,0.1538461538461538,1.0,0.0,0.0,0.0,0.0,1.0,1.0,0,Legitimate,train
2788,Metro Express Couriers,,0.0,0.0,0.0,6.666666666666667,22.0,3.0,0.0,0.0,0.0,0.1363636363636363,1.0,0.0,0.0,0.0,0.0,0.0,0.0,1,Fake_Scam,train
2789,Trilo,https://www.linkedin.com/company/13061100,1.0,41.0,1.0,5.0,5.0,1.0,0.0,0.0,0.0,0.2,1.0,0.0,0.0,0.0,0.0,0.0,0.0,0,Legitimate,train
2790,Geena Davis Institute on Gender in Media,https://www.linkedin.com/company/6632472,1.0,40.0,1.0,4.857142857142857,40.0,7.0,0.0,0.0,0.0,0.125,1.0,0.0,0.0,0.0,0.0,0.0,0.0,0,Legitimate,train
2791,"TRANSEARCH, Detroit Auto/Industrial (formerly Tier One Executive Search)",https://www.linkedin.com/company/1597444,1.0,40.0,1.0,8.125,72.0,8.0,0.0,0.0,4.0,0.2361111111111111,1.0,0.0,1.0,0.0,0.0,0.0,0.0,0,Legitimate,train
2792,CFC,https://www.linkedin.com/company/9417,1.0,37.0,1.0,3.0,3.0,1.0,0.0,0.0,0.0,1.0,1.0,0.0,0.0,0.0,0.0,0.0,0.0,0,Legitimate,test
2793,HBSI Capital,https://www.linkedin.com/company/82785228,1.0,41.0,1.0,5.5,12.0,2.0,0.0,0.0,0.0,0.4166666666666667,1.0,0.0,0.0,1.0,1.0,0.0,0.0,0,Legitimate,train
2794,AJ&Smart,https://www.linkedin.com/company/2560650,1.0,40.0,1.0,8.0,8.0,1.0,0.0,0.0,1.0,0.375,1.0,1.0,0.0,0.0,0.0,0.0,0.0,0,Legitimate,test
2795,Goldman Sachs,https://www.linkedin.com/company/1382,1.0,37.0,1.0,6.0,13.0,2.0,0.0,0.0,0.0,0.1538461538461538,1.0,0.0,0.0,0.0,0.0,0.0,0.0,0,Legitimate,train
2796,Design & Crafts Council Ireland,https://www.linkedin.com/company/492114,1.0,39.0,1.0,5.4,31.0,5.0,0.0,0.0,1.0,0.1290322580645161,1.0,1.0,0.0,0.0,0.0,0.0,0.0,0,Legitimate,train
2797,"Glossier, Inc.",https://www.linkedin.com/company/9217565,1.0,40.0,1.0,6.5,14.0,2.0,0.0,0.0,2.0,0.1428571428571428,1.0,0.0,1.0,0.0,0.0,1.0,1.0,0,Legitimate,test
2798,"Biz Advisory Consulting, LLC.",https://www.linkedin.com/company/64721638,1.0,41.0,1.0,6.5,29.0,4.0,0.0,0.0,2.0,0.2068965517241379,1.0,0.0,1.0,1.0,1.0,1.0,1.0,0,Legitimate,train
2799,University of York,https://www.linkedin.com/company/10399,1.0,38.0,1.0,5.333333333333333,18.0,3.0,0.0,0.0,0.0,0.1111111111111111,1.0,0.0,0.0,0.0,0.0,0.0,0.0,0,Legitimate,train
2800,Harvard Graduate School of Education,https://www.linkedin.com/company/1653,1.0,37.0,1.0,6.4,36.0,5.0,0.0,0.0,0.0,0.1111111111111111,1.0,0.0,0.0,0.0,0.0,0.0,0.0,0,Legitimate,train
2801,Amazon Ads,https://www.linkedin.com/company/19199874,1.0,41.0,1.0,4.5,10.0,2.0,0.0,0.0,0.0,0.2,1.0,0.0,0.0,0.0,0.0,0.0,0.0,0,Legitimate,train
2802,Estee Lauder NV,https://www.linkedin.com/company/10028023,1.0,41.0,1.0,4.333333333333333,15.0,3.0,0.0,0.0,0.0,0.2666666666666666,1.0,0.0,0.0,0.0,0.0,0.0,0.0,0,Legitimate,train
2803,Hired,https://www.linkedin.com/company/2786985,1.0,40.0,1.0,5.0,5.0,1.0,0.0,0.0,0.0,0.2,1.0,0.0,0.0,0.0,0.0,0.0,0.0,0,Legitimate,val
2804,FrontStream,https://www.linkedin.com/company/1076858,1.0,40.0,1.0,11.0,11.0,1.0,0.0,0.0,0.0,0.1818181818181818,1.0,0.0,0.0,0.0,0.0,0.0,0.0,0,Legitimate,train
2805,WelbeHealth,https://www.linkedin.com/company/7969298,1.0,40.0,1.0,11.0,11.0,1.0,0.0,0.0,0.0,0.1818181818181818,1.0,0.0,0.0,0.0,0.0,0.0,0.0,0,Legitimate,test
2806,Postmates by Uber,https://www.linkedin.com/company/2687211,1.0,40.0,1.0,5.0,17.0,3.0,0.0,0.0,0.0,0.1176470588235294,1.0,0.0,0.0,0.0,0.0,0.0,0.0,0,Legitimate,train
2807,Gregory FCA,https://www.linkedin.com/company/29587,1.0,38.0,1.0,5.0,11.0,2.0,0.0,0.0,0.0,0.3636363636363636,1.0,0.0,0.0,0.0,0.0,0.0,0.0,0,Legitimate,test
2808,National Labor Relations Board,https://www.linkedin.com/company/17970,1.0,38.0,1.0,6.75,30.0,4.0,0.0,0.0,0.0,0.1333333333333333,1.0,0.0,0.0,0.0,0.0,0.0,0.0,0,Legitimate,train
2809,Google Cloud Operations Talent,,0.0,0.0,0.0,6.75,30.0,4.0,0.0,0.0,0.0,0.1333333333333333,1.0,0.0,0.0,1.0,1.0,0.0,0.0,1,Fake_Scam,train
2810,Saxton Group,https://www.linkedin.com/company/507223,1.0,39.0,1.0,5.5,12.0,2.0,0.0,0.0,0.0,0.1666666666666666,1.0,0.0,0.0,0.0,0.0,1.0,1.0,0,Legitimate,train
2811,Abbott Diagnostics Talent Desk,,0.0,0.0,0.0,6.75,30.0,4.0,0.0,0.0,0.0,0.1333333333333333,1.0,0.0,0.0,1.0,1.0,0.0,0.0,1,Fake_Scam,train
2812,Deeper Than Color: Social Justice & Strength-Based Psychotherapy and Consulting,https://www.linkedin.com/company/18961526,1.0,41.0,1.0,7.0,79.0,10.0,0.0,0.0,3.0,0.1139240506329113,1.0,1.0,0.0,1.0,1.0,0.0,0.0,0,Legitimate,train
2813,MarketAxess,https://www.linkedin.com/company/13651,1.0,38.0,1.0,11.0,11.0,1.0,0.0,0.0,0.0,0.1818181818181818,1.0,0.0,0.0,0.0,0.0,0.0,0.0,0,Legitimate,train
2814,Assortis,https://www.linkedin.com/company/1014272,1.0,40.0,1.0,8.0,8.0,1.0,0.0,0.0,0.0,0.125,1.0,0.0,0.0,0.0,0.0,0.0,0.0,0,Legitimate,val
2815,MyCujoo (An ELEVEN Company) - Legacy/Archive Page,https://www.linkedin.com/company/3291818,1.0,40.0,1.0,6.142857142857143,49.0,7.0,0.0,0.0,4.0,0.2653061224489796,1.0,0.0,0.0,0.0,0.0,1.0,1.0,0,Legitimate,train
2816,Pie Creative Agency,https://www.linkedin.com/company/17991466,1.0,41.0,1.0,5.666666666666667,19.0,3.0,0.0,0.0,0.0,0.1578947368421052,1.0,0.0,0.0,0.0,0.0,0.0,0.0,0,Legitimate,train
2817,Herman Law Firm,https://www.linkedin.com/company/10884440,1.0,41.0,1.0,4.333333333333333,15.0,3.0,0.0,0.0,0.0,0.2,1.0,0.0,0.0,0.0,0.0,0.0,0.0,0,Legitimate,train
2818,The Colette Louise Tisdahl Foundation,https://www.linkedin.com/company/42945810,1.0,41.0,1.0,6.6,37.0,5.0,0.0,0.0,0.0,0.1351351351351351,1.0,0.0,0.0,0.0,0.0,0.0,0.0,0,Legitimate,train
2819,IndeVets,https://www.linkedin.com/company/11538527,1.0,41.0,1.0,8.0,8.0,1.0,0.0,0.0,0.0,0.25,1.0,0.0,0.0,0.0,0.0,0.0,0.0,0,Legitimate,train
2820,ReneSola Ltd.,https://www.linkedin.com/company/798310,1.0,39.0,1.0,6.0,13.0,2.0,0.0,0.0,1.0,0.2307692307692307,1.0,0.0,0.0,0.0,0.0,1.0,1.0,0,Legitimate,val
2821,Open Source Initiative (OSI),https://www.linkedin.com/company/885950,1.0,39.0,1.0,6.25,28.0,4.0,0.0,0.0,2.0,0.2142857142857142,1.0,0.0,0.0,0.0,0.0,0.0,0.0,0,Legitimate,train
2822,VIDA GLOW,https://www.linkedin.com/company/12175603,1.0,41.0,1.0,4.0,9.0,2.0,0.0,0.0,0.0,0.8888888888888888,1.0,0.0,0.0,0.0,0.0,0.0,0.0,0,Legitimate,train
2823,Theatre Philadelphia,https://www.linkedin.com/company/4993118,1.0,40.0,1.0,9.5,20.0,2.0,0.0,0.0,0.0,0.1,1.0,0.0,0.0,0.0,0.0,0.0,0.0,0,Legitimate,val
2824,Bakery Group,https://www.linkedin.com/company/2780946,1.0,40.0,1.0,5.5,12.0,2.0,0.0,0.0,0.0,0.1666666666666666,1.0,0.0,0.0,0.0,0.0,1.0,1.0,0,Legitimate,train
2825,The Social Shake-Up,https://www.linkedin.com/company/35535577,1.0,41.0,1.0,5.666666666666667,19.0,3.0,0.0,0.0,1.0,0.2105263157894736,1.0,0.0,0.0,0.0,0.0,0.0,0.0,0,Legitimate,train
2826,American India Foundation,https://www.linkedin.com/company/29782,1.0,38.0,1.0,7.666666666666667,25.0,3.0,0.0,0.0,0.0,0.12,1.0,0.0,0.0,0.0,0.0,0.0,0.0,0,Legitimate,train
2827,Fearless Dialogues,https://www.linkedin.com/company/82505877,1.0,41.0,1.0,8.5,18.0,2.0,0.0,0.0,0.0,0.1111111111111111,1.0,0.0,0.0,0.0,0.0,0.0,0.0,0,Legitimate,train
2828,Rowan College at Gloucester County,https://www.linkedin.com/company/49133,1.0,38.0,1.0,6.0,34.0,5.0,0.0,0.0,0.0,0.1176470588235294,1.0,0.0,0.0,0.0,0.0,0.0,0.0,0,Legitimate,train
2829,Chinese Academy of Sciences,https://www.linkedin.com/company/37186,1.0,38.0,1.0,6.0,27.0,4.0,0.0,0.0,0.0,0.1111111111111111,1.0,0.0,0.0,1.0,1.0,0.0,0.0,0,Legitimate,train
2830,Macaulay Service Initiative,https://www.linkedin.com/company/66657444,1.0,41.0,1.0,8.333333333333334,27.0,3.0,0.0,0.0,0.0,0.1111111111111111,1.0,0.0,0.0,0.0,0.0,0.0,0.0,0,Legitimate,train
2831,National Academy of Sports Medicine (NASM),https://www.linkedin.com/company/343423,1.0,39.0,1.0,6.166666666666667,42.0,6.0,0.0,0.0,2.0,0.1904761904761904,1.0,0.0,0.0,1.0,1.0,0.0,0.0,0,Legitimate,train
2832,GAPS Health,https://www.linkedin.com/company/34958228,1.0,41.0,1.0,5.0,11.0,2.0,0.0,0.0,0.0,0.4545454545454545,1.0,0.0,0.0,0.0,0.0,0.0,0.0,0,Legitimate,train
2833,Tampa Bay Buccaneers,https://www.linkedin.com/company/4554,1.0,37.0,1.0,6.0,20.0,3.0,0.0,0.0,0.0,0.15,1.0,0.0,0.0,0.0,0.0,0.0,0.0,0,Legitimate,train
2834,Executive Construction Inc.,https://www.linkedin.com/company/114123,1.0,39.0,1.0,8.333333333333334,27.0,3.0,0.0,0.0,1.0,0.1111111111111111,1.0,0.0,0.0,0.0,0.0,1.0,1.0,0,Legitimate,train
2835,TechBuzz.News,https://www.linkedin.com/company/67509958,1.0,41.0,1.0,13.0,13.0,1.0,0.0,0.0,1.0,0.2307692307692307,1.0,0.0,0.0,0.0,0.0,0.0,0.0,0,Legitimate,train
2836,AFC Furniture Solutions,https://www.linkedin.com/company/2782074,1.0,40.0,1.0,7.0,23.0,3.0,0.0,0.0,0.0,0.217391304347826,1.0,0.0,0.0,0.0,0.0,1.0,1.0,0,Legitimate,train
2837,RCB Bank,https://www.linkedin.com/company/988445,1.0,39.0,1.0,3.5,8.0,2.0,0.0,0.0,0.0,0.5,1.0,0.0,0.0,0.0,0.0,0.0,0.0,0,Legitimate,train
2838,Expa,https://www.linkedin.com/company/3120013,1.0,40.0,1.0,4.0,4.0,1.0,0.0,0.0,0.0,0.25,1.0,0.0,0.0,0.0,0.0,0.0,0.0,0,Legitimate,test
2839,TEDxTemecula,https://www.linkedin.com/company/7956617,1.0,40.0,1.0,12.0,12.0,1.0,0.0,0.0,0.0,0.3333333333333333,1.0,0.0,0.0,0.0,0.0,0.0,0.0,0,Legitimate,val
2840,TRACOM Group,https://www.linkedin.com/company/289732,1.0,39.0,1.0,5.5,12.0,2.0,0.0,0.0,0.0,0.5833333333333334,1.0,0.0,0.0,0.0,0.0,1.0,1.0,0,Legitimate,train
2841,Cycling UK,https://www.linkedin.com/company/361532,1.0,39.0,1.0,4.5,10.0,2.0,0.0,0.0,0.0,0.3,1.0,0.0,0.0,0.0,0.0,0.0,0.0,0,Legitimate,val
2842,Lindenwood Professional and Continuing Education,https://www.linkedin.com/company/89492504,1.0,41.0,1.0,8.8,48.0,5.0,0.0,0.0,0.0,0.0833333333333333,1.0,0.0,0.0,0.0,0.0,0.0,0.0,0,Legitimate,train
2843,Ascend Analytics,https://www.linkedin.com/company/111033,1.0,39.0,1.0,7.5,16.0,2.0,0.0,0.0,0.0,0.125,1.0,0.0,0.0,0.0,0.0,0.0,0.0,0,Legitimate,train
2844,TOTUS Gift Card Management,https://www.linkedin.com/company/79012000,1.0,41.0,1.0,5.75,26.0,4.0,0.0,0.0,0.0,0.3076923076923077,1.0,0.0,0.0,0.0,0.0,0.0,0.0,0,Legitimate,train
2845,BritishAmerican Business,https://www.linkedin.com/company/111428,1.0,39.0,1.0,11.5,24.0,2.0,0.0,0.0,0.0,0.125,1.0,0.0,0.0,0.0,0.0,0.0,0.0,0,Legitimate,test
2846,Root Inc.,https://www.linkedin.com/company/10334169,1.0,41.0,1.0,4.0,9.0,2.0,0.0,0.0,1.0,0.2222222222222222,1.0,0.0,0.0,0.0,0.0,1.0,1.0,0,Legitimate,train
2847,Husky Energy,https://www.linkedin.com/company/14047,1.0,38.0,1.0,5.5,12.0,2.0,0.0,0.0,0.0,0.1666666666666666,1.0,0.0,0.0,0.0,0.0,0.0,0.0,0,Legitimate,train
2848,SmartRecruiters,https://www.linkedin.com/company/1584738,1.0,40.0,1.0,15.0,15.0,1.0,0.0,0.0,0.0,0.1333333333333333,1.0,0.0,0.0,1.0,1.0,0.0,0.0,0,Legitimate,test
2849,Children's Hospital of Philadelphia,https://www.linkedin.com/company/166358,1.0,39.0,1.0,8.0,35.0,4.0,0.0,0.0,1.0,0.0857142857142857,1.0,0.0,0.0,0.0,0.0,0.0,0.0,0,Legitimate,train
2850,CloudCheckr (part of Spot by NetApp),https://www.linkedin.com/company/3178533,1.0,40.0,1.0,5.166666666666667,36.0,6.0,0.0,0.0,2.0,0.1388888888888889,1.0,0.0,0.0,0.0,0.0,0.0,0.0,0,Legitimate,train
2851,University of Northern Colorado,https://www.linkedin.com/company/16489,1.0,38.0,1.0,7.0,31.0,4.0,0.0,0.0,0.0,0.0967741935483871,1.0,0.0,0.0,0.0,0.0,0.0,0.0,0,Legitimate,test
2852,CareerStaff Unlimited,https://www.linkedin.com/company/3706049,1.0,40.0,1.0,10.0,21.0,2.0,0.0,0.0,0.0,0.1428571428571428,1.0,0.0,0.0,2.0,1.0,0.0,0.0,0,Legitimate,val
2853,"Sagacity Legal, PLLC",https://www.linkedin.com/company/35680142,1.0,41.0,1.0,6.0,20.0,3.0,0.0,0.0,1.0,0.3,1.0,0.0,1.0,0.0,0.0,0.0,0.0,0,Legitimate,train
2854,Aerotek,https://www.linkedin.com/company/11436818,1.0,41.0,1.0,7.0,7.0,1.0,0.0,0.0,0.0,0.1428571428571428,1.0,0.0,0.0,0.0,0.0,0.0,0.0,0,Legitimate,train
2855,Satoshi Alpha Capital,,0.0,0.0,0.0,6.333333333333333,21.0,3.0,0.0,0.0,0.0,0.1428571428571428,1.0,0.0,0.0,1.0,1.0,0.0,0.0,1,Fake_Scam,train
2856,Solana Yield Ventures,,0.0,0.0,0.0,6.333333333333333,21.0,3.0,0.0,0.0,0.0,0.1428571428571428,1.0,0.0,0.0,0.0,0.0,1.0,1.0,1,Fake_Scam,val
2857,Sundance Institute,https://www.linkedin.com/company/19556,1.0,38.0,1.0,8.5,18.0,2.0,0.0,0.0,0.0,0.1111111111111111,1.0,0.0,0.0,0.0,0.0,0.0,0.0,0,Legitimate,train
2858,University of Arizona,https://www.linkedin.com/company/4734,1.0,37.0,1.0,6.333333333333333,21.0,3.0,0.0,0.0,0.0,0.0952380952380952,1.0,0.0,0.0,0.0,0.0,0.0,0.0,0,Legitimate,train
2859,Sampark Foundation,https://www.linkedin.com/company/4816962,1.0,40.0,1.0,8.5,18.0,2.0,0.0,0.0,0.0,0.1111111111111111,1.0,0.0,0.0,0.0,0.0,0.0,0.0,0,Legitimate,train
2860,Crain's New York Business,https://www.linkedin.com/company/6261,1.0,37.0,1.0,5.5,25.0,4.0,0.0,0.0,1.0,0.16,1.0,0.0,0.0,0.0,0.0,0.0,0.0,0,Legitimate,train
2861,Elevance Health,https://www.linkedin.com/company/81527214,1.0,41.0,1.0,7.0,15.0,2.0,0.0,0.0,0.0,0.1333333333333333,1.0,0.0,0.0,0.0,0.0,0.0,0.0,0,Legitimate,train
2862,Cinema Esports Alliance Co,https://www.linkedin.com/company/72059990,1.0,41.0,1.0,5.75,26.0,4.0,0.0,0.0,0.0,0.1538461538461538,1.0,0.0,0.0,0.0,0.0,1.0,1.0,0,Legitimate,test
2863,mGage (now Kaleyra),https://www.linkedin.com/company/5104375,1.0,40.0,1.0,5.666666666666667,19.0,3.0,0.0,0.0,2.0,0.1052631578947368,1.0,0.0,0.0,0.0,0.0,0.0,0.0,0,Legitimate,train
2864,Sterling Engineering,https://www.linkedin.com/company/24211,1.0,38.0,1.0,9.5,20.0,2.0,0.0,0.0,0.0,0.1,1.0,0.0,0.0,0.0,0.0,0.0,0.0,0,Legitimate,train
2865,GeoModes,https://www.linkedin.com/company/18962892,1.0,41.0,1.0,8.0,8.0,1.0,0.0,0.0,0.0,0.25,1.0,0.0,0.0,0.0,0.0,0.0,0.0,0,Legitimate,train
2866,Dr Sharon Aesthetics Wellness & IV Drip Bar,https://www.linkedin.com/company/82478375,1.0,41.0,1.0,4.5,43.0,8.0,0.0,0.0,1.0,0.1860465116279069,1.0,1.0,0.0,0.0,0.0,0.0,0.0,0,Legitimate,train
2867,Advanced Energy Group,https://www.linkedin.com/company/11049772,1.0,41.0,1.0,6.333333333333333,21.0,3.0,0.0,0.0,0.0,0.1428571428571428,1.0,0.0,0.0,0.0,0.0,1.0,1.0,0,Legitimate,train
2868,Skipel,https://www.linkedin.com/company/6391259,1.0,40.0,1.0,6.0,6.0,1.0,0.0,0.0,0.0,0.1666666666666666,1.0,0.0,0.0,0.0,0.0,0.0,0.0,0,Legitimate,val
2869,Arcadia,https://www.linkedin.com/company/3311632,1.0,40.0,1.0,7.0,7.0,1.0,0.0,0.0,0.0,0.1428571428571428,1.0,0.0,0.0,0.0,0.0,0.0,0.0,0,Legitimate,train
2870,IBM Watson Media,https://www.linkedin.com/company/5589,1.0,37.0,1.0,4.666666666666667,16.0,3.0,0.0,0.0,0.0,0.3125,1.0,0.0,0.0,0.0,0.0,0.0,0.0,0,Legitimate,val
2871,L.E.K. Consulting,https://www.linkedin.com/company/5210,1.0,37.0,1.0,8.0,17.0,2.0,0.0,0.0,3.0,0.2352941176470588,1.0,0.0,0.0,1.0,1.0,0.0,0.0,0,Legitimate,train
2872,ANEFAC,https://www.linkedin.com/company/416223,1.0,39.0,1.0,6.0,6.0,1.0,0.0,0.0,0.0,1.0,1.0,0.0,0.0,0.0,0.0,0.0,0.0,0,Legitimate,train
2873,Kalos Facial Plastic and Reconstructive Surgery,https://www.linkedin.com/company/2838257,1.0,40.0,1.0,7.0,47.0,6.0,0.0,0.0,0.0,0.1063829787234042,1.0,0.0,0.0,0.0,0.0,0.0,0.0,0,Legitimate,train
2874,Charter Hall,https://www.linkedin.com/company/993753,1.0,39.0,1.0,5.5,12.0,2.0,0.0,0.0,0.0,0.1666666666666666,1.0,0.0,0.0,0.0,0.0,0.0,0.0,0,Legitimate,test
2875,RolePoint,https://www.linkedin.com/company/2292697,1.0,40.0,1.0,9.0,9.0,1.0,0.0,0.0,0.0,0.2222222222222222,1.0,0.0,0.0,0.0,0.0,0.0,0.0,0,Legitimate,val
2876,Alkami Technology,https://www.linkedin.com/company/624581,1.0,39.0,1.0,8.0,17.0,2.0,0.0,0.0,0.0,0.1176470588235294,1.0,0.0,0.0,0.0,0.0,0.0,0.0,0,Legitimate,train
2877,The Estée Lauder Companies Inc.,https://www.linkedin.com/company/4059,1.0,37.0,1.0,5.4,31.0,5.0,0.0,0.0,1.0,0.1612903225806451,0.0,0.0,0.0,0.0,0.0,1.0,1.0,0,Legitimate,train
2878,SU-YAPI Engineering & Consulting Inc.,https://www.linkedin.com/company/579456,1.0,39.0,1.0,6.6,37.0,5.0,0.0,0.0,3.0,0.2432432432432432,1.0,1.0,0.0,1.0,1.0,1.0,1.0,0,Legitimate,train
2879,Red Shoe Economics,https://www.linkedin.com/company/68784142,1.0,41.0,1.0,5.333333333333333,18.0,3.0,0.0,0.0,0.0,0.1666666666666666,1.0,0.0,0.0,0.0,0.0,0.0,0.0,0,Legitimate,train
2880,Adyen,https://www.linkedin.com/company/279565,1.0,39.0,1.0,5.0,5.0,1.0,0.0,0.0,0.0,0.2,1.0,0.0,0.0,0.0,0.0,0.0,0.0,0,Legitimate,train
2881,Olliers Solicitors Limited,https://www.linkedin.com/company/2323936,1.0,40.0,1.0,8.0,26.0,3.0,0.0,0.0,0.0,0.1153846153846153,1.0,0.0,0.0,0.0,0.0,0.0,0.0,0,Legitimate,test
2882,Spectrum Reach,https://www.linkedin.com/company/162999,1.0,39.0,1.0,6.5,14.0,2.0,0.0,0.0,0.0,0.1428571428571428,1.0,0.0,0.0,0.0,0.0,0.0,0.0,0,Legitimate,train
2883,Kenan Institute of Private Enterprise,https://www.linkedin.com/company/75071,1.0,38.0,1.0,6.6,37.0,5.0,0.0,0.0,0.0,0.1081081081081081,1.0,0.0,0.0,0.0,0.0,0.0,0.0,0,Legitimate,train
2884,Parker Medical Builders,https://www.linkedin.com/company/1682564,1.0,40.0,1.0,7.0,23.0,3.0,0.0,0.0,0.0,0.1304347826086956,1.0,0.0,0.0,0.0,0.0,0.0,0.0,0,Legitimate,train
2885,MAKER OF NOTHING,https://www.linkedin.com/company/2864322,1.0,40.0,1.0,4.666666666666667,16.0,3.0,0.0,0.0,0.0,0.875,1.0,0.0,0.0,0.0,0.0,0.0,0.0,0,Legitimate,test
2886,NIPPON EXPRESS GROUP,https://www.linkedin.com/company/28516755,1.0,41.0,1.0,6.0,20.0,3.0,0.0,0.0,0.0,0.9,1.0,0.0,0.0,0.0,0.0,1.0,1.0,0,Legitimate,train
2887,Prime Video & Amazon Studios,https://www.linkedin.com/company/11091426,1.0,41.0,1.0,4.8,28.0,5.0,0.0,0.0,1.0,0.1428571428571428,1.0,1.0,0.0,0.0,0.0,0.0,0.0,0,Legitimate,train
2888,Australian Parliament,https://www.linkedin.com/company/99092,1.0,38.0,1.0,10.0,21.0,2.0,0.0,0.0,0.0,0.0952380952380952,1.0,0.0,0.0,0.0,0.0,0.0,0.0,0,Legitimate,train
2889,BlackRifleCoffee Company,https://www.linkedin.com/company/89752406,1.0,41.0,1.0,11.5,24.0,2.0,0.0,0.0,0.0,0.1666666666666666,1.0,0.0,0.0,1.0,1.0,1.0,1.0,0,Legitimate,test
2890,Tandem Diabetes Care,https://www.linkedin.com/company/946628,1.0,39.0,1.0,6.0,20.0,3.0,0.0,0.0,0.0,0.15,1.0,0.0,0.0,0.0,0.0,0.0,0.0,0,Legitimate,val
2891,Sanofi Pasteur Remote Health,,0.0,0.0,0.0,6.25,28.0,4.0,0.0,0.0,0.0,0.1428571428571428,1.0,0.0,0.0,1.0,1.0,0.0,0.0,1,Fake_Scam,train
2892,KPMG US,https://www.linkedin.com/company/1079,1.0,37.0,1.0,3.0,7.0,2.0,0.0,0.0,0.0,0.8571428571428571,1.0,0.0,0.0,0.0,0.0,0.0,0.0,0,Legitimate,train
2893,Flavorpill Media,https://www.linkedin.com/company/28882,1.0,38.0,1.0,7.5,16.0,2.0,0.0,0.0,0.0,0.125,1.0,0.0,0.0,0.0,0.0,0.0,0.0,0,Legitimate,train
2894,Black Girls CODE,https://www.linkedin.com/company/2971260,1.0,40.0,1.0,4.666666666666667,16.0,3.0,0.0,0.0,0.0,0.375,1.0,0.0,0.0,0.0,0.0,0.0,0.0,0,Legitimate,train
2895,American City Business Journals,https://www.linkedin.com/company/358052,1.0,39.0,1.0,7.0,31.0,4.0,0.0,0.0,0.0,0.1290322580645161,1.0,0.0,0.0,1.0,1.0,0.0,0.0,0,Legitimate,train
2896,Revel,https://www.linkedin.com/company/11678594,1.0,41.0,1.0,5.0,5.0,1.0,0.0,0.0,0.0,0.2,1.0,0.0,0.0,0.0,0.0,0.0,0.0,0,Legitimate,train
2897,Odias in Machine Learning,https://www.linkedin.com/company/75029211,1.0,41.0,1.0,5.5,25.0,4.0,0.0,0.0,0.0,0.12,1.0,0.0,0.0,0.0,0.0,0.0,0.0,0,Legitimate,train
2898,Sutton | Booker | P.C.,https://www.linkedin.com/company/15198772,1.0,41.0,1.0,3.6,22.0,5.0,0.0,0.0,4.0,0.1818181818181818,1.0,0.0,0.0,0.0,0.0,0.0,0.0,0,Legitimate,train
2899,Federal Reserve Bank of New York,https://www.linkedin.com/company/2788,1.0,37.0,1.0,4.5,32.0,6.0,0.0,0.0,0.0,0.15625,1.0,0.0,0.0,0.0,0.0,0.0,0.0,0,Legitimate,val
2900,Know Your Value,https://www.linkedin.com/company/11521919,1.0,41.0,1.0,4.333333333333333,15.0,3.0,0.0,0.0,0.0,0.2,1.0,0.0,0.0,0.0,0.0,0.0,0.0,0,Legitimate,train
2901,Cybersecurity marketing community,https://www.linkedin.com/company/35432834,1.0,41.0,1.0,10.333333333333334,33.0,3.0,0.0,0.0,0.0,0.0303030303030303,1.0,0.0,0.0,0.0,0.0,0.0,0.0,0,Legitimate,train
2902,Emily Carr University of Art and Design,https://www.linkedin.com/company/29691,1.0,38.0,1.0,4.714285714285714,39.0,7.0,0.0,0.0,0.0,0.1282051282051282,1.0,0.0,0.0,0.0,0.0,0.0,0.0,0,Legitimate,train
2903,Women in Technology,https://www.linkedin.com/company/964534,1.0,39.0,1.0,5.666666666666667,19.0,3.0,0.0,0.0,0.0,0.1052631578947368,1.0,0.0,0.0,0.0,0.0,0.0,0.0,0,Legitimate,train
2904,MiMedx,https://www.linkedin.com/company/539022,1.0,39.0,1.0,6.0,6.0,1.0,0.0,0.0,0.0,0.3333333333333333,1.0,0.0,0.0,0.0,0.0,0.0,0.0,0,Legitimate,train
2905,"International Cosmetics & Perfumes, Inc.",https://www.linkedin.com/company/1352088,1.0,40.0,1.0,7.2,40.0,5.0,0.0,0.0,3.0,0.1,1.0,1.0,1.0,0.0,0.0,1.0,1.0,0,Legitimate,train
2906,Vulcan Express,https://www.linkedin.com/company/8898364,1.0,40.0,1.0,6.5,14.0,2.0,0.0,0.0,0.0,0.1428571428571428,1.0,0.0,0.0,0.0,0.0,0.0,0.0,0,Legitimate,train
2907,Deloitte University,https://www.linkedin.com/company/10998608,1.0,41.0,1.0,9.0,19.0,2.0,0.0,0.0,0.0,0.1052631578947368,1.0,0.0,0.0,0.0,0.0,0.0,0.0,0,Legitimate,train
2908,Medical Aesthetics,https://www.linkedin.com/company/71480491,1.0,41.0,1.0,8.5,18.0,2.0,0.0,0.0,0.0,0.1111111111111111,1.0,0.0,0.0,0.0,0.0,0.0,0.0,0,Legitimate,train
2909,MENTOR AFRO,https://www.linkedin.com/company/65338356,1.0,41.0,1.0,5.0,11.0,2.0,0.0,0.0,0.0,0.9090909090909092,1.0,0.0,0.0,0.0,0.0,0.0,0.0,0,Legitimate,val
2910,Nudge Security,https://www.linkedin.com/company/79028651,1.0,41.0,1.0,6.5,14.0,2.0,0.0,0.0,0.0,0.1428571428571428,1.0,0.0,0.0,0.0,0.0,0.0,0.0,0,Legitimate,train
2911,"Forensic Valuation Litigation, LLC",https://www.linkedin.com/company/3237337,1.0,40.0,1.0,7.75,34.0,4.0,0.0,0.0,1.0,0.1764705882352941,1.0,0.0,1.0,0.0,0.0,1.0,1.0,0,Legitimate,train
2912,"Crescent Park Management, L.P.",https://www.linkedin.com/company/3763406,1.0,40.0,1.0,6.75,30.0,4.0,0.0,0.0,3.0,0.1666666666666666,1.0,0.0,1.0,0.0,0.0,0.0,0.0,0,Legitimate,train
2913,Cirrus Aircraft,https://www.linkedin.com/company/469487,1.0,39.0,1.0,7.0,15.0,2.0,0.0,0.0,0.0,0.1333333333333333,1.0,0.0,0.0,0.0,0.0,0.0,0.0,0,Legitimate,train
2914,Ohio Department of Health,https://www.linkedin.com/company/4219,1.0,37.0,1.0,5.5,25.0,4.0,0.0,0.0,0.0,0.12,1.0,0.0,0.0,0.0,0.0,0.0,0.0,0,Legitimate,train
2915,VKA Healthcare,https://www.linkedin.com/company/14454149,1.0,41.0,1.0,6.5,14.0,2.0,0.0,0.0,0.0,0.2857142857142857,1.0,0.0,0.0,0.0,0.0,0.0,0.0,0,Legitimate,val
2916,the*gameHERs,https://www.linkedin.com/company/30661755,1.0,41.0,1.0,12.0,12.0,1.0,0.0,0.0,1.0,0.25,1.0,0.0,0.0,0.0,0.0,0.0,0.0,0,Legitimate,test
2917,Cumberland University,https://www.linkedin.com/company/28359,1.0,38.0,1.0,10.0,21.0,2.0,0.0,0.0,0.0,0.0952380952380952,1.0,0.0,0.0,0.0,0.0,0.0,0.0,0,Legitimate,train
2918,Black Power Moves,https://www.linkedin.com/company/80326162,1.0,41.0,1.0,5.0,17.0,3.0,0.0,0.0,0.0,0.1764705882352941,1.0,0.0,0.0,0.0,0.0,0.0,0.0,0,Legitimate,train
2919,Steward Asset Management LLC,https://www.linkedin.com/company/37460053,1.0,41.0,1.0,6.25,28.0,4.0,0.0,0.0,0.0,0.2142857142857142,1.0,0.0,0.0,0.0,0.0,1.0,1.0,0,Legitimate,test
2920,US Energy,https://www.linkedin.com/company/28142027,1.0,41.0,1.0,4.0,9.0,2.0,0.0,0.0,0.0,0.3333333333333333,1.0,0.0,0.0,0.0,0.0,0.0,0.0,0,Legitimate,val
2921,Elliott Investment Management L.P.,https://www.linkedin.com/company/46422,1.0,38.0,1.0,7.75,34.0,4.0,0.0,0.0,2.0,0.1470588235294117,1.0,0.0,0.0,0.0,0.0,0.0,0.0,0,Legitimate,train
2922,Amazon Global Robotics,https://www.linkedin.com/company/34924,1.0,38.0,1.0,6.666666666666667,22.0,3.0,0.0,0.0,0.0,0.1363636363636363,1.0,0.0,0.0,1.0,1.0,0.0,0.0,0,Legitimate,test
2923,HighQ,https://www.linkedin.com/company/462497,1.0,39.0,1.0,5.0,5.0,1.0,0.0,0.0,0.0,0.4,1.0,0.0,0.0,0.0,0.0,0.0,0.0,0,Legitimate,test
2924,Lilt,https://www.linkedin.com/company/6652390,1.0,40.0,1.0,4.0,4.0,1.0,0.0,0.0,0.0,0.25,1.0,0.0,0.0,0.0,0.0,0.0,0.0,0,Legitimate,train
2925,Werk,https://www.linkedin.com/company/53534590,1.0,41.0,1.0,4.0,4.0,1.0,0.0,0.0,0.0,0.25,1.0,0.0,0.0,0.0,0.0,0.0,0.0,0,Legitimate,train
2926,Jenner & Block,https://www.linkedin.com/company/9584,1.0,37.0,1.0,4.0,14.0,3.0,0.0,0.0,1.0,0.1428571428571428,1.0,1.0,0.0,0.0,0.0,0.0,0.0,0,Legitimate,test
2927,Randstad,https://www.linkedin.com/company/2327,1.0,37.0,1.0,8.0,8.0,1.0,0.0,0.0,0.0,0.125,1.0,0.0,0.0,0.0,0.0,0.0,0.0,0,Legitimate,test
2928,Robert Weed,https://www.linkedin.com/company/10321369,1.0,41.0,1.0,5.0,11.0,2.0,0.0,0.0,0.0,0.1818181818181818,1.0,0.0,0.0,0.0,0.0,0.0,0.0,0,Legitimate,train
2929,Spelman College,https://www.linkedin.com/company/615839,1.0,39.0,1.0,7.0,15.0,2.0,0.0,0.0,0.0,0.1333333333333333,1.0,0.0,0.0,0.0,0.0,0.0,0.0,0,Legitimate,train
2930,CNN Business,https://www.linkedin.com/company/1747,1.0,37.0,1.0,5.5,12.0,2.0,0.0,0.0,0.0,0.3333333333333333,1.0,0.0,0.0,0.0,0.0,0.0,0.0,0,Legitimate,train
2931,Imaginedive Offshore Solutions,https://www.linkedin.com/company/89834391,1.0,41.0,1.0,9.333333333333334,30.0,3.0,0.0,0.0,0.0,0.1,1.0,0.0,0.0,0.0,0.0,1.0,1.0,0,Legitimate,train
2932,ICAEW,https://www.linkedin.com/company/164265,1.0,39.0,1.0,5.0,5.0,1.0,0.0,0.0,0.0,1.0,1.0,0.0,0.0,0.0,0.0,0.0,0.0,0,Legitimate,train
2933,Cognitive Empowerment Consulting Group,https://www.linkedin.com/company/75659501,1.0,41.0,1.0,8.75,38.0,4.0,0.0,0.0,0.0,0.1052631578947368,1.0,0.0,0.0,1.0,1.0,1.0,1.0,0,Legitimate,train
2934,HCA Virginia Health System,https://www.linkedin.com/company/54343325,1.0,41.0,1.0,5.75,26.0,4.0,0.0,0.0,0.0,0.2307692307692307,1.0,0.0,0.0,0.0,0.0,0.0,0.0,0,Legitimate,val
2935,Office Evolution Overland Park,https://www.linkedin.com/company/64514841,1.0,41.0,1.0,6.75,30.0,4.0,0.0,0.0,0.0,0.1333333333333333,1.0,0.0,0.0,0.0,0.0,0.0,0.0,0,Legitimate,test
2936,HACR - Hispanic Association on Corporate Responsibility,https://www.linkedin.com/company/1017201,1.0,40.0,1.0,7.0,55.0,7.0,0.0,0.0,1.0,0.1454545454545454,1.0,0.0,0.0,0.0,0.0,0.0,0.0,0,Legitimate,train
2937,Parental Legacy,https://www.linkedin.com/company/11316704,1.0,41.0,1.0,7.0,15.0,2.0,0.0,0.0,0.0,0.1333333333333333,1.0,0.0,0.0,0.0,0.0,0.0,0.0,0,Legitimate,train
2938,"Work from Home Jobs - Online, Professional, Remote, & Virtual Teams",https://www.linkedin.com/company/42897728,1.0,41.0,1.0,5.181818181818182,67.0,11.0,0.0,0.0,5.0,0.1194029850746268,1.0,1.0,1.0,1.0,1.0,0.0,0.0,0,Legitimate,train
2939,Sunbeam Family Services,https://www.linkedin.com/company/941951,1.0,39.0,1.0,7.0,23.0,3.0,0.0,0.0,0.0,0.1304347826086956,1.0,0.0,0.0,0.0,0.0,0.0,0.0,0,Legitimate,train
2940,Coldwell Banker Realty,https://www.linkedin.com/company/2035,1.0,37.0,1.0,6.666666666666667,22.0,3.0,0.0,0.0,0.0,0.1363636363636363,1.0,0.0,0.0,0.0,0.0,0.0,0.0,0,Legitimate,train
2941,NVM Private Equity LLP,https://www.linkedin.com/company/3356252,1.0,40.0,1.0,4.75,22.0,4.0,0.0,0.0,0.0,0.3636363636363636,1.0,0.0,0.0,0.0,0.0,0.0,0.0,0,Legitimate,train
2942,Property Golfers,https://www.linkedin.com/company/86678349,1.0,41.0,1.0,7.5,16.0,2.0,0.0,0.0,0.0,0.125,1.0,0.0,0.0,0.0,0.0,0.0,0.0,0,Legitimate,train
2943,Chopard,https://www.linkedin.com/company/37182,1.0,38.0,1.0,7.0,7.0,1.0,0.0,0.0,0.0,0.1428571428571428,1.0,0.0,0.0,0.0,0.0,0.0,0.0,0,Legitimate,train
2944,UNC Entrepreneurship Center at Kenan-Flagler,https://www.linkedin.com/company/37434157,1.0,41.0,1.0,8.0,44.0,5.0,0.0,0.0,1.0,0.1590909090909091,1.0,0.0,0.0,0.0,0.0,0.0,0.0,0,Legitimate,train
2945,All In Ministries International Incorporated,https://www.linkedin.com/company/56016305,1.0,41.0,1.0,8.0,44.0,5.0,0.0,0.0,0.0,0.1136363636363636,1.0,0.0,0.0,0.0,0.0,0.0,0.0,0,Legitimate,test
2946,ChargePoint,https://www.linkedin.com/company/439853,1.0,39.0,1.0,11.0,11.0,1.0,0.0,0.0,0.0,0.1818181818181818,1.0,0.0,0.0,0.0,0.0,0.0,0.0,0,Legitimate,train
2947,Walgreens Healthcare Solutions,https://www.linkedin.com/company/72181647,1.0,41.0,1.0,9.333333333333334,30.0,3.0,0.0,0.0,0.0,0.1,1.0,0.0,0.0,0.0,0.0,1.0,1.0,0,Legitimate,train
2948,Ginger,https://www.linkedin.com/company/2515007,1.0,40.0,1.0,6.0,6.0,1.0,0.0,0.0,0.0,0.1666666666666666,1.0,0.0,0.0,0.0,0.0,0.0,0.0,0,Legitimate,train
2949,Political Hub Spot,https://www.linkedin.com/company/82088045,1.0,41.0,1.0,5.333333333333333,18.0,3.0,0.0,0.0,0.0,0.1666666666666666,1.0,0.0,0.0,1.0,1.0,0.0,0.0,0,Legitimate,val
2950,University of Wisconsin-Madison,https://www.linkedin.com/company/4099,1.0,37.0,1.0,9.666666666666666,31.0,3.0,0.0,0.0,1.0,0.0967741935483871,1.0,0.0,0.0,0.0,0.0,0.0,0.0,0,Legitimate,train
2951,typegoodness,https://www.linkedin.com/company/69525049,1.0,41.0,1.0,12.0,12.0,1.0,0.0,0.0,0.0,0.0,1.0,0.0,0.0,0.0,0.0,0.0,0.0,0,Legitimate,train
2952,The Gentleman GIFer,https://www.linkedin.com/company/80533163,1.0,41.0,1.0,5.666666666666667,19.0,3.0,0.0,0.0,0.0,0.2631578947368421,1.0,0.0,0.0,0.0,0.0,0.0,0.0,0,Legitimate,train
2953,Zoov by Fifteen,https://www.linkedin.com/company/11149080,1.0,41.0,1.0,4.333333333333333,15.0,3.0,0.0,0.0,0.0,0.1333333333333333,1.0,0.0,0.0,0.0,0.0,0.0,0.0,0,Legitimate,train
2954,Churchill Downs Incorporated,https://www.linkedin.com/company/227878,1.0,39.0,1.0,8.666666666666666,28.0,3.0,0.0,0.0,0.0,0.1071428571428571,1.0,0.0,0.0,0.0,0.0,0.0,0.0,0,Legitimate,test
2955,The Lawrenceville School,https://www.linkedin.com/company/28569,1.0,38.0,1.0,7.333333333333333,24.0,3.0,0.0,0.0,0.0,0.125,1.0,0.0,0.0,0.0,0.0,0.0,0.0,0,Legitimate,train
2956,Baton Rouge Alliance for Students,https://www.linkedin.com/company/76461385,1.0,41.0,1.0,5.8,33.0,5.0,0.0,0.0,0.0,0.1212121212121212,1.0,0.0,0.0,0.0,0.0,0.0,0.0,0,Legitimate,test
2957,Small Joys,https://www.linkedin.com/company/65702154,1.0,41.0,1.0,4.5,10.0,2.0,0.0,0.0,0.0,0.2,1.0,0.0,0.0,0.0,0.0,0.0,0.0,0,Legitimate,train
2958,REINVENT HAMPTON ROADS,https://www.linkedin.com/company/15530964,1.0,41.0,1.0,6.666666666666667,22.0,3.0,0.0,0.0,0.0,0.9090909090909092,1.0,0.0,0.0,0.0,0.0,0.0,0.0,0,Legitimate,train
2959,LYNX Innovation Inc,https://www.linkedin.com/company/1417798,1.0,40.0,1.0,5.666666666666667,19.0,3.0,0.0,0.0,0.0,0.3157894736842105,1.0,0.0,0.0,0.0,0.0,1.0,1.0,0,Legitimate,train
2960,Nuvance Health,https://www.linkedin.com/company/14034738,1.0,41.0,1.0,6.5,14.0,2.0,0.0,0.0,0.0,0.1428571428571428,1.0,0.0,0.0,0.0,0.0,0.0,0.0,0,Legitimate,test
2961,CNN en Español,https://www.linkedin.com/company/11767180,1.0,41.0,1.0,4.0,14.0,3.0,0.0,0.0,0.0,0.2857142857142857,0.0,0.0,0.0,0.0,0.0,0.0,0.0,0,Legitimate,train
2962,U.S. Fleet Forces Command,https://www.linkedin.com/company/15283501,1.0,41.0,1.0,5.5,25.0,4.0,0.0,0.0,2.0,0.2,1.0,0.0,0.0,0.0,0.0,0.0,0.0,0,Legitimate,train
2963,Clever Inc.,https://www.linkedin.com/company/2705784,1.0,40.0,1.0,5.0,11.0,2.0,0.0,0.0,1.0,0.1818181818181818,1.0,0.0,0.0,0.0,0.0,1.0,1.0,0,Legitimate,test
2964,MetLife,https://www.linkedin.com/company/2213,1.0,37.0,1.0,7.0,7.0,1.0,0.0,0.0,0.0,0.2857142857142857,1.0,0.0,0.0,0.0,0.0,0.0,0.0,0,Legitimate,train
2965,Network Rail,https://www.linkedin.com/company/157318,1.0,39.0,1.0,5.5,12.0,2.0,0.0,0.0,0.0,0.1666666666666666,1.0,0.0,0.0,0.0,0.0,0.0,0.0,0,Legitimate,train
2966,Yorkshire Cyber Security Cluster,https://www.linkedin.com/company/12601787,1.0,41.0,1.0,7.25,32.0,4.0,0.0,0.0,0.0,0.125,1.0,0.0,0.0,0.0,0.0,0.0,0.0,0,Legitimate,train
2967,Ocean Conservancy,https://www.linkedin.com/company/41098,1.0,38.0,1.0,8.0,17.0,2.0,0.0,0.0,0.0,0.1176470588235294,1.0,0.0,0.0,0.0,0.0,0.0,0.0,0,Legitimate,test
2968,Novartis Pharmaceuticals Career Unit,,0.0,0.0,0.0,8.25,36.0,4.0,0.0,0.0,0.0,0.1111111111111111,1.0,0.0,0.0,1.0,1.0,0.0,0.0,1,Fake_Scam,train
2969,Equity Communities of Practice,https://www.linkedin.com/company/80198119,1.0,41.0,1.0,6.75,30.0,4.0,0.0,0.0,0.0,0.1,1.0,0.0,0.0,0.0,0.0,0.0,0.0,0,Legitimate,train
2970,Channel Key LLC,https://www.linkedin.com/company/17928270,1.0,41.0,1.0,4.333333333333333,15.0,3.0,0.0,0.0,0.0,0.3333333333333333,1.0,0.0,0.0,0.0,0.0,1.0,1.0,0,Legitimate,train
2971,Beech Valley Solutions,https://www.linkedin.com/company/10265217,1.0,41.0,1.0,6.666666666666667,22.0,3.0,0.0,0.0,0.0,0.1363636363636363,1.0,0.0,0.0,0.0,0.0,1.0,1.0,0,Legitimate,train
2972,Peking University,https://www.linkedin.com/company/20289,1.0,38.0,1.0,8.0,17.0,2.0,0.0,0.0,0.0,0.1176470588235294,1.0,0.0,0.0,0.0,0.0,0.0,0.0,0,Legitimate,val
2973,DXC Technology,https://www.linkedin.com/company/16198010,1.0,41.0,1.0,6.5,14.0,2.0,0.0,0.0,0.0,0.2857142857142857,1.0,0.0,0.0,0.0,0.0,0.0,0.0,0,Legitimate,train
2974,Università di Pisa,https://www.linkedin.com/company/8801,1.0,37.0,1.0,5.333333333333333,18.0,3.0,0.0,0.0,0.0,0.1111111111111111,0.0,0.0,0.0,0.0,0.0,0.0,0.0,0,Legitimate,test
2975,"Ethos Financial Solutions, LLC.",https://www.linkedin.com/company/1518052,1.0,40.0,1.0,7.0,31.0,4.0,0.0,0.0,2.0,0.1935483870967742,1.0,0.0,1.0,0.0,0.0,2.0,1.0,0,Legitimate,train
2976,Front Office Sports,https://www.linkedin.com/company/9469933,1.0,40.0,1.0,5.666666666666667,19.0,3.0,0.0,0.0,0.0,0.1578947368421052,1.0,0.0,0.0,0.0,0.0,0.0,0.0,0,Legitimate,train
2977,NORESCO,https://www.linkedin.com/company/31923,1.0,38.0,1.0,7.0,7.0,1.0,0.0,0.0,0.0,1.0,1.0,0.0,0.0,0.0,0.0,0.0,0.0,0,Legitimate,train
2978,OKO Lifestyle,https://www.linkedin.com/company/71519432,1.0,41.0,1.0,6.0,13.0,2.0,0.0,0.0,0.0,0.3076923076923077,1.0,0.0,0.0,0.0,0.0,0.0,0.0,0,Legitimate,train
2979,Armanino LLP,https://www.linkedin.com/company/14546,1.0,38.0,1.0,5.5,12.0,2.0,0.0,0.0,0.0,0.3333333333333333,1.0,0.0,0.0,0.0,0.0,0.0,0.0,0,Legitimate,train
2980,Girl Scout Network,https://www.linkedin.com/company/25170618,1.0,41.0,1.0,5.333333333333333,18.0,3.0,0.0,0.0,0.0,0.1666666666666666,1.0,0.0,0.0,0.0,0.0,0.0,0.0,0,Legitimate,train
2981,Tata Group,https://www.linkedin.com/company/237053,1.0,39.0,1.0,4.5,10.0,2.0,0.0,0.0,0.0,0.2,1.0,0.0,0.0,0.0,0.0,1.0,1.0,0,Legitimate,train
2982,National Counseling Group,https://www.linkedin.com/company/283569,1.0,39.0,1.0,7.666666666666667,25.0,3.0,0.0,0.0,0.0,0.12,1.0,0.0,0.0,0.0,0.0,1.0,1.0,0,Legitimate,train
2983,NAHMA - The National Affordable Housing Management Association,https://www.linkedin.com/company/3582961,1.0,40.0,1.0,6.875,62.0,8.0,0.0,0.0,1.0,0.1774193548387097,1.0,0.0,0.0,0.0,0.0,0.0,0.0,0,Legitimate,test
2984,gyro,https://www.linkedin.com/company/284422,1.0,39.0,1.0,4.0,4.0,1.0,0.0,0.0,0.0,0.0,1.0,0.0,0.0,0.0,0.0,0.0,0.0,0,Legitimate,train
2985,eLearningIndustry,https://www.linkedin.com/company/2672210,1.0,40.0,1.0,17.0,17.0,1.0,0.0,0.0,0.0,0.1176470588235294,1.0,0.0,0.0,0.0,0.0,0.0,0.0,0,Legitimate,train
2986,Vessel Global: International Expansion & FDI Advisory,https://www.linkedin.com/company/20525892,1.0,41.0,1.0,6.714285714285714,53.0,7.0,0.0,0.0,2.0,0.1509433962264151,1.0,1.0,0.0,1.0,1.0,0.0,0.0,0,Legitimate,train
2987,SitEat,https://www.linkedin.com/company/49116481,1.0,41.0,1.0,6.0,6.0,1.0,0.0,0.0,0.0,0.3333333333333333,1.0,0.0,0.0,0.0,0.0,0.0,0.0,0,Legitimate,test
2988,Hermès,https://www.linkedin.com/company/2999687,1.0,40.0,1.0,6.0,6.0,1.0,0.0,0.0,0.0,0.1666666666666666,0.0,0.0,0.0,0.0,0.0,0.0,0.0,0,Legitimate,train
2989,Monsieur Écoles de commerce,https://www.linkedin.com/company/28863382,1.0,41.0,1.0,6.0,27.0,4.0,0.0,0.0,0.0,0.074074074074074,0.0,0.0,0.0,0.0,0.0,0.0,0.0,0,Legitimate,train
2990,University of Notre Dame - Mendoza College of Business,https://www.linkedin.com/company/15102069,1.0,41.0,1.0,5.111111111111111,54.0,9.0,0.0,0.0,1.0,0.1111111111111111,1.0,0.0,0.0,0.0,0.0,0.0,0.0,0,Legitimate,train
2991,Centro,https://www.linkedin.com/company/16377,1.0,38.0,1.0,6.0,6.0,1.0,0.0,0.0,0.0,0.1666666666666666,1.0,0.0,0.0,0.0,0.0,0.0,0.0,0,Legitimate,train
2992,Frontier Tower Associates Philippines,https://www.linkedin.com/company/14571294,1.0,41.0,1.0,8.5,37.0,4.0,0.0,0.0,0.0,0.1081081081081081,1.0,0.0,0.0,0.0,0.0,0.0,0.0,0,Legitimate,train
2993,Hilliard Lyons - A Baird Company,https://www.linkedin.com/company/19760,1.0,38.0,1.0,4.5,32.0,6.0,0.0,0.0,1.0,0.15625,1.0,0.0,0.0,0.0,0.0,1.0,1.0,0,Legitimate,train
2994,tinyML Foundation,https://www.linkedin.com/company/70229519,1.0,41.0,1.0,8.0,17.0,2.0,0.0,0.0,0.0,0.1764705882352941,1.0,0.0,0.0,0.0,0.0,0.0,0.0,0,Legitimate,train
2995,广昌县兴莲机械制造有限公司,https://www.linkedin.com/company/31895088,1.0,41.0,1.0,13.0,13.0,1.0,0.0,0.0,0.0,0.0,0.0,0.0,0.0,0.0,0.0,0.0,0.0,0,Legitimate,train
2996,Keller Williams Realty River Cities-Official,https://www.linkedin.com/company/11833141,1.0,41.0,1.0,8.0,44.0,5.0,0.0,0.0,1.0,0.1363636363636363,1.0,0.0,0.0,0.0,0.0,0.0,0.0,0,Legitimate,train
2997,Alarm.com,https://www.linkedin.com/company/43680,1.0,38.0,1.0,9.0,9.0,1.0,0.0,0.0,1.0,0.1111111111111111,1.0,0.0,0.0,0.0,0.0,0.0,0.0,0,Legitimate,train
2998,Lupin,https://www.linkedin.com/company/247819,1.0,39.0,1.0,5.0,5.0,1.0,0.0,0.0,0.0,0.2,1.0,0.0,0.0,0.0,0.0,0.0,0.0,0,Legitimate,train
2999,Boston University,https://www.linkedin.com/company/3556,1.0,37.0,1.0,8.0,17.0,2.0,0.0,0.0,0.0,0.1176470588235294,1.0,0.0,0.0,0.0,0.0,0.0,0.0,0,Legitimate,train
3000,Strong Recruitment Group Limited,https://www.linkedin.com/company/1650964,1.0,40.0,1.0,7.25,32.0,4.0,0.0,0.0,0.0,0.125,1.0,0.0,0.0,1.0,1.0,1.0,1.0,0,Legitimate,train
3001,RWE,https://www.linkedin.com/company/3783876,1.0,40.0,1.0,3.0,3.0,1.0,0.0,0.0,0.0,1.0,1.0,0.0,0.0,0.0,0.0,0.0,0.0,0,Legitimate,train
3002,Private Label Beauty & Wellness,https://www.linkedin.com/company/18729892,1.0,41.0,1.0,5.4,31.0,5.0,0.0,0.0,1.0,0.1290322580645161,1.0,1.0,0.0,0.0,0.0,0.0,0.0,0,Legitimate,train
3003,Sagacify,https://www.linkedin.com/company/2836355,1.0,40.0,1.0,8.0,8.0,1.0,0.0,0.0,0.0,0.125,1.0,0.0,0.0,0.0,0.0,0.0,0.0,0,Legitimate,train
3004,Executive Service Corps of the Triangle (ESC),https://www.linkedin.com/company/2981002,1.0,40.0,1.0,5.571428571428571,45.0,7.0,0.0,0.0,2.0,0.1555555555555555,1.0,0.0,0.0,0.0,0.0,0.0,0.0,0,Legitimate,train
3005,AmaWaterways River Cruises,https://www.linkedin.com/company/437229,1.0,39.0,1.0,8.0,26.0,3.0,0.0,0.0,0.0,0.1538461538461538,1.0,0.0,0.0,0.0,0.0,0.0,0.0,0,Legitimate,train
3006,JEDI Outreach Group,https://www.linkedin.com/company/71520420,1.0,41.0,1.0,5.666666666666667,19.0,3.0,0.0,0.0,0.0,0.3157894736842105,1.0,0.0,0.0,0.0,0.0,1.0,1.0,0,Legitimate,val
3007,"Circle40, LLC",https://www.linkedin.com/company/3344686,1.0,40.0,1.0,6.0,13.0,2.0,2.0,1.0,1.0,0.3076923076923077,1.0,0.0,1.0,0.0,0.0,1.0,1.0,0,Legitimate,val
3008,StayFi,https://www.linkedin.com/company/11855236,1.0,41.0,1.0,6.0,6.0,1.0,0.0,0.0,0.0,0.3333333333333333,1.0,0.0,0.0,0.0,0.0,0.0,0.0,0,Legitimate,test
3009,SysGroup,https://www.linkedin.com/company/15196280,1.0,41.0,1.0,8.0,8.0,1.0,0.0,0.0,0.0,0.25,1.0,0.0,0.0,0.0,0.0,0.0,0.0,0,Legitimate,val
3010,Wheels Up,https://www.linkedin.com/company/5050817,1.0,40.0,1.0,4.0,9.0,2.0,0.0,0.0,0.0,0.2222222222222222,1.0,0.0,0.0,0.0,0.0,0.0,0.0,0,Legitimate,test
3011,Luxottica,https://www.linkedin.com/company/1614240,1.0,40.0,1.0,9.0,9.0,1.0,0.0,0.0,0.0,0.1111111111111111,1.0,0.0,0.0,0.0,0.0,0.0,0.0,0,Legitimate,train
3012,Cambridge Leadership Associates,https://www.linkedin.com/company/100318,1.0,39.0,1.0,9.666666666666666,31.0,3.0,0.0,0.0,0.0,0.0967741935483871,1.0,0.0,0.0,0.0,0.0,0.0,0.0,0,Legitimate,train
3013,Ring2cloud Technologies llc,https://www.linkedin.com/company/35440885,1.0,41.0,1.0,8.333333333333334,27.0,3.0,1.0,1.0,0.0,0.074074074074074,1.0,0.0,0.0,0.0,0.0,1.0,1.0,0,Legitimate,train
3014,BLACK WALL ST. MEDIA,https://www.linkedin.com/company/68763880,1.0,41.0,1.0,4.25,20.0,4.0,0.0,0.0,1.0,0.8,1.0,0.0,0.0,0.0,0.0,0.0,0.0,0,Legitimate,train
3015,常熟市金华机械股份有限公司,https://www.linkedin.com/company/29205061,1.0,41.0,1.0,13.0,13.0,1.0,0.0,0.0,0.0,0.0,0.0,0.0,0.0,0.0,0.0,0.0,0.0,0,Legitimate,train
3016,Zaposlitveni portal Optius,https://www.linkedin.com/company/3162472,1.0,40.0,1.0,8.0,26.0,3.0,0.0,0.0,0.0,0.0769230769230769,1.0,0.0,0.0,0.0,0.0,0.0,0.0,0,Legitimate,train
3017,Hospitality Careers | Hotel Management Jobs,https://www.linkedin.com/company/14769347,1.0,41.0,1.0,6.333333333333333,43.0,6.0,0.0,0.0,1.0,0.1162790697674418,1.0,0.0,0.0,2.0,1.0,0.0,0.0,0,Legitimate,train
3018,Guidepoint,https://www.linkedin.com/company/22244,1.0,38.0,1.0,10.0,10.0,1.0,0.0,0.0,0.0,0.1,1.0,0.0,0.0,0.0,0.0,0.0,0.0,0,Legitimate,test
3019,Upfront Ventures,https://www.linkedin.com/company/91150,1.0,38.0,1.0,7.5,16.0,2.0,0.0,0.0,0.0,0.125,1.0,0.0,0.0,0.0,0.0,1.0,1.0,0,Legitimate,train
3020,Surge AI,https://www.linkedin.com/company/67755934,1.0,41.0,1.0,3.5,8.0,2.0,0.0,0.0,0.0,0.375,1.0,0.0,0.0,0.0,0.0,0.0,0.0,0,Legitimate,val
3021,myGwork - LGBTQ+ professionals & allies,https://www.linkedin.com/company/5240076,1.0,40.0,1.0,5.666666666666667,39.0,6.0,0.0,0.0,3.0,0.1538461538461538,1.0,1.0,0.0,0.0,0.0,0.0,0.0,0,Legitimate,train
3022,AIS Network,https://www.linkedin.com/company/868860,1.0,39.0,1.0,5.0,11.0,2.0,0.0,0.0,0.0,0.3636363636363636,1.0,0.0,0.0,0.0,0.0,0.0,0.0,0,Legitimate,test
3023,Matrix Partners India,https://www.linkedin.com/company/28158595,1.0,41.0,1.0,6.333333333333333,21.0,3.0,0.0,0.0,0.0,0.1428571428571428,1.0,0.0,0.0,0.0,0.0,1.0,1.0,0,Legitimate,val
