id,company_name,url,label,label_name,category,impersonation_target,modus_operandi,red_flags,outreach_vector,risk_severity,origin_source,text_for_nlp,split
1,Apex Academic Proofreaders,,1,Fake_Scam,Freelance Work Scam,Fictitious Academic Press,Promises editing contracts; demands upfront $60 exam fee to obtain editorial credentials.,Advance examination fee racket.,LinkedIn Post -> PayPal Link,Medium,LinkedIn Fake Company Database,Apex Academic Proofreaders. Category: Freelance Work Scam. Impersonation target: Fictitious Academic Press. Modus operandi: Promises editing contracts; demands upfront $60 exam fee to obtain editorial credentials.. Red flags: Advance examination fee racket.,train
2,Nestlé Waters,https://www.linkedin.com/company/1395,0,Legitimate,Verified LinkedIn Company Page,,N/A - genuine company page found via user LinkedIn interests/follows,None reported,,,Interests,Nestlé Waters. Category: Verified LinkedIn Company Page,train
3,长治市飞跃工程机械有限公司,https://www.linkedin.com/company/29488079,0,Legitimate,Verified LinkedIn Company Page,,N/A - genuine company page found via user LinkedIn interests/follows,None reported,,,Interests,长治市飞跃工程机械有限公司. Category: Verified LinkedIn Company Page,train
4,Teradyne,https://www.linkedin.com/company/2931,0,Legitimate,Verified LinkedIn Company Page,,N/A - genuine company page found via user LinkedIn interests/follows,None reported,,,Interests,Teradyne. Category: Verified LinkedIn Company Page,train
5,Yerevan State University,https://www.linkedin.com/company/583531,0,Legitimate,Verified LinkedIn Company Page,,N/A - genuine company page found via user LinkedIn interests/follows,None reported,,,Interests,Yerevan State University. Category: Verified LinkedIn Company Page,train
6,Seoul National University,https://www.linkedin.com/company/15096106,0,Legitimate,Verified LinkedIn Company Page,,N/A - genuine company page found via user LinkedIn interests/follows,None reported,,,Interests,Seoul National University. Category: Verified LinkedIn Company Page,train
7,Penn State University,https://www.linkedin.com/company/3657,0,Legitimate,Verified LinkedIn Company Page,,N/A - genuine company page found via user LinkedIn interests/follows,None reported,,,Interests,Penn State University. Category: Verified LinkedIn Company Page,train
8,Duke University - The Fuqua School of Business,https://www.linkedin.com/company/3352,0,Legitimate,Verified LinkedIn Company Page,,N/A - genuine company page found via user LinkedIn interests/follows,None reported,,,Interests,Duke University - The Fuqua School of Business. Category: Verified LinkedIn Company Page,train
9,World Economic Forum,https://www.linkedin.com/company/8193,0,Legitimate,Verified LinkedIn Company Page,,N/A - genuine company page found via user LinkedIn interests/follows,None reported,,,Interests,World Economic Forum. Category: Verified LinkedIn Company Page,train
10,Qmatic,https://www.linkedin.com/company/76874,0,Legitimate,Verified LinkedIn Company Page,,N/A - genuine company page found via user LinkedIn interests/follows,None reported,,,Interests,Qmatic. Category: Verified LinkedIn Company Page,train
11,California Institute of the Arts,https://www.linkedin.com/company/22708,0,Legitimate,Verified LinkedIn Company Page,,N/A - genuine company page found via user LinkedIn interests/follows,None reported,,,Interests,California Institute of the Arts. Category: Verified LinkedIn Company Page,train
12,ignite xr,https://www.linkedin.com/company/18314826,0,Legitimate,Verified LinkedIn Company Page,,N/A - genuine company page found via user LinkedIn interests/follows,None reported,,,Interests,ignite xr. Category: Verified LinkedIn Company Page,train
13,Sales Intersection,https://www.linkedin.com/company/36083757,0,Legitimate,Verified LinkedIn Company Page,,N/A - genuine company page found via user LinkedIn interests/follows,None reported,,,Interests,Sales Intersection. Category: Verified LinkedIn Company Page,train
14,The Leadership Consortium (TLC),https://www.linkedin.com/company/33283990,0,Legitimate,Verified LinkedIn Company Page,,N/A - genuine company page found via user LinkedIn interests/follows,None reported,,,Interests,The Leadership Consortium (TLC). Category: Verified LinkedIn Company Page,val
15,Amherst College,https://www.linkedin.com/company/162436,0,Legitimate,Verified LinkedIn Company Page,,N/A - genuine company page found via user LinkedIn interests/follows,None reported,,,Interests,Amherst College. Category: Verified LinkedIn Company Page,train
16,Windermere RE Northeast,https://www.linkedin.com/company/6029200,0,Legitimate,Verified LinkedIn Company Page,,N/A - genuine company page found via user LinkedIn interests/follows,None reported,,,Interests,Windermere RE Northeast. Category: Verified LinkedIn Company Page,train
17,Symbiose Collection,https://www.linkedin.com/company/2228204,0,Legitimate,Verified LinkedIn Company Page,,N/A - genuine company page found via user LinkedIn interests/follows,None reported,,,Interests,Symbiose Collection. Category: Verified LinkedIn Company Page,train
18,Event Rentals Unlimited,https://www.linkedin.com/company/556820,0,Legitimate,Verified LinkedIn Company Page,,N/A - genuine company page found via user LinkedIn interests/follows,None reported,,,Interests,Event Rentals Unlimited. Category: Verified LinkedIn Company Page,train
19,The Institute of Group Analysis,https://www.linkedin.com/company/10777973,0,Legitimate,Verified LinkedIn Company Page,,N/A - genuine company page found via user LinkedIn interests/follows,None reported,,,Interests,The Institute of Group Analysis. Category: Verified LinkedIn Company Page,train
20,Hungry Howie's Pizza,https://www.linkedin.com/company/1102286,0,Legitimate,Verified LinkedIn Company Page,,N/A - genuine company page found via user LinkedIn interests/follows,None reported,,,Interests,Hungry Howie's Pizza. Category: Verified LinkedIn Company Page,train
21,Conservancy for Cuyahoga Valley National Park,https://www.linkedin.com/company/1954092,0,Legitimate,Verified LinkedIn Company Page,,N/A - genuine company page found via user LinkedIn interests/follows,None reported,,,Interests,Conservancy for Cuyahoga Valley National Park. Category: Verified LinkedIn Company Page,train
22,Mad Women Academy,https://www.linkedin.com/company/77657648,0,Legitimate,Verified LinkedIn Company Page,,N/A - genuine company page found via user LinkedIn interests/follows,None reported,,,Interests,Mad Women Academy. Category: Verified LinkedIn Company Page,train
23,BBC Studios,https://www.linkedin.com/company/1763,0,Legitimate,Verified LinkedIn Company Page,,N/A - genuine company page found via user LinkedIn interests/follows,None reported,,,Interests,BBC Studios. Category: Verified LinkedIn Company Page,train
24,Sustrans,https://www.linkedin.com/company/85529,0,Legitimate,Verified LinkedIn Company Page,,N/A - genuine company page found via user LinkedIn interests/follows,None reported,,,Interests,Sustrans. Category: Verified LinkedIn Company Page,train
25,DonateStock,https://www.linkedin.com/company/71052388,0,Legitimate,Verified LinkedIn Company Page,,N/A - genuine company page found via user LinkedIn interests/follows,None reported,,,Interests,DonateStock. Category: Verified LinkedIn Company Page,train
26,Joberator.com,https://www.linkedin.com/company/12177745,0,Legitimate,Verified LinkedIn Company Page,,N/A - genuine company page found via user LinkedIn interests/follows,None reported,,,Interests,Joberator.com. Category: Verified LinkedIn Company Page,train
27,Electrozad,https://www.linkedin.com/company/10908983,0,Legitimate,Verified LinkedIn Company Page,,N/A - genuine company page found via user LinkedIn interests/follows,None reported,,,Interests,Electrozad. Category: Verified LinkedIn Company Page,val
28,江南布衣服饰有限公司,https://www.linkedin.com/company/32881637,0,Legitimate,Verified LinkedIn Company Page,,N/A - genuine company page found via user LinkedIn interests/follows,None reported,,,Interests,江南布衣服饰有限公司. Category: Verified LinkedIn Company Page,train
29,540,https://www.linkedin.com/company/3007815,0,Legitimate,Verified LinkedIn Company Page,,N/A - genuine company page found via user LinkedIn interests/follows,None reported,,,Interests,540. Category: Verified LinkedIn Company Page,train
30,Abacus Group,https://www.linkedin.com/company/2079141,0,Legitimate,Verified LinkedIn Company Page,,N/A - genuine company page found via user LinkedIn interests/follows,None reported,,,Interests,Abacus Group. Category: Verified LinkedIn Company Page,train
31,UCLA Anderson School of Management,https://www.linkedin.com/company/2475,0,Legitimate,Verified LinkedIn Company Page,,N/A - genuine company page found via user LinkedIn interests/follows,None reported,,,Interests,UCLA Anderson School of Management. Category: Verified LinkedIn Company Page,test
32,BVeg Foods,https://www.linkedin.com/company/68838069,0,Legitimate,Verified LinkedIn Company Page,,N/A - genuine company page found via user LinkedIn interests/follows,None reported,,,Interests,BVeg Foods. Category: Verified LinkedIn Company Page,test
33,"HotBed Technologies, Inc",https://www.linkedin.com/company/12599176,0,Legitimate,Verified LinkedIn Company Page,,N/A - genuine company page found via user LinkedIn interests/follows,None reported,,,Interests,"HotBed Technologies, Inc. Category: Verified LinkedIn Company Page",train
34,MyTechBestfriend,https://www.linkedin.com/company/79952240,0,Legitimate,Verified LinkedIn Company Page,,N/A - genuine company page found via user LinkedIn interests/follows,None reported,,,Interests,MyTechBestfriend. Category: Verified LinkedIn Company Page,test
35,NeuralMatrix AI Labs,,1,Fake_Scam,AI Hype Shell Company,Fabricated Neural Net Lab,Offers prompt engineering roles; requires candidates to purchase dataset training license.,Advance dataset fee scheme.,LinkedIn Job Ad -> Payment Portal,Medium,LinkedIn Fake Company Database,NeuralMatrix AI Labs. Category: AI Hype Shell Company. Impersonation target: Fabricated Neural Net Lab. Modus operandi: Offers prompt engineering roles; requires candidates to purchase dataset training license.. Red flags: Advance dataset fee scheme.,train
36,Massachusetts Black Women Attorneys,https://www.linkedin.com/company/68364963,0,Legitimate,Verified LinkedIn Company Page,,N/A - genuine company page found via user LinkedIn interests/follows,None reported,,,Interests,Massachusetts Black Women Attorneys. Category: Verified LinkedIn Company Page,train
37,Efficio,https://www.linkedin.com/company/27644,0,Legitimate,Verified LinkedIn Company Page,,N/A - genuine company page found via user LinkedIn interests/follows,None reported,,,Interests,Efficio. Category: Verified LinkedIn Company Page,train
38,Castillo & Piñeyro Consultores y Abogados S.A.C.,https://www.linkedin.com/company/10453879,0,Legitimate,Verified LinkedIn Company Page,,N/A - genuine company page found via user LinkedIn interests/follows,None reported,,,Interests,Castillo & Piñeyro Consultores y Abogados S.A.C.. Category: Verified LinkedIn Company Page,train
39,EnergyCommunities,https://www.linkedin.com/company/79714916,0,Legitimate,Verified LinkedIn Company Page,,N/A - genuine company page found via user LinkedIn interests/follows,None reported,,,Interests,EnergyCommunities. Category: Verified LinkedIn Company Page,train
40,Social Media Marketing Tips,https://www.linkedin.com/company/3692147,0,Legitimate,Verified LinkedIn Company Page,,N/A - genuine company page found via user LinkedIn interests/follows,None reported,,,Interests,Social Media Marketing Tips. Category: Verified LinkedIn Company Page,train
41,Junior Achievement of Northern California,https://www.linkedin.com/company/420694,0,Legitimate,Verified LinkedIn Company Page,,N/A - genuine company page found via user LinkedIn interests/follows,None reported,,,Interests,Junior Achievement of Northern California. Category: Verified LinkedIn Company Page,train
42,Nesco Resource,https://www.linkedin.com/company/28014,0,Legitimate,Verified LinkedIn Company Page,,N/A - genuine company page found via user LinkedIn interests/follows,None reported,,,Interests,Nesco Resource. Category: Verified LinkedIn Company Page,train
43,Cantor Fitzgerald,https://www.linkedin.com/company/162889,0,Legitimate,Verified LinkedIn Company Page,,N/A - genuine company page found via user LinkedIn interests/follows,None reported,,,Interests,Cantor Fitzgerald. Category: Verified LinkedIn Company Page,train
44,Oakley,https://www.linkedin.com/company/7471,0,Legitimate,Verified LinkedIn Company Page,,N/A - genuine company page found via user LinkedIn interests/follows,None reported,,,Interests,Oakley. Category: Verified LinkedIn Company Page,train
45,California College of the Arts,https://www.linkedin.com/company/16441,0,Legitimate,Verified LinkedIn Company Page,,N/A - genuine company page found via user LinkedIn interests/follows,None reported,,,Interests,California College of the Arts. Category: Verified LinkedIn Company Page,train
46,Cole Schotz P.C.,https://www.linkedin.com/company/99898,0,Legitimate,Verified LinkedIn Company Page,,N/A - genuine company page found via user LinkedIn interests/follows,None reported,,,Interests,Cole Schotz P.C.. Category: Verified LinkedIn Company Page,test
47,POWER INITIATIVES LIMITED,https://www.linkedin.com/company/21768265,0,Legitimate,Verified LinkedIn Company Page,,N/A - genuine company page found via user LinkedIn interests/follows,None reported,,,Interests,POWER INITIATIVES LIMITED. Category: Verified LinkedIn Company Page,test
48,World Health Organization,https://www.linkedin.com/company/5350,0,Legitimate,Verified LinkedIn Company Page,,N/A - genuine company page found via user LinkedIn interests/follows,None reported,,,Interests,World Health Organization. Category: Verified LinkedIn Company Page,test
49,Gaming America,https://www.linkedin.com/company/64595222,0,Legitimate,Verified LinkedIn Company Page,,N/A - genuine company page found via user LinkedIn interests/follows,None reported,,,Interests,Gaming America. Category: Verified LinkedIn Company Page,train
50,Berk Communications,https://www.linkedin.com/company/9348497,0,Legitimate,Verified LinkedIn Company Page,,N/A - genuine company page found via user LinkedIn interests/follows,None reported,,,Interests,Berk Communications. Category: Verified LinkedIn Company Page,train
51,"ALPFA, Temple Chapter- Association of Latino Professionals for America",https://www.linkedin.com/company/72583330,0,Legitimate,Verified LinkedIn Company Page,,N/A - genuine company page found via user LinkedIn interests/follows,None reported,,,Interests,"ALPFA, Temple Chapter- Association of Latino Professionals for America. Category: Verified LinkedIn Company Page",val
52,Forever Jewelry,https://www.linkedin.com/company/5499137,0,Legitimate,Verified LinkedIn Company Page,,N/A - genuine company page found via user LinkedIn interests/follows,None reported,,,Interests,Forever Jewelry. Category: Verified LinkedIn Company Page,val
53,Fieldwire by Hilti,https://www.linkedin.com/company/3078180,0,Legitimate,Verified LinkedIn Company Page,,N/A - genuine company page found via user LinkedIn interests/follows,None reported,,,Interests,Fieldwire by Hilti. Category: Verified LinkedIn Company Page,train
54,Our Corporate Profile,https://www.linkedin.com/company/5212335,0,Legitimate,Verified LinkedIn Company Page,,N/A - genuine company page found via user LinkedIn interests/follows,None reported,,,Interests,Our Corporate Profile. Category: Verified LinkedIn Company Page,test
55,Novartis,https://www.linkedin.com/company/1406,0,Legitimate,Verified LinkedIn Company Page,,N/A - genuine company page found via user LinkedIn interests/follows,None reported,,,Interests,Novartis. Category: Verified LinkedIn Company Page,train
56,Gentex Corporation,https://www.linkedin.com/company/17363,0,Legitimate,Verified LinkedIn Company Page,,N/A - genuine company page found via user LinkedIn interests/follows,None reported,,,Interests,Gentex Corporation. Category: Verified LinkedIn Company Page,train
57,The Construction Veteran,https://www.linkedin.com/company/90454104,0,Legitimate,Verified LinkedIn Company Page,,N/A - genuine company page found via user LinkedIn interests/follows,None reported,,,Interests,The Construction Veteran. Category: Verified LinkedIn Company Page,train
58,Derse,https://www.linkedin.com/company/30509,0,Legitimate,Verified LinkedIn Company Page,,N/A - genuine company page found via user LinkedIn interests/follows,None reported,,,Interests,Derse. Category: Verified LinkedIn Company Page,train
59,Trina Solar,https://www.linkedin.com/company/696485,0,Legitimate,Verified LinkedIn Company Page,,N/A - genuine company page found via user LinkedIn interests/follows,None reported,,,Interests,Trina Solar. Category: Verified LinkedIn Company Page,test
60,Slack,https://www.linkedin.com/company/1612748,0,Legitimate,Verified LinkedIn Company Page,,N/A - genuine company page found via user LinkedIn interests/follows,None reported,,,Interests,Slack. Category: Verified LinkedIn Company Page,val
61,Oracle Enterprise Consulting Desk,,1,Fake_Scam,Enterprise Impersonation,Oracle Corporation,Conducts interview via WhatsApp; offers immediate employment contract with check for hardware.,Counterfeit check scam using Oracle's logo and executive names.,LinkedIn Outreach -> WhatsApp,High,LinkedIn Fake Company Database,Oracle Enterprise Consulting Desk. Category: Enterprise Impersonation. Impersonation target: Oracle Corporation. Modus operandi: Conducts interview via WhatsApp; offers immediate employment contract with check for hardware.. Red flags: Counterfeit check scam using Oracle's logo and executive names.,train
62,Rose Andom Center,https://www.linkedin.com/company/33191800,0,Legitimate,Verified LinkedIn Company Page,,N/A - genuine company page found via user LinkedIn interests/follows,None reported,,,Interests,Rose Andom Center. Category: Verified LinkedIn Company Page,train
63,Bloomberg Harvard City Leadership Initiative,https://www.linkedin.com/company/35637501,0,Legitimate,Verified LinkedIn Company Page,,N/A - genuine company page found via user LinkedIn interests/follows,None reported,,,Interests,Bloomberg Harvard City Leadership Initiative. Category: Verified LinkedIn Company Page,val
64,Metaverse DAO Guild,,1,Fake_Scam,Web3 / Crypto Shell,Fabricated Gaming DAO,Recruits Discord moderators; asks to install custom moderation client containing malware.,Discord token stealer embedded in executable client.,LinkedIn DM -> Direct Download,Critical,LinkedIn Fake Company Database,Metaverse DAO Guild. Category: Web3 / Crypto Shell. Impersonation target: Fabricated Gaming DAO. Modus operandi: Recruits Discord moderators; asks to install custom moderation client containing malware.. Red flags: Discord token stealer embedded in executable client.,train
65,University of Shanghai for Science and Technology,https://www.linkedin.com/company/15091721,0,Legitimate,Verified LinkedIn Company Page,,N/A - genuine company page found via user LinkedIn interests/follows,None reported,,,Interests,University of Shanghai for Science and Technology. Category: Verified LinkedIn Company Page,train
66,Wilmar Group Limited,https://www.linkedin.com/company/74502029,0,Legitimate,Verified LinkedIn Company Page,,N/A - genuine company page found via user LinkedIn interests/follows,None reported,,,Interests,Wilmar Group Limited. Category: Verified LinkedIn Company Page,train
67,UrbanSitter,https://www.linkedin.com/company/2180475,0,Legitimate,Verified LinkedIn Company Page,,N/A - genuine company page found via user LinkedIn interests/follows,None reported,,,Interests,UrbanSitter. Category: Verified LinkedIn Company Page,train
68,LIDE Rio Grande do Sul - Grupo de Líderes Empresariais,https://www.linkedin.com/company/3374371,0,Legitimate,Verified LinkedIn Company Page,,N/A - genuine company page found via user LinkedIn interests/follows,None reported,,,Interests,LIDE Rio Grande do Sul - Grupo de Líderes Empresariais. Category: Verified LinkedIn Company Page,test
69,Louisiana State University,https://www.linkedin.com/company/164771,0,Legitimate,Verified LinkedIn Company Page,,N/A - genuine company page found via user LinkedIn interests/follows,None reported,,,Interests,Louisiana State University. Category: Verified LinkedIn Company Page,train
70,Russam,https://www.linkedin.com/company/147880,0,Legitimate,Verified LinkedIn Company Page,,N/A - genuine company page found via user LinkedIn interests/follows,None reported,,,Interests,Russam. Category: Verified LinkedIn Company Page,train
71,DXC Technology Australia and New Zealand,https://www.linkedin.com/company/14007277,0,Legitimate,Verified LinkedIn Company Page,,N/A - genuine company page found via user LinkedIn interests/follows,None reported,,,Interests,DXC Technology Australia and New Zealand. Category: Verified LinkedIn Company Page,train
72,Sisal,https://www.linkedin.com/company/459325,0,Legitimate,Verified LinkedIn Company Page,,N/A - genuine company page found via user LinkedIn interests/follows,None reported,,,Interests,Sisal. Category: Verified LinkedIn Company Page,test
73,University of Health Sciences and Pharmacy in St. Louis,https://www.linkedin.com/company/1105781,0,Legitimate,Verified LinkedIn Company Page,,N/A - genuine company page found via user LinkedIn interests/follows,None reported,,,Interests,University of Health Sciences and Pharmacy in St. Louis. Category: Verified LinkedIn Company Page,train
74,PepsiCo,https://www.linkedin.com/company/1431,0,Legitimate,Verified LinkedIn Company Page,,N/A - genuine company page found via user LinkedIn interests/follows,None reported,,,Interests,PepsiCo. Category: Verified LinkedIn Company Page,val
75,Google,https://www.linkedin.com/company/1441,0,Legitimate,Verified LinkedIn Company Page,,N/A - genuine company page found via user LinkedIn interests/follows,None reported,,,Interests,Google. Category: Verified LinkedIn Company Page,test
76,My Actress Gallery,https://www.linkedin.com/company/69881700,0,Legitimate,Verified LinkedIn Company Page,,N/A - genuine company page found via user LinkedIn interests/follows,None reported,,,Interests,My Actress Gallery. Category: Verified LinkedIn Company Page,train
77,George Weston Bakeries,https://www.linkedin.com/company/20031,0,Legitimate,Verified LinkedIn Company Page,,N/A - genuine company page found via user LinkedIn interests/follows,None reported,,,Interests,George Weston Bakeries. Category: Verified LinkedIn Company Page,train
78,HFMA Massachusetts-Rhode Island Chapter,https://www.linkedin.com/company/10491817,0,Legitimate,Verified LinkedIn Company Page,,N/A - genuine company page found via user LinkedIn interests/follows,None reported,,,Interests,HFMA Massachusetts-Rhode Island Chapter. Category: Verified LinkedIn Company Page,test
79,Burnett Specialists Staffing & Recruiting,https://www.linkedin.com/company/29104,0,Legitimate,Verified LinkedIn Company Page,,N/A - genuine company page found via user LinkedIn interests/follows,None reported,,,Interests,Burnett Specialists Staffing & Recruiting. Category: Verified LinkedIn Company Page,train
80,Selfridges,https://www.linkedin.com/company/17250,0,Legitimate,Verified LinkedIn Company Page,,N/A - genuine company page found via user LinkedIn interests/follows,None reported,,,Interests,Selfridges. Category: Verified LinkedIn Company Page,train
81,Tsinghua University,https://www.linkedin.com/company/14022,0,Legitimate,Verified LinkedIn Company Page,,N/A - genuine company page found via user LinkedIn interests/follows,None reported,,,Interests,Tsinghua University. Category: Verified LinkedIn Company Page,val
82,Beverly Hills Plastic Surgery by Dr Gabriel Chiu,https://www.linkedin.com/company/65662355,0,Legitimate,Verified LinkedIn Company Page,,N/A - genuine company page found via user LinkedIn interests/follows,None reported,,,Interests,Beverly Hills Plastic Surgery by Dr Gabriel Chiu. Category: Verified LinkedIn Company Page,train
83,Gap,https://www.linkedin.com/company/807593,0,Legitimate,Verified LinkedIn Company Page,,N/A - genuine company page found via user LinkedIn interests/follows,None reported,,,Interests,Gap. Category: Verified LinkedIn Company Page,train
84,Changi Airport Group,https://www.linkedin.com/company/402650,0,Legitimate,Verified LinkedIn Company Page,,N/A - genuine company page found via user LinkedIn interests/follows,None reported,,,Interests,Changi Airport Group. Category: Verified LinkedIn Company Page,train
85,B Lab U.S. & Canada,https://www.linkedin.com/company/1049599,0,Legitimate,Verified LinkedIn Company Page,,N/A - genuine company page found via user LinkedIn interests/follows,None reported,,,Interests,B Lab U.S. & Canada. Category: Verified LinkedIn Company Page,test
86,Blue Cross Blue Shield Association,https://www.linkedin.com/company/296073,0,Legitimate,Verified LinkedIn Company Page,,N/A - genuine company page found via user LinkedIn interests/follows,None reported,,,Interests,Blue Cross Blue Shield Association. Category: Verified LinkedIn Company Page,train
87,The Pranava Institute,https://www.linkedin.com/company/31573397,0,Legitimate,Verified LinkedIn Company Page,,N/A - genuine company page found via user LinkedIn interests/follows,None reported,,,Interests,The Pranava Institute. Category: Verified LinkedIn Company Page,train
88,Free Online Courses,https://www.linkedin.com/company/11335755,0,Legitimate,Verified LinkedIn Company Page,,N/A - genuine company page found via user LinkedIn interests/follows,None reported,,,Interests,Free Online Courses. Category: Verified LinkedIn Company Page,train
89,Fichap,https://www.linkedin.com/company/35476173,0,Legitimate,Verified LinkedIn Company Page,,N/A - genuine company page found via user LinkedIn interests/follows,None reported,,,Interests,Fichap. Category: Verified LinkedIn Company Page,train
90,Litigation God,https://www.linkedin.com/company/78381661,0,Legitimate,Verified LinkedIn Company Page,,N/A - genuine company page found via user LinkedIn interests/follows,None reported,,,Interests,Litigation God. Category: Verified LinkedIn Company Page,train
91,Dwarkadas J. Sanghvi College of Engineering,https://www.linkedin.com/company/15141199,0,Legitimate,Verified LinkedIn Company Page,,N/A - genuine company page found via user LinkedIn interests/follows,None reported,,,Interests,Dwarkadas J. Sanghvi College of Engineering. Category: Verified LinkedIn Company Page,train
92,Youth Marketing Connection,https://www.linkedin.com/company/643445,0,Legitimate,Verified LinkedIn Company Page,,N/A - genuine company page found via user LinkedIn interests/follows,None reported,,,Interests,Youth Marketing Connection. Category: Verified LinkedIn Company Page,test
93,AAWCC-Brookdale,https://www.linkedin.com/company/86719387,0,Legitimate,Verified LinkedIn Company Page,,N/A - genuine company page found via user LinkedIn interests/follows,None reported,,,Interests,AAWCC-Brookdale. Category: Verified LinkedIn Company Page,train
94,The Resolute Group,https://www.linkedin.com/company/5035958,0,Legitimate,Verified LinkedIn Company Page,,N/A - genuine company page found via user LinkedIn interests/follows,None reported,,,Interests,The Resolute Group. Category: Verified LinkedIn Company Page,train
95,Robi Axiata Limited,https://www.linkedin.com/company/1113717,0,Legitimate,Verified LinkedIn Company Page,,N/A - genuine company page found via user LinkedIn interests/follows,None reported,,,Interests,Robi Axiata Limited. Category: Verified LinkedIn Company Page,train
96,Alfa Connections,https://www.linkedin.com/company/14397856,0,Legitimate,Verified LinkedIn Company Page,,N/A - genuine company page found via user LinkedIn interests/follows,None reported,,,Interests,Alfa Connections. Category: Verified LinkedIn Company Page,train
97,AMN Healthcare,https://www.linkedin.com/company/10021,0,Legitimate,Verified LinkedIn Company Page,,N/A - genuine company page found via user LinkedIn interests/follows,None reported,,,Interests,AMN Healthcare. Category: Verified LinkedIn Company Page,train
98,Talentpath Recruitment,https://www.linkedin.com/company/2077141,0,Legitimate,Verified LinkedIn Company Page,,N/A - genuine company page found via user LinkedIn interests/follows,None reported,,,Interests,Talentpath Recruitment. Category: Verified LinkedIn Company Page,test
99,Alliance One,https://www.linkedin.com/company/34505,0,Legitimate,Verified LinkedIn Company Page,,N/A - genuine company page found via user LinkedIn interests/follows,None reported,,,Interests,Alliance One. Category: Verified LinkedIn Company Page,train
100,Higginbotham,https://www.linkedin.com/company/36079,0,Legitimate,Verified LinkedIn Company Page,,N/A - genuine company page found via user LinkedIn interests/follows,None reported,,,Interests,Higginbotham. Category: Verified LinkedIn Company Page,train
101,George Brown College Continuing Education,https://www.linkedin.com/company/934386,0,Legitimate,Verified LinkedIn Company Page,,N/A - genuine company page found via user LinkedIn interests/follows,None reported,,,Interests,George Brown College Continuing Education. Category: Verified LinkedIn Company Page,val
102,Mental Health Foundation,https://www.linkedin.com/company/2889690,0,Legitimate,Verified LinkedIn Company Page,,N/A - genuine company page found via user LinkedIn interests/follows,None reported,,,Interests,Mental Health Foundation. Category: Verified LinkedIn Company Page,train
103,HopeNow Foundation,https://www.linkedin.com/company/1401522,0,Legitimate,Verified LinkedIn Company Page,,N/A - genuine company page found via user LinkedIn interests/follows,None reported,,,Interests,HopeNow Foundation. Category: Verified LinkedIn Company Page,train
104,Ultra Tec Water Treatment L.L.C Dubai,https://www.linkedin.com/company/2605272,0,Legitimate,Verified LinkedIn Company Page,,N/A - genuine company page found via user LinkedIn interests/follows,None reported,,,Interests,Ultra Tec Water Treatment L.L.C Dubai. Category: Verified LinkedIn Company Page,train
105,NOW,https://www.linkedin.com/company/10983400,0,Legitimate,Verified LinkedIn Company Page,,N/A - genuine company page found via user LinkedIn interests/follows,None reported,,,Interests,NOW. Category: Verified LinkedIn Company Page,val
106,The Popular Businessman,https://www.linkedin.com/company/71033874,0,Legitimate,Verified LinkedIn Company Page,,N/A - genuine company page found via user LinkedIn interests/follows,None reported,,,Interests,The Popular Businessman. Category: Verified LinkedIn Company Page,train
107,"Institute of Automation, Chinese Academy of Sciences",https://www.linkedin.com/company/3063816,0,Legitimate,Verified LinkedIn Company Page,,N/A - genuine company page found via user LinkedIn interests/follows,None reported,,,Interests,"Institute of Automation, Chinese Academy of Sciences. Category: Verified LinkedIn Company Page",test
108,Colorado Academy,https://www.linkedin.com/company/781579,0,Legitimate,Verified LinkedIn Company Page,,N/A - genuine company page found via user LinkedIn interests/follows,None reported,,,Interests,Colorado Academy. Category: Verified LinkedIn Company Page,train
109,Baton Rouge North Economic Development District,https://www.linkedin.com/company/33240120,0,Legitimate,Verified LinkedIn Company Page,,N/A - genuine company page found via user LinkedIn interests/follows,None reported,,,Interests,Baton Rouge North Economic Development District. Category: Verified LinkedIn Company Page,val
110,"Rise Together Foundation, Inc.",https://www.linkedin.com/company/73182093,0,Legitimate,Verified LinkedIn Company Page,,N/A - genuine company page found via user LinkedIn interests/follows,None reported,,,Interests,"Rise Together Foundation, Inc.. Category: Verified LinkedIn Company Page",train
111,Shopenzer Group,https://www.linkedin.com/company/82096104,0,Legitimate,Verified LinkedIn Company Page,,N/A - genuine company page found via user LinkedIn interests/follows,None reported,,,Interests,Shopenzer Group. Category: Verified LinkedIn Company Page,train
112,Hangzhou Normal University,https://www.linkedin.com/company/15092458,0,Legitimate,Verified LinkedIn Company Page,,N/A - genuine company page found via user LinkedIn interests/follows,None reported,,,Interests,Hangzhou Normal University. Category: Verified LinkedIn Company Page,train
113,MEC,https://www.linkedin.com/company/31914,0,Legitimate,Verified LinkedIn Company Page,,N/A - genuine company page found via user LinkedIn interests/follows,None reported,,,Interests,MEC. Category: Verified LinkedIn Company Page,val
114,"Garan, Incorporated",https://www.linkedin.com/company/59162,0,Legitimate,Verified LinkedIn Company Page,,N/A - genuine company page found via user LinkedIn interests/follows,None reported,,,Interests,"Garan, Incorporated. Category: Verified LinkedIn Company Page",val
115,Dear Tech World,https://www.linkedin.com/company/84536782,0,Legitimate,Verified LinkedIn Company Page,,N/A - genuine company page found via user LinkedIn interests/follows,None reported,,,Interests,Dear Tech World. Category: Verified LinkedIn Company Page,train
116,Tahr SEO,https://www.linkedin.com/company/13580278,0,Legitimate,Verified LinkedIn Company Page,,N/A - genuine company page found via user LinkedIn interests/follows,None reported,,,Interests,Tahr SEO. Category: Verified LinkedIn Company Page,test
117,DeepMind,https://www.linkedin.com/company/1594050,0,Legitimate,Verified LinkedIn Company Page,,N/A - genuine company page found via user LinkedIn interests/follows,None reported,,,Interests,DeepMind. Category: Verified LinkedIn Company Page,train
118,LogRhythm,https://www.linkedin.com/company/83851,0,Legitimate,Verified LinkedIn Company Page,,N/A - genuine company page found via user LinkedIn interests/follows,None reported,,,Interests,LogRhythm. Category: Verified LinkedIn Company Page,train
119,KPMG Brazil,https://www.linkedin.com/company/2655422,0,Legitimate,Verified LinkedIn Company Page,,N/A - genuine company page found via user LinkedIn interests/follows,None reported,,,Interests,KPMG Brazil. Category: Verified LinkedIn Company Page,train
120,Webicina.com,https://www.linkedin.com/company/2001563,0,Legitimate,Verified LinkedIn Company Page,,N/A - genuine company page found via user LinkedIn interests/follows,None reported,,,Interests,Webicina.com. Category: Verified LinkedIn Company Page,train
121,"Midwest Express, Inc.",https://www.linkedin.com/company/42868,0,Legitimate,Verified LinkedIn Company Page,,N/A - genuine company page found via user LinkedIn interests/follows,None reported,,,Interests,"Midwest Express, Inc.. Category: Verified LinkedIn Company Page",train
122,Baltimore Development Corporation,https://www.linkedin.com/company/79999,0,Legitimate,Verified LinkedIn Company Page,,N/A - genuine company page found via user LinkedIn interests/follows,None reported,,,Interests,Baltimore Development Corporation. Category: Verified LinkedIn Company Page,train
123,Gazprom,https://www.linkedin.com/company/1841077,0,Legitimate,Verified LinkedIn Company Page,,N/A - genuine company page found via user LinkedIn interests/follows,None reported,,,Interests,Gazprom. Category: Verified LinkedIn Company Page,train
124,PPRO,https://www.linkedin.com/company/1973298,0,Legitimate,Verified LinkedIn Company Page,,N/A - genuine company page found via user LinkedIn interests/follows,None reported,,,Interests,PPRO. Category: Verified LinkedIn Company Page,train
125,Cooleaf,https://www.linkedin.com/company/1339111,0,Legitimate,Verified LinkedIn Company Page,,N/A - genuine company page found via user LinkedIn interests/follows,None reported,,,Interests,Cooleaf. Category: Verified LinkedIn Company Page,test
126,Fendi,https://www.linkedin.com/company/27664,0,Legitimate,Verified LinkedIn Company Page,,N/A - genuine company page found via user LinkedIn interests/follows,None reported,,,Interests,Fendi. Category: Verified LinkedIn Company Page,train
127,JOBSCAN Middle East Ltd.,https://www.linkedin.com/company/9999967,0,Legitimate,Verified LinkedIn Company Page,,N/A - genuine company page found via user LinkedIn interests/follows,None reported,,,Interests,JOBSCAN Middle East Ltd.. Category: Verified LinkedIn Company Page,train
128,Columbus CEO,https://www.linkedin.com/company/3143852,0,Legitimate,Verified LinkedIn Company Page,,N/A - genuine company page found via user LinkedIn interests/follows,None reported,,,Interests,Columbus CEO. Category: Verified LinkedIn Company Page,val
129,U.S. Legal Support,https://www.linkedin.com/company/86621,0,Legitimate,Verified LinkedIn Company Page,,N/A - genuine company page found via user LinkedIn interests/follows,None reported,,,Interests,U.S. Legal Support. Category: Verified LinkedIn Company Page,test
130,Nest Commerce,https://www.linkedin.com/company/11062453,0,Legitimate,Verified LinkedIn Company Page,,N/A - genuine company page found via user LinkedIn interests/follows,None reported,,,Interests,Nest Commerce. Category: Verified LinkedIn Company Page,train
131,Integro Bank,https://www.linkedin.com/company/76458894,0,Legitimate,Verified LinkedIn Company Page,,N/A - genuine company page found via user LinkedIn interests/follows,None reported,,,Interests,Integro Bank. Category: Verified LinkedIn Company Page,train
132,Major League Baseball,https://www.linkedin.com/company/164826,0,Legitimate,Verified LinkedIn Company Page,,N/A - genuine company page found via user LinkedIn interests/follows,None reported,,,Interests,Major League Baseball. Category: Verified LinkedIn Company Page,train
133,Greater Manchester Police,https://www.linkedin.com/company/468148,0,Legitimate,Verified LinkedIn Company Page,,N/A - genuine company page found via user LinkedIn interests/follows,None reported,,,Interests,Greater Manchester Police. Category: Verified LinkedIn Company Page,train
134,Human Resources by Sede21,https://www.linkedin.com/company/1348171,0,Legitimate,Verified LinkedIn Company Page,,N/A - genuine company page found via user LinkedIn interests/follows,None reported,,,Interests,Human Resources by Sede21. Category: Verified LinkedIn Company Page,train
135,Cairns Connection Training LTD,https://www.linkedin.com/company/79359916,0,Legitimate,Verified LinkedIn Company Page,,N/A - genuine company page found via user LinkedIn interests/follows,None reported,,,Interests,Cairns Connection Training LTD. Category: Verified LinkedIn Company Page,train
136,LinkedIn for Creators,https://www.linkedin.com/company/74310544,0,Legitimate,Verified LinkedIn Company Page,,N/A - genuine company page found via user LinkedIn interests/follows,None reported,,,Interests,LinkedIn for Creators. Category: Verified LinkedIn Company Page,train
137,Themy by Denise Conroy,https://www.linkedin.com/company/73898944,0,Legitimate,Verified LinkedIn Company Page,,N/A - genuine company page found via user LinkedIn interests/follows,None reported,,,Interests,Themy by Denise Conroy. Category: Verified LinkedIn Company Page,train
138,Interpublic Group (IPG),https://www.linkedin.com/company/6370,0,Legitimate,Verified LinkedIn Company Page,,N/A - genuine company page found via user LinkedIn interests/follows,None reported,,,Interests,Interpublic Group (IPG). Category: Verified LinkedIn Company Page,train
139,Buzz Editora,https://www.linkedin.com/company/10937321,0,Legitimate,Verified LinkedIn Company Page,,N/A - genuine company page found via user LinkedIn interests/follows,None reported,,,Interests,Buzz Editora. Category: Verified LinkedIn Company Page,test
140,Minor League Baseball,https://www.linkedin.com/company/49521,0,Legitimate,Verified LinkedIn Company Page,,N/A - genuine company page found via user LinkedIn interests/follows,None reported,,,Interests,Minor League Baseball. Category: Verified LinkedIn Company Page,test
141,The Lazy Axe,https://www.linkedin.com/company/40715567,0,Legitimate,Verified LinkedIn Company Page,,N/A - genuine company page found via user LinkedIn interests/follows,None reported,,,Interests,The Lazy Axe. Category: Verified LinkedIn Company Page,train
142,河南华峰制药有限公司,https://www.linkedin.com/company/31858483,0,Legitimate,Verified LinkedIn Company Page,,N/A - genuine company page found via user LinkedIn interests/follows,None reported,,,Interests,河南华峰制药有限公司. Category: Verified LinkedIn Company Page,train
143,LinkedIn News,https://www.linkedin.com/company/11280505,0,Legitimate,Verified LinkedIn Company Page,,N/A - genuine company page found via user LinkedIn interests/follows,None reported,,,Interests,LinkedIn News. Category: Verified LinkedIn Company Page,train
144,Tata Tele Business Services,https://www.linkedin.com/company/3879,0,Legitimate,Verified LinkedIn Company Page,,N/A - genuine company page found via user LinkedIn interests/follows,None reported,,,Interests,Tata Tele Business Services. Category: Verified LinkedIn Company Page,test
145,John Brown University,https://www.linkedin.com/company/25227,0,Legitimate,Verified LinkedIn Company Page,,N/A - genuine company page found via user LinkedIn interests/follows,None reported,,,Interests,John Brown University. Category: Verified LinkedIn Company Page,train
146,Dhaka International University,https://www.linkedin.com/company/8490764,0,Legitimate,Verified LinkedIn Company Page,,N/A - genuine company page found via user LinkedIn interests/follows,None reported,,,Interests,Dhaka International University. Category: Verified LinkedIn Company Page,test
147,Seattle Mariners,https://www.linkedin.com/company/165901,0,Legitimate,Verified LinkedIn Company Page,,N/A - genuine company page found via user LinkedIn interests/follows,None reported,,,Interests,Seattle Mariners. Category: Verified LinkedIn Company Page,train
148,SAP,https://www.linkedin.com/company/1115,0,Legitimate,Verified LinkedIn Company Page,,N/A - genuine company page found via user LinkedIn interests/follows,None reported,,,Interests,SAP. Category: Verified LinkedIn Company Page,train
149,The Hong Kong Polytechnic University,https://www.linkedin.com/company/13359,0,Legitimate,Verified LinkedIn Company Page,,N/A - genuine company page found via user LinkedIn interests/follows,None reported,,,Interests,The Hong Kong Polytechnic University. Category: Verified LinkedIn Company Page,train
150,National Association of Latino Healthcare Executives,https://www.linkedin.com/company/16927542,0,Legitimate,Verified LinkedIn Company Page,,N/A - genuine company page found via user LinkedIn interests/follows,None reported,,,Interests,National Association of Latino Healthcare Executives. Category: Verified LinkedIn Company Page,train
151,FC Bayern München,https://www.linkedin.com/company/7312515,0,Legitimate,Verified LinkedIn Company Page,,N/A - genuine company page found via user LinkedIn interests/follows,None reported,,,Interests,FC Bayern München. Category: Verified LinkedIn Company Page,train
152,LITAO,https://www.linkedin.com/company/13236365,0,Legitimate,Verified LinkedIn Company Page,,N/A - genuine company page found via user LinkedIn interests/follows,None reported,,,Interests,LITAO. Category: Verified LinkedIn Company Page,train
153,The Power Group,https://www.linkedin.com/company/697062,0,Legitimate,Verified LinkedIn Company Page,,N/A - genuine company page found via user LinkedIn interests/follows,None reported,,,Interests,The Power Group. Category: Verified LinkedIn Company Page,train
154,BLACKBIRD.AI,https://www.linkedin.com/company/11817629,0,Legitimate,Verified LinkedIn Company Page,,N/A - genuine company page found via user LinkedIn interests/follows,None reported,,,Interests,BLACKBIRD.AI. Category: Verified LinkedIn Company Page,test
155,Real Futures Pty Ltd,https://www.linkedin.com/company/7152711,0,Legitimate,Verified LinkedIn Company Page,,N/A - genuine company page found via user LinkedIn interests/follows,None reported,,,Interests,Real Futures Pty Ltd. Category: Verified LinkedIn Company Page,train
156,Skype,https://www.linkedin.com/company/7299,0,Legitimate,Verified LinkedIn Company Page,,N/A - genuine company page found via user LinkedIn interests/follows,None reported,,,Interests,Skype. Category: Verified LinkedIn Company Page,train
157,UPS Supply Chain Solutions,https://www.linkedin.com/company/1524,0,Legitimate,Verified LinkedIn Company Page,,N/A - genuine company page found via user LinkedIn interests/follows,None reported,,,Interests,UPS Supply Chain Solutions. Category: Verified LinkedIn Company Page,test
158,Law Department Management Network,https://www.linkedin.com/company/56471203,0,Legitimate,Verified LinkedIn Company Page,,N/A - genuine company page found via user LinkedIn interests/follows,None reported,,,Interests,Law Department Management Network. Category: Verified LinkedIn Company Page,train
159,Medrio,https://www.linkedin.com/company/132347,0,Legitimate,Verified LinkedIn Company Page,,N/A - genuine company page found via user LinkedIn interests/follows,None reported,,,Interests,Medrio. Category: Verified LinkedIn Company Page,train
160,Pensioenfonds Openbare Bibliotheken,https://www.linkedin.com/company/84101933,0,Legitimate,Verified LinkedIn Company Page,,N/A - genuine company page found via user LinkedIn interests/follows,None reported,,,Interests,Pensioenfonds Openbare Bibliotheken. Category: Verified LinkedIn Company Page,train
161,TopRank Marketing,https://www.linkedin.com/company/96625,0,Legitimate,Verified LinkedIn Company Page,,N/A - genuine company page found via user LinkedIn interests/follows,None reported,,,Interests,TopRank Marketing. Category: Verified LinkedIn Company Page,train
162,My Staffing Resources,https://www.linkedin.com/company/64722957,0,Legitimate,Verified LinkedIn Company Page,,N/A - genuine company page found via user LinkedIn interests/follows,None reported,,,Interests,My Staffing Resources. Category: Verified LinkedIn Company Page,val
163,GISMA Business School,https://www.linkedin.com/company/63523,0,Legitimate,Verified LinkedIn Company Page,,N/A - genuine company page found via user LinkedIn interests/follows,None reported,,,Interests,GISMA Business School. Category: Verified LinkedIn Company Page,train
164,ServiceNow Community,https://www.linkedin.com/company/7578108,0,Legitimate,Verified LinkedIn Company Page,,N/A - genuine company page found via user LinkedIn interests/follows,None reported,,,Interests,ServiceNow Community. Category: Verified LinkedIn Company Page,train
165,The Globe and Mail,https://www.linkedin.com/company/10432,0,Legitimate,Verified LinkedIn Company Page,,N/A - genuine company page found via user LinkedIn interests/follows,None reported,,,Interests,The Globe and Mail. Category: Verified LinkedIn Company Page,train
166,FinTech Australia,https://www.linkedin.com/company/10563124,0,Legitimate,Verified LinkedIn Company Page,,N/A - genuine company page found via user LinkedIn interests/follows,None reported,,,Interests,FinTech Australia. Category: Verified LinkedIn Company Page,train
167,Craftview Software GmbH,https://www.linkedin.com/company/71567907,0,Legitimate,Verified LinkedIn Company Page,,N/A - genuine company page found via user LinkedIn interests/follows,None reported,,,Interests,Craftview Software GmbH. Category: Verified LinkedIn Company Page,test
168,AMH,https://www.linkedin.com/company/2723098,0,Legitimate,Verified LinkedIn Company Page,,N/A - genuine company page found via user LinkedIn interests/follows,None reported,,,Interests,AMH. Category: Verified LinkedIn Company Page,val
169,Be Braver,https://www.linkedin.com/company/40925420,0,Legitimate,Verified LinkedIn Company Page,,N/A - genuine company page found via user LinkedIn interests/follows,None reported,,,Interests,Be Braver. Category: Verified LinkedIn Company Page,train
170,Illumination Wealth,https://www.linkedin.com/company/3312966,0,Legitimate,Verified LinkedIn Company Page,,N/A - genuine company page found via user LinkedIn interests/follows,None reported,,,Interests,Illumination Wealth. Category: Verified LinkedIn Company Page,train
171,Step,https://www.linkedin.com/company/4991859,0,Legitimate,Verified LinkedIn Company Page,,N/A - genuine company page found via user LinkedIn interests/follows,None reported,,,Interests,Step. Category: Verified LinkedIn Company Page,val
172,Reachdesk,https://www.linkedin.com/company/13006904,0,Legitimate,Verified LinkedIn Company Page,,N/A - genuine company page found via user LinkedIn interests/follows,None reported,,,Interests,Reachdesk. Category: Verified LinkedIn Company Page,train
173,YouTube,https://www.linkedin.com/company/16140,0,Legitimate,Verified LinkedIn Company Page,,N/A - genuine company page found via user LinkedIn interests/follows,None reported,,,Interests,YouTube. Category: Verified LinkedIn Company Page,test
174,The uDe Agency,https://www.linkedin.com/company/9238800,0,Legitimate,Verified LinkedIn Company Page,,N/A - genuine company page found via user LinkedIn interests/follows,None reported,,,Interests,The uDe Agency. Category: Verified LinkedIn Company Page,train
175,Girls Inc. of New York City,https://www.linkedin.com/company/2139177,0,Legitimate,Verified LinkedIn Company Page,,N/A - genuine company page found via user LinkedIn interests/follows,None reported,,,Interests,Girls Inc. of New York City. Category: Verified LinkedIn Company Page,test
176,David Nigri Advogados Associados,https://www.linkedin.com/company/65984443,0,Legitimate,Verified LinkedIn Company Page,,N/A - genuine company page found via user LinkedIn interests/follows,None reported,,,Interests,David Nigri Advogados Associados. Category: Verified LinkedIn Company Page,train
177,American Efficient,https://www.linkedin.com/company/27231006,0,Legitimate,Verified LinkedIn Company Page,,N/A - genuine company page found via user LinkedIn interests/follows,None reported,,,Interests,American Efficient. Category: Verified LinkedIn Company Page,train
178,Ouest Digital,https://www.linkedin.com/company/10919629,0,Legitimate,Verified LinkedIn Company Page,,N/A - genuine company page found via user LinkedIn interests/follows,None reported,,,Interests,Ouest Digital. Category: Verified LinkedIn Company Page,test
179,UO American Marketing Association,https://www.linkedin.com/company/17774701,0,Legitimate,Verified LinkedIn Company Page,,N/A - genuine company page found via user LinkedIn interests/follows,None reported,,,Interests,UO American Marketing Association. Category: Verified LinkedIn Company Page,train
180,Shradha HRD,https://www.linkedin.com/company/4830066,0,Legitimate,Verified LinkedIn Company Page,,N/A - genuine company page found via user LinkedIn interests/follows,None reported,,,Interests,Shradha HRD. Category: Verified LinkedIn Company Page,test
181,Audiomack,https://www.linkedin.com/company/3284152,0,Legitimate,Verified LinkedIn Company Page,,N/A - genuine company page found via user LinkedIn interests/follows,None reported,,,Interests,Audiomack. Category: Verified LinkedIn Company Page,train
182,Toplum İçin Hukuk Kliniği,https://www.linkedin.com/company/79844752,0,Legitimate,Verified LinkedIn Company Page,,N/A - genuine company page found via user LinkedIn interests/follows,None reported,,,Interests,Toplum İçin Hukuk Kliniği. Category: Verified LinkedIn Company Page,train
183,EIC (Energy Industries Council),https://www.linkedin.com/company/365100,0,Legitimate,Verified LinkedIn Company Page,,N/A - genuine company page found via user LinkedIn interests/follows,None reported,,,Interests,EIC (Energy Industries Council). Category: Verified LinkedIn Company Page,test
184,Business Inside the Game (BIG),https://www.linkedin.com/company/18290289,0,Legitimate,Verified LinkedIn Company Page,,N/A - genuine company page found via user LinkedIn interests/follows,None reported,,,Interests,Business Inside the Game (BIG). Category: Verified LinkedIn Company Page,val
185,The St. James Group LLC,https://www.linkedin.com/company/5148805,0,Legitimate,Verified LinkedIn Company Page,,N/A - genuine company page found via user LinkedIn interests/follows,None reported,,,Interests,The St. James Group LLC. Category: Verified LinkedIn Company Page,train
186,Caast,https://www.linkedin.com/company/65532776,0,Legitimate,Verified LinkedIn Company Page,,N/A - genuine company page found via user LinkedIn interests/follows,None reported,,,Interests,Caast. Category: Verified LinkedIn Company Page,train
187,University of the Punjab,https://www.linkedin.com/company/933321,0,Legitimate,Verified LinkedIn Company Page,,N/A - genuine company page found via user LinkedIn interests/follows,None reported,,,Interests,University of the Punjab. Category: Verified LinkedIn Company Page,train
188,Anheuser-Busch,https://www.linkedin.com/company/4510,0,Legitimate,Verified LinkedIn Company Page,,N/A - genuine company page found via user LinkedIn interests/follows,None reported,,,Interests,Anheuser-Busch. Category: Verified LinkedIn Company Page,train
189,Estēe Lauder,https://www.linkedin.com/company/51923423,0,Legitimate,Verified LinkedIn Company Page,,N/A - genuine company page found via user LinkedIn interests/follows,None reported,,,Interests,Estēe Lauder. Category: Verified LinkedIn Company Page,train
190,Pacific Gas and Electric Company,https://www.linkedin.com/company/3895,0,Legitimate,Verified LinkedIn Company Page,,N/A - genuine company page found via user LinkedIn interests/follows,None reported,,,Interests,Pacific Gas and Electric Company. Category: Verified LinkedIn Company Page,train
191,"Alpha Kappa Alpha Sorority, Incorporated",https://www.linkedin.com/company/9894450,0,Legitimate,Verified LinkedIn Company Page,,N/A - genuine company page found via user LinkedIn interests/follows,None reported,,,Interests,"Alpha Kappa Alpha Sorority, Incorporated. Category: Verified LinkedIn Company Page",train
192,Davenport University,https://www.linkedin.com/company/14182,0,Legitimate,Verified LinkedIn Company Page,,N/A - genuine company page found via user LinkedIn interests/follows,None reported,,,Interests,Davenport University. Category: Verified LinkedIn Company Page,train
193,GREENFIELD INVEST INC.,https://www.linkedin.com/company/27210291,0,Legitimate,Verified LinkedIn Company Page,,N/A - genuine company page found via user LinkedIn interests/follows,None reported,,,Interests,GREENFIELD INVEST INC.. Category: Verified LinkedIn Company Page,test
194,Art Basel,https://www.linkedin.com/company/2823110,0,Legitimate,Verified LinkedIn Company Page,,N/A - genuine company page found via user LinkedIn interests/follows,None reported,,,Interests,Art Basel. Category: Verified LinkedIn Company Page,train
195,Equal Justice Initiative,https://www.linkedin.com/company/4018191,0,Legitimate,Verified LinkedIn Company Page,,N/A - genuine company page found via user LinkedIn interests/follows,None reported,,,Interests,Equal Justice Initiative. Category: Verified LinkedIn Company Page,train
196,The MXP1 LLC,https://www.linkedin.com/company/68849396,0,Legitimate,Verified LinkedIn Company Page,,N/A - genuine company page found via user LinkedIn interests/follows,None reported,,,Interests,The MXP1 LLC. Category: Verified LinkedIn Company Page,train
197,"Computer Solutions East, Inc.",https://www.linkedin.com/company/1134650,0,Legitimate,Verified LinkedIn Company Page,,N/A - genuine company page found via user LinkedIn interests/follows,None reported,,,Interests,"Computer Solutions East, Inc.. Category: Verified LinkedIn Company Page",train
198,Descon Engineering Limited,https://www.linkedin.com/company/48743,0,Legitimate,Verified LinkedIn Company Page,,N/A - genuine company page found via user LinkedIn interests/follows,None reported,,,Interests,Descon Engineering Limited. Category: Verified LinkedIn Company Page,train
199,Talent Circle,https://www.linkedin.com/company/42846102,0,Legitimate,Verified LinkedIn Company Page,,N/A - genuine company page found via user LinkedIn interests/follows,None reported,,,Interests,Talent Circle. Category: Verified LinkedIn Company Page,test
200,Tampa Bay Rays,https://www.linkedin.com/company/19738,0,Legitimate,Verified LinkedIn Company Page,,N/A - genuine company page found via user LinkedIn interests/follows,None reported,,,Interests,Tampa Bay Rays. Category: Verified LinkedIn Company Page,train
201,Orgvue,https://www.linkedin.com/company/5179983,0,Legitimate,Verified LinkedIn Company Page,,N/A - genuine company page found via user LinkedIn interests/follows,None reported,,,Interests,Orgvue. Category: Verified LinkedIn Company Page,test
202,Schwan's Company,https://www.linkedin.com/company/6234,0,Legitimate,Verified LinkedIn Company Page,,N/A - genuine company page found via user LinkedIn interests/follows,None reported,,,Interests,Schwan's Company. Category: Verified LinkedIn Company Page,train
203,TA Digital,https://www.linkedin.com/company/33299067,0,Legitimate,Verified LinkedIn Company Page,,N/A - genuine company page found via user LinkedIn interests/follows,None reported,,,Interests,TA Digital. Category: Verified LinkedIn Company Page,train
204,OKRA.ai,https://www.linkedin.com/company/10583815,0,Legitimate,Verified LinkedIn Company Page,,N/A - genuine company page found via user LinkedIn interests/follows,None reported,,,Interests,OKRA.ai. Category: Verified LinkedIn Company Page,val
205,The Mintable,https://www.linkedin.com/company/79947644,0,Legitimate,Verified LinkedIn Company Page,,N/A - genuine company page found via user LinkedIn interests/follows,None reported,,,Interests,The Mintable. Category: Verified LinkedIn Company Page,train
206,GE Aerospace,https://www.linkedin.com/company/570550,0,Legitimate,Verified LinkedIn Company Page,,N/A - genuine company page found via user LinkedIn interests/follows,None reported,,,Interests,GE Aerospace. Category: Verified LinkedIn Company Page,train
207,Troocoo,https://www.linkedin.com/company/17959664,0,Legitimate,Verified LinkedIn Company Page,,N/A - genuine company page found via user LinkedIn interests/follows,None reported,,,Interests,Troocoo. Category: Verified LinkedIn Company Page,train
208,Eloqua,https://www.linkedin.com/company/11164,0,Legitimate,Verified LinkedIn Company Page,,N/A - genuine company page found via user LinkedIn interests/follows,None reported,,,Interests,Eloqua. Category: Verified LinkedIn Company Page,test
209,Mind Body Spirit Motivation LLC,https://www.linkedin.com/company/81485426,0,Legitimate,Verified LinkedIn Company Page,,N/A - genuine company page found via user LinkedIn interests/follows,None reported,,,Interests,Mind Body Spirit Motivation LLC. Category: Verified LinkedIn Company Page,train
210,HCA Far West Division,https://www.linkedin.com/company/2531731,0,Legitimate,Verified LinkedIn Company Page,,N/A - genuine company page found via user LinkedIn interests/follows,None reported,,,Interests,HCA Far West Division. Category: Verified LinkedIn Company Page,train
211,Atlantic Cape Community College,https://www.linkedin.com/company/313273,0,Legitimate,Verified LinkedIn Company Page,,N/A - genuine company page found via user LinkedIn interests/follows,None reported,,,Interests,Atlantic Cape Community College. Category: Verified LinkedIn Company Page,train
212,Stephen Gould,https://www.linkedin.com/company/39665,0,Legitimate,Verified LinkedIn Company Page,,N/A - genuine company page found via user LinkedIn interests/follows,None reported,,,Interests,Stephen Gould. Category: Verified LinkedIn Company Page,train
213,T-CETRA,https://www.linkedin.com/company/2473666,0,Legitimate,Verified LinkedIn Company Page,,N/A - genuine company page found via user LinkedIn interests/follows,None reported,,,Interests,T-CETRA. Category: Verified LinkedIn Company Page,val
214,RCM Agency,https://www.linkedin.com/company/19091811,0,Legitimate,Verified LinkedIn Company Page,,N/A - genuine company page found via user LinkedIn interests/follows,None reported,,,Interests,RCM Agency. Category: Verified LinkedIn Company Page,train
215,"The North Face, a VF Company",https://www.linkedin.com/company/4667,0,Legitimate,Verified LinkedIn Company Page,,N/A - genuine company page found via user LinkedIn interests/follows,None reported,,,Interests,"The North Face, a VF Company. Category: Verified LinkedIn Company Page",val
216,Auxillium HRnetSource,https://www.linkedin.com/company/2796278,0,Legitimate,Verified LinkedIn Company Page,,N/A - genuine company page found via user LinkedIn interests/follows,None reported,,,Interests,Auxillium HRnetSource. Category: Verified LinkedIn Company Page,test
217,Microsoft,https://www.linkedin.com/company/1035,0,Legitimate,Verified LinkedIn Company Page,,N/A - genuine company page found via user LinkedIn interests/follows,None reported,,,Interests,Microsoft. Category: Verified LinkedIn Company Page,val
218,INSEAD Executive Education,https://www.linkedin.com/company/2413404,0,Legitimate,Verified LinkedIn Company Page,,N/A - genuine company page found via user LinkedIn interests/follows,None reported,,,Interests,INSEAD Executive Education. Category: Verified LinkedIn Company Page,train
219,"Supernus Pharmaceuticals, Inc.",https://www.linkedin.com/company/65514,0,Legitimate,Verified LinkedIn Company Page,,N/A - genuine company page found via user LinkedIn interests/follows,None reported,,,Interests,"Supernus Pharmaceuticals, Inc.. Category: Verified LinkedIn Company Page",train
220,E.ON Deutschland,https://www.linkedin.com/company/1335296,0,Legitimate,Verified LinkedIn Company Page,,N/A - genuine company page found via user LinkedIn interests/follows,None reported,,,Interests,E.ON Deutschland. Category: Verified LinkedIn Company Page,train
221,National Crime Agency (NCA),https://www.linkedin.com/company/5198468,0,Legitimate,Verified LinkedIn Company Page,,N/A - genuine company page found via user LinkedIn interests/follows,None reported,,,Interests,National Crime Agency (NCA). Category: Verified LinkedIn Company Page,train
222,NARS Cosmetics,https://www.linkedin.com/company/1548938,0,Legitimate,Verified LinkedIn Company Page,,N/A - genuine company page found via user LinkedIn interests/follows,None reported,,,Interests,NARS Cosmetics. Category: Verified LinkedIn Company Page,train
223,Banzai,https://www.linkedin.com/company/10595753,0,Legitimate,Verified LinkedIn Company Page,,N/A - genuine company page found via user LinkedIn interests/follows,None reported,,,Interests,Banzai. Category: Verified LinkedIn Company Page,test
224,ESL - Turtle Entertainment,https://www.linkedin.com/company/45511,0,Legitimate,Verified LinkedIn Company Page,,N/A - genuine company page found via user LinkedIn interests/follows,None reported,,,Interests,ESL - Turtle Entertainment. Category: Verified LinkedIn Company Page,train
225,Oak Street Health,https://www.linkedin.com/company/3029525,0,Legitimate,Verified LinkedIn Company Page,,N/A - genuine company page found via user LinkedIn interests/follows,None reported,,,Interests,Oak Street Health. Category: Verified LinkedIn Company Page,train
226,AQR Capital Management,https://www.linkedin.com/company/20749,0,Legitimate,Verified LinkedIn Company Page,,N/A - genuine company page found via user LinkedIn interests/follows,None reported,,,Interests,AQR Capital Management. Category: Verified LinkedIn Company Page,test
227,山西红天下食品有限公司,https://www.linkedin.com/company/29602725,0,Legitimate,Verified LinkedIn Company Page,,N/A - genuine company page found via user LinkedIn interests/follows,None reported,,,Interests,山西红天下食品有限公司. Category: Verified LinkedIn Company Page,train
228,Simon-Kucher & Partners,https://www.linkedin.com/company/9546,0,Legitimate,Verified LinkedIn Company Page,,N/A - genuine company page found via user LinkedIn interests/follows,None reported,,,Interests,Simon-Kucher & Partners. Category: Verified LinkedIn Company Page,train
229,Colin Brosnahan - Purposeful Prosperity,https://www.linkedin.com/company/80406408,0,Legitimate,Verified LinkedIn Company Page,,N/A - genuine company page found via user LinkedIn interests/follows,None reported,,,Interests,Colin Brosnahan - Purposeful Prosperity. Category: Verified LinkedIn Company Page,train
230,Creative Edge Consulting,https://www.linkedin.com/company/67706637,0,Legitimate,Verified LinkedIn Company Page,,N/A - genuine company page found via user LinkedIn interests/follows,None reported,,,Interests,Creative Edge Consulting. Category: Verified LinkedIn Company Page,train
231,Spartan,https://www.linkedin.com/company/1321061,0,Legitimate,Verified LinkedIn Company Page,,N/A - genuine company page found via user LinkedIn interests/follows,None reported,,,Interests,Spartan. Category: Verified LinkedIn Company Page,val
232,CISObeat,https://www.linkedin.com/company/16221092,0,Legitimate,Verified LinkedIn Company Page,,N/A - genuine company page found via user LinkedIn interests/follows,None reported,,,Interests,CISObeat. Category: Verified LinkedIn Company Page,train
233,Cornell University College of Engineering,https://www.linkedin.com/company/10115968,0,Legitimate,Verified LinkedIn Company Page,,N/A - genuine company page found via user LinkedIn interests/follows,None reported,,,Interests,Cornell University College of Engineering. Category: Verified LinkedIn Company Page,train
234,Mammoet,https://www.linkedin.com/company/26061,0,Legitimate,Verified LinkedIn Company Page,,N/A - genuine company page found via user LinkedIn interests/follows,None reported,,,Interests,Mammoet. Category: Verified LinkedIn Company Page,val
235,Wizards of the Coast,https://www.linkedin.com/company/166956,0,Legitimate,Verified LinkedIn Company Page,,N/A - genuine company page found via user LinkedIn interests/follows,None reported,,,Interests,Wizards of the Coast. Category: Verified LinkedIn Company Page,train
236,Association of Corporate Counsel,https://www.linkedin.com/company/203056,0,Legitimate,Verified LinkedIn Company Page,,N/A - genuine company page found via user LinkedIn interests/follows,None reported,,,Interests,Association of Corporate Counsel. Category: Verified LinkedIn Company Page,val
237,Stride Credit Union,https://www.linkedin.com/company/65835722,0,Legitimate,Verified LinkedIn Company Page,,N/A - genuine company page found via user LinkedIn interests/follows,None reported,,,Interests,Stride Credit Union. Category: Verified LinkedIn Company Page,train
238,Chevron,https://www.linkedin.com/company/2192,0,Legitimate,Verified LinkedIn Company Page,,N/A - genuine company page found via user LinkedIn interests/follows,None reported,,,Interests,Chevron. Category: Verified LinkedIn Company Page,test
239,International Energy Agency (IEA),https://www.linkedin.com/company/26952,0,Legitimate,Verified LinkedIn Company Page,,N/A - genuine company page found via user LinkedIn interests/follows,None reported,,,Interests,International Energy Agency (IEA). Category: Verified LinkedIn Company Page,train
240,Vanguard Translation Agency,,1,Fake_Scam,Freelance Work Scam,Fictitious Agency,Recruits bilingual translators; demands registration fee for translation memory software.,Advance-fee scam targeting freelance linguists.,LinkedIn Post -> PayPal Link,Medium,LinkedIn Fake Company Database,Vanguard Translation Agency. Category: Freelance Work Scam. Impersonation target: Fictitious Agency. Modus operandi: Recruits bilingual translators; demands registration fee for translation memory software.. Red flags: Advance-fee scam targeting freelance linguists.,train
241,Lucas Total Contract Solutions - Mining & Civil Contractors,https://www.linkedin.com/company/3263083,0,Legitimate,Verified LinkedIn Company Page,,N/A - genuine company page found via user LinkedIn interests/follows,None reported,,,Interests,Lucas Total Contract Solutions - Mining & Civil Contractors. Category: Verified LinkedIn Company Page,train
242,WCG,https://www.linkedin.com/company/3198248,0,Legitimate,Verified LinkedIn Company Page,,N/A - genuine company page found via user LinkedIn interests/follows,None reported,,,Interests,WCG. Category: Verified LinkedIn Company Page,train
243,MONAT Gratitude,https://www.linkedin.com/company/35421530,0,Legitimate,Verified LinkedIn Company Page,,N/A - genuine company page found via user LinkedIn interests/follows,None reported,,,Interests,MONAT Gratitude. Category: Verified LinkedIn Company Page,val
244,The ONE Campaign,https://www.linkedin.com/company/793510,0,Legitimate,Verified LinkedIn Company Page,,N/A - genuine company page found via user LinkedIn interests/follows,None reported,,,Interests,The ONE Campaign. Category: Verified LinkedIn Company Page,val
245,"Hoover ♦ Krepelka, LLP",https://www.linkedin.com/company/6601148,0,Legitimate,Verified LinkedIn Company Page,,N/A - genuine company page found via user LinkedIn interests/follows,None reported,,,Interests,"Hoover ♦ Krepelka, LLP. Category: Verified LinkedIn Company Page",test
246,Smith & Loveless Inc.,https://www.linkedin.com/company/619805,0,Legitimate,Verified LinkedIn Company Page,,N/A - genuine company page found via user LinkedIn interests/follows,None reported,,,Interests,Smith & Loveless Inc.. Category: Verified LinkedIn Company Page,val
247,"NYIC (NEW YORK INTERNATIONAL CAPITAL, LLC)",https://www.linkedin.com/company/10936479,0,Legitimate,Verified LinkedIn Company Page,,N/A - genuine company page found via user LinkedIn interests/follows,None reported,,,Interests,"NYIC (NEW YORK INTERNATIONAL CAPITAL, LLC). Category: Verified LinkedIn Company Page",train
248,Impact Family Office,https://www.linkedin.com/company/7955415,0,Legitimate,Verified LinkedIn Company Page,,N/A - genuine company page found via user LinkedIn interests/follows,None reported,,,Interests,Impact Family Office. Category: Verified LinkedIn Company Page,train
249,IEEE R5 Houston Section,https://www.linkedin.com/company/27450178,0,Legitimate,Verified LinkedIn Company Page,,N/A - genuine company page found via user LinkedIn interests/follows,None reported,,,Interests,IEEE R5 Houston Section. Category: Verified LinkedIn Company Page,train
250,William Blair Investment Banking,https://www.linkedin.com/company/9368058,0,Legitimate,Verified LinkedIn Company Page,,N/A - genuine company page found via user LinkedIn interests/follows,None reported,,,Interests,William Blair Investment Banking. Category: Verified LinkedIn Company Page,train
251,"Alpha Phi Alpha Fraternity, Inc. - Xi Alpha Lambda Chapter",https://www.linkedin.com/company/10574981,0,Legitimate,Verified LinkedIn Company Page,,N/A - genuine company page found via user LinkedIn interests/follows,None reported,,,Interests,"Alpha Phi Alpha Fraternity, Inc. - Xi Alpha Lambda Chapter. Category: Verified LinkedIn Company Page",train
252,Grimm & Grove Communications,https://www.linkedin.com/company/3351265,0,Legitimate,Verified LinkedIn Company Page,,N/A - genuine company page found via user LinkedIn interests/follows,None reported,,,Interests,Grimm & Grove Communications. Category: Verified LinkedIn Company Page,val
253,Knoll,https://www.linkedin.com/company/164618,0,Legitimate,Verified LinkedIn Company Page,,N/A - genuine company page found via user LinkedIn interests/follows,None reported,,,Interests,Knoll. Category: Verified LinkedIn Company Page,val
254,Playa Hotels & Resorts,https://www.linkedin.com/company/1758714,0,Legitimate,Verified LinkedIn Company Page,,N/A - genuine company page found via user LinkedIn interests/follows,None reported,,,Interests,Playa Hotels & Resorts. Category: Verified LinkedIn Company Page,train
255,Martha's Vineyard CDO Summit,https://www.linkedin.com/company/81706860,0,Legitimate,Verified LinkedIn Company Page,,N/A - genuine company page found via user LinkedIn interests/follows,None reported,,,Interests,Martha's Vineyard CDO Summit. Category: Verified LinkedIn Company Page,train
256,Dartmouth College,https://www.linkedin.com/company/163348,0,Legitimate,Verified LinkedIn Company Page,,N/A - genuine company page found via user LinkedIn interests/follows,None reported,,,Interests,Dartmouth College. Category: Verified LinkedIn Company Page,train
257,Amgen Italia,https://www.linkedin.com/company/28865929,0,Legitimate,Verified LinkedIn Company Page,,N/A - genuine company page found via user LinkedIn interests/follows,None reported,,,Interests,Amgen Italia. Category: Verified LinkedIn Company Page,test
258,Mindfulbizz,https://www.linkedin.com/company/10165580,0,Legitimate,Verified LinkedIn Company Page,,N/A - genuine company page found via user LinkedIn interests/follows,None reported,,,Interests,Mindfulbizz. Category: Verified LinkedIn Company Page,val
259,Beeline Europe,https://www.linkedin.com/company/37519786,0,Legitimate,Verified LinkedIn Company Page,,N/A - genuine company page found via user LinkedIn interests/follows,None reported,,,Interests,Beeline Europe. Category: Verified LinkedIn Company Page,train
260,Florida Agricultural and Mechanical University,https://www.linkedin.com/company/15101139,0,Legitimate,Verified LinkedIn Company Page,,N/A - genuine company page found via user LinkedIn interests/follows,None reported,,,Interests,Florida Agricultural and Mechanical University. Category: Verified LinkedIn Company Page,test
261,Harvard Advanced Leadership Initiative,https://www.linkedin.com/company/10033981,0,Legitimate,Verified LinkedIn Company Page,,N/A - genuine company page found via user LinkedIn interests/follows,None reported,,,Interests,Harvard Advanced Leadership Initiative. Category: Verified LinkedIn Company Page,train
262,Ionic Security (acquired by Twilio),https://www.linkedin.com/company/3175208,0,Legitimate,Verified LinkedIn Company Page,,N/A - genuine company page found via user LinkedIn interests/follows,None reported,,,Interests,Ionic Security (acquired by Twilio). Category: Verified LinkedIn Company Page,test
263,Cloudlead.co,https://www.linkedin.com/company/9310106,0,Legitimate,Verified LinkedIn Company Page,,N/A - genuine company page found via user LinkedIn interests/follows,None reported,,,Interests,Cloudlead.co. Category: Verified LinkedIn Company Page,test
264,Swoz Consulting,https://www.linkedin.com/company/27118894,0,Legitimate,Verified LinkedIn Company Page,,N/A - genuine company page found via user LinkedIn interests/follows,None reported,,,Interests,Swoz Consulting. Category: Verified LinkedIn Company Page,train
265,News 12 Long Island,https://www.linkedin.com/company/3558092,0,Legitimate,Verified LinkedIn Company Page,,N/A - genuine company page found via user LinkedIn interests/follows,None reported,,,Interests,News 12 Long Island. Category: Verified LinkedIn Company Page,val
266,Magazine Luiza,https://www.linkedin.com/company/35128,0,Legitimate,Verified LinkedIn Company Page,,N/A - genuine company page found via user LinkedIn interests/follows,None reported,,,Interests,Magazine Luiza. Category: Verified LinkedIn Company Page,train
267,SCG,https://www.linkedin.com/company/416857,0,Legitimate,Verified LinkedIn Company Page,,N/A - genuine company page found via user LinkedIn interests/follows,None reported,,,Interests,SCG. Category: Verified LinkedIn Company Page,val
268,LinkedIn News UK,https://www.linkedin.com/company/64871389,0,Legitimate,Verified LinkedIn Company Page,,N/A - genuine company page found via user LinkedIn interests/follows,None reported,,,Interests,LinkedIn News UK. Category: Verified LinkedIn Company Page,train
269,Cricket Australia,https://www.linkedin.com/company/46182,0,Legitimate,Verified LinkedIn Company Page,,N/A - genuine company page found via user LinkedIn interests/follows,None reported,,,Interests,Cricket Australia. Category: Verified LinkedIn Company Page,val
270,Dress for Success Austin,https://www.linkedin.com/company/7947896,0,Legitimate,Verified LinkedIn Company Page,,N/A - genuine company page found via user LinkedIn interests/follows,None reported,,,Interests,Dress for Success Austin. Category: Verified LinkedIn Company Page,train
271,TikTok trends,https://www.linkedin.com/company/30922863,0,Legitimate,Verified LinkedIn Company Page,,N/A - genuine company page found via user LinkedIn interests/follows,None reported,,,Interests,TikTok trends. Category: Verified LinkedIn Company Page,train
272,"CALIBRE Systems, Inc.",https://www.linkedin.com/company/235154,0,Legitimate,Verified LinkedIn Company Page,,N/A - genuine company page found via user LinkedIn interests/follows,None reported,,,Interests,"CALIBRE Systems, Inc.. Category: Verified LinkedIn Company Page",train
273,Google Cloud,https://www.linkedin.com/company/3648281,0,Legitimate,Verified LinkedIn Company Page,,N/A - genuine company page found via user LinkedIn interests/follows,None reported,,,Interests,Google Cloud. Category: Verified LinkedIn Company Page,train
274,Credit Suisse,https://www.linkedin.com/company/1284,0,Legitimate,Verified LinkedIn Company Page,,N/A - genuine company page found via user LinkedIn interests/follows,None reported,,,Interests,Credit Suisse. Category: Verified LinkedIn Company Page,train
275,#HIREBLACK - hireblacknow.com,https://www.linkedin.com/company/65630717,0,Legitimate,Verified LinkedIn Company Page,,N/A - genuine company page found via user LinkedIn interests/follows,None reported,,,Interests,#HIREBLACK - hireblacknow.com. Category: Verified LinkedIn Company Page,train
276,JMS HR Group,https://www.linkedin.com/company/65453237,0,Legitimate,Verified LinkedIn Company Page,,N/A - genuine company page found via user LinkedIn interests/follows,None reported,,,Interests,JMS HR Group. Category: Verified LinkedIn Company Page,test
277,WDIY 88.1 FM,https://www.linkedin.com/company/270170,0,Legitimate,Verified LinkedIn Company Page,,N/A - genuine company page found via user LinkedIn interests/follows,None reported,,,Interests,WDIY 88.1 FM. Category: Verified LinkedIn Company Page,train
278,Integrum,https://www.linkedin.com/company/77244900,0,Legitimate,Verified LinkedIn Company Page,,N/A - genuine company page found via user LinkedIn interests/follows,None reported,,,Interests,Integrum. Category: Verified LinkedIn Company Page,test
279,Her Campus Media,https://www.linkedin.com/company/471441,0,Legitimate,Verified LinkedIn Company Page,,N/A - genuine company page found via user LinkedIn interests/follows,None reported,,,Interests,Her Campus Media. Category: Verified LinkedIn Company Page,train
280,LinkedIn Guide to Networking,https://www.linkedin.com/company/14041259,0,Legitimate,Verified LinkedIn Company Page,,N/A - genuine company page found via user LinkedIn interests/follows,None reported,,,Interests,LinkedIn Guide to Networking. Category: Verified LinkedIn Company Page,train
281,Bayer Healthcare Talent Desk,,1,Fake_Scam,Enterprise Impersonation,Bayer AG,Offers remote administrative specialist positions; sends PDF offer requiring direct bank info.,Identity theft targeting job seekers via spoofed corporate paperwork.,LinkedIn Post -> Email,High,LinkedIn Fake Company Database,Bayer Healthcare Talent Desk. Category: Enterprise Impersonation. Impersonation target: Bayer AG. Modus operandi: Offers remote administrative specialist positions; sends PDF offer requiring direct bank info.. Red flags: Identity theft targeting job seekers via spoofed corporate paperwork.,train
282,Ascend,https://www.linkedin.com/company/68070588,0,Legitimate,Verified LinkedIn Company Page,,N/A - genuine company page found via user LinkedIn interests/follows,None reported,,,Interests,Ascend. Category: Verified LinkedIn Company Page,train
283,NEMO Equipment,https://www.linkedin.com/company/2075560,0,Legitimate,Verified LinkedIn Company Page,,N/A - genuine company page found via user LinkedIn interests/follows,None reported,,,Interests,NEMO Equipment. Category: Verified LinkedIn Company Page,val
284,Bloomberg News,https://www.linkedin.com/company/6918,0,Legitimate,Verified LinkedIn Company Page,,N/A - genuine company page found via user LinkedIn interests/follows,None reported,,,Interests,Bloomberg News. Category: Verified LinkedIn Company Page,train
285,Generac Power Systems,https://www.linkedin.com/company/18466,0,Legitimate,Verified LinkedIn Company Page,,N/A - genuine company page found via user LinkedIn interests/follows,None reported,,,Interests,Generac Power Systems. Category: Verified LinkedIn Company Page,train
286,Capitalise,https://www.linkedin.com/company/9360632,0,Legitimate,Verified LinkedIn Company Page,,N/A - genuine company page found via user LinkedIn interests/follows,None reported,,,Interests,Capitalise. Category: Verified LinkedIn Company Page,val
287,eolas Magazine,https://www.linkedin.com/company/6818532,0,Legitimate,Verified LinkedIn Company Page,,N/A - genuine company page found via user LinkedIn interests/follows,None reported,,,Interests,eolas Magazine. Category: Verified LinkedIn Company Page,train
288,Pasha Academy,https://www.linkedin.com/company/77717996,0,Legitimate,Verified LinkedIn Company Page,,N/A - genuine company page found via user LinkedIn interests/follows,None reported,,,Interests,Pasha Academy. Category: Verified LinkedIn Company Page,train
289,任丘永茂木工机械有限公司,https://www.linkedin.com/company/29470873,0,Legitimate,Verified LinkedIn Company Page,,N/A - genuine company page found via user LinkedIn interests/follows,None reported,,,Interests,任丘永茂木工机械有限公司. Category: Verified LinkedIn Company Page,test
290,City of Durham,https://www.linkedin.com/company/864185,0,Legitimate,Verified LinkedIn Company Page,,N/A - genuine company page found via user LinkedIn interests/follows,None reported,,,Interests,City of Durham. Category: Verified LinkedIn Company Page,val
291,FeroCrafts,https://www.linkedin.com/company/78337899,0,Legitimate,Verified LinkedIn Company Page,,N/A - genuine company page found via user LinkedIn interests/follows,None reported,,,Interests,FeroCrafts. Category: Verified LinkedIn Company Page,train
292,Move.ai,https://www.linkedin.com/company/14048881,0,Legitimate,Verified LinkedIn Company Page,,N/A - genuine company page found via user LinkedIn interests/follows,None reported,,,Interests,Move.ai. Category: Verified LinkedIn Company Page,train
293,Otter Public Relations,https://www.linkedin.com/company/64515122,0,Legitimate,Verified LinkedIn Company Page,,N/A - genuine company page found via user LinkedIn interests/follows,None reported,,,Interests,Otter Public Relations. Category: Verified LinkedIn Company Page,train
294,Rescue Site Services,https://www.linkedin.com/company/18961210,0,Legitimate,Verified LinkedIn Company Page,,N/A - genuine company page found via user LinkedIn interests/follows,None reported,,,Interests,Rescue Site Services. Category: Verified LinkedIn Company Page,train
295,The University of Chicago Booth School of Business,https://www.linkedin.com/company/8398,0,Legitimate,Verified LinkedIn Company Page,,N/A - genuine company page found via user LinkedIn interests/follows,None reported,,,Interests,The University of Chicago Booth School of Business. Category: Verified LinkedIn Company Page,train
296,Stanford Seed,https://www.linkedin.com/company/3662972,0,Legitimate,Verified LinkedIn Company Page,,N/A - genuine company page found via user LinkedIn interests/follows,None reported,,,Interests,Stanford Seed. Category: Verified LinkedIn Company Page,val
297,Children's Cancer Center of Lebanon (CCCL),https://www.linkedin.com/company/5126475,0,Legitimate,Verified LinkedIn Company Page,,N/A - genuine company page found via user LinkedIn interests/follows,None reported,,,Interests,Children's Cancer Center of Lebanon (CCCL). Category: Verified LinkedIn Company Page,train
298,Thread Strategies,https://www.linkedin.com/company/10503599,0,Legitimate,Verified LinkedIn Company Page,,N/A - genuine company page found via user LinkedIn interests/follows,None reported,,,Interests,Thread Strategies. Category: Verified LinkedIn Company Page,test
299,Scythe & Spade Company,https://www.linkedin.com/company/1827906,0,Legitimate,Verified LinkedIn Company Page,,N/A - genuine company page found via user LinkedIn interests/follows,None reported,,,Interests,Scythe & Spade Company. Category: Verified LinkedIn Company Page,train
300,AgileTech Systems Global,,1,Fake_Scam,Shell IT Consultancy,Fabricated IT Vendor,Offers remote QA roles; requires buying training software from their proprietary vendor.,Mandatory software purchase scam.,LinkedIn Job Ad -> Web Link,Medium,LinkedIn Fake Company Database,AgileTech Systems Global. Category: Shell IT Consultancy. Impersonation target: Fabricated IT Vendor. Modus operandi: Offers remote QA roles; requires buying training software from their proprietary vendor.. Red flags: Mandatory software purchase scam.,val
301,FALCON,https://www.linkedin.com/company/2248407,0,Legitimate,Verified LinkedIn Company Page,,N/A - genuine company page found via user LinkedIn interests/follows,None reported,,,Interests,FALCON. Category: Verified LinkedIn Company Page,train
302,aro Marketing,https://www.linkedin.com/company/2869503,0,Legitimate,Verified LinkedIn Company Page,,N/A - genuine company page found via user LinkedIn interests/follows,None reported,,,Interests,aro Marketing. Category: Verified LinkedIn Company Page,train
303,Columbia Sportswear Company,https://www.linkedin.com/company/7003,0,Legitimate,Verified LinkedIn Company Page,,N/A - genuine company page found via user LinkedIn interests/follows,None reported,,,Interests,Columbia Sportswear Company. Category: Verified LinkedIn Company Page,train
304,Ameresco,https://www.linkedin.com/company/39971,0,Legitimate,Verified LinkedIn Company Page,,N/A - genuine company page found via user LinkedIn interests/follows,None reported,,,Interests,Ameresco. Category: Verified LinkedIn Company Page,test
305,Technicolor Creative Studios,https://www.linkedin.com/company/11854389,0,Legitimate,Verified LinkedIn Company Page,,N/A - genuine company page found via user LinkedIn interests/follows,None reported,,,Interests,Technicolor Creative Studios. Category: Verified LinkedIn Company Page,val
306,International OCD Foundation,https://www.linkedin.com/company/910600,0,Legitimate,Verified LinkedIn Company Page,,N/A - genuine company page found via user LinkedIn interests/follows,None reported,,,Interests,International OCD Foundation. Category: Verified LinkedIn Company Page,test
307,De Haagse Hogeschool / The Hague University of Applied Sciences,https://www.linkedin.com/company/264461,0,Legitimate,Verified LinkedIn Company Page,,N/A - genuine company page found via user LinkedIn interests/follows,None reported,,,Interests,De Haagse Hogeschool / The Hague University of Applied Sciences. Category: Verified LinkedIn Company Page,val
308,"The TOP Burlington - An International Business, Politics and NGO Magazine and a Global Charity + HUB",https://www.linkedin.com/company/70921855,0,Legitimate,Verified LinkedIn Company Page,,N/A - genuine company page found via user LinkedIn interests/follows,None reported,,,Interests,"The TOP Burlington - An International Business, Politics and NGO Magazine and a Global Charity + HUB. Category: Verified LinkedIn Company Page",train
309,WilliamsMarston LLC,https://www.linkedin.com/company/5026419,0,Legitimate,Verified LinkedIn Company Page,,N/A - genuine company page found via user LinkedIn interests/follows,None reported,,,Interests,WilliamsMarston LLC. Category: Verified LinkedIn Company Page,train
310,The British Mountaineering Council,https://www.linkedin.com/company/2337012,0,Legitimate,Verified LinkedIn Company Page,,N/A - genuine company page found via user LinkedIn interests/follows,None reported,,,Interests,The British Mountaineering Council. Category: Verified LinkedIn Company Page,train
311,Big 5 Sporting Goods,https://www.linkedin.com/company/22025,0,Legitimate,Verified LinkedIn Company Page,,N/A - genuine company page found via user LinkedIn interests/follows,None reported,,,Interests,Big 5 Sporting Goods. Category: Verified LinkedIn Company Page,train
312,Cool Logistics Resources Ltd,https://www.linkedin.com/company/2490228,0,Legitimate,Verified LinkedIn Company Page,,N/A - genuine company page found via user LinkedIn interests/follows,None reported,,,Interests,Cool Logistics Resources Ltd. Category: Verified LinkedIn Company Page,train
313,The Juilliard School,https://www.linkedin.com/company/19777,0,Legitimate,Verified LinkedIn Company Page,,N/A - genuine company page found via user LinkedIn interests/follows,None reported,,,Interests,The Juilliard School. Category: Verified LinkedIn Company Page,train
314,GuidePoint Security,https://www.linkedin.com/company/2422099,0,Legitimate,Verified LinkedIn Company Page,,N/A - genuine company page found via user LinkedIn interests/follows,None reported,,,Interests,GuidePoint Security. Category: Verified LinkedIn Company Page,train
315,pv magazine USA,https://www.linkedin.com/company/11823634,0,Legitimate,Verified LinkedIn Company Page,,N/A - genuine company page found via user LinkedIn interests/follows,None reported,,,Interests,pv magazine USA. Category: Verified LinkedIn Company Page,train
316,ROSE Framework,https://www.linkedin.com/company/80056255,0,Legitimate,Verified LinkedIn Company Page,,N/A - genuine company page found via user LinkedIn interests/follows,None reported,,,Interests,ROSE Framework. Category: Verified LinkedIn Company Page,train
317,Great Place To Work US,https://www.linkedin.com/company/28924,0,Legitimate,Verified LinkedIn Company Page,,N/A - genuine company page found via user LinkedIn interests/follows,None reported,,,Interests,Great Place To Work US. Category: Verified LinkedIn Company Page,test
318,Andreessen Horowitz,https://www.linkedin.com/company/439909,0,Legitimate,Verified LinkedIn Company Page,,N/A - genuine company page found via user LinkedIn interests/follows,None reported,,,Interests,Andreessen Horowitz. Category: Verified LinkedIn Company Page,train
319,Altice USA,https://www.linkedin.com/company/10855353,0,Legitimate,Verified LinkedIn Company Page,,N/A - genuine company page found via user LinkedIn interests/follows,None reported,,,Interests,Altice USA. Category: Verified LinkedIn Company Page,train
320,The Neat Company,https://www.linkedin.com/company/230036,0,Legitimate,Verified LinkedIn Company Page,,N/A - genuine company page found via user LinkedIn interests/follows,None reported,,,Interests,The Neat Company. Category: Verified LinkedIn Company Page,train
321,Seattle University,https://www.linkedin.com/company/8514,0,Legitimate,Verified LinkedIn Company Page,,N/A - genuine company page found via user LinkedIn interests/follows,None reported,,,Interests,Seattle University. Category: Verified LinkedIn Company Page,val
322,American Electric Power,https://www.linkedin.com/company/162419,0,Legitimate,Verified LinkedIn Company Page,,N/A - genuine company page found via user LinkedIn interests/follows,None reported,,,Interests,American Electric Power. Category: Verified LinkedIn Company Page,test
323,Startup Basecamp,https://www.linkedin.com/company/3884782,0,Legitimate,Verified LinkedIn Company Page,,N/A - genuine company page found via user LinkedIn interests/follows,None reported,,,Interests,Startup Basecamp. Category: Verified LinkedIn Company Page,val
324,Dakshin Foundation,https://www.linkedin.com/company/18140504,0,Legitimate,Verified LinkedIn Company Page,,N/A - genuine company page found via user LinkedIn interests/follows,None reported,,,Interests,Dakshin Foundation. Category: Verified LinkedIn Company Page,train
325,HRPA - Human Resources Professionals Association,https://www.linkedin.com/company/63631,0,Legitimate,Verified LinkedIn Company Page,,N/A - genuine company page found via user LinkedIn interests/follows,None reported,,,Interests,HRPA - Human Resources Professionals Association. Category: Verified LinkedIn Company Page,train
326,Kin Euphorics,https://www.linkedin.com/company/28127790,0,Legitimate,Verified LinkedIn Company Page,,N/A - genuine company page found via user LinkedIn interests/follows,None reported,,,Interests,Kin Euphorics. Category: Verified LinkedIn Company Page,test
327,PGE Consulting Group LLC,https://www.linkedin.com/company/71636700,0,Legitimate,Verified LinkedIn Company Page,,N/A - genuine company page found via user LinkedIn interests/follows,None reported,,,Interests,PGE Consulting Group LLC. Category: Verified LinkedIn Company Page,train
328,Industry Explorers,https://www.linkedin.com/company/68061715,0,Legitimate,Verified LinkedIn Company Page,,N/A - genuine company page found via user LinkedIn interests/follows,None reported,,,Interests,Industry Explorers. Category: Verified LinkedIn Company Page,train
329,Proofed,https://www.linkedin.com/company/910240,0,Legitimate,Verified LinkedIn Company Page,,N/A - genuine company page found via user LinkedIn interests/follows,None reported,,,Interests,Proofed. Category: Verified LinkedIn Company Page,test
330,Regatta Solutions Group,https://www.linkedin.com/company/9302438,0,Legitimate,Verified LinkedIn Company Page,,N/A - genuine company page found via user LinkedIn interests/follows,None reported,,,Interests,Regatta Solutions Group. Category: Verified LinkedIn Company Page,test
331,California State University-Sacramento,https://www.linkedin.com/company/10303,0,Legitimate,Verified LinkedIn Company Page,,N/A - genuine company page found via user LinkedIn interests/follows,None reported,,,Interests,California State University-Sacramento. Category: Verified LinkedIn Company Page,train
332,The New York Times,https://www.linkedin.com/company/4236,0,Legitimate,Verified LinkedIn Company Page,,N/A - genuine company page found via user LinkedIn interests/follows,None reported,,,Interests,The New York Times. Category: Verified LinkedIn Company Page,test
333,Center for Intimacy Justice,https://www.linkedin.com/company/19232385,0,Legitimate,Verified LinkedIn Company Page,,N/A - genuine company page found via user LinkedIn interests/follows,None reported,,,Interests,Center for Intimacy Justice. Category: Verified LinkedIn Company Page,val
334,TED Conferences,https://www.linkedin.com/company/610087,0,Legitimate,Verified LinkedIn Company Page,,N/A - genuine company page found via user LinkedIn interests/follows,None reported,,,Interests,TED Conferences. Category: Verified LinkedIn Company Page,train
335,Caption Health,https://www.linkedin.com/company/7597916,0,Legitimate,Verified LinkedIn Company Page,,N/A - genuine company page found via user LinkedIn interests/follows,None reported,,,Interests,Caption Health. Category: Verified LinkedIn Company Page,train
336,ACQ Consulting Ltd,https://www.linkedin.com/company/89248426,0,Legitimate,Verified LinkedIn Company Page,,N/A - genuine company page found via user LinkedIn interests/follows,None reported,,,Interests,ACQ Consulting Ltd. Category: Verified LinkedIn Company Page,train
337,Zeelo,https://www.linkedin.com/company/10943058,0,Legitimate,Verified LinkedIn Company Page,,N/A - genuine company page found via user LinkedIn interests/follows,None reported,,,Interests,Zeelo. Category: Verified LinkedIn Company Page,train
338,UpMetrics,https://www.linkedin.com/company/17940862,0,Legitimate,Verified LinkedIn Company Page,,N/A - genuine company page found via user LinkedIn interests/follows,None reported,,,Interests,UpMetrics. Category: Verified LinkedIn Company Page,train
339,"The Business Analytics Center, Scheller College of Business, Georgia Institute of Technology",https://www.linkedin.com/company/35670678,0,Legitimate,Verified LinkedIn Company Page,,N/A - genuine company page found via user LinkedIn interests/follows,None reported,,,Interests,"The Business Analytics Center, Scheller College of Business, Georgia Institute of Technology. Category: Verified LinkedIn Company Page",test
340,Heroic Productions,https://www.linkedin.com/company/334010,0,Legitimate,Verified LinkedIn Company Page,,N/A - genuine company page found via user LinkedIn interests/follows,None reported,,,Interests,Heroic Productions. Category: Verified LinkedIn Company Page,val
341,Multiplied,https://www.linkedin.com/company/18312863,0,Legitimate,Verified LinkedIn Company Page,,N/A - genuine company page found via user LinkedIn interests/follows,None reported,,,Interests,Multiplied. Category: Verified LinkedIn Company Page,train
342,Compensation Governance Partners,https://www.linkedin.com/company/19057885,0,Legitimate,Verified LinkedIn Company Page,,N/A - genuine company page found via user LinkedIn interests/follows,None reported,,,Interests,Compensation Governance Partners. Category: Verified LinkedIn Company Page,train
343,Daily Facts®,https://www.linkedin.com/company/10112252,0,Legitimate,Verified LinkedIn Company Page,,N/A - genuine company page found via user LinkedIn interests/follows,None reported,,,Interests,Daily Facts®. Category: Verified LinkedIn Company Page,train
344,Whistle,https://www.linkedin.com/company/75394567,0,Legitimate,Verified LinkedIn Company Page,,N/A - genuine company page found via user LinkedIn interests/follows,None reported,,,Interests,Whistle. Category: Verified LinkedIn Company Page,train
345,LinkedIn Learning,https://www.linkedin.com/company/15083827,0,Legitimate,Verified LinkedIn Company Page,,N/A - genuine company page found via user LinkedIn interests/follows,None reported,,,Interests,LinkedIn Learning. Category: Verified LinkedIn Company Page,train
346,KPMG México,https://www.linkedin.com/company/9264716,0,Legitimate,Verified LinkedIn Company Page,,N/A - genuine company page found via user LinkedIn interests/follows,None reported,,,Interests,KPMG México. Category: Verified LinkedIn Company Page,train
347,US Congress,https://www.linkedin.com/company/3923,0,Legitimate,Verified LinkedIn Company Page,,N/A - genuine company page found via user LinkedIn interests/follows,None reported,,,Interests,US Congress. Category: Verified LinkedIn Company Page,train
348,Startup for Startup,https://www.linkedin.com/company/26500813,0,Legitimate,Verified LinkedIn Company Page,,N/A - genuine company page found via user LinkedIn interests/follows,None reported,,,Interests,Startup for Startup. Category: Verified LinkedIn Company Page,train
349,U.S. Forest Service,https://www.linkedin.com/company/5416,0,Legitimate,Verified LinkedIn Company Page,,N/A - genuine company page found via user LinkedIn interests/follows,None reported,,,Interests,U.S. Forest Service. Category: Verified LinkedIn Company Page,train
350,Hidden Gems Travel & Excursions,https://www.linkedin.com/company/82013493,0,Legitimate,Verified LinkedIn Company Page,,N/A - genuine company page found via user LinkedIn interests/follows,None reported,,,Interests,Hidden Gems Travel & Excursions. Category: Verified LinkedIn Company Page,val
351,Finshots,https://www.linkedin.com/company/30262215,0,Legitimate,Verified LinkedIn Company Page,,N/A - genuine company page found via user LinkedIn interests/follows,None reported,,,Interests,Finshots. Category: Verified LinkedIn Company Page,train
352,Southern Glazer's Wine & Spirits,https://www.linkedin.com/company/6821,0,Legitimate,Verified LinkedIn Company Page,,N/A - genuine company page found via user LinkedIn interests/follows,None reported,,,Interests,Southern Glazer's Wine & Spirits. Category: Verified LinkedIn Company Page,train
353,Raytheon Intelligence & Space,https://www.linkedin.com/company/65299613,0,Legitimate,Verified LinkedIn Company Page,,N/A - genuine company page found via user LinkedIn interests/follows,None reported,,,Interests,Raytheon Intelligence & Space. Category: Verified LinkedIn Company Page,train
354,Resnicow and Associates,https://www.linkedin.com/company/2455302,0,Legitimate,Verified LinkedIn Company Page,,N/A - genuine company page found via user LinkedIn interests/follows,None reported,,,Interests,Resnicow and Associates. Category: Verified LinkedIn Company Page,train
355,Indeed.com,https://www.linkedin.com/company/36229,0,Legitimate,Verified LinkedIn Company Page,,N/A - genuine company page found via user LinkedIn interests/follows,None reported,,,Interests,Indeed.com. Category: Verified LinkedIn Company Page,val
356,National Association of Designated Safeguarding Leads,https://www.linkedin.com/company/68128130,0,Legitimate,Verified LinkedIn Company Page,,N/A - genuine company page found via user LinkedIn interests/follows,None reported,,,Interests,National Association of Designated Safeguarding Leads. Category: Verified LinkedIn Company Page,train
357,My Cyber Path,https://www.linkedin.com/company/68545631,0,Legitimate,Verified LinkedIn Company Page,,N/A - genuine company page found via user LinkedIn interests/follows,None reported,,,Interests,My Cyber Path. Category: Verified LinkedIn Company Page,val
358,Little Dot Studios,https://www.linkedin.com/company/5669049,0,Legitimate,Verified LinkedIn Company Page,,N/A - genuine company page found via user LinkedIn interests/follows,None reported,,,Interests,Little Dot Studios. Category: Verified LinkedIn Company Page,val
359,Southwest Power Pool,https://www.linkedin.com/company/22586,0,Legitimate,Verified LinkedIn Company Page,,N/A - genuine company page found via user LinkedIn interests/follows,None reported,,,Interests,Southwest Power Pool. Category: Verified LinkedIn Company Page,train
360,Playfly Sports,https://www.linkedin.com/company/68768724,0,Legitimate,Verified LinkedIn Company Page,,N/A - genuine company page found via user LinkedIn interests/follows,None reported,,,Interests,Playfly Sports. Category: Verified LinkedIn Company Page,train
361,U.S. Department of State,https://www.linkedin.com/company/3100,0,Legitimate,Verified LinkedIn Company Page,,N/A - genuine company page found via user LinkedIn interests/follows,None reported,,,Interests,U.S. Department of State. Category: Verified LinkedIn Company Page,val
362,VictoryXR,https://www.linkedin.com/company/18691073,0,Legitimate,Verified LinkedIn Company Page,,N/A - genuine company page found via user LinkedIn interests/follows,None reported,,,Interests,VictoryXR. Category: Verified LinkedIn Company Page,test
363,Panola College,https://www.linkedin.com/company/1188755,0,Legitimate,Verified LinkedIn Company Page,,N/A - genuine company page found via user LinkedIn interests/follows,None reported,,,Interests,Panola College. Category: Verified LinkedIn Company Page,train
364,Mitchell Hamline School of Law,https://www.linkedin.com/company/10356059,0,Legitimate,Verified LinkedIn Company Page,,N/A - genuine company page found via user LinkedIn interests/follows,None reported,,,Interests,Mitchell Hamline School of Law. Category: Verified LinkedIn Company Page,train
365,Goldman Sachs Asset Management,https://www.linkedin.com/company/65506269,0,Legitimate,Verified LinkedIn Company Page,,N/A - genuine company page found via user LinkedIn interests/follows,None reported,,,Interests,Goldman Sachs Asset Management. Category: Verified LinkedIn Company Page,train
366,TrueSearch Headhunting Group,,1,Fake_Scam,Ghost Staffing Agency,Fake Headhunting Firm,Charges $150 candidate fee for 'guaranteed interview scheduling with top employers'.,Advance fee placement racket.,LinkedIn Post -> Payment Page,Medium,LinkedIn Fake Company Database,TrueSearch Headhunting Group. Category: Ghost Staffing Agency. Impersonation target: Fake Headhunting Firm. Modus operandi: Charges $150 candidate fee for 'guaranteed interview scheduling with top employers'.. Red flags: Advance fee placement racket.,train
367,UAB Laurema,https://www.linkedin.com/company/14812215,0,Legitimate,Verified LinkedIn Company Page,,N/A - genuine company page found via user LinkedIn interests/follows,None reported,,,Interests,UAB Laurema. Category: Verified LinkedIn Company Page,val
368,Denodo,https://www.linkedin.com/company/32150,0,Legitimate,Verified LinkedIn Company Page,,N/A - genuine company page found via user LinkedIn interests/follows,None reported,,,Interests,Denodo. Category: Verified LinkedIn Company Page,train
369,Hillside Connection,https://www.linkedin.com/company/42303939,0,Legitimate,Verified LinkedIn Company Page,,N/A - genuine company page found via user LinkedIn interests/follows,None reported,,,Interests,Hillside Connection. Category: Verified LinkedIn Company Page,train
370,Ascendion,https://www.linkedin.com/company/86694680,0,Legitimate,Verified LinkedIn Company Page,,N/A - genuine company page found via user LinkedIn interests/follows,None reported,,,Interests,Ascendion. Category: Verified LinkedIn Company Page,val
371,WSS Executive Search - Leading the Way in Women & Diverse Executive Placement,https://www.linkedin.com/company/1027266,0,Legitimate,Verified LinkedIn Company Page,,N/A - genuine company page found via user LinkedIn interests/follows,None reported,,,Interests,WSS Executive Search - Leading the Way in Women & Diverse Executive Placement. Category: Verified LinkedIn Company Page,train
372,A Plastic Planet,https://www.linkedin.com/company/25008823,0,Legitimate,Verified LinkedIn Company Page,,N/A - genuine company page found via user LinkedIn interests/follows,None reported,,,Interests,A Plastic Planet. Category: Verified LinkedIn Company Page,train
373,Elite Executive Headhunters,,1,Fake_Scam,Ghost Staffing Agency,Fake Headhunter,Claims to have Fortune 500 CEO roles; charges $500 for 'exclusive resume optimization'.,Resume re-writing racket targeting senior executives.,LinkedIn InMail -> Calendly Link,Medium,LinkedIn Fake Company Database,Elite Executive Headhunters. Category: Ghost Staffing Agency. Impersonation target: Fake Headhunter. Modus operandi: Claims to have Fortune 500 CEO roles; charges $500 for 'exclusive resume optimization'.. Red flags: Resume re-writing racket targeting senior executives.,train
374,Delta Children,https://www.linkedin.com/company/89774,0,Legitimate,Verified LinkedIn Company Page,,N/A - genuine company page found via user LinkedIn interests/follows,None reported,,,Interests,Delta Children. Category: Verified LinkedIn Company Page,train
375,Women's Leadership Foundation,https://www.linkedin.com/company/27246476,0,Legitimate,Verified LinkedIn Company Page,,N/A - genuine company page found via user LinkedIn interests/follows,None reported,,,Interests,Women's Leadership Foundation. Category: Verified LinkedIn Company Page,val
376,PLTFRMR,https://www.linkedin.com/company/72264235,0,Legitimate,Verified LinkedIn Company Page,,N/A - genuine company page found via user LinkedIn interests/follows,None reported,,,Interests,PLTFRMR. Category: Verified LinkedIn Company Page,test
377,Nykaa,https://www.linkedin.com/company/3545422,0,Legitimate,Verified LinkedIn Company Page,,N/A - genuine company page found via user LinkedIn interests/follows,None reported,,,Interests,Nykaa. Category: Verified LinkedIn Company Page,val
378,Freelance Voice-Over Talent,https://www.linkedin.com/company/322731,0,Legitimate,Verified LinkedIn Company Page,,N/A - genuine company page found via user LinkedIn interests/follows,None reported,,,Interests,Freelance Voice-Over Talent. Category: Verified LinkedIn Company Page,test
379,ClinArk,https://www.linkedin.com/company/35715647,0,Legitimate,Verified LinkedIn Company Page,,N/A - genuine company page found via user LinkedIn interests/follows,None reported,,,Interests,ClinArk. Category: Verified LinkedIn Company Page,train
380,University of Mississippi,https://www.linkedin.com/company/11076,0,Legitimate,Verified LinkedIn Company Page,,N/A - genuine company page found via user LinkedIn interests/follows,None reported,,,Interests,University of Mississippi. Category: Verified LinkedIn Company Page,train
381,University of Pennsylvania,https://www.linkedin.com/company/3165,0,Legitimate,Verified LinkedIn Company Page,,N/A - genuine company page found via user LinkedIn interests/follows,None reported,,,Interests,University of Pennsylvania. Category: Verified LinkedIn Company Page,train
382,Cresco International,https://www.linkedin.com/company/3559739,0,Legitimate,Verified LinkedIn Company Page,,N/A - genuine company page found via user LinkedIn interests/follows,None reported,,,Interests,Cresco International. Category: Verified LinkedIn Company Page,train
383,"Local Government Workplaces Initiative, UNC School of Government",https://www.linkedin.com/company/40892193,0,Legitimate,Verified LinkedIn Company Page,,N/A - genuine company page found via user LinkedIn interests/follows,None reported,,,Interests,"Local Government Workplaces Initiative, UNC School of Government. Category: Verified LinkedIn Company Page",train
384,Fresh Food Generation,https://www.linkedin.com/company/4976477,0,Legitimate,Verified LinkedIn Company Page,,N/A - genuine company page found via user LinkedIn interests/follows,None reported,,,Interests,Fresh Food Generation. Category: Verified LinkedIn Company Page,train
385,Mining Queensland,https://www.linkedin.com/company/3584659,0,Legitimate,Verified LinkedIn Company Page,,N/A - genuine company page found via user LinkedIn interests/follows,None reported,,,Interests,Mining Queensland. Category: Verified LinkedIn Company Page,train
386,World Consciousness Forum,https://www.linkedin.com/company/51718425,0,Legitimate,Verified LinkedIn Company Page,,N/A - genuine company page found via user LinkedIn interests/follows,None reported,,,Interests,World Consciousness Forum. Category: Verified LinkedIn Company Page,train
387,The MAMA AI,https://www.linkedin.com/company/75472550,0,Legitimate,Verified LinkedIn Company Page,,N/A - genuine company page found via user LinkedIn interests/follows,None reported,,,Interests,The MAMA AI. Category: Verified LinkedIn Company Page,train
388,DAF Financial Management,https://www.linkedin.com/company/81475704,0,Legitimate,Verified LinkedIn Company Page,,N/A - genuine company page found via user LinkedIn interests/follows,None reported,,,Interests,DAF Financial Management. Category: Verified LinkedIn Company Page,train
389,E.Leclerc,https://www.linkedin.com/company/2183106,0,Legitimate,Verified LinkedIn Company Page,,N/A - genuine company page found via user LinkedIn interests/follows,None reported,,,Interests,E.Leclerc. Category: Verified LinkedIn Company Page,train
390,CentraleSupélec,https://www.linkedin.com/company/14803,0,Legitimate,Verified LinkedIn Company Page,,N/A - genuine company page found via user LinkedIn interests/follows,None reported,,,Interests,CentraleSupélec. Category: Verified LinkedIn Company Page,train
391,RemoteOnline,https://www.linkedin.com/company/40659363,0,Legitimate,Verified LinkedIn Company Page,,N/A - genuine company page found via user LinkedIn interests/follows,None reported,,,Interests,RemoteOnline. Category: Verified LinkedIn Company Page,val
392,The Creative Partnership,https://www.linkedin.com/company/845045,0,Legitimate,Verified LinkedIn Company Page,,N/A - genuine company page found via user LinkedIn interests/follows,None reported,,,Interests,The Creative Partnership. Category: Verified LinkedIn Company Page,train
393,Lakeside Consultants,https://www.linkedin.com/company/42887675,0,Legitimate,Verified LinkedIn Company Page,,N/A - genuine company page found via user LinkedIn interests/follows,None reported,,,Interests,Lakeside Consultants. Category: Verified LinkedIn Company Page,train
394,The Australian National University,https://www.linkedin.com/company/162587,0,Legitimate,Verified LinkedIn Company Page,,N/A - genuine company page found via user LinkedIn interests/follows,None reported,,,Interests,The Australian National University. Category: Verified LinkedIn Company Page,train
395,MNR Solutions Pvt. Ltd.,https://www.linkedin.com/company/483229,0,Legitimate,Verified LinkedIn Company Page,,N/A - genuine company page found via user LinkedIn interests/follows,None reported,,,Interests,MNR Solutions Pvt. Ltd.. Category: Verified LinkedIn Company Page,train
396,Niya,https://www.linkedin.com/company/70917461,0,Legitimate,Verified LinkedIn Company Page,,N/A - genuine company page found via user LinkedIn interests/follows,None reported,,,Interests,Niya. Category: Verified LinkedIn Company Page,train
397,Sam Schwartz,https://www.linkedin.com/company/121107,0,Legitimate,Verified LinkedIn Company Page,,N/A - genuine company page found via user LinkedIn interests/follows,None reported,,,Interests,Sam Schwartz. Category: Verified LinkedIn Company Page,test
398,Detroit Athletic Club,https://www.linkedin.com/company/586311,0,Legitimate,Verified LinkedIn Company Page,,N/A - genuine company page found via user LinkedIn interests/follows,None reported,,,Interests,Detroit Athletic Club. Category: Verified LinkedIn Company Page,train
399,Birketts LLP,https://www.linkedin.com/company/383999,0,Legitimate,Verified LinkedIn Company Page,,N/A - genuine company page found via user LinkedIn interests/follows,None reported,,,Interests,Birketts LLP. Category: Verified LinkedIn Company Page,train
400,Mercer University - Walter F. George School of Law,https://www.linkedin.com/company/581451,0,Legitimate,Verified LinkedIn Company Page,,N/A - genuine company page found via user LinkedIn interests/follows,None reported,,,Interests,Mercer University - Walter F. George School of Law. Category: Verified LinkedIn Company Page,train
401,BedAbroad,https://www.linkedin.com/company/2689880,0,Legitimate,Verified LinkedIn Company Page,,N/A - genuine company page found via user LinkedIn interests/follows,None reported,,,Interests,BedAbroad. Category: Verified LinkedIn Company Page,train
402,Zeta Tau Alpha Fraternity,https://www.linkedin.com/company/6878875,0,Legitimate,Verified LinkedIn Company Page,,N/A - genuine company page found via user LinkedIn interests/follows,None reported,,,Interests,Zeta Tau Alpha Fraternity. Category: Verified LinkedIn Company Page,train
403,The Business of Fashion,https://www.linkedin.com/company/2854709,0,Legitimate,Verified LinkedIn Company Page,,N/A - genuine company page found via user LinkedIn interests/follows,None reported,,,Interests,The Business of Fashion. Category: Verified LinkedIn Company Page,test
404,UKRTAC,https://www.linkedin.com/company/91645343,0,Legitimate,Verified LinkedIn Company Page,,N/A - genuine company page found via user LinkedIn interests/follows,None reported,,,Interests,UKRTAC. Category: Verified LinkedIn Company Page,train
405,Qantas,https://www.linkedin.com/company/4465,0,Legitimate,Verified LinkedIn Company Page,,N/A - genuine company page found via user LinkedIn interests/follows,None reported,,,Interests,Qantas. Category: Verified LinkedIn Company Page,train
406,JMU Alumni Association,https://www.linkedin.com/company/35653750,0,Legitimate,Verified LinkedIn Company Page,,N/A - genuine company page found via user LinkedIn interests/follows,None reported,,,Interests,JMU Alumni Association. Category: Verified LinkedIn Company Page,train
407,Droobi Health,https://www.linkedin.com/company/13463247,0,Legitimate,Verified LinkedIn Company Page,,N/A - genuine company page found via user LinkedIn interests/follows,None reported,,,Interests,Droobi Health. Category: Verified LinkedIn Company Page,train
408,University of Miami,https://www.linkedin.com/company/157340,0,Legitimate,Verified LinkedIn Company Page,,N/A - genuine company page found via user LinkedIn interests/follows,None reported,,,Interests,University of Miami. Category: Verified LinkedIn Company Page,train
409,Drug Enforcement Administration,https://www.linkedin.com/company/163502,0,Legitimate,Verified LinkedIn Company Page,,N/A - genuine company page found via user LinkedIn interests/follows,None reported,,,Interests,Drug Enforcement Administration. Category: Verified LinkedIn Company Page,train
410,宁波高胜电子有限公司,https://www.linkedin.com/company/31753693,0,Legitimate,Verified LinkedIn Company Page,,N/A - genuine company page found via user LinkedIn interests/follows,None reported,,,Interests,宁波高胜电子有限公司. Category: Verified LinkedIn Company Page,train
411,Sonoco,https://www.linkedin.com/company/7277,0,Legitimate,Verified LinkedIn Company Page,,N/A - genuine company page found via user LinkedIn interests/follows,None reported,,,Interests,Sonoco. Category: Verified LinkedIn Company Page,train
412,Miami Dolphins and Hard Rock Stadium,https://www.linkedin.com/company/1285799,0,Legitimate,Verified LinkedIn Company Page,,N/A - genuine company page found via user LinkedIn interests/follows,None reported,,,Interests,Miami Dolphins and Hard Rock Stadium. Category: Verified LinkedIn Company Page,test
413,Ahana,https://www.linkedin.com/company/65473476,0,Legitimate,Verified LinkedIn Company Page,,N/A - genuine company page found via user LinkedIn interests/follows,None reported,,,Interests,Ahana. Category: Verified LinkedIn Company Page,train
414,PIOMAR Sp. z o.o.,https://www.linkedin.com/company/17908007,0,Legitimate,Verified LinkedIn Company Page,,N/A - genuine company page found via user LinkedIn interests/follows,None reported,,,Interests,PIOMAR Sp. z o.o.. Category: Verified LinkedIn Company Page,train
415,First American Title,https://www.linkedin.com/company/163825,0,Legitimate,Verified LinkedIn Company Page,,N/A - genuine company page found via user LinkedIn interests/follows,None reported,,,Interests,First American Title. Category: Verified LinkedIn Company Page,train
416,Care Answered,https://www.linkedin.com/company/27246081,0,Legitimate,Verified LinkedIn Company Page,,N/A - genuine company page found via user LinkedIn interests/follows,None reported,,,Interests,Care Answered. Category: Verified LinkedIn Company Page,val
417,Steel Wool Entertainment,https://www.linkedin.com/company/3778929,0,Legitimate,Verified LinkedIn Company Page,,N/A - genuine company page found via user LinkedIn interests/follows,None reported,,,Interests,Steel Wool Entertainment. Category: Verified LinkedIn Company Page,val
418,LiveLaw,https://www.linkedin.com/company/9223597,0,Legitimate,Verified LinkedIn Company Page,,N/A - genuine company page found via user LinkedIn interests/follows,None reported,,,Interests,LiveLaw. Category: Verified LinkedIn Company Page,test
419,Terminus,https://www.linkedin.com/company/5127049,0,Legitimate,Verified LinkedIn Company Page,,N/A - genuine company page found via user LinkedIn interests/follows,None reported,,,Interests,Terminus. Category: Verified LinkedIn Company Page,train
420,🏆 Inde Motorsports Ranch | Arizona’s Premier Motorsports Club & Destination,https://www.linkedin.com/company/1171032,0,Legitimate,Verified LinkedIn Company Page,,N/A - genuine company page found via user LinkedIn interests/follows,None reported,,,Interests,🏆 Inde Motorsports Ranch | Arizona’s Premier Motorsports Club & Destination. Category: Verified LinkedIn Company Page,test
421,East Carolina University,https://www.linkedin.com/company/7522,0,Legitimate,Verified LinkedIn Company Page,,N/A - genuine company page found via user LinkedIn interests/follows,None reported,,,Interests,East Carolina University. Category: Verified LinkedIn Company Page,test
422,Diamond Tax Recruiting,https://www.linkedin.com/company/1387173,0,Legitimate,Verified LinkedIn Company Page,,N/A - genuine company page found via user LinkedIn interests/follows,None reported,,,Interests,Diamond Tax Recruiting. Category: Verified LinkedIn Company Page,train
423,Skanska,https://www.linkedin.com/company/4335,0,Legitimate,Verified LinkedIn Company Page,,N/A - genuine company page found via user LinkedIn interests/follows,None reported,,,Interests,Skanska. Category: Verified LinkedIn Company Page,train
424,The George Washington University Law School,https://www.linkedin.com/company/15100267,0,Legitimate,Verified LinkedIn Company Page,,N/A - genuine company page found via user LinkedIn interests/follows,None reported,,,Interests,The George Washington University Law School. Category: Verified LinkedIn Company Page,val
425,益阳强大机械制造有限公司,https://www.linkedin.com/company/32838020,0,Legitimate,Verified LinkedIn Company Page,,N/A - genuine company page found via user LinkedIn interests/follows,None reported,,,Interests,益阳强大机械制造有限公司. Category: Verified LinkedIn Company Page,val
426,U.S. Mortgage Insurers,https://www.linkedin.com/company/82311940,0,Legitimate,Verified LinkedIn Company Page,,N/A - genuine company page found via user LinkedIn interests/follows,None reported,,,Interests,U.S. Mortgage Insurers. Category: Verified LinkedIn Company Page,train
427,WE ACT for Environmental Justice,https://www.linkedin.com/company/1838643,0,Legitimate,Verified LinkedIn Company Page,,N/A - genuine company page found via user LinkedIn interests/follows,None reported,,,Interests,WE ACT for Environmental Justice. Category: Verified LinkedIn Company Page,train
428,J Draper Glass,https://www.linkedin.com/company/15502663,0,Legitimate,Verified LinkedIn Company Page,,N/A - genuine company page found via user LinkedIn interests/follows,None reported,,,Interests,J Draper Glass. Category: Verified LinkedIn Company Page,train
429,Polarion (Siemens PLM Software),https://www.linkedin.com/company/84212,0,Legitimate,Verified LinkedIn Company Page,,N/A - genuine company page found via user LinkedIn interests/follows,None reported,,,Interests,Polarion (Siemens PLM Software). Category: Verified LinkedIn Company Page,train
430,Whiskey WinsDay,https://www.linkedin.com/company/84512291,0,Legitimate,Verified LinkedIn Company Page,,N/A - genuine company page found via user LinkedIn interests/follows,None reported,,,Interests,Whiskey WinsDay. Category: Verified LinkedIn Company Page,test
431,Parimatch Ukraine,https://www.linkedin.com/company/71767743,0,Legitimate,Verified LinkedIn Company Page,,N/A - genuine company page found via user LinkedIn interests/follows,None reported,,,Interests,Parimatch Ukraine. Category: Verified LinkedIn Company Page,train
432,Panorama Education,https://www.linkedin.com/company/2913310,0,Legitimate,Verified LinkedIn Company Page,,N/A - genuine company page found via user LinkedIn interests/follows,None reported,,,Interests,Panorama Education. Category: Verified LinkedIn Company Page,val
433,Anne Grady Group,https://www.linkedin.com/company/1994562,0,Legitimate,Verified LinkedIn Company Page,,N/A - genuine company page found via user LinkedIn interests/follows,None reported,,,Interests,Anne Grady Group. Category: Verified LinkedIn Company Page,test
434,VelocityOps,https://www.linkedin.com/company/42830404,0,Legitimate,Verified LinkedIn Company Page,,N/A - genuine company page found via user LinkedIn interests/follows,None reported,,,Interests,VelocityOps. Category: Verified LinkedIn Company Page,val
435,Gibney,https://www.linkedin.com/company/2671945,0,Legitimate,Verified LinkedIn Company Page,,N/A - genuine company page found via user LinkedIn interests/follows,None reported,,,Interests,Gibney. Category: Verified LinkedIn Company Page,train
436,Telstra Ventures,https://www.linkedin.com/company/14455912,0,Legitimate,Verified LinkedIn Company Page,,N/A - genuine company page found via user LinkedIn interests/follows,None reported,,,Interests,Telstra Ventures. Category: Verified LinkedIn Company Page,train
437,Meyer Sound,https://www.linkedin.com/company/36394,0,Legitimate,Verified LinkedIn Company Page,,N/A - genuine company page found via user LinkedIn interests/follows,None reported,,,Interests,Meyer Sound. Category: Verified LinkedIn Company Page,train
438,GyanSys Inc.,https://www.linkedin.com/company/427685,0,Legitimate,Verified LinkedIn Company Page,,N/A - genuine company page found via user LinkedIn interests/follows,None reported,,,Interests,GyanSys Inc.. Category: Verified LinkedIn Company Page,train
439,Onco360 Oncology Pharmacy,https://www.linkedin.com/company/307610,0,Legitimate,Verified LinkedIn Company Page,,N/A - genuine company page found via user LinkedIn interests/follows,None reported,,,Interests,Onco360 Oncology Pharmacy. Category: Verified LinkedIn Company Page,train
440,Greybull Stewardship,https://www.linkedin.com/company/1019706,0,Legitimate,Verified LinkedIn Company Page,,N/A - genuine company page found via user LinkedIn interests/follows,None reported,,,Interests,Greybull Stewardship. Category: Verified LinkedIn Company Page,test
441,PerfectVision,https://www.linkedin.com/company/35559721,0,Legitimate,Verified LinkedIn Company Page,,N/A - genuine company page found via user LinkedIn interests/follows,None reported,,,Interests,PerfectVision. Category: Verified LinkedIn Company Page,train
442,Choir Nation Inc.,https://www.linkedin.com/company/35482644,0,Legitimate,Verified LinkedIn Company Page,,N/A - genuine company page found via user LinkedIn interests/follows,None reported,,,Interests,Choir Nation Inc.. Category: Verified LinkedIn Company Page,val
443,SIEM Intelligence™,https://www.linkedin.com/company/69545364,0,Legitimate,Verified LinkedIn Company Page,,N/A - genuine company page found via user LinkedIn interests/follows,None reported,,,Interests,SIEM Intelligence™. Category: Verified LinkedIn Company Page,test
444,Red Bull Racing & Red Bull Technology,https://www.linkedin.com/company/56417,0,Legitimate,Verified LinkedIn Company Page,,N/A - genuine company page found via user LinkedIn interests/follows,None reported,,,Interests,Red Bull Racing & Red Bull Technology. Category: Verified LinkedIn Company Page,train
445,NC Capital Area Metropolitan Planning Organization,https://www.linkedin.com/company/9399735,0,Legitimate,Verified LinkedIn Company Page,,N/A - genuine company page found via user LinkedIn interests/follows,None reported,,,Interests,NC Capital Area Metropolitan Planning Organization. Category: Verified LinkedIn Company Page,val
446,GRADIENT,https://www.linkedin.com/company/1048959,0,Legitimate,Verified LinkedIn Company Page,,N/A - genuine company page found via user LinkedIn interests/follows,None reported,,,Interests,GRADIENT. Category: Verified LinkedIn Company Page,test
447,GirlzWhoSell Empowerment Fund,https://www.linkedin.com/company/76126720,0,Legitimate,Verified LinkedIn Company Page,,N/A - genuine company page found via user LinkedIn interests/follows,None reported,,,Interests,GirlzWhoSell Empowerment Fund. Category: Verified LinkedIn Company Page,train
448,ZEN Petroleum,https://www.linkedin.com/company/3035103,0,Legitimate,Verified LinkedIn Company Page,,N/A - genuine company page found via user LinkedIn interests/follows,None reported,,,Interests,ZEN Petroleum. Category: Verified LinkedIn Company Page,val
449,Caldwell,https://www.linkedin.com/company/33585,0,Legitimate,Verified LinkedIn Company Page,,N/A - genuine company page found via user LinkedIn interests/follows,None reported,,,Interests,Caldwell. Category: Verified LinkedIn Company Page,test
450,CHANEL,https://www.linkedin.com/company/162993,0,Legitimate,Verified LinkedIn Company Page,,N/A - genuine company page found via user LinkedIn interests/follows,None reported,,,Interests,CHANEL. Category: Verified LinkedIn Company Page,val
451,Enel Foundation,https://www.linkedin.com/company/19101559,0,Legitimate,Verified LinkedIn Company Page,,N/A - genuine company page found via user LinkedIn interests/follows,None reported,,,Interests,Enel Foundation. Category: Verified LinkedIn Company Page,train
452,Eclecticblue Design Agency,https://www.linkedin.com/company/2797709,0,Legitimate,Verified LinkedIn Company Page,,N/A - genuine company page found via user LinkedIn interests/follows,None reported,,,Interests,Eclecticblue Design Agency. Category: Verified LinkedIn Company Page,train
453,Cranfield University,https://www.linkedin.com/company/163246,0,Legitimate,Verified LinkedIn Company Page,,N/A - genuine company page found via user LinkedIn interests/follows,None reported,,,Interests,Cranfield University. Category: Verified LinkedIn Company Page,val
454,Agence de l'innovation de défense,https://www.linkedin.com/company/26192395,0,Legitimate,Verified LinkedIn Company Page,,N/A - genuine company page found via user LinkedIn interests/follows,None reported,,,Interests,Agence de l'innovation de défense. Category: Verified LinkedIn Company Page,train
455,Cardinal Health,https://www.linkedin.com/company/2162,0,Legitimate,Verified LinkedIn Company Page,,N/A - genuine company page found via user LinkedIn interests/follows,None reported,,,Interests,Cardinal Health. Category: Verified LinkedIn Company Page,val
456,Objenious by Bouygues Telecom,https://www.linkedin.com/company/10447462,0,Legitimate,Verified LinkedIn Company Page,,N/A - genuine company page found via user LinkedIn interests/follows,None reported,,,Interests,Objenious by Bouygues Telecom. Category: Verified LinkedIn Company Page,train
457,ForAmerica,https://www.linkedin.com/company/10242348,0,Legitimate,Verified LinkedIn Company Page,,N/A - genuine company page found via user LinkedIn interests/follows,None reported,,,Interests,ForAmerica. Category: Verified LinkedIn Company Page,train
458,Machine Learning,https://www.linkedin.com/company/26248142,0,Legitimate,Verified LinkedIn Company Page,,N/A - genuine company page found via user LinkedIn interests/follows,None reported,,,Interests,Machine Learning. Category: Verified LinkedIn Company Page,train
459,Prime Therapeutics,https://www.linkedin.com/company/13788,0,Legitimate,Verified LinkedIn Company Page,,N/A - genuine company page found via user LinkedIn interests/follows,None reported,,,Interests,Prime Therapeutics. Category: Verified LinkedIn Company Page,train
460,Tailwind Capital,https://www.linkedin.com/company/1189868,0,Legitimate,Verified LinkedIn Company Page,,N/A - genuine company page found via user LinkedIn interests/follows,None reported,,,Interests,Tailwind Capital. Category: Verified LinkedIn Company Page,val
461,University of East Anglia,https://www.linkedin.com/company/15593,0,Legitimate,Verified LinkedIn Company Page,,N/A - genuine company page found via user LinkedIn interests/follows,None reported,,,Interests,University of East Anglia. Category: Verified LinkedIn Company Page,train
462,山东东都食品有限公司,https://www.linkedin.com/company/30371873,0,Legitimate,Verified LinkedIn Company Page,,N/A - genuine company page found via user LinkedIn interests/follows,None reported,,,Interests,山东东都食品有限公司. Category: Verified LinkedIn Company Page,train
463,effy - European Founders For Youth,https://www.linkedin.com/company/20092209,0,Legitimate,Verified LinkedIn Company Page,,N/A - genuine company page found via user LinkedIn interests/follows,None reported,,,Interests,effy - European Founders For Youth. Category: Verified LinkedIn Company Page,train
464,LANsultants Inc,https://www.linkedin.com/company/4752614,0,Legitimate,Verified LinkedIn Company Page,,N/A - genuine company page found via user LinkedIn interests/follows,None reported,,,Interests,LANsultants Inc. Category: Verified LinkedIn Company Page,train
465,Queen Catalina Plastic Surgery Clinic,https://www.linkedin.com/company/88889030,0,Legitimate,Verified LinkedIn Company Page,,N/A - genuine company page found via user LinkedIn interests/follows,None reported,,,Interests,Queen Catalina Plastic Surgery Clinic. Category: Verified LinkedIn Company Page,train
466,Shanghai Jiao Tong University,https://www.linkedin.com/company/27413,0,Legitimate,Verified LinkedIn Company Page,,N/A - genuine company page found via user LinkedIn interests/follows,None reported,,,Interests,Shanghai Jiao Tong University. Category: Verified LinkedIn Company Page,val
467,Hennessy,https://www.linkedin.com/company/29594,0,Legitimate,Verified LinkedIn Company Page,,N/A - genuine company page found via user LinkedIn interests/follows,None reported,,,Interests,Hennessy. Category: Verified LinkedIn Company Page,test
468,Landsec,https://www.linkedin.com/company/11025,0,Legitimate,Verified LinkedIn Company Page,,N/A - genuine company page found via user LinkedIn interests/follows,None reported,,,Interests,Landsec. Category: Verified LinkedIn Company Page,train
469,AbbVie,https://www.linkedin.com/company/1304385,0,Legitimate,Verified LinkedIn Company Page,,N/A - genuine company page found via user LinkedIn interests/follows,None reported,,,Interests,AbbVie. Category: Verified LinkedIn Company Page,train
470,Warner Search Group,https://www.linkedin.com/company/1279169,0,Legitimate,Verified LinkedIn Company Page,,N/A - genuine company page found via user LinkedIn interests/follows,None reported,,,Interests,Warner Search Group. Category: Verified LinkedIn Company Page,test
471,WestJet,https://www.linkedin.com/company/10315,0,Legitimate,Verified LinkedIn Company Page,,N/A - genuine company page found via user LinkedIn interests/follows,None reported,,,Interests,WestJet. Category: Verified LinkedIn Company Page,val
472,iimproof,https://www.linkedin.com/company/3141920,0,Legitimate,Verified LinkedIn Company Page,,N/A - genuine company page found via user LinkedIn interests/follows,None reported,,,Interests,iimproof. Category: Verified LinkedIn Company Page,val
473,ServedBy the Net,https://www.linkedin.com/company/2247294,0,Legitimate,Verified LinkedIn Company Page,,N/A - genuine company page found via user LinkedIn interests/follows,None reported,,,Interests,ServedBy the Net. Category: Verified LinkedIn Company Page,test
474,You Are Here,https://www.linkedin.com/company/12976002,0,Legitimate,Verified LinkedIn Company Page,,N/A - genuine company page found via user LinkedIn interests/follows,None reported,,,Interests,You Are Here. Category: Verified LinkedIn Company Page,val
475,Spotify Content Moderation Desk,,1,Fake_Scam,Enterprise Impersonation,Spotify Technology S.A.,Offers remote audio reviewer jobs; directs candidates to buy specialized headset from fake shop.,Equipment purchase scam targeting young audio creators.,LinkedIn InMail -> Store Link,High,LinkedIn Fake Company Database,Spotify Content Moderation Desk. Category: Enterprise Impersonation. Impersonation target: Spotify Technology S.A.. Modus operandi: Offers remote audio reviewer jobs; directs candidates to buy specialized headset from fake shop.. Red flags: Equipment purchase scam targeting young audio creators.,test
476,Corveus Medical (MTI '22 | YC W22),https://www.linkedin.com/company/79654870,0,Legitimate,Verified LinkedIn Company Page,,N/A - genuine company page found via user LinkedIn interests/follows,None reported,,,Interests,Corveus Medical (MTI '22 | YC W22). Category: Verified LinkedIn Company Page,train
477,University of Rajshahi,https://www.linkedin.com/company/82599805,0,Legitimate,Verified LinkedIn Company Page,,N/A - genuine company page found via user LinkedIn interests/follows,None reported,,,Interests,University of Rajshahi. Category: Verified LinkedIn Company Page,train
478,US-China Insurance Promotion Association (USCIPA),https://www.linkedin.com/company/14390391,0,Legitimate,Verified LinkedIn Company Page,,N/A - genuine company page found via user LinkedIn interests/follows,None reported,,,Interests,US-China Insurance Promotion Association (USCIPA). Category: Verified LinkedIn Company Page,train
479,NLX Software,https://www.linkedin.com/company/33235910,0,Legitimate,Verified LinkedIn Company Page,,N/A - genuine company page found via user LinkedIn interests/follows,None reported,,,Interests,NLX Software. Category: Verified LinkedIn Company Page,train
480,Honeywell,https://www.linkedin.com/company/1344,0,Legitimate,Verified LinkedIn Company Page,,N/A - genuine company page found via user LinkedIn interests/follows,None reported,,,Interests,Honeywell. Category: Verified LinkedIn Company Page,train
481,Colorado LGBTQ Chamber of Commerce,https://www.linkedin.com/company/10234297,0,Legitimate,Verified LinkedIn Company Page,,N/A - genuine company page found via user LinkedIn interests/follows,None reported,,,Interests,Colorado LGBTQ Chamber of Commerce. Category: Verified LinkedIn Company Page,train
482,Ellevate Network,https://www.linkedin.com/company/33348,0,Legitimate,Verified LinkedIn Company Page,,N/A - genuine company page found via user LinkedIn interests/follows,None reported,,,Interests,Ellevate Network. Category: Verified LinkedIn Company Page,test
483,Federal Reserve Bank of Chicago,https://www.linkedin.com/company/2787,0,Legitimate,Verified LinkedIn Company Page,,N/A - genuine company page found via user LinkedIn interests/follows,None reported,,,Interests,Federal Reserve Bank of Chicago. Category: Verified LinkedIn Company Page,train
484,Ravelin Technology,https://www.linkedin.com/company/9340880,0,Legitimate,Verified LinkedIn Company Page,,N/A - genuine company page found via user LinkedIn interests/follows,None reported,,,Interests,Ravelin Technology. Category: Verified LinkedIn Company Page,train
485,ExpressCargo Direct US,,1,Fake_Scam,Reshipping / Mule Scam,Fabricated Freight Co.,Hires home dispatchers to receive and reship parcels; fails to pay promised wages.,Reshipping fraud syndicate.,LinkedIn InMail -> SMS,Critical,LinkedIn Fake Company Database,ExpressCargo Direct US. Category: Reshipping / Mule Scam. Impersonation target: Fabricated Freight Co.. Modus operandi: Hires home dispatchers to receive and reship parcels; fails to pay promised wages.. Red flags: Reshipping fraud syndicate.,train
486,Chevron HR Talent Acquisition Group,,1,Fake_Scam,Enterprise Impersonation,Chevron Corporation,Unsolicited high-paying remote role offer; directs to Telegram for text-only interview.,Spoofed domain (@chevron-careers-global.com); demands bank details upfront.,LinkedIn InMail -> Telegram,High,LinkedIn Fake Company Database,Chevron HR Talent Acquisition Group. Category: Enterprise Impersonation. Impersonation target: Chevron Corporation. Modus operandi: Unsolicited high-paying remote role offer; directs to Telegram for text-only interview.. Red flags: Spoofed domain (@chevron-careers-global.com); demands bank details upfront.,val
487,Milani Cosmetics,https://www.linkedin.com/company/6580383,0,Legitimate,Verified LinkedIn Company Page,,N/A - genuine company page found via user LinkedIn interests/follows,None reported,,,Interests,Milani Cosmetics. Category: Verified LinkedIn Company Page,train
488,phData (hiring!),https://www.linkedin.com/company/16168340,0,Legitimate,Verified LinkedIn Company Page,,N/A - genuine company page found via user LinkedIn interests/follows,None reported,,,Interests,phData (hiring!). Category: Verified LinkedIn Company Page,train
489,Argaux,https://www.linkedin.com/company/30647420,0,Legitimate,Verified LinkedIn Company Page,,N/A - genuine company page found via user LinkedIn interests/follows,None reported,,,Interests,Argaux. Category: Verified LinkedIn Company Page,train
490,Tesoro Corporation,https://www.linkedin.com/company/10448,0,Legitimate,Verified LinkedIn Company Page,,N/A - genuine company page found via user LinkedIn interests/follows,None reported,,,Interests,Tesoro Corporation. Category: Verified LinkedIn Company Page,train
491,HFMA Region 5 South Eastern Summit 2023,https://www.linkedin.com/company/80097251,0,Legitimate,Verified LinkedIn Company Page,,N/A - genuine company page found via user LinkedIn interests/follows,None reported,,,Interests,HFMA Region 5 South Eastern Summit 2023. Category: Verified LinkedIn Company Page,test
492,Global Green Connect,https://www.linkedin.com/company/13586051,0,Legitimate,Verified LinkedIn Company Page,,N/A - genuine company page found via user LinkedIn interests/follows,None reported,,,Interests,Global Green Connect. Category: Verified LinkedIn Company Page,val
493,Life in the Front Office Podcast,https://www.linkedin.com/company/37204372,0,Legitimate,Verified LinkedIn Company Page,,N/A - genuine company page found via user LinkedIn interests/follows,None reported,,,Interests,Life in the Front Office Podcast. Category: Verified LinkedIn Company Page,val
494,Harvard Law Environmental & Energy Law Program,https://www.linkedin.com/company/20494569,0,Legitimate,Verified LinkedIn Company Page,,N/A - genuine company page found via user LinkedIn interests/follows,None reported,,,Interests,Harvard Law Environmental & Energy Law Program. Category: Verified LinkedIn Company Page,train
495,Dhaka Polytechnic Institute,https://www.linkedin.com/company/80873677,0,Legitimate,Verified LinkedIn Company Page,,N/A - genuine company page found via user LinkedIn interests/follows,None reported,,,Interests,Dhaka Polytechnic Institute. Category: Verified LinkedIn Company Page,val
496,The Arcticom Group,https://www.linkedin.com/company/35685629,0,Legitimate,Verified LinkedIn Company Page,,N/A - genuine company page found via user LinkedIn interests/follows,None reported,,,Interests,The Arcticom Group. Category: Verified LinkedIn Company Page,train
497,"University of Maryland, Baltimore (UMB)",https://www.linkedin.com/company/455844,0,Legitimate,Verified LinkedIn Company Page,,N/A - genuine company page found via user LinkedIn interests/follows,None reported,,,Interests,"University of Maryland, Baltimore (UMB). Category: Verified LinkedIn Company Page",train
498,Cruise,https://www.linkedin.com/company/6577635,0,Legitimate,Verified LinkedIn Company Page,,N/A - genuine company page found via user LinkedIn interests/follows,None reported,,,Interests,Cruise. Category: Verified LinkedIn Company Page,test
499,KPMG,https://www.linkedin.com/company/2525300,0,Legitimate,Verified LinkedIn Company Page,,N/A - genuine company page found via user LinkedIn interests/follows,None reported,,,Interests,KPMG. Category: Verified LinkedIn Company Page,test
500,Pivotal Ventures,https://www.linkedin.com/company/19082324,0,Legitimate,Verified LinkedIn Company Page,,N/A - genuine company page found via user LinkedIn interests/follows,None reported,,,Interests,Pivotal Ventures. Category: Verified LinkedIn Company Page,train
501,University of Notre Dame,https://www.linkedin.com/company/166658,0,Legitimate,Verified LinkedIn Company Page,,N/A - genuine company page found via user LinkedIn interests/follows,None reported,,,Interests,University of Notre Dame. Category: Verified LinkedIn Company Page,train
502,Christian Dior Couture,https://www.linkedin.com/company/17577,0,Legitimate,Verified LinkedIn Company Page,,N/A - genuine company page found via user LinkedIn interests/follows,None reported,,,Interests,Christian Dior Couture. Category: Verified LinkedIn Company Page,train
503,ChainLink Alpha Labs,,1,Fake_Scam,Web3 / Crypto Shell,Fabricated Oracle Project,Offers developer advocate job; sends malicious NPM package disguised as SDK demo.,NPM package contains malicious script exfiltrating SSH keys.,LinkedIn DM -> NPM Link,Critical,LinkedIn Fake Company Database,ChainLink Alpha Labs. Category: Web3 / Crypto Shell. Impersonation target: Fabricated Oracle Project. Modus operandi: Offers developer advocate job; sends malicious NPM package disguised as SDK demo.. Red flags: NPM package contains malicious script exfiltrating SSH keys.,test
504,欧莱雅(中国)有限公司,https://www.linkedin.com/company/29644701,0,Legitimate,Verified LinkedIn Company Page,,N/A - genuine company page found via user LinkedIn interests/follows,None reported,,,Interests,欧莱雅(中国)有限公司. Category: Verified LinkedIn Company Page,train
505,JTC Corporation,https://www.linkedin.com/company/15695,0,Legitimate,Verified LinkedIn Company Page,,N/A - genuine company page found via user LinkedIn interests/follows,None reported,,,Interests,JTC Corporation. Category: Verified LinkedIn Company Page,train
506,Olin Brass - GBC,https://www.linkedin.com/company/3707905,0,Legitimate,Verified LinkedIn Company Page,,N/A - genuine company page found via user LinkedIn interests/follows,None reported,,,Interests,Olin Brass - GBC. Category: Verified LinkedIn Company Page,train
507,Emotive,https://www.linkedin.com/company/18625771,0,Legitimate,Verified LinkedIn Company Page,,N/A - genuine company page found via user LinkedIn interests/follows,None reported,,,Interests,Emotive. Category: Verified LinkedIn Company Page,train
508,The Creative Ladder,https://www.linkedin.com/company/86280556,0,Legitimate,Verified LinkedIn Company Page,,N/A - genuine company page found via user LinkedIn interests/follows,None reported,,,Interests,The Creative Ladder. Category: Verified LinkedIn Company Page,train
509,LinkedIn News India,https://www.linkedin.com/company/64870784,0,Legitimate,Verified LinkedIn Company Page,,N/A - genuine company page found via user LinkedIn interests/follows,None reported,,,Interests,LinkedIn News India. Category: Verified LinkedIn Company Page,test
510,Origins,https://www.linkedin.com/company/165343,0,Legitimate,Verified LinkedIn Company Page,,N/A - genuine company page found via user LinkedIn interests/follows,None reported,,,Interests,Origins. Category: Verified LinkedIn Company Page,train
511,IDentek Global Search,https://www.linkedin.com/company/11077129,0,Legitimate,Verified LinkedIn Company Page,,N/A - genuine company page found via user LinkedIn interests/follows,None reported,,,Interests,IDentek Global Search. Category: Verified LinkedIn Company Page,val
512,Caudalie,https://www.linkedin.com/company/113288,0,Legitimate,Verified LinkedIn Company Page,,N/A - genuine company page found via user LinkedIn interests/follows,None reported,,,Interests,Caudalie. Category: Verified LinkedIn Company Page,test
513,AIC,https://www.linkedin.com/company/157362,0,Legitimate,Verified LinkedIn Company Page,,N/A - genuine company page found via user LinkedIn interests/follows,None reported,,,Interests,AIC. Category: Verified LinkedIn Company Page,train
514,Huazhong University of Science and Technology,https://www.linkedin.com/company/81930,0,Legitimate,Verified LinkedIn Company Page,,N/A - genuine company page found via user LinkedIn interests/follows,None reported,,,Interests,Huazhong University of Science and Technology. Category: Verified LinkedIn Company Page,train
515,Excel Entertainment,https://www.linkedin.com/company/46372702,0,Legitimate,Verified LinkedIn Company Page,,N/A - genuine company page found via user LinkedIn interests/follows,None reported,,,Interests,Excel Entertainment. Category: Verified LinkedIn Company Page,train
516,American Association of Orthodontists,https://www.linkedin.com/company/2908925,0,Legitimate,Verified LinkedIn Company Page,,N/A - genuine company page found via user LinkedIn interests/follows,None reported,,,Interests,American Association of Orthodontists. Category: Verified LinkedIn Company Page,train
517,Cisco Networking Solutions Desk,,1,Fake_Scam,Enterprise Impersonation,Cisco Systems,Sends fake offer letter with request to buy Cisco-approved router from designated online vendor.,Fake vendor portal operated by scammers to steal equipment funds.,LinkedIn Message -> Vendor Site,High,LinkedIn Fake Company Database,Cisco Networking Solutions Desk. Category: Enterprise Impersonation. Impersonation target: Cisco Systems. Modus operandi: Sends fake offer letter with request to buy Cisco-approved router from designated online vendor.. Red flags: Fake vendor portal operated by scammers to steal equipment funds.,val
518,Lumen Technologies,https://www.linkedin.com/company/47664328,0,Legitimate,Verified LinkedIn Company Page,,N/A - genuine company page found via user LinkedIn interests/follows,None reported,,,Interests,Lumen Technologies. Category: Verified LinkedIn Company Page,train
519,Obama Foundation,https://www.linkedin.com/company/16199652,0,Legitimate,Verified LinkedIn Company Page,,N/A - genuine company page found via user LinkedIn interests/follows,None reported,,,Interests,Obama Foundation. Category: Verified LinkedIn Company Page,train
520,Diverge Proposed Federal Credit Union,https://www.linkedin.com/company/81880008,0,Legitimate,Verified LinkedIn Company Page,,N/A - genuine company page found via user LinkedIn interests/follows,None reported,,,Interests,Diverge Proposed Federal Credit Union. Category: Verified LinkedIn Company Page,train
521,Stream Hatchet,https://www.linkedin.com/company/10393961,0,Legitimate,Verified LinkedIn Company Page,,N/A - genuine company page found via user LinkedIn interests/follows,None reported,,,Interests,Stream Hatchet. Category: Verified LinkedIn Company Page,test
522,Castorama Polska Sp. z o.o.,https://www.linkedin.com/company/8801597,0,Legitimate,Verified LinkedIn Company Page,,N/A - genuine company page found via user LinkedIn interests/follows,None reported,,,Interests,Castorama Polska Sp. z o.o.. Category: Verified LinkedIn Company Page,test
523,Women Rule,https://www.linkedin.com/company/11150060,0,Legitimate,Verified LinkedIn Company Page,,N/A - genuine company page found via user LinkedIn interests/follows,None reported,,,Interests,Women Rule. Category: Verified LinkedIn Company Page,val
524,Getty Images,https://www.linkedin.com/company/4828,0,Legitimate,Verified LinkedIn Company Page,,N/A - genuine company page found via user LinkedIn interests/follows,None reported,,,Interests,Getty Images. Category: Verified LinkedIn Company Page,val
525,Tim Tebow Foundation,https://www.linkedin.com/company/2027997,0,Legitimate,Verified LinkedIn Company Page,,N/A - genuine company page found via user LinkedIn interests/follows,None reported,,,Interests,Tim Tebow Foundation. Category: Verified LinkedIn Company Page,train
526,TerrAscend New Jersey,https://www.linkedin.com/company/67298400,0,Legitimate,Verified LinkedIn Company Page,,N/A - genuine company page found via user LinkedIn interests/follows,None reported,,,Interests,TerrAscend New Jersey. Category: Verified LinkedIn Company Page,test
527,Imperial College London,https://www.linkedin.com/company/5106,0,Legitimate,Verified LinkedIn Company Page,,N/A - genuine company page found via user LinkedIn interests/follows,None reported,,,Interests,Imperial College London. Category: Verified LinkedIn Company Page,train
528,"Timberstone Partners, LLC",https://www.linkedin.com/company/71532008,0,Legitimate,Verified LinkedIn Company Page,,N/A - genuine company page found via user LinkedIn interests/follows,None reported,,,Interests,"Timberstone Partners, LLC. Category: Verified LinkedIn Company Page",train
529,Peru State College,https://www.linkedin.com/company/93626,0,Legitimate,Verified LinkedIn Company Page,,N/A - genuine company page found via user LinkedIn interests/follows,None reported,,,Interests,Peru State College. Category: Verified LinkedIn Company Page,train
530,AuraFX Forex Trading Hub,,1,Fake_Scam,Investment Scam Disguised as Job,Fabricated Brokerage,Recruits remote forex account managers; mandates opening funded account with $500 deposit.,Unregulated broker scam; candidate losses personal funds.,LinkedIn DM -> Trading Platform,Critical,LinkedIn Fake Company Database,AuraFX Forex Trading Hub. Category: Investment Scam Disguised as Job. Impersonation target: Fabricated Brokerage. Modus operandi: Recruits remote forex account managers; mandates opening funded account with $500 deposit.. Red flags: Unregulated broker scam; candidate losses personal funds.,train
531,College of DuPage,https://www.linkedin.com/company/15489,0,Legitimate,Verified LinkedIn Company Page,,N/A - genuine company page found via user LinkedIn interests/follows,None reported,,,Interests,College of DuPage. Category: Verified LinkedIn Company Page,train
532,HR Law,https://www.linkedin.com/company/6421732,0,Legitimate,Verified LinkedIn Company Page,,N/A - genuine company page found via user LinkedIn interests/follows,None reported,,,Interests,HR Law. Category: Verified LinkedIn Company Page,train
533,ProjectWorks London,https://www.linkedin.com/company/18757023,0,Legitimate,Verified LinkedIn Company Page,,N/A - genuine company page found via user LinkedIn interests/follows,None reported,,,Interests,ProjectWorks London. Category: Verified LinkedIn Company Page,train
534,TopLegal,https://www.linkedin.com/company/10985847,0,Legitimate,Verified LinkedIn Company Page,,N/A - genuine company page found via user LinkedIn interests/follows,None reported,,,Interests,TopLegal. Category: Verified LinkedIn Company Page,val
535,Max Up,https://www.linkedin.com/company/20543606,0,Legitimate,Verified LinkedIn Company Page,,N/A - genuine company page found via user LinkedIn interests/follows,None reported,,,Interests,Max Up. Category: Verified LinkedIn Company Page,train
536,Bossed Up,https://www.linkedin.com/company/64541907,0,Legitimate,Verified LinkedIn Company Page,,N/A - genuine company page found via user LinkedIn interests/follows,None reported,,,Interests,Bossed Up. Category: Verified LinkedIn Company Page,train
537,Neon Cloud Productions,https://www.linkedin.com/company/16212504,0,Legitimate,Verified LinkedIn Company Page,,N/A - genuine company page found via user LinkedIn interests/follows,None reported,,,Interests,Neon Cloud Productions. Category: Verified LinkedIn Company Page,val
538,U.S. Securities and Exchange Commission,https://www.linkedin.com/company/166718,0,Legitimate,Verified LinkedIn Company Page,,N/A - genuine company page found via user LinkedIn interests/follows,None reported,,,Interests,U.S. Securities and Exchange Commission. Category: Verified LinkedIn Company Page,val
539,Harvard Business School Online,https://www.linkedin.com/company/9220773,0,Legitimate,Verified LinkedIn Company Page,,N/A - genuine company page found via user LinkedIn interests/follows,None reported,,,Interests,Harvard Business School Online. Category: Verified LinkedIn Company Page,train
540,Global Alliance for Trade Facilitation,https://www.linkedin.com/company/7573469,0,Legitimate,Verified LinkedIn Company Page,,N/A - genuine company page found via user LinkedIn interests/follows,None reported,,,Interests,Global Alliance for Trade Facilitation. Category: Verified LinkedIn Company Page,train
541,Leviton,https://www.linkedin.com/company/12518,0,Legitimate,Verified LinkedIn Company Page,,N/A - genuine company page found via user LinkedIn interests/follows,None reported,,,Interests,Leviton. Category: Verified LinkedIn Company Page,train
542,Giants' Shoulders Capital,https://www.linkedin.com/company/68562753,0,Legitimate,Verified LinkedIn Company Page,,N/A - genuine company page found via user LinkedIn interests/follows,None reported,,,Interests,Giants' Shoulders Capital. Category: Verified LinkedIn Company Page,train
543,University of Washington,https://www.linkedin.com/company/2584,0,Legitimate,Verified LinkedIn Company Page,,N/A - genuine company page found via user LinkedIn interests/follows,None reported,,,Interests,University of Washington. Category: Verified LinkedIn Company Page,test
544,Levine Cancer Institute,https://www.linkedin.com/company/5027640,0,Legitimate,Verified LinkedIn Company Page,,N/A - genuine company page found via user LinkedIn interests/follows,None reported,,,Interests,Levine Cancer Institute. Category: Verified LinkedIn Company Page,test
545,Black Property Network UK,https://www.linkedin.com/company/75519395,0,Legitimate,Verified LinkedIn Company Page,,N/A - genuine company page found via user LinkedIn interests/follows,None reported,,,Interests,Black Property Network UK. Category: Verified LinkedIn Company Page,train
546,AlbionVC,https://www.linkedin.com/company/13019639,0,Legitimate,Verified LinkedIn Company Page,,N/A - genuine company page found via user LinkedIn interests/follows,None reported,,,Interests,AlbionVC. Category: Verified LinkedIn Company Page,val
547,Duality Technologies,https://www.linkedin.com/company/27180629,0,Legitimate,Verified LinkedIn Company Page,,N/A - genuine company page found via user LinkedIn interests/follows,None reported,,,Interests,Duality Technologies. Category: Verified LinkedIn Company Page,train
548,Mimo Brands,https://www.linkedin.com/company/5042038,0,Legitimate,Verified LinkedIn Company Page,,N/A - genuine company page found via user LinkedIn interests/follows,None reported,,,Interests,Mimo Brands. Category: Verified LinkedIn Company Page,test
549,Lexicon Content Collective,,1,Fake_Scam,Freelance Work Scam,Fictitious Content Studio,Promises $1/word for articles; delivers massive unpaid tasks and ceases communication.,Ghostwriting exploitation / work theft without compensation.,LinkedIn Post -> Email,Medium,LinkedIn Fake Company Database,Lexicon Content Collective. Category: Freelance Work Scam. Impersonation target: Fictitious Content Studio. Modus operandi: Promises $1/word for articles; delivers massive unpaid tasks and ceases communication.. Red flags: Ghostwriting exploitation / work theft without compensation.,train
550,"SoftLayer, an IBM Company",https://www.linkedin.com/company/95291,0,Legitimate,Verified LinkedIn Company Page,,N/A - genuine company page found via user LinkedIn interests/follows,None reported,,,Interests,"SoftLayer, an IBM Company. Category: Verified LinkedIn Company Page",val
551,Social Chain Agency,https://www.linkedin.com/company/5362044,0,Legitimate,Verified LinkedIn Company Page,,N/A - genuine company page found via user LinkedIn interests/follows,None reported,,,Interests,Social Chain Agency. Category: Verified LinkedIn Company Page,train
552,Atala Counseling,https://www.linkedin.com/company/69423211,0,Legitimate,Verified LinkedIn Company Page,,N/A - genuine company page found via user LinkedIn interests/follows,None reported,,,Interests,Atala Counseling. Category: Verified LinkedIn Company Page,val
553,G4S SECURE SOLUTIONS (IRAQ) LIMITED,https://www.linkedin.com/company/22240070,0,Legitimate,Verified LinkedIn Company Page,,N/A - genuine company page found via user LinkedIn interests/follows,None reported,,,Interests,G4S SECURE SOLUTIONS (IRAQ) LIMITED. Category: Verified LinkedIn Company Page,train
554,The K.N.E.W. Solutions,https://www.linkedin.com/company/79693273,0,Legitimate,Verified LinkedIn Company Page,,N/A - genuine company page found via user LinkedIn interests/follows,None reported,,,Interests,The K.N.E.W. Solutions. Category: Verified LinkedIn Company Page,train
555,Roman Krizek - Finance & Real estate,https://www.linkedin.com/company/43317288,0,Legitimate,Verified LinkedIn Company Page,,N/A - genuine company page found via user LinkedIn interests/follows,None reported,,,Interests,Roman Krizek - Finance & Real estate. Category: Verified LinkedIn Company Page,val
556,Sixcess Industries Inc.,https://www.linkedin.com/company/82266103,0,Legitimate,Verified LinkedIn Company Page,,N/A - genuine company page found via user LinkedIn interests/follows,None reported,,,Interests,Sixcess Industries Inc.. Category: Verified LinkedIn Company Page,train
557,Generous Giving,https://www.linkedin.com/company/82364,0,Legitimate,Verified LinkedIn Company Page,,N/A - genuine company page found via user LinkedIn interests/follows,None reported,,,Interests,Generous Giving. Category: Verified LinkedIn Company Page,train
558,Escalent,https://www.linkedin.com/company/19181907,0,Legitimate,Verified LinkedIn Company Page,,N/A - genuine company page found via user LinkedIn interests/follows,None reported,,,Interests,Escalent. Category: Verified LinkedIn Company Page,train
559,清华大学经济管理学院 Tsinghua University School of Economics and Management,https://www.linkedin.com/company/15098922,0,Legitimate,Verified LinkedIn Company Page,,N/A - genuine company page found via user LinkedIn interests/follows,None reported,,,Interests,清华大学经济管理学院 Tsinghua University School of Economics and Management. Category: Verified LinkedIn Company Page,val
560,Workday,https://www.linkedin.com/company/17719,0,Legitimate,Verified LinkedIn Company Page,,N/A - genuine company page found via user LinkedIn interests/follows,None reported,,,Interests,Workday. Category: Verified LinkedIn Company Page,val
561,Stephanie Movahhed Coaching,https://www.linkedin.com/company/64642475,0,Legitimate,Verified LinkedIn Company Page,,N/A - genuine company page found via user LinkedIn interests/follows,None reported,,,Interests,Stephanie Movahhed Coaching. Category: Verified LinkedIn Company Page,val
562,Meta Quest Development Partners,,1,Fake_Scam,Enterprise Impersonation,"Meta Platforms, Inc.",Hires remote QA testers; sends check to buy VR gear from unauthorized third-party vendor.,Cashier's check overpayment scam targeting gamers/graduates.,LinkedIn InMail -> Email,High,LinkedIn Fake Company Database,"Meta Quest Development Partners. Category: Enterprise Impersonation. Impersonation target: Meta Platforms, Inc.. Modus operandi: Hires remote QA testers; sends check to buy VR gear from unauthorized third-party vendor.. Red flags: Cashier's check overpayment scam targeting gamers/graduates.",train
563,Phoenix Brand Management Group,https://www.linkedin.com/company/5193349,0,Legitimate,Verified LinkedIn Company Page,,N/A - genuine company page found via user LinkedIn interests/follows,None reported,,,Interests,Phoenix Brand Management Group. Category: Verified LinkedIn Company Page,train
564,The Diversity Way-Maker™,https://www.linkedin.com/company/68301808,0,Legitimate,Verified LinkedIn Company Page,,N/A - genuine company page found via user LinkedIn interests/follows,None reported,,,Interests,The Diversity Way-Maker™. Category: Verified LinkedIn Company Page,train
565,Intertwined,https://www.linkedin.com/company/66751984,0,Legitimate,Verified LinkedIn Company Page,,N/A - genuine company page found via user LinkedIn interests/follows,None reported,,,Interests,Intertwined. Category: Verified LinkedIn Company Page,val
566,Cognitive Robotics Labs,,1,Fake_Scam,AI Hype Shell Company,Fabricated AI Lab,Offers remote computer vision roles; asks for deposit to ship VR/AR testing headset.,Upfront equipment deposit scam; hardware never arrives.,LinkedIn Message -> Wire Link,High,LinkedIn Fake Company Database,Cognitive Robotics Labs. Category: AI Hype Shell Company. Impersonation target: Fabricated AI Lab. Modus operandi: Offers remote computer vision roles; asks for deposit to ship VR/AR testing headset.. Red flags: Upfront equipment deposit scam; hardware never arrives.,train
567,MCE,https://www.linkedin.com/company/2012594,0,Legitimate,Verified LinkedIn Company Page,,N/A - genuine company page found via user LinkedIn interests/follows,None reported,,,Interests,MCE. Category: Verified LinkedIn Company Page,train
568,Potenti'elles Formation,https://www.linkedin.com/company/89629913,0,Legitimate,Verified LinkedIn Company Page,,N/A - genuine company page found via user LinkedIn interests/follows,None reported,,,Interests,Potenti'elles Formation. Category: Verified LinkedIn Company Page,train
569,Tara,https://www.linkedin.com/company/76145316,0,Legitimate,Verified LinkedIn Company Page,,N/A - genuine company page found via user LinkedIn interests/follows,None reported,,,Interests,Tara. Category: Verified LinkedIn Company Page,train
570,"CodeX, The Stanford Center for Legal Informatics",https://www.linkedin.com/company/6441226,0,Legitimate,Verified LinkedIn Company Page,,N/A - genuine company page found via user LinkedIn interests/follows,None reported,,,Interests,"CodeX, The Stanford Center for Legal Informatics. Category: Verified LinkedIn Company Page",train
571,Murria Solicitors,https://www.linkedin.com/company/844418,0,Legitimate,Verified LinkedIn Company Page,,N/A - genuine company page found via user LinkedIn interests/follows,None reported,,,Interests,Murria Solicitors. Category: Verified LinkedIn Company Page,train
572,Purpose,https://www.linkedin.com/company/861816,0,Legitimate,Verified LinkedIn Company Page,,N/A - genuine company page found via user LinkedIn interests/follows,None reported,,,Interests,Purpose. Category: Verified LinkedIn Company Page,train
573,复旦大学泛海国际金融学院FISF,https://www.linkedin.com/company/14419385,0,Legitimate,Verified LinkedIn Company Page,,N/A - genuine company page found via user LinkedIn interests/follows,None reported,,,Interests,复旦大学泛海国际金融学院FISF. Category: Verified LinkedIn Company Page,val
574,Head Hunting Professional - Specialists in Executive Search,https://www.linkedin.com/company/9203961,0,Legitimate,Verified LinkedIn Company Page,,N/A - genuine company page found via user LinkedIn interests/follows,None reported,,,Interests,Head Hunting Professional - Specialists in Executive Search. Category: Verified LinkedIn Company Page,test
575,Macaw Films,https://www.linkedin.com/company/72208026,0,Legitimate,Verified LinkedIn Company Page,,N/A - genuine company page found via user LinkedIn interests/follows,None reported,,,Interests,Macaw Films. Category: Verified LinkedIn Company Page,train
576,Shepheard Marketing,https://www.linkedin.com/company/15081946,0,Legitimate,Verified LinkedIn Company Page,,N/A - genuine company page found via user LinkedIn interests/follows,None reported,,,Interests,Shepheard Marketing. Category: Verified LinkedIn Company Page,test
577,WillowTree,https://www.linkedin.com/company/1099749,0,Legitimate,Verified LinkedIn Company Page,,N/A - genuine company page found via user LinkedIn interests/follows,None reported,,,Interests,WillowTree. Category: Verified LinkedIn Company Page,train
578,SoFlo Black Pages,https://www.linkedin.com/company/79418043,0,Legitimate,Verified LinkedIn Company Page,,N/A - genuine company page found via user LinkedIn interests/follows,None reported,,,Interests,SoFlo Black Pages. Category: Verified LinkedIn Company Page,train
579,Kinsey Wellness & Communications,https://www.linkedin.com/company/35577550,0,Legitimate,Verified LinkedIn Company Page,,N/A - genuine company page found via user LinkedIn interests/follows,None reported,,,Interests,Kinsey Wellness & Communications. Category: Verified LinkedIn Company Page,train
580,big fishÂ®,https://www.linkedin.com/company/739975,0,Legitimate,Verified LinkedIn Company Page,,N/A - genuine company page found via user LinkedIn interests/follows,None reported,,,Interests,big fishÂ®. Category: Verified LinkedIn Company Page,val
581,AppOmni,https://www.linkedin.com/company/18700707,0,Legitimate,Verified LinkedIn Company Page,,N/A - genuine company page found via user LinkedIn interests/follows,None reported,,,Interests,AppOmni. Category: Verified LinkedIn Company Page,train
582,Ad Age,https://www.linkedin.com/company/6259,0,Legitimate,Verified LinkedIn Company Page,,N/A - genuine company page found via user LinkedIn interests/follows,None reported,,,Interests,Ad Age. Category: Verified LinkedIn Company Page,train
583,Horizon Wealth Partners,,1,Fake_Scam,Investment Scam Disguised as Job,Fabricated Asset Firm,Hires remote portfolio managers; requires managing company crypto account via candidate's IP.,Money laundering operation utilizing candidate's local credentials.,LinkedIn DM -> Telegram,Critical,LinkedIn Fake Company Database,Horizon Wealth Partners. Category: Investment Scam Disguised as Job. Impersonation target: Fabricated Asset Firm. Modus operandi: Hires remote portfolio managers; requires managing company crypto account via candidate's IP.. Red flags: Money laundering operation utilizing candidate's local credentials.,test
584,Working in the Schools (WITS),https://www.linkedin.com/company/680311,0,Legitimate,Verified LinkedIn Company Page,,N/A - genuine company page found via user LinkedIn interests/follows,None reported,,,Interests,Working in the Schools (WITS). Category: Verified LinkedIn Company Page,test
585,JoJo Wong Design & Build,https://www.linkedin.com/company/79756281,0,Legitimate,Verified LinkedIn Company Page,,N/A - genuine company page found via user LinkedIn interests/follows,None reported,,,Interests,JoJo Wong Design & Build. Category: Verified LinkedIn Company Page,test
586,PSA International Pte Ltd,https://www.linkedin.com/company/859653,0,Legitimate,Verified LinkedIn Company Page,,N/A - genuine company page found via user LinkedIn interests/follows,None reported,,,Interests,PSA International Pte Ltd. Category: Verified LinkedIn Company Page,train
587,Robert F. Kennedy Human Rights,https://www.linkedin.com/company/369003,0,Legitimate,Verified LinkedIn Company Page,,N/A - genuine company page found via user LinkedIn interests/follows,None reported,,,Interests,Robert F. Kennedy Human Rights. Category: Verified LinkedIn Company Page,test
588,LIMA AIRPORT PARTNERS,https://www.linkedin.com/company/716712,0,Legitimate,Verified LinkedIn Company Page,,N/A - genuine company page found via user LinkedIn interests/follows,None reported,,,Interests,LIMA AIRPORT PARTNERS. Category: Verified LinkedIn Company Page,test
589,Center for Scientific Diversity at ISMMS,https://www.linkedin.com/company/33225317,0,Legitimate,Verified LinkedIn Company Page,,N/A - genuine company page found via user LinkedIn interests/follows,None reported,,,Interests,Center for Scientific Diversity at ISMMS. Category: Verified LinkedIn Company Page,train
590,Inspiring Girls International,https://www.linkedin.com/company/21808600,0,Legitimate,Verified LinkedIn Company Page,,N/A - genuine company page found via user LinkedIn interests/follows,None reported,,,Interests,Inspiring Girls International. Category: Verified LinkedIn Company Page,train
591,Network Outdoors,https://www.linkedin.com/company/80120736,0,Legitimate,Verified LinkedIn Company Page,,N/A - genuine company page found via user LinkedIn interests/follows,None reported,,,Interests,Network Outdoors. Category: Verified LinkedIn Company Page,train
592,DePaul University,https://www.linkedin.com/company/42291,0,Legitimate,Verified LinkedIn Company Page,,N/A - genuine company page found via user LinkedIn interests/follows,None reported,,,Interests,DePaul University. Category: Verified LinkedIn Company Page,test
593,KAI Enterprises,https://www.linkedin.com/company/442624,0,Legitimate,Verified LinkedIn Company Page,,N/A - genuine company page found via user LinkedIn interests/follows,None reported,,,Interests,KAI Enterprises. Category: Verified LinkedIn Company Page,train
594,Fullsend Solutions,https://www.linkedin.com/company/34961689,0,Legitimate,Verified LinkedIn Company Page,,N/A - genuine company page found via user LinkedIn interests/follows,None reported,,,Interests,Fullsend Solutions. Category: Verified LinkedIn Company Page,train
595,BOLD at NBCUniversal,https://www.linkedin.com/company/64522460,0,Legitimate,Verified LinkedIn Company Page,,N/A - genuine company page found via user LinkedIn interests/follows,None reported,,,Interests,BOLD at NBCUniversal. Category: Verified LinkedIn Company Page,train
596,Devcon Construction,https://www.linkedin.com/company/48889,0,Legitimate,Verified LinkedIn Company Page,,N/A - genuine company page found via user LinkedIn interests/follows,None reported,,,Interests,Devcon Construction. Category: Verified LinkedIn Company Page,train
597,Carhartt,https://www.linkedin.com/company/34585,0,Legitimate,Verified LinkedIn Company Page,,N/A - genuine company page found via user LinkedIn interests/follows,None reported,,,Interests,Carhartt. Category: Verified LinkedIn Company Page,train
598,Women In Technology (WIT),https://www.linkedin.com/company/109840,0,Legitimate,Verified LinkedIn Company Page,,N/A - genuine company page found via user LinkedIn interests/follows,None reported,,,Interests,Women In Technology (WIT). Category: Verified LinkedIn Company Page,train
599,The Wharton School,https://www.linkedin.com/company/5290,0,Legitimate,Verified LinkedIn Company Page,,N/A - genuine company page found via user LinkedIn interests/follows,None reported,,,Interests,The Wharton School. Category: Verified LinkedIn Company Page,train
600,Mindtree,https://www.linkedin.com/company/4300,0,Legitimate,Verified LinkedIn Company Page,,N/A - genuine company page found via user LinkedIn interests/follows,None reported,,,Interests,Mindtree. Category: Verified LinkedIn Company Page,train
601,The University of Montana - College of Business,https://www.linkedin.com/company/15150346,0,Legitimate,Verified LinkedIn Company Page,,N/A - genuine company page found via user LinkedIn interests/follows,None reported,,,Interests,The University of Montana - College of Business. Category: Verified LinkedIn Company Page,test
602,33 Tools to Remake Your Career,https://www.linkedin.com/company/1969422,0,Legitimate,Verified LinkedIn Company Page,,N/A - genuine company page found via user LinkedIn interests/follows,None reported,,,Interests,33 Tools to Remake Your Career. Category: Verified LinkedIn Company Page,val
603,Panacea Project,https://www.linkedin.com/company/77737767,0,Legitimate,Verified LinkedIn Company Page,,N/A - genuine company page found via user LinkedIn interests/follows,None reported,,,Interests,Panacea Project. Category: Verified LinkedIn Company Page,train
604,Acorn Healthcare Credentialing Solutions,https://www.linkedin.com/company/11827185,0,Legitimate,Verified LinkedIn Company Page,,N/A - genuine company page found via user LinkedIn interests/follows,None reported,,,Interests,Acorn Healthcare Credentialing Solutions. Category: Verified LinkedIn Company Page,train
605,Wisconsin Black Chamber of Commerce,https://www.linkedin.com/company/706964,0,Legitimate,Verified LinkedIn Company Page,,N/A - genuine company page found via user LinkedIn interests/follows,None reported,,,Interests,Wisconsin Black Chamber of Commerce. Category: Verified LinkedIn Company Page,train
606,Mosaic Learning,https://www.linkedin.com/company/356372,0,Legitimate,Verified LinkedIn Company Page,,N/A - genuine company page found via user LinkedIn interests/follows,None reported,,,Interests,Mosaic Learning. Category: Verified LinkedIn Company Page,train
607,Walnut Grove High School,https://www.linkedin.com/company/33440317,0,Legitimate,Verified LinkedIn Company Page,,N/A - genuine company page found via user LinkedIn interests/follows,None reported,,,Interests,Walnut Grove High School. Category: Verified LinkedIn Company Page,train
608,Cerco Lavoro CercoLavoro.com,https://www.linkedin.com/company/3162071,0,Legitimate,Verified LinkedIn Company Page,,N/A - genuine company page found via user LinkedIn interests/follows,None reported,,,Interests,Cerco Lavoro CercoLavoro.com. Category: Verified LinkedIn Company Page,train
609,PBM IT Solutions,https://www.linkedin.com/company/311423,0,Legitimate,Verified LinkedIn Company Page,,N/A - genuine company page found via user LinkedIn interests/follows,None reported,,,Interests,PBM IT Solutions. Category: Verified LinkedIn Company Page,train
610,University of South Florida,https://www.linkedin.com/company/166671,0,Legitimate,Verified LinkedIn Company Page,,N/A - genuine company page found via user LinkedIn interests/follows,None reported,,,Interests,University of South Florida. Category: Verified LinkedIn Company Page,train
611,Twilio,https://www.linkedin.com/company/400528,0,Legitimate,Verified LinkedIn Company Page,,N/A - genuine company page found via user LinkedIn interests/follows,None reported,,,Interests,Twilio. Category: Verified LinkedIn Company Page,train
612,Volunteers of America of - Minnesota and Wisconsin,https://www.linkedin.com/company/388203,0,Legitimate,Verified LinkedIn Company Page,,N/A - genuine company page found via user LinkedIn interests/follows,None reported,,,Interests,Volunteers of America of - Minnesota and Wisconsin. Category: Verified LinkedIn Company Page,train
613,L'Oréal,https://www.linkedin.com/company/1662,0,Legitimate,Verified LinkedIn Company Page,,N/A - genuine company page found via user LinkedIn interests/follows,None reported,,,Interests,L'Oréal. Category: Verified LinkedIn Company Page,train
614,Blue House Productions,https://www.linkedin.com/company/330359,0,Legitimate,Verified LinkedIn Company Page,,N/A - genuine company page found via user LinkedIn interests/follows,None reported,,,Interests,Blue House Productions. Category: Verified LinkedIn Company Page,val
615,City of Burleson,https://www.linkedin.com/company/343342,0,Legitimate,Verified LinkedIn Company Page,,N/A - genuine company page found via user LinkedIn interests/follows,None reported,,,Interests,City of Burleson. Category: Verified LinkedIn Company Page,train
616,Black Women in Asset Management (BWAM),https://www.linkedin.com/company/42721869,0,Legitimate,Verified LinkedIn Company Page,,N/A - genuine company page found via user LinkedIn interests/follows,None reported,,,Interests,Black Women in Asset Management (BWAM). Category: Verified LinkedIn Company Page,val
617,Marsh,https://www.linkedin.com/company/1874,0,Legitimate,Verified LinkedIn Company Page,,N/A - genuine company page found via user LinkedIn interests/follows,None reported,,,Interests,Marsh. Category: Verified LinkedIn Company Page,train
618,What's AI by Louis Bouchard,https://www.linkedin.com/company/64678875,0,Legitimate,Verified LinkedIn Company Page,,N/A - genuine company page found via user LinkedIn interests/follows,None reported,,,Interests,What's AI by Louis Bouchard. Category: Verified LinkedIn Company Page,test
619,BLK BOX,https://www.linkedin.com/company/11266053,0,Legitimate,Verified LinkedIn Company Page,,N/A - genuine company page found via user LinkedIn interests/follows,None reported,,,Interests,BLK BOX. Category: Verified LinkedIn Company Page,test
620,Bomgar Corporation,https://www.linkedin.com/company/37089,0,Legitimate,Verified LinkedIn Company Page,,N/A - genuine company page found via user LinkedIn interests/follows,None reported,,,Interests,Bomgar Corporation. Category: Verified LinkedIn Company Page,train
621,myFutureNC,https://www.linkedin.com/company/11476182,0,Legitimate,Verified LinkedIn Company Page,,N/A - genuine company page found via user LinkedIn interests/follows,None reported,,,Interests,myFutureNC. Category: Verified LinkedIn Company Page,train
622,Kleiner Perkins,https://www.linkedin.com/company/36213,0,Legitimate,Verified LinkedIn Company Page,,N/A - genuine company page found via user LinkedIn interests/follows,None reported,,,Interests,Kleiner Perkins. Category: Verified LinkedIn Company Page,val
623,Westside Corporation Pty Ltd,https://www.linkedin.com/company/1002972,0,Legitimate,Verified LinkedIn Company Page,,N/A - genuine company page found via user LinkedIn interests/follows,None reported,,,Interests,Westside Corporation Pty Ltd. Category: Verified LinkedIn Company Page,train
624,"Actiview, Inc. - Acquired by Charter Communications",https://www.linkedin.com/company/10684325,0,Legitimate,Verified LinkedIn Company Page,,N/A - genuine company page found via user LinkedIn interests/follows,None reported,,,Interests,"Actiview, Inc. - Acquired by Charter Communications. Category: Verified LinkedIn Company Page",train
625,Baruch College,https://www.linkedin.com/company/4365,0,Legitimate,Verified LinkedIn Company Page,,N/A - genuine company page found via user LinkedIn interests/follows,None reported,,,Interests,Baruch College. Category: Verified LinkedIn Company Page,test
626,"Sardar Vallabhbhai National Institute of Technology, Surat",https://www.linkedin.com/company/15110002,0,Legitimate,Verified LinkedIn Company Page,,N/A - genuine company page found via user LinkedIn interests/follows,None reported,,,Interests,"Sardar Vallabhbhai National Institute of Technology, Surat. Category: Verified LinkedIn Company Page",train
627,GitHub,https://www.linkedin.com/company/1418841,0,Legitimate,Verified LinkedIn Company Page,,N/A - genuine company page found via user LinkedIn interests/follows,None reported,,,Interests,GitHub. Category: Verified LinkedIn Company Page,train
628,Clif Bar & Company,https://www.linkedin.com/company/14770,0,Legitimate,Verified LinkedIn Company Page,,N/A - genuine company page found via user LinkedIn interests/follows,None reported,,,Interests,Clif Bar & Company. Category: Verified LinkedIn Company Page,train
629,Once and for All,https://www.linkedin.com/company/80039798,0,Legitimate,Verified LinkedIn Company Page,,N/A - genuine company page found via user LinkedIn interests/follows,None reported,,,Interests,Once and for All. Category: Verified LinkedIn Company Page,train
630,Greater Miami Chamber of Commerce,https://www.linkedin.com/company/42477,0,Legitimate,Verified LinkedIn Company Page,,N/A - genuine company page found via user LinkedIn interests/follows,None reported,,,Interests,Greater Miami Chamber of Commerce. Category: Verified LinkedIn Company Page,test
631,National Sales Network (NSN) Chicago Chapter,https://www.linkedin.com/company/64734458,0,Legitimate,Verified LinkedIn Company Page,,N/A - genuine company page found via user LinkedIn interests/follows,None reported,,,Interests,National Sales Network (NSN) Chicago Chapter. Category: Verified LinkedIn Company Page,val
632,Civil Engineering Discoveries,https://www.linkedin.com/company/26500822,0,Legitimate,Verified LinkedIn Company Page,,N/A - genuine company page found via user LinkedIn interests/follows,None reported,,,Interests,Civil Engineering Discoveries. Category: Verified LinkedIn Company Page,val
633,TradePro Global Investments,,1,Fake_Scam,Investment Scam Disguised as Job,Fabricated Forex Broker,Offers remote account manager role; mandates recruiting friends and family to deposit funds.,Multi-level marketing / Ponzi scheme disguised as corporate role.,LinkedIn DM -> Zoom Webinar,High,LinkedIn Fake Company Database,TradePro Global Investments. Category: Investment Scam Disguised as Job. Impersonation target: Fabricated Forex Broker. Modus operandi: Offers remote account manager role; mandates recruiting friends and family to deposit funds.. Red flags: Multi-level marketing / Ponzi scheme disguised as corporate role.,train
634,"Mindful Life, Mindful Work, Inc.",https://www.linkedin.com/company/6642697,0,Legitimate,Verified LinkedIn Company Page,,N/A - genuine company page found via user LinkedIn interests/follows,None reported,,,Interests,"Mindful Life, Mindful Work, Inc.. Category: Verified LinkedIn Company Page",train
635,AkzoNobel,https://www.linkedin.com/company/3222,0,Legitimate,Verified LinkedIn Company Page,,N/A - genuine company page found via user LinkedIn interests/follows,None reported,,,Interests,AkzoNobel. Category: Verified LinkedIn Company Page,train
636,AXS National Collegiate Sports Analytics Championship,https://www.linkedin.com/company/81522113,0,Legitimate,Verified LinkedIn Company Page,,N/A - genuine company page found via user LinkedIn interests/follows,None reported,,,Interests,AXS National Collegiate Sports Analytics Championship. Category: Verified LinkedIn Company Page,train
637,Huston-Tillotson University,https://www.linkedin.com/company/74691,0,Legitimate,Verified LinkedIn Company Page,,N/A - genuine company page found via user LinkedIn interests/follows,None reported,,,Interests,Huston-Tillotson University. Category: Verified LinkedIn Company Page,train
638,22Squared,https://www.linkedin.com/company/162206,0,Legitimate,Verified LinkedIn Company Page,,N/A - genuine company page found via user LinkedIn interests/follows,None reported,,,Interests,22Squared. Category: Verified LinkedIn Company Page,val
639,ERCOT,https://www.linkedin.com/company/163669,0,Legitimate,Verified LinkedIn Company Page,,N/A - genuine company page found via user LinkedIn interests/follows,None reported,,,Interests,ERCOT. Category: Verified LinkedIn Company Page,val
640,BART,https://www.linkedin.com/company/10581,0,Legitimate,Verified LinkedIn Company Page,,N/A - genuine company page found via user LinkedIn interests/follows,None reported,,,Interests,BART. Category: Verified LinkedIn Company Page,train
641,Golub Capital,https://www.linkedin.com/company/479642,0,Legitimate,Verified LinkedIn Company Page,,N/A - genuine company page found via user LinkedIn interests/follows,None reported,,,Interests,Golub Capital. Category: Verified LinkedIn Company Page,val
642,Kimco Realty Corporation,https://www.linkedin.com/company/34927,0,Legitimate,Verified LinkedIn Company Page,,N/A - genuine company page found via user LinkedIn interests/follows,None reported,,,Interests,Kimco Realty Corporation. Category: Verified LinkedIn Company Page,train
643,Atria Senior Living,https://www.linkedin.com/company/25351,0,Legitimate,Verified LinkedIn Company Page,,N/A - genuine company page found via user LinkedIn interests/follows,None reported,,,Interests,Atria Senior Living. Category: Verified LinkedIn Company Page,train
644,Batch Motion,https://www.linkedin.com/company/82154978,0,Legitimate,Verified LinkedIn Company Page,,N/A - genuine company page found via user LinkedIn interests/follows,None reported,,,Interests,Batch Motion. Category: Verified LinkedIn Company Page,train
645,"Calloquy, PBC",https://www.linkedin.com/company/76591759,0,Legitimate,Verified LinkedIn Company Page,,N/A - genuine company page found via user LinkedIn interests/follows,None reported,,,Interests,"Calloquy, PBC. Category: Verified LinkedIn Company Page",train
646,MiamiSAO,https://www.linkedin.com/company/52660,0,Legitimate,Verified LinkedIn Company Page,,N/A - genuine company page found via user LinkedIn interests/follows,None reported,,,Interests,MiamiSAO. Category: Verified LinkedIn Company Page,train
647,The Excelligent,https://www.linkedin.com/company/31348206,0,Legitimate,Verified LinkedIn Company Page,,N/A - genuine company page found via user LinkedIn interests/follows,None reported,,,Interests,The Excelligent. Category: Verified LinkedIn Company Page,train
648,Cheddar News,https://www.linkedin.com/company/10485408,0,Legitimate,Verified LinkedIn Company Page,,N/A - genuine company page found via user LinkedIn interests/follows,None reported,,,Interests,Cheddar News. Category: Verified LinkedIn Company Page,train
649,International Coaching Federation,https://www.linkedin.com/company/42457,0,Legitimate,Verified LinkedIn Company Page,,N/A - genuine company page found via user LinkedIn interests/follows,None reported,,,Interests,International Coaching Federation. Category: Verified LinkedIn Company Page,train
650,ENOWA,https://www.linkedin.com/company/78298355,0,Legitimate,Verified LinkedIn Company Page,,N/A - genuine company page found via user LinkedIn interests/follows,None reported,,,Interests,ENOWA. Category: Verified LinkedIn Company Page,train
651,Albany College of Pharmacy and Health Sciences,https://www.linkedin.com/company/15099643,0,Legitimate,Verified LinkedIn Company Page,,N/A - genuine company page found via user LinkedIn interests/follows,None reported,,,Interests,Albany College of Pharmacy and Health Sciences. Category: Verified LinkedIn Company Page,val
652,BlockForge Capital Labs,,1,Fake_Scam,Web3 / Crypto Shell,Fabricated DeFi Fund,Recruits remote Community Managers; asks candidates to link Web3 wallet for verification.,Smart contract drains crypto assets upon wallet connection; anonymous LinkedIn founders.,LinkedIn InMail -> Discord,Critical,LinkedIn Fake Company Database,BlockForge Capital Labs. Category: Web3 / Crypto Shell. Impersonation target: Fabricated DeFi Fund. Modus operandi: Recruits remote Community Managers; asks candidates to link Web3 wallet for verification.. Red flags: Smart contract drains crypto assets upon wallet connection; anonymous LinkedIn founders.,train
653,The Krait Foundation,https://www.linkedin.com/company/82102842,0,Legitimate,Verified LinkedIn Company Page,,N/A - genuine company page found via user LinkedIn interests/follows,None reported,,,Interests,The Krait Foundation. Category: Verified LinkedIn Company Page,train
654,Bloomberg CityLab,https://www.linkedin.com/company/5207394,0,Legitimate,Verified LinkedIn Company Page,,N/A - genuine company page found via user LinkedIn interests/follows,None reported,,,Interests,Bloomberg CityLab. Category: Verified LinkedIn Company Page,val
655,International Baccalaureate,https://www.linkedin.com/company/22614,0,Legitimate,Verified LinkedIn Company Page,,N/A - genuine company page found via user LinkedIn interests/follows,None reported,,,Interests,International Baccalaureate. Category: Verified LinkedIn Company Page,train
656,Topspin Media,https://www.linkedin.com/company/1040011,0,Legitimate,Verified LinkedIn Company Page,,N/A - genuine company page found via user LinkedIn interests/follows,None reported,,,Interests,Topspin Media. Category: Verified LinkedIn Company Page,train
657,HERE Seattle,https://www.linkedin.com/company/6415130,0,Legitimate,Verified LinkedIn Company Page,,N/A - genuine company page found via user LinkedIn interests/follows,None reported,,,Interests,HERE Seattle. Category: Verified LinkedIn Company Page,train
658,DataValidation (Acquired by Emailable),https://www.linkedin.com/company/1380600,0,Legitimate,Verified LinkedIn Company Page,,N/A - genuine company page found via user LinkedIn interests/follows,None reported,,,Interests,DataValidation (Acquired by Emailable). Category: Verified LinkedIn Company Page,train
659,nasen,https://www.linkedin.com/company/3851285,0,Legitimate,Verified LinkedIn Company Page,,N/A - genuine company page found via user LinkedIn interests/follows,None reported,,,Interests,nasen. Category: Verified LinkedIn Company Page,train
660,Connecticut Department of Energy and Environmental Protection,https://www.linkedin.com/company/329354,0,Legitimate,Verified LinkedIn Company Page,,N/A - genuine company page found via user LinkedIn interests/follows,None reported,,,Interests,Connecticut Department of Energy and Environmental Protection. Category: Verified LinkedIn Company Page,train
661,Army ISR Task Force,https://www.linkedin.com/company/86257145,0,Legitimate,Verified LinkedIn Company Page,,N/A - genuine company page found via user LinkedIn interests/follows,None reported,,,Interests,Army ISR Task Force. Category: Verified LinkedIn Company Page,train
662,UnitedHealth Group,https://www.linkedin.com/company/1720,0,Legitimate,Verified LinkedIn Company Page,,N/A - genuine company page found via user LinkedIn interests/follows,None reported,,,Interests,UnitedHealth Group. Category: Verified LinkedIn Company Page,train
663,Symphony,https://www.linkedin.com/company/2708824,0,Legitimate,Verified LinkedIn Company Page,,N/A - genuine company page found via user LinkedIn interests/follows,None reported,,,Interests,Symphony. Category: Verified LinkedIn Company Page,train
664,Smartworks,https://www.linkedin.com/company/7958954,0,Legitimate,Verified LinkedIn Company Page,,N/A - genuine company page found via user LinkedIn interests/follows,None reported,,,Interests,Smartworks. Category: Verified LinkedIn Company Page,test
665,Banco Fibra,https://www.linkedin.com/company/28327,0,Legitimate,Verified LinkedIn Company Page,,N/A - genuine company page found via user LinkedIn interests/follows,None reported,,,Interests,Banco Fibra. Category: Verified LinkedIn Company Page,train
666,OccamSec,https://www.linkedin.com/company/1464662,0,Legitimate,Verified LinkedIn Company Page,,N/A - genuine company page found via user LinkedIn interests/follows,None reported,,,Interests,OccamSec. Category: Verified LinkedIn Company Page,val
667,UCLA Lake Arrowhead Lodge - Conference Center & Family Resort,https://www.linkedin.com/company/2422183,0,Legitimate,Verified LinkedIn Company Page,,N/A - genuine company page found via user LinkedIn interests/follows,None reported,,,Interests,UCLA Lake Arrowhead Lodge - Conference Center & Family Resort. Category: Verified LinkedIn Company Page,train
668,always already // Cultural Insights & Brand Strategy Consultancy,https://www.linkedin.com/company/80106297,0,Legitimate,Verified LinkedIn Company Page,,N/A - genuine company page found via user LinkedIn interests/follows,None reported,,,Interests,always already // Cultural Insights & Brand Strategy Consultancy. Category: Verified LinkedIn Company Page,train
669,ROLEX,https://www.linkedin.com/company/9809,0,Legitimate,Verified LinkedIn Company Page,,N/A - genuine company page found via user LinkedIn interests/follows,None reported,,,Interests,ROLEX. Category: Verified LinkedIn Company Page,train
670,Wes Henstock Brand Consultancy,https://www.linkedin.com/company/71183302,0,Legitimate,Verified LinkedIn Company Page,,N/A - genuine company page found via user LinkedIn interests/follows,None reported,,,Interests,Wes Henstock Brand Consultancy. Category: Verified LinkedIn Company Page,train
671,Allnessjobs,https://www.linkedin.com/company/79907466,0,Legitimate,Verified LinkedIn Company Page,,N/A - genuine company page found via user LinkedIn interests/follows,None reported,,,Interests,Allnessjobs. Category: Verified LinkedIn Company Page,val
672,SAP Enterprise Solutions Recruiter,,1,Fake_Scam,Enterprise Impersonation,SAP SE,Conducts chat interview on Google Hangouts; offers remote ERP analyst role with equipment check.,Lookalike domain (@sap-global-talent.com); fraudulent check scam.,LinkedIn Outreach -> Hangouts,High,LinkedIn Fake Company Database,SAP Enterprise Solutions Recruiter. Category: Enterprise Impersonation. Impersonation target: SAP SE. Modus operandi: Conducts chat interview on Google Hangouts; offers remote ERP analyst role with equipment check.. Red flags: Lookalike domain (@sap-global-talent.com); fraudulent check scam.,train
673,TransOceanic Logistics Direct,,1,Fake_Scam,Reshipping / Mule Scam,Fabricated Freight Forwarder,Recruits remote inventory managers to receive bulk packages at personal residences.,Package mule operation for identity fraud syndicates.,LinkedIn InMail -> SMS,Critical,LinkedIn Fake Company Database,TransOceanic Logistics Direct. Category: Reshipping / Mule Scam. Impersonation target: Fabricated Freight Forwarder. Modus operandi: Recruits remote inventory managers to receive bulk packages at personal residences.. Red flags: Package mule operation for identity fraud syndicates.,train
674,"5000fish, Inc.",https://www.linkedin.com/company/782462,0,Legitimate,Verified LinkedIn Company Page,,N/A - genuine company page found via user LinkedIn interests/follows,None reported,,,Interests,"5000fish, Inc.. Category: Verified LinkedIn Company Page",test
675,SABIC Solutions for Electrical & Electronics,https://www.linkedin.com/company/18437341,0,Legitimate,Verified LinkedIn Company Page,,N/A - genuine company page found via user LinkedIn interests/follows,None reported,,,Interests,SABIC Solutions for Electrical & Electronics. Category: Verified LinkedIn Company Page,val
676,Fourlane,https://www.linkedin.com/company/694464,0,Legitimate,Verified LinkedIn Company Page,,N/A - genuine company page found via user LinkedIn interests/follows,None reported,,,Interests,Fourlane. Category: Verified LinkedIn Company Page,train
677,Georgia Power Company,https://www.linkedin.com/company/5094,0,Legitimate,Verified LinkedIn Company Page,,N/A - genuine company page found via user LinkedIn interests/follows,None reported,,,Interests,Georgia Power Company. Category: Verified LinkedIn Company Page,train
678,Dinsmore & Shohl LLP,https://www.linkedin.com/company/23462,0,Legitimate,Verified LinkedIn Company Page,,N/A - genuine company page found via user LinkedIn interests/follows,None reported,,,Interests,Dinsmore & Shohl LLP. Category: Verified LinkedIn Company Page,train
679,Southwest Jiaotong University,https://www.linkedin.com/company/15091714,0,Legitimate,Verified LinkedIn Company Page,,N/A - genuine company page found via user LinkedIn interests/follows,None reported,,,Interests,Southwest Jiaotong University. Category: Verified LinkedIn Company Page,val
680,Goldman Sachs Remote Operations Hub,,1,Fake_Scam,Enterprise Impersonation,Goldman Sachs Group,Conducts chat interview on MS Teams; sends PDF offer requiring personal banking routing info.,Lookalike domain (@goldmansachs-careers-desk.com); no HR listed on main company page.,LinkedIn Outreach -> MS Teams,High,LinkedIn Fake Company Database,Goldman Sachs Remote Operations Hub. Category: Enterprise Impersonation. Impersonation target: Goldman Sachs Group. Modus operandi: Conducts chat interview on MS Teams; sends PDF offer requiring personal banking routing info.. Red flags: Lookalike domain (@goldmansachs-careers-desk.com); no HR listed on main company page.,val
681,GV (Google Ventures),https://www.linkedin.com/company/2365165,0,Legitimate,Verified LinkedIn Company Page,,N/A - genuine company page found via user LinkedIn interests/follows,None reported,,,Interests,GV (Google Ventures). Category: Verified LinkedIn Company Page,train
682,Global Talent Matrix,,1,Fake_Scam,Ghost Staffing Agency,Fake Recruiting Agency,Harvests phone numbers and resumes to run automated WhatsApp job-seeker spam bots.,Resume scraping for predatory telemarketing.,LinkedIn Job Board -> Data Site,Low,LinkedIn Fake Company Database,Global Talent Matrix. Category: Ghost Staffing Agency. Impersonation target: Fake Recruiting Agency. Modus operandi: Harvests phone numbers and resumes to run automated WhatsApp job-seeker spam bots.. Red flags: Resume scraping for predatory telemarketing.,train
683,Wipro,https://www.linkedin.com/company/1318,0,Legitimate,Verified LinkedIn Company Page,,N/A - genuine company page found via user LinkedIn interests/follows,None reported,,,Interests,Wipro. Category: Verified LinkedIn Company Page,val
684,Fifth Wall,https://www.linkedin.com/company/17971785,0,Legitimate,Verified LinkedIn Company Page,,N/A - genuine company page found via user LinkedIn interests/follows,None reported,,,Interests,Fifth Wall. Category: Verified LinkedIn Company Page,train
685,Beijing Foreign Studies University,https://www.linkedin.com/company/15090807,0,Legitimate,Verified LinkedIn Company Page,,N/A - genuine company page found via user LinkedIn interests/follows,None reported,,,Interests,Beijing Foreign Studies University. Category: Verified LinkedIn Company Page,train
686,"American Horizon Financial, LLC",https://www.linkedin.com/company/33135783,0,Legitimate,Verified LinkedIn Company Page,,N/A - genuine company page found via user LinkedIn interests/follows,None reported,,,Interests,"American Horizon Financial, LLC. Category: Verified LinkedIn Company Page",train
687,The Hollywood Reporter,https://www.linkedin.com/company/166378,0,Legitimate,Verified LinkedIn Company Page,,N/A - genuine company page found via user LinkedIn interests/follows,None reported,,,Interests,The Hollywood Reporter. Category: Verified LinkedIn Company Page,train
688,Qriser.com,https://www.linkedin.com/company/18764125,0,Legitimate,Verified LinkedIn Company Page,,N/A - genuine company page found via user LinkedIn interests/follows,None reported,,,Interests,Qriser.com. Category: Verified LinkedIn Company Page,test
689,MARKSMAN INVESTMENTS LIMITED,https://www.linkedin.com/company/20811696,0,Legitimate,Verified LinkedIn Company Page,,N/A - genuine company page found via user LinkedIn interests/follows,None reported,,,Interests,MARKSMAN INVESTMENTS LIMITED. Category: Verified LinkedIn Company Page,train
690,Logicalis,https://www.linkedin.com/company/2731925,0,Legitimate,Verified LinkedIn Company Page,,N/A - genuine company page found via user LinkedIn interests/follows,None reported,,,Interests,Logicalis. Category: Verified LinkedIn Company Page,train
691,"Ideology, LLC",https://www.linkedin.com/company/9374806,0,Legitimate,Verified LinkedIn Company Page,,N/A - genuine company page found via user LinkedIn interests/follows,None reported,,,Interests,"Ideology, LLC. Category: Verified LinkedIn Company Page",train
692,City of Arvada,https://www.linkedin.com/company/44080,0,Legitimate,Verified LinkedIn Company Page,,N/A - genuine company page found via user LinkedIn interests/follows,None reported,,,Interests,City of Arvada. Category: Verified LinkedIn Company Page,train
693,"Miller & Company, LLP",https://www.linkedin.com/company/16202893,0,Legitimate,Verified LinkedIn Company Page,,N/A - genuine company page found via user LinkedIn interests/follows,None reported,,,Interests,"Miller & Company, LLP. Category: Verified LinkedIn Company Page",train
694,San Antonio Business Journal,https://www.linkedin.com/company/2599441,0,Legitimate,Verified LinkedIn Company Page,,N/A - genuine company page found via user LinkedIn interests/follows,None reported,,,Interests,San Antonio Business Journal. Category: Verified LinkedIn Company Page,train
695,SHRM,https://www.linkedin.com/company/11282,0,Legitimate,Verified LinkedIn Company Page,,N/A - genuine company page found via user LinkedIn interests/follows,None reported,,,Interests,SHRM. Category: Verified LinkedIn Company Page,train
696,Extraordinary Women Leading Change,https://www.linkedin.com/company/51670365,0,Legitimate,Verified LinkedIn Company Page,,N/A - genuine company page found via user LinkedIn interests/follows,None reported,,,Interests,Extraordinary Women Leading Change. Category: Verified LinkedIn Company Page,test
697,UK Home Office,https://www.linkedin.com/company/1358108,0,Legitimate,Verified LinkedIn Company Page,,N/A - genuine company page found via user LinkedIn interests/follows,None reported,,,Interests,UK Home Office. Category: Verified LinkedIn Company Page,train
698,Opportunity Insights,https://www.linkedin.com/company/28171349,0,Legitimate,Verified LinkedIn Company Page,,N/A - genuine company page found via user LinkedIn interests/follows,None reported,,,Interests,Opportunity Insights. Category: Verified LinkedIn Company Page,train
699,Cix Health,https://www.linkedin.com/company/35467555,0,Legitimate,Verified LinkedIn Company Page,,N/A - genuine company page found via user LinkedIn interests/follows,None reported,,,Interests,Cix Health. Category: Verified LinkedIn Company Page,train
700,Chipotle Mexican Grill,https://www.linkedin.com/company/163025,0,Legitimate,Verified LinkedIn Company Page,,N/A - genuine company page found via user LinkedIn interests/follows,None reported,,,Interests,Chipotle Mexican Grill. Category: Verified LinkedIn Company Page,train
701,"Easterseals North Georgia, Inc.",https://www.linkedin.com/company/9212706,0,Legitimate,Verified LinkedIn Company Page,,N/A - genuine company page found via user LinkedIn interests/follows,None reported,,,Interests,"Easterseals North Georgia, Inc.. Category: Verified LinkedIn Company Page",train
702,American University,https://www.linkedin.com/company/6029,0,Legitimate,Verified LinkedIn Company Page,,N/A - genuine company page found via user LinkedIn interests/follows,None reported,,,Interests,American University. Category: Verified LinkedIn Company Page,test
703,PrimeHire Global Solutions,,1,Fake_Scam,Ghost Staffing Agency,Fake Talent Agency,Advertises non-existent executive positions to harvest executive resumes and contact lists.,Data farming / mass lead harvesting for spam and phishing campaigns.,LinkedIn Job Posting -> Fake Portal,Low,LinkedIn Fake Company Database,PrimeHire Global Solutions. Category: Ghost Staffing Agency. Impersonation target: Fake Talent Agency. Modus operandi: Advertises non-existent executive positions to harvest executive resumes and contact lists.. Red flags: Data farming / mass lead harvesting for spam and phishing campaigns.,train
704,Gridworks,https://www.linkedin.com/company/18412924,0,Legitimate,Verified LinkedIn Company Page,,N/A - genuine company page found via user LinkedIn interests/follows,None reported,,,Interests,Gridworks. Category: Verified LinkedIn Company Page,test
705,Otis College of Art and Design,https://www.linkedin.com/company/19771,0,Legitimate,Verified LinkedIn Company Page,,N/A - genuine company page found via user LinkedIn interests/follows,None reported,,,Interests,Otis College of Art and Design. Category: Verified LinkedIn Company Page,test
706,Relativity Space,https://www.linkedin.com/company/10799650,0,Legitimate,Verified LinkedIn Company Page,,N/A - genuine company page found via user LinkedIn interests/follows,None reported,,,Interests,Relativity Space. Category: Verified LinkedIn Company Page,test
707,Lola Cosmetics®,https://www.linkedin.com/company/10022365,0,Legitimate,Verified LinkedIn Company Page,,N/A - genuine company page found via user LinkedIn interests/follows,None reported,,,Interests,Lola Cosmetics®. Category: Verified LinkedIn Company Page,train
708,CEI,https://www.linkedin.com/company/7175,0,Legitimate,Verified LinkedIn Company Page,,N/A - genuine company page found via user LinkedIn interests/follows,None reported,,,Interests,CEI. Category: Verified LinkedIn Company Page,train
709,Prop Studios,https://www.linkedin.com/company/3053148,0,Legitimate,Verified LinkedIn Company Page,,N/A - genuine company page found via user LinkedIn interests/follows,None reported,,,Interests,Prop Studios. Category: Verified LinkedIn Company Page,train
710,Delhi Public School - R. K. Puram,https://www.linkedin.com/company/15108486,0,Legitimate,Verified LinkedIn Company Page,,N/A - genuine company page found via user LinkedIn interests/follows,None reported,,,Interests,Delhi Public School - R. K. Puram. Category: Verified LinkedIn Company Page,train
711,"Interpreters and Translators, Inc",https://www.linkedin.com/company/285852,0,Legitimate,Verified LinkedIn Company Page,,N/A - genuine company page found via user LinkedIn interests/follows,None reported,,,Interests,"Interpreters and Translators, Inc. Category: Verified LinkedIn Company Page",train
712,PorterLogic,https://www.linkedin.com/company/75756303,0,Legitimate,Verified LinkedIn Company Page,,N/A - genuine company page found via user LinkedIn interests/follows,None reported,,,Interests,PorterLogic. Category: Verified LinkedIn Company Page,val
713,BBH London,https://www.linkedin.com/company/417135,0,Legitimate,Verified LinkedIn Company Page,,N/A - genuine company page found via user LinkedIn interests/follows,None reported,,,Interests,BBH London. Category: Verified LinkedIn Company Page,train
714,Founders N' Funders,https://www.linkedin.com/company/80790666,0,Legitimate,Verified LinkedIn Company Page,,N/A - genuine company page found via user LinkedIn interests/follows,None reported,,,Interests,Founders N' Funders. Category: Verified LinkedIn Company Page,train
715,Havas CX helia,https://www.linkedin.com/company/1195336,0,Legitimate,Verified LinkedIn Company Page,,N/A - genuine company page found via user LinkedIn interests/follows,None reported,,,Interests,Havas CX helia. Category: Verified LinkedIn Company Page,train
716,Telehealth Equity Coalition,https://www.linkedin.com/company/71221628,0,Legitimate,Verified LinkedIn Company Page,,N/A - genuine company page found via user LinkedIn interests/follows,None reported,,,Interests,Telehealth Equity Coalition. Category: Verified LinkedIn Company Page,train
717,The Keith Corporation,https://www.linkedin.com/company/1849705,0,Legitimate,Verified LinkedIn Company Page,,N/A - genuine company page found via user LinkedIn interests/follows,None reported,,,Interests,The Keith Corporation. Category: Verified LinkedIn Company Page,train
718,The Groundwater Project,https://www.linkedin.com/company/42886700,0,Legitimate,Verified LinkedIn Company Page,,N/A - genuine company page found via user LinkedIn interests/follows,None reported,,,Interests,The Groundwater Project. Category: Verified LinkedIn Company Page,val
719,SYNNEX,https://www.linkedin.com/company/7786,0,Legitimate,Verified LinkedIn Company Page,,N/A - genuine company page found via user LinkedIn interests/follows,None reported,,,Interests,SYNNEX. Category: Verified LinkedIn Company Page,train
720,Dansk Miljørådgivning A/S,https://www.linkedin.com/company/2554911,0,Legitimate,Verified LinkedIn Company Page,,N/A - genuine company page found via user LinkedIn interests/follows,None reported,,,Interests,Dansk Miljørådgivning A/S. Category: Verified LinkedIn Company Page,test
721,Arbitrage,https://www.linkedin.com/company/5238682,0,Legitimate,Verified LinkedIn Company Page,,N/A - genuine company page found via user LinkedIn interests/follows,None reported,,,Interests,Arbitrage. Category: Verified LinkedIn Company Page,train
722,Mount Sinai Health System,https://www.linkedin.com/company/8031,0,Legitimate,Verified LinkedIn Company Page,,N/A - genuine company page found via user LinkedIn interests/follows,None reported,,,Interests,Mount Sinai Health System. Category: Verified LinkedIn Company Page,val
723,CareersDoneWrite,https://www.linkedin.com/company/1147048,0,Legitimate,Verified LinkedIn Company Page,,N/A - genuine company page found via user LinkedIn interests/follows,None reported,,,Interests,CareersDoneWrite. Category: Verified LinkedIn Company Page,train
724,University of South Carolina,https://www.linkedin.com/company/166670,0,Legitimate,Verified LinkedIn Company Page,,N/A - genuine company page found via user LinkedIn interests/follows,None reported,,,Interests,University of South Carolina. Category: Verified LinkedIn Company Page,train
725,DMA United,https://www.linkedin.com/company/248603,0,Legitimate,Verified LinkedIn Company Page,,N/A - genuine company page found via user LinkedIn interests/follows,None reported,,,Interests,DMA United. Category: Verified LinkedIn Company Page,train
726,Washington University in St. Louis - Olin Business School,https://www.linkedin.com/company/15101252,0,Legitimate,Verified LinkedIn Company Page,,N/A - genuine company page found via user LinkedIn interests/follows,None reported,,,Interests,Washington University in St. Louis - Olin Business School. Category: Verified LinkedIn Company Page,train
727,RapidRoute Logistics Hub,,1,Fake_Scam,Reshipping / Mule Scam,Fake Courier Firm,Recruits remote shipping coordinators; instructs candidates to receive packages and ship via DHL.,Reshipping fraud involving stolen identity credit purchases.,LinkedIn InMail -> SMS,Critical,LinkedIn Fake Company Database,RapidRoute Logistics Hub. Category: Reshipping / Mule Scam. Impersonation target: Fake Courier Firm. Modus operandi: Recruits remote shipping coordinators; instructs candidates to receive packages and ship via DHL.. Red flags: Reshipping fraud involving stolen identity credit purchases.,train
728,Good Design is Good,https://www.linkedin.com/company/79024702,0,Legitimate,Verified LinkedIn Company Page,,N/A - genuine company page found via user LinkedIn interests/follows,None reported,,,Interests,Good Design is Good. Category: Verified LinkedIn Company Page,test
729,Keep it Pushin',https://www.linkedin.com/company/81884628,0,Legitimate,Verified LinkedIn Company Page,,N/A - genuine company page found via user LinkedIn interests/follows,None reported,,,Interests,Keep it Pushin'. Category: Verified LinkedIn Company Page,train
730,TIAA,https://www.linkedin.com/company/4037,0,Legitimate,Verified LinkedIn Company Page,,N/A - genuine company page found via user LinkedIn interests/follows,None reported,,,Interests,TIAA. Category: Verified LinkedIn Company Page,train
731,BBA Strategic Brand Consulting,https://www.linkedin.com/company/82979417,0,Legitimate,Verified LinkedIn Company Page,,N/A - genuine company page found via user LinkedIn interests/follows,None reported,,,Interests,BBA Strategic Brand Consulting. Category: Verified LinkedIn Company Page,train
732,Advocate To Win,https://www.linkedin.com/company/28945674,0,Legitimate,Verified LinkedIn Company Page,,N/A - genuine company page found via user LinkedIn interests/follows,None reported,,,Interests,Advocate To Win. Category: Verified LinkedIn Company Page,train
733,HFMA Empire NY Chapter  (formerly Central New York Chapter),https://www.linkedin.com/company/11741929,0,Legitimate,Verified LinkedIn Company Page,,N/A - genuine company page found via user LinkedIn interests/follows,None reported,,,Interests,HFMA Empire NY Chapter  (formerly Central New York Chapter). Category: Verified LinkedIn Company Page,val
734,noonssup,https://www.linkedin.com/company/81298753,0,Legitimate,Verified LinkedIn Company Page,,N/A - genuine company page found via user LinkedIn interests/follows,None reported,,,Interests,noonssup. Category: Verified LinkedIn Company Page,train
735,"Skidmore, Owings & Merrill (SOM)",https://www.linkedin.com/company/166050,0,Legitimate,Verified LinkedIn Company Page,,N/A - genuine company page found via user LinkedIn interests/follows,None reported,,,Interests,"Skidmore, Owings & Merrill (SOM). Category: Verified LinkedIn Company Page",val
736,Mesirow,https://www.linkedin.com/company/164945,0,Legitimate,Verified LinkedIn Company Page,,N/A - genuine company page found via user LinkedIn interests/follows,None reported,,,Interests,Mesirow. Category: Verified LinkedIn Company Page,train
737,University of Miami Herbert Business School,https://www.linkedin.com/company/10212819,0,Legitimate,Verified LinkedIn Company Page,,N/A - genuine company page found via user LinkedIn interests/follows,None reported,,,Interests,University of Miami Herbert Business School. Category: Verified LinkedIn Company Page,train
738,Rainier Valley Leadership Academy,https://www.linkedin.com/company/66282010,0,Legitimate,Verified LinkedIn Company Page,,N/A - genuine company page found via user LinkedIn interests/follows,None reported,,,Interests,Rainier Valley Leadership Academy. Category: Verified LinkedIn Company Page,train
739,Meghna Group of Industries (MGI),https://www.linkedin.com/company/2160763,0,Legitimate,Verified LinkedIn Company Page,,N/A - genuine company page found via user LinkedIn interests/follows,None reported,,,Interests,Meghna Group of Industries (MGI). Category: Verified LinkedIn Company Page,train
740,Freedom Business Alliance,https://www.linkedin.com/company/28873037,0,Legitimate,Verified LinkedIn Company Page,,N/A - genuine company page found via user LinkedIn interests/follows,None reported,,,Interests,Freedom Business Alliance. Category: Verified LinkedIn Company Page,train
741,United Nations,https://www.linkedin.com/company/1860,0,Legitimate,Verified LinkedIn Company Page,,N/A - genuine company page found via user LinkedIn interests/follows,None reported,,,Interests,United Nations. Category: Verified LinkedIn Company Page,train
742,IT Cosmetics,https://www.linkedin.com/company/253630,0,Legitimate,Verified LinkedIn Company Page,,N/A - genuine company page found via user LinkedIn interests/follows,None reported,,,Interests,IT Cosmetics. Category: Verified LinkedIn Company Page,val
743,随州市长兴机械科技有限公司,https://www.linkedin.com/company/29504758,0,Legitimate,Verified LinkedIn Company Page,,N/A - genuine company page found via user LinkedIn interests/follows,None reported,,,Interests,随州市长兴机械科技有限公司. Category: Verified LinkedIn Company Page,train
744,Prosci,https://www.linkedin.com/company/107223,0,Legitimate,Verified LinkedIn Company Page,,N/A - genuine company page found via user LinkedIn interests/follows,None reported,,,Interests,Prosci. Category: Verified LinkedIn Company Page,train
745,National Alliance,https://www.linkedin.com/company/77613339,0,Legitimate,Verified LinkedIn Company Page,,N/A - genuine company page found via user LinkedIn interests/follows,None reported,,,Interests,National Alliance. Category: Verified LinkedIn Company Page,train
746,Khuraira Cosmetics,https://www.linkedin.com/company/9934604,0,Legitimate,Verified LinkedIn Company Page,,N/A - genuine company page found via user LinkedIn interests/follows,None reported,,,Interests,Khuraira Cosmetics. Category: Verified LinkedIn Company Page,val
747,The Cohen Group,https://www.linkedin.com/company/1722465,0,Legitimate,Verified LinkedIn Company Page,,N/A - genuine company page found via user LinkedIn interests/follows,None reported,,,Interests,The Cohen Group. Category: Verified LinkedIn Company Page,val
748,Thurgood Marshall College Fund,https://www.linkedin.com/company/476234,0,Legitimate,Verified LinkedIn Company Page,,N/A - genuine company page found via user LinkedIn interests/follows,None reported,,,Interests,Thurgood Marshall College Fund. Category: Verified LinkedIn Company Page,train
749,JVA Public Affairs,https://www.linkedin.com/company/33271588,0,Legitimate,Verified LinkedIn Company Page,,N/A - genuine company page found via user LinkedIn interests/follows,None reported,,,Interests,JVA Public Affairs. Category: Verified LinkedIn Company Page,train
750,FundersClub,https://www.linkedin.com/company/2850013,0,Legitimate,Verified LinkedIn Company Page,,N/A - genuine company page found via user LinkedIn interests/follows,None reported,,,Interests,FundersClub. Category: Verified LinkedIn Company Page,train
751,Aptitude Health,https://www.linkedin.com/company/476481,0,Legitimate,Verified LinkedIn Company Page,,N/A - genuine company page found via user LinkedIn interests/follows,None reported,,,Interests,Aptitude Health. Category: Verified LinkedIn Company Page,train
752,Kawaguchi Talent,https://www.linkedin.com/company/82786729,0,Legitimate,Verified LinkedIn Company Page,,N/A - genuine company page found via user LinkedIn interests/follows,None reported,,,Interests,Kawaguchi Talent. Category: Verified LinkedIn Company Page,train
753,Tutopiya,https://www.linkedin.com/company/14563118,0,Legitimate,Verified LinkedIn Company Page,,N/A - genuine company page found via user LinkedIn interests/follows,None reported,,,Interests,Tutopiya. Category: Verified LinkedIn Company Page,train
754,NABA INC.,https://www.linkedin.com/company/11175170,0,Legitimate,Verified LinkedIn Company Page,,N/A - genuine company page found via user LinkedIn interests/follows,None reported,,,Interests,NABA INC.. Category: Verified LinkedIn Company Page,train
755,aspire Compulsory Purchase LLP,https://www.linkedin.com/company/30114491,0,Legitimate,Verified LinkedIn Company Page,,N/A - genuine company page found via user LinkedIn interests/follows,None reported,,,Interests,aspire Compulsory Purchase LLP. Category: Verified LinkedIn Company Page,test
756,Apex Quantum Trading Desk,,1,Fake_Scam,Investment Scam Disguised as Job,Fabricated Quant Firm,"Hires algorithmic traders; requires candidates to fund live test account with $1,000.",Trading deposit fraud and liquidity theft.,LinkedIn DM -> Unregulated Portal,Critical,LinkedIn Fake Company Database,"Apex Quantum Trading Desk. Category: Investment Scam Disguised as Job. Impersonation target: Fabricated Quant Firm. Modus operandi: Hires algorithmic traders; requires candidates to fund live test account with $1,000.. Red flags: Trading deposit fraud and liquidity theft.",train
757,Buffalo Bills,https://www.linkedin.com/company/4552,0,Legitimate,Verified LinkedIn Company Page,,N/A - genuine company page found via user LinkedIn interests/follows,None reported,,,Interests,Buffalo Bills. Category: Verified LinkedIn Company Page,train
758,Mapúa University,https://www.linkedin.com/company/15250389,0,Legitimate,Verified LinkedIn Company Page,,N/A - genuine company page found via user LinkedIn interests/follows,None reported,,,Interests,Mapúa University. Category: Verified LinkedIn Company Page,test
759,BimaSchool,https://www.linkedin.com/company/43189028,0,Legitimate,Verified LinkedIn Company Page,,N/A - genuine company page found via user LinkedIn interests/follows,None reported,,,Interests,BimaSchool. Category: Verified LinkedIn Company Page,train
760,The Blue Collar Success Group,https://www.linkedin.com/company/3045910,0,Legitimate,Verified LinkedIn Company Page,,N/A - genuine company page found via user LinkedIn interests/follows,None reported,,,Interests,The Blue Collar Success Group. Category: Verified LinkedIn Company Page,train
761,University of Oxford,https://www.linkedin.com/company/4477,0,Legitimate,Verified LinkedIn Company Page,,N/A - genuine company page found via user LinkedIn interests/follows,None reported,,,Interests,University of Oxford. Category: Verified LinkedIn Company Page,train
762,Coral,https://www.linkedin.com/company/10473,0,Legitimate,Verified LinkedIn Company Page,,N/A - genuine company page found via user LinkedIn interests/follows,None reported,,,Interests,Coral. Category: Verified LinkedIn Company Page,train
763,Kansas City Sports Commission & Foundation,https://www.linkedin.com/company/1240342,0,Legitimate,Verified LinkedIn Company Page,,N/A - genuine company page found via user LinkedIn interests/follows,None reported,,,Interests,Kansas City Sports Commission & Foundation. Category: Verified LinkedIn Company Page,train
764,Q2,https://www.linkedin.com/company/65137,0,Legitimate,Verified LinkedIn Company Page,,N/A - genuine company page found via user LinkedIn interests/follows,None reported,,,Interests,Q2. Category: Verified LinkedIn Company Page,train
765,Pathways,https://www.linkedin.com/company/11127690,0,Legitimate,Verified LinkedIn Company Page,,N/A - genuine company page found via user LinkedIn interests/follows,None reported,,,Interests,Pathways. Category: Verified LinkedIn Company Page,test
766,SESCO Enterprises,https://www.linkedin.com/company/35493952,0,Legitimate,Verified LinkedIn Company Page,,N/A - genuine company page found via user LinkedIn interests/follows,None reported,,,Interests,SESCO Enterprises. Category: Verified LinkedIn Company Page,train
767,Berkshire Hathaway HomeServices,https://www.linkedin.com/company/3334860,0,Legitimate,Verified LinkedIn Company Page,,N/A - genuine company page found via user LinkedIn interests/follows,None reported,,,Interests,Berkshire Hathaway HomeServices. Category: Verified LinkedIn Company Page,train
768,Bowman & Company LLP,https://www.linkedin.com/company/293311,0,Legitimate,Verified LinkedIn Company Page,,N/A - genuine company page found via user LinkedIn interests/follows,None reported,,,Interests,Bowman & Company LLP. Category: Verified LinkedIn Company Page,train
769,Flyby Group,https://www.linkedin.com/company/524096,0,Legitimate,Verified LinkedIn Company Page,,N/A - genuine company page found via user LinkedIn interests/follows,None reported,,,Interests,Flyby Group. Category: Verified LinkedIn Company Page,train
770,Conn's HomePlus,https://www.linkedin.com/company/58213,0,Legitimate,Verified LinkedIn Company Page,,N/A - genuine company page found via user LinkedIn interests/follows,None reported,,,Interests,Conn's HomePlus. Category: Verified LinkedIn Company Page,val
771,University of Victoria,https://www.linkedin.com/company/166687,0,Legitimate,Verified LinkedIn Company Page,,N/A - genuine company page found via user LinkedIn interests/follows,None reported,,,Interests,University of Victoria. Category: Verified LinkedIn Company Page,test
772,Alpha Moving and Storage New Jersey,https://www.linkedin.com/company/64280941,0,Legitimate,Verified LinkedIn Company Page,,N/A - genuine company page found via user LinkedIn interests/follows,None reported,,,Interests,Alpha Moving and Storage New Jersey. Category: Verified LinkedIn Company Page,train
773,Pango Group,https://www.linkedin.com/company/28873198,0,Legitimate,Verified LinkedIn Company Page,,N/A - genuine company page found via user LinkedIn interests/follows,None reported,,,Interests,Pango Group. Category: Verified LinkedIn Company Page,test
774,We Are For Good,https://www.linkedin.com/company/600479,0,Legitimate,Verified LinkedIn Company Page,,N/A - genuine company page found via user LinkedIn interests/follows,None reported,,,Interests,We Are For Good. Category: Verified LinkedIn Company Page,train
775,Popcorn,https://www.linkedin.com/company/1864026,0,Legitimate,Verified LinkedIn Company Page,,N/A - genuine company page found via user LinkedIn interests/follows,None reported,,,Interests,Popcorn. Category: Verified LinkedIn Company Page,val
776,Campfire Studios,https://www.linkedin.com/company/74938468,0,Legitimate,Verified LinkedIn Company Page,,N/A - genuine company page found via user LinkedIn interests/follows,None reported,,,Interests,Campfire Studios. Category: Verified LinkedIn Company Page,train
777,Western Illinois University,https://www.linkedin.com/company/15363,0,Legitimate,Verified LinkedIn Company Page,,N/A - genuine company page found via user LinkedIn interests/follows,None reported,,,Interests,Western Illinois University. Category: Verified LinkedIn Company Page,val
778,Mythical Games,https://www.linkedin.com/company/18887800,0,Legitimate,Verified LinkedIn Company Page,,N/A - genuine company page found via user LinkedIn interests/follows,None reported,,,Interests,Mythical Games. Category: Verified LinkedIn Company Page,train
779,DeepVision AI Systems,,1,Fake_Scam,AI Hype Shell Company,Fabricated Vision Lab,Offers remote model tester jobs; mandates candidate pays for biometric verification portal.,Biometric identity scraping and paid verification racket.,LinkedIn Message -> Phishing App,High,LinkedIn Fake Company Database,DeepVision AI Systems. Category: AI Hype Shell Company. Impersonation target: Fabricated Vision Lab. Modus operandi: Offers remote model tester jobs; mandates candidate pays for biometric verification portal.. Red flags: Biometric identity scraping and paid verification racket.,test
780,Texas A&M University,https://www.linkedin.com/company/4556,0,Legitimate,Verified LinkedIn Company Page,,N/A - genuine company page found via user LinkedIn interests/follows,None reported,,,Interests,Texas A&M University. Category: Verified LinkedIn Company Page,train
781,Smart Soil,https://www.linkedin.com/company/65562084,0,Legitimate,Verified LinkedIn Company Page,,N/A - genuine company page found via user LinkedIn interests/follows,None reported,,,Interests,Smart Soil. Category: Verified LinkedIn Company Page,train
782,Cloudthread (YC S21),https://www.linkedin.com/company/53570583,0,Legitimate,Verified LinkedIn Company Page,,N/A - genuine company page found via user LinkedIn interests/follows,None reported,,,Interests,Cloudthread (YC S21). Category: Verified LinkedIn Company Page,train
783,Orgnostic,https://www.linkedin.com/company/35476773,0,Legitimate,Verified LinkedIn Company Page,,N/A - genuine company page found via user LinkedIn interests/follows,None reported,,,Interests,Orgnostic. Category: Verified LinkedIn Company Page,train
784,Chevin Fleet Solutions,https://www.linkedin.com/company/981768,0,Legitimate,Verified LinkedIn Company Page,,N/A - genuine company page found via user LinkedIn interests/follows,None reported,,,Interests,Chevin Fleet Solutions. Category: Verified LinkedIn Company Page,train
785,HerMD,https://www.linkedin.com/company/34626118,0,Legitimate,Verified LinkedIn Company Page,,N/A - genuine company page found via user LinkedIn interests/follows,None reported,,,Interests,HerMD. Category: Verified LinkedIn Company Page,val
786,Rising Phoenix Education,https://www.linkedin.com/company/73865065,0,Legitimate,Verified LinkedIn Company Page,,N/A - genuine company page found via user LinkedIn interests/follows,None reported,,,Interests,Rising Phoenix Education. Category: Verified LinkedIn Company Page,train
787,Yarmouk University,https://www.linkedin.com/company/11181845,0,Legitimate,Verified LinkedIn Company Page,,N/A - genuine company page found via user LinkedIn interests/follows,None reported,,,Interests,Yarmouk University. Category: Verified LinkedIn Company Page,train
788,Mandarin Oriental Hotel Group,https://www.linkedin.com/company/8503,0,Legitimate,Verified LinkedIn Company Page,,N/A - genuine company page found via user LinkedIn interests/follows,None reported,,,Interests,Mandarin Oriental Hotel Group. Category: Verified LinkedIn Company Page,train
789,Sofrecom Tunisie,https://www.linkedin.com/company/2747257,0,Legitimate,Verified LinkedIn Company Page,,N/A - genuine company page found via user LinkedIn interests/follows,None reported,,,Interests,Sofrecom Tunisie. Category: Verified LinkedIn Company Page,test
790,Chicago Business Journal,https://www.linkedin.com/company/9210089,0,Legitimate,Verified LinkedIn Company Page,,N/A - genuine company page found via user LinkedIn interests/follows,None reported,,,Interests,Chicago Business Journal. Category: Verified LinkedIn Company Page,train
791,Industrial Arts Workshop,https://www.linkedin.com/company/69294200,0,Legitimate,Verified LinkedIn Company Page,,N/A - genuine company page found via user LinkedIn interests/follows,None reported,,,Interests,Industrial Arts Workshop. Category: Verified LinkedIn Company Page,test
792,Universitat Politècnica de Catalunya (UPC),https://www.linkedin.com/company/166622,0,Legitimate,Verified LinkedIn Company Page,,N/A - genuine company page found via user LinkedIn interests/follows,None reported,,,Interests,Universitat Politècnica de Catalunya (UPC). Category: Verified LinkedIn Company Page,train
793,Action For Humanity NGO,https://www.linkedin.com/company/67222774,0,Legitimate,Verified LinkedIn Company Page,,N/A - genuine company page found via user LinkedIn interests/follows,None reported,,,Interests,Action For Humanity NGO. Category: Verified LinkedIn Company Page,train
794,Statistics Canada | Statistique Canada,https://www.linkedin.com/company/10498,0,Legitimate,Verified LinkedIn Company Page,,N/A - genuine company page found via user LinkedIn interests/follows,None reported,,,Interests,Statistics Canada | Statistique Canada. Category: Verified LinkedIn Company Page,test
795,Accounting Today,https://www.linkedin.com/company/5100866,0,Legitimate,Verified LinkedIn Company Page,,N/A - genuine company page found via user LinkedIn interests/follows,None reported,,,Interests,Accounting Today. Category: Verified LinkedIn Company Page,test
796,DaKenya Douglas Consulting LLC,https://www.linkedin.com/company/40963208,0,Legitimate,Verified LinkedIn Company Page,,N/A - genuine company page found via user LinkedIn interests/follows,None reported,,,Interests,DaKenya Douglas Consulting LLC. Category: Verified LinkedIn Company Page,train
797,Group Nine Media,https://www.linkedin.com/company/16155694,0,Legitimate,Verified LinkedIn Company Page,,N/A - genuine company page found via user LinkedIn interests/follows,None reported,,,Interests,Group Nine Media. Category: Verified LinkedIn Company Page,val
798,Lincoln Financial Group,https://www.linkedin.com/company/4307,0,Legitimate,Verified LinkedIn Company Page,,N/A - genuine company page found via user LinkedIn interests/follows,None reported,,,Interests,Lincoln Financial Group. Category: Verified LinkedIn Company Page,train
799,OVHcloud,https://www.linkedin.com/company/1883877,0,Legitimate,Verified LinkedIn Company Page,,N/A - genuine company page found via user LinkedIn interests/follows,None reported,,,Interests,OVHcloud. Category: Verified LinkedIn Company Page,train
800,iRobot,https://www.linkedin.com/company/9860,0,Legitimate,Verified LinkedIn Company Page,,N/A - genuine company page found via user LinkedIn interests/follows,None reported,,,Interests,iRobot. Category: Verified LinkedIn Company Page,train
801,Huge,https://www.linkedin.com/company/225538,0,Legitimate,Verified LinkedIn Company Page,,N/A - genuine company page found via user LinkedIn interests/follows,None reported,,,Interests,Huge. Category: Verified LinkedIn Company Page,train
802,Barbados Ministry of Foreign Affairs and Foreign Trade,https://www.linkedin.com/company/34951247,0,Legitimate,Verified LinkedIn Company Page,,N/A - genuine company page found via user LinkedIn interests/follows,None reported,,,Interests,Barbados Ministry of Foreign Affairs and Foreign Trade. Category: Verified LinkedIn Company Page,val
803,OEC,https://www.linkedin.com/company/556001,0,Legitimate,Verified LinkedIn Company Page,,N/A - genuine company page found via user LinkedIn interests/follows,None reported,,,Interests,OEC. Category: Verified LinkedIn Company Page,train
804,Teachstone,https://www.linkedin.com/company/1478028,0,Legitimate,Verified LinkedIn Company Page,,N/A - genuine company page found via user LinkedIn interests/follows,None reported,,,Interests,Teachstone. Category: Verified LinkedIn Company Page,train
805,JetBlue,https://www.linkedin.com/company/164535,0,Legitimate,Verified LinkedIn Company Page,,N/A - genuine company page found via user LinkedIn interests/follows,None reported,,,Interests,JetBlue. Category: Verified LinkedIn Company Page,train
806,wax.,https://www.linkedin.com/company/2010803,0,Legitimate,Verified LinkedIn Company Page,,N/A - genuine company page found via user LinkedIn interests/follows,None reported,,,Interests,wax.. Category: Verified LinkedIn Company Page,train
807,P3,https://www.linkedin.com/company/579768,0,Legitimate,Verified LinkedIn Company Page,,N/A - genuine company page found via user LinkedIn interests/follows,None reported,,,Interests,P3. Category: Verified LinkedIn Company Page,train
808,American Clean Power Association (ACP),https://www.linkedin.com/company/57971,0,Legitimate,Verified LinkedIn Company Page,,N/A - genuine company page found via user LinkedIn interests/follows,None reported,,,Interests,American Clean Power Association (ACP). Category: Verified LinkedIn Company Page,train
809,University of Calgary,https://www.linkedin.com/company/166631,0,Legitimate,Verified LinkedIn Company Page,,N/A - genuine company page found via user LinkedIn interests/follows,None reported,,,Interests,University of Calgary. Category: Verified LinkedIn Company Page,train
810,DevStack Global Solutions,,1,Fake_Scam,Shell IT Consultancy,Fabricated IT Agency,Offers remote React positions; asks candidates to deposit $100 security fee for work laptop.,Laptop deposit advance-fee fraud.,LinkedIn Message -> Payment Link,Medium,LinkedIn Fake Company Database,DevStack Global Solutions. Category: Shell IT Consultancy. Impersonation target: Fabricated IT Agency. Modus operandi: Offers remote React positions; asks candidates to deposit $100 security fee for work laptop.. Red flags: Laptop deposit advance-fee fraud.,train
811,AstraZeneca BioPharma Hub,,1,Fake_Scam,Enterprise Impersonation,AstraZeneca,Promises remote regulatory writer jobs; asks for candidate ID and bank details immediately.,Impersonation targeting healthcare professionals for identity theft.,LinkedIn Message -> Google Forms,High,LinkedIn Fake Company Database,AstraZeneca BioPharma Hub. Category: Enterprise Impersonation. Impersonation target: AstraZeneca. Modus operandi: Promises remote regulatory writer jobs; asks for candidate ID and bank details immediately.. Red flags: Impersonation targeting healthcare professionals for identity theft.,val
812,Swirl,https://www.linkedin.com/company/22998,0,Legitimate,Verified LinkedIn Company Page,,N/A - genuine company page found via user LinkedIn interests/follows,None reported,,,Interests,Swirl. Category: Verified LinkedIn Company Page,train
813,George Weston Foods,https://www.linkedin.com/company/26114,0,Legitimate,Verified LinkedIn Company Page,,N/A - genuine company page found via user LinkedIn interests/follows,None reported,,,Interests,George Weston Foods. Category: Verified LinkedIn Company Page,val
814,SimplyHired,https://www.linkedin.com/company/16890,0,Legitimate,Verified LinkedIn Company Page,,N/A - genuine company page found via user LinkedIn interests/follows,None reported,,,Interests,SimplyHired. Category: Verified LinkedIn Company Page,val
815,GreenLight Media & Marketing,https://www.linkedin.com/company/1163146,0,Legitimate,Verified LinkedIn Company Page,,N/A - genuine company page found via user LinkedIn interests/follows,None reported,,,Interests,GreenLight Media & Marketing. Category: Verified LinkedIn Company Page,test
816,National Black Public Relations Society Inc,https://www.linkedin.com/company/8618330,0,Legitimate,Verified LinkedIn Company Page,,N/A - genuine company page found via user LinkedIn interests/follows,None reported,,,Interests,National Black Public Relations Society Inc. Category: Verified LinkedIn Company Page,train
817,Levi Strauss & Co.,https://www.linkedin.com/company/3137,0,Legitimate,Verified LinkedIn Company Page,,N/A - genuine company page found via user LinkedIn interests/follows,None reported,,,Interests,Levi Strauss & Co.. Category: Verified LinkedIn Company Page,test
818,Indian Institute Of Technology,https://www.linkedin.com/company/15108155,0,Legitimate,Verified LinkedIn Company Page,,N/A - genuine company page found via user LinkedIn interests/follows,None reported,,,Interests,Indian Institute Of Technology. Category: Verified LinkedIn Company Page,val
819,Founders Fund,https://www.linkedin.com/company/1373625,0,Legitimate,Verified LinkedIn Company Page,,N/A - genuine company page found via user LinkedIn interests/follows,None reported,,,Interests,Founders Fund. Category: Verified LinkedIn Company Page,val
820,Tractable,https://www.linkedin.com/company/9296904,0,Legitimate,Verified LinkedIn Company Page,,N/A - genuine company page found via user LinkedIn interests/follows,None reported,,,Interests,Tractable. Category: Verified LinkedIn Company Page,val
821,University of Virginia Darden School of Business,https://www.linkedin.com/company/15100776,0,Legitimate,Verified LinkedIn Company Page,,N/A - genuine company page found via user LinkedIn interests/follows,None reported,,,Interests,University of Virginia Darden School of Business. Category: Verified LinkedIn Company Page,val
822,Digital Alliance,https://www.linkedin.com/company/9376114,0,Legitimate,Verified LinkedIn Company Page,,N/A - genuine company page found via user LinkedIn interests/follows,None reported,,,Interests,Digital Alliance. Category: Verified LinkedIn Company Page,val
823,HybridSkill,https://www.linkedin.com/company/13653777,0,Legitimate,Verified LinkedIn Company Page,,N/A - genuine company page found via user LinkedIn interests/follows,None reported,,,Interests,HybridSkill. Category: Verified LinkedIn Company Page,train
824,Destination Crenshaw,https://www.linkedin.com/company/59562905,0,Legitimate,Verified LinkedIn Company Page,,N/A - genuine company page found via user LinkedIn interests/follows,None reported,,,Interests,Destination Crenshaw. Category: Verified LinkedIn Company Page,train
825,FIFA,https://www.linkedin.com/company/16825,0,Legitimate,Verified LinkedIn Company Page,,N/A - genuine company page found via user LinkedIn interests/follows,None reported,,,Interests,FIFA. Category: Verified LinkedIn Company Page,train
826,WGP Global,https://www.linkedin.com/company/10052248,0,Legitimate,Verified LinkedIn Company Page,,N/A - genuine company page found via user LinkedIn interests/follows,None reported,,,Interests,WGP Global. Category: Verified LinkedIn Company Page,test
827,Wykagyl Country Club,https://www.linkedin.com/company/691262,0,Legitimate,Verified LinkedIn Company Page,,N/A - genuine company page found via user LinkedIn interests/follows,None reported,,,Interests,Wykagyl Country Club. Category: Verified LinkedIn Company Page,train
828,Rice University Engineering Professional Master’s Programs,https://www.linkedin.com/company/27160102,0,Legitimate,Verified LinkedIn Company Page,,N/A - genuine company page found via user LinkedIn interests/follows,None reported,,,Interests,Rice University Engineering Professional Master’s Programs. Category: Verified LinkedIn Company Page,train
829,Watershed Management Group,https://www.linkedin.com/company/511287,0,Legitimate,Verified LinkedIn Company Page,,N/A - genuine company page found via user LinkedIn interests/follows,None reported,,,Interests,Watershed Management Group. Category: Verified LinkedIn Company Page,train
830,McAdam Financial,https://www.linkedin.com/company/3180063,0,Legitimate,Verified LinkedIn Company Page,,N/A - genuine company page found via user LinkedIn interests/follows,None reported,,,Interests,McAdam Financial. Category: Verified LinkedIn Company Page,val
831,The Scarborough Hospital,https://www.linkedin.com/company/27244,0,Legitimate,Verified LinkedIn Company Page,,N/A - genuine company page found via user LinkedIn interests/follows,None reported,,,Interests,The Scarborough Hospital. Category: Verified LinkedIn Company Page,train
832,L7,https://www.linkedin.com/company/64999463,0,Legitimate,Verified LinkedIn Company Page,,N/A - genuine company page found via user LinkedIn interests/follows,None reported,,,Interests,L7. Category: Verified LinkedIn Company Page,train
833,Allbirds,https://www.linkedin.com/company/10343298,0,Legitimate,Verified LinkedIn Company Page,,N/A - genuine company page found via user LinkedIn interests/follows,None reported,,,Interests,Allbirds. Category: Verified LinkedIn Company Page,train
834,A3 Angels,https://www.linkedin.com/company/2516998,0,Legitimate,Verified LinkedIn Company Page,,N/A - genuine company page found via user LinkedIn interests/follows,None reported,,,Interests,A3 Angels. Category: Verified LinkedIn Company Page,test
835,Ann Connelly Fine Art,https://www.linkedin.com/company/22320876,0,Legitimate,Verified LinkedIn Company Page,,N/A - genuine company page found via user LinkedIn interests/follows,None reported,,,Interests,Ann Connelly Fine Art. Category: Verified LinkedIn Company Page,val
836,YWCA Greater Cleveland,https://www.linkedin.com/company/696597,0,Legitimate,Verified LinkedIn Company Page,,N/A - genuine company page found via user LinkedIn interests/follows,None reported,,,Interests,YWCA Greater Cleveland. Category: Verified LinkedIn Company Page,train
837,"Ken Chapman & Associates, Inc.",https://www.linkedin.com/company/9275234,0,Legitimate,Verified LinkedIn Company Page,,N/A - genuine company page found via user LinkedIn interests/follows,None reported,,,Interests,"Ken Chapman & Associates, Inc.. Category: Verified LinkedIn Company Page",train
838,Your Social Team,https://www.linkedin.com/company/22297176,0,Legitimate,Verified LinkedIn Company Page,,N/A - genuine company page found via user LinkedIn interests/follows,None reported,,,Interests,Your Social Team. Category: Verified LinkedIn Company Page,train
839,"Global Events Management, LLC",https://www.linkedin.com/company/316690,0,Legitimate,Verified LinkedIn Company Page,,N/A - genuine company page found via user LinkedIn interests/follows,None reported,,,Interests,"Global Events Management, LLC. Category: Verified LinkedIn Company Page",test
840,ONCE,https://www.linkedin.com/company/2544451,0,Legitimate,Verified LinkedIn Company Page,,N/A - genuine company page found via user LinkedIn interests/follows,None reported,,,Interests,ONCE. Category: Verified LinkedIn Company Page,train
841,"Air Boss Unlimited, LLC.",https://www.linkedin.com/company/71620216,0,Legitimate,Verified LinkedIn Company Page,,N/A - genuine company page found via user LinkedIn interests/follows,None reported,,,Interests,"Air Boss Unlimited, LLC.. Category: Verified LinkedIn Company Page",val
842,"Waffle House, Inc.",https://www.linkedin.com/company/20397,0,Legitimate,Verified LinkedIn Company Page,,N/A - genuine company page found via user LinkedIn interests/follows,None reported,,,Interests,"Waffle House, Inc.. Category: Verified LinkedIn Company Page",train
843,Unreal Video Production,https://www.linkedin.com/company/37553854,0,Legitimate,Verified LinkedIn Company Page,,N/A - genuine company page found via user LinkedIn interests/follows,None reported,,,Interests,Unreal Video Production. Category: Verified LinkedIn Company Page,test
844,Trek Health,https://www.linkedin.com/company/74721856,0,Legitimate,Verified LinkedIn Company Page,,N/A - genuine company page found via user LinkedIn interests/follows,None reported,,,Interests,Trek Health. Category: Verified LinkedIn Company Page,train
845,Premium Framework Inc.,https://www.linkedin.com/company/24972365,0,Legitimate,Verified LinkedIn Company Page,,N/A - genuine company page found via user LinkedIn interests/follows,None reported,,,Interests,Premium Framework Inc.. Category: Verified LinkedIn Company Page,train
846,The Launch Agency,https://www.linkedin.com/company/74911220,0,Legitimate,Verified LinkedIn Company Page,,N/A - genuine company page found via user LinkedIn interests/follows,None reported,,,Interests,The Launch Agency. Category: Verified LinkedIn Company Page,train
847,Maharshi Dayanand University,https://www.linkedin.com/company/15093700,0,Legitimate,Verified LinkedIn Company Page,,N/A - genuine company page found via user LinkedIn interests/follows,None reported,,,Interests,Maharshi Dayanand University. Category: Verified LinkedIn Company Page,train
848,Zerto,https://www.linkedin.com/company/1033481,0,Legitimate,Verified LinkedIn Company Page,,N/A - genuine company page found via user LinkedIn interests/follows,None reported,,,Interests,Zerto. Category: Verified LinkedIn Company Page,train
849,CNBC,https://www.linkedin.com/company/1833,0,Legitimate,Verified LinkedIn Company Page,,N/A - genuine company page found via user LinkedIn interests/follows,None reported,,,Interests,CNBC. Category: Verified LinkedIn Company Page,test
850,Miami University,https://www.linkedin.com/company/6729,0,Legitimate,Verified LinkedIn Company Page,,N/A - genuine company page found via user LinkedIn interests/follows,None reported,,,Interests,Miami University. Category: Verified LinkedIn Company Page,train
851,Cambridge Professional Group,https://www.linkedin.com/company/38692,0,Legitimate,Verified LinkedIn Company Page,,N/A - genuine company page found via user LinkedIn interests/follows,None reported,,,Interests,Cambridge Professional Group. Category: Verified LinkedIn Company Page,val
852,BMO US,https://www.linkedin.com/company/164126,0,Legitimate,Verified LinkedIn Company Page,,N/A - genuine company page found via user LinkedIn interests/follows,None reported,,,Interests,BMO US. Category: Verified LinkedIn Company Page,train
853,Thunder,https://www.linkedin.com/company/68743811,0,Legitimate,Verified LinkedIn Company Page,,N/A - genuine company page found via user LinkedIn interests/follows,None reported,,,Interests,Thunder. Category: Verified LinkedIn Company Page,train
854,Real Men Teach,https://www.linkedin.com/company/77641417,0,Legitimate,Verified LinkedIn Company Page,,N/A - genuine company page found via user LinkedIn interests/follows,None reported,,,Interests,Real Men Teach. Category: Verified LinkedIn Company Page,train
855,FirstChoice Talent Group,,1,Fake_Scam,Ghost Staffing Agency,Fake Headhunting Firm,Charges job seekers $250 for 'guaranteed placement' at top tech firms.,Guaranteed placement scam (no placements ever made).,LinkedIn Outreach -> Phone Call,High,LinkedIn Fake Company Database,FirstChoice Talent Group. Category: Ghost Staffing Agency. Impersonation target: Fake Headhunting Firm. Modus operandi: Charges job seekers $250 for 'guaranteed placement' at top tech firms.. Red flags: Guaranteed placement scam (no placements ever made).,test
856,AWS Events,https://www.linkedin.com/company/84061753,0,Legitimate,Verified LinkedIn Company Page,,N/A - genuine company page found via user LinkedIn interests/follows,None reported,,,Interests,AWS Events. Category: Verified LinkedIn Company Page,train
857,SIU College of Business and Analytics,https://www.linkedin.com/company/35506246,0,Legitimate,Verified LinkedIn Company Page,,N/A - genuine company page found via user LinkedIn interests/follows,None reported,,,Interests,SIU College of Business and Analytics. Category: Verified LinkedIn Company Page,train
858,Mindpool Technologies Inc,https://www.linkedin.com/company/2026497,0,Legitimate,Verified LinkedIn Company Page,,N/A - genuine company page found via user LinkedIn interests/follows,None reported,,,Interests,Mindpool Technologies Inc. Category: Verified LinkedIn Company Page,train
859,Enel Perú,https://www.linkedin.com/company/15228931,0,Legitimate,Verified LinkedIn Company Page,,N/A - genuine company page found via user LinkedIn interests/follows,None reported,,,Interests,Enel Perú. Category: Verified LinkedIn Company Page,train
860,Manchester Digital,https://www.linkedin.com/company/1118159,0,Legitimate,Verified LinkedIn Company Page,,N/A - genuine company page found via user LinkedIn interests/follows,None reported,,,Interests,Manchester Digital. Category: Verified LinkedIn Company Page,train
861,LRS Healthcare,https://www.linkedin.com/company/2618313,0,Legitimate,Verified LinkedIn Company Page,,N/A - genuine company page found via user LinkedIn interests/follows,None reported,,,Interests,LRS Healthcare. Category: Verified LinkedIn Company Page,train
862,Michael Best Strategies,https://www.linkedin.com/company/27134982,0,Legitimate,Verified LinkedIn Company Page,,N/A - genuine company page found via user LinkedIn interests/follows,None reported,,,Interests,Michael Best Strategies. Category: Verified LinkedIn Company Page,val
863,Turnaround Management Association,https://www.linkedin.com/company/868513,0,Legitimate,Verified LinkedIn Company Page,,N/A - genuine company page found via user LinkedIn interests/follows,None reported,,,Interests,Turnaround Management Association. Category: Verified LinkedIn Company Page,train
864,USA TODAY,https://www.linkedin.com/company/5502,0,Legitimate,Verified LinkedIn Company Page,,N/A - genuine company page found via user LinkedIn interests/follows,None reported,,,Interests,USA TODAY. Category: Verified LinkedIn Company Page,val
865,Wine Australia,https://www.linkedin.com/company/88642,0,Legitimate,Verified LinkedIn Company Page,,N/A - genuine company page found via user LinkedIn interests/follows,None reported,,,Interests,Wine Australia. Category: Verified LinkedIn Company Page,train
866,Higher Ed Consolidation Solutions,https://www.linkedin.com/company/33213354,0,Legitimate,Verified LinkedIn Company Page,,N/A - genuine company page found via user LinkedIn interests/follows,None reported,,,Interests,Higher Ed Consolidation Solutions. Category: Verified LinkedIn Company Page,train
867,Thorne & Derrick | LV HV Cable Jointing & Electrical Equipment,https://www.linkedin.com/company/2292343,0,Legitimate,Verified LinkedIn Company Page,,N/A - genuine company page found via user LinkedIn interests/follows,None reported,,,Interests,Thorne & Derrick | LV HV Cable Jointing & Electrical Equipment. Category: Verified LinkedIn Company Page,val
868,ESG4VC,https://www.linkedin.com/company/74956855,0,Legitimate,Verified LinkedIn Company Page,,N/A - genuine company page found via user LinkedIn interests/follows,None reported,,,Interests,ESG4VC. Category: Verified LinkedIn Company Page,train
869,The Prince's Trust,https://www.linkedin.com/company/166399,0,Legitimate,Verified LinkedIn Company Page,,N/A - genuine company page found via user LinkedIn interests/follows,None reported,,,Interests,The Prince's Trust. Category: Verified LinkedIn Company Page,train
870,The AI Epiphany,https://www.linkedin.com/company/68715155,0,Legitimate,Verified LinkedIn Company Page,,N/A - genuine company page found via user LinkedIn interests/follows,None reported,,,Interests,The AI Epiphany. Category: Verified LinkedIn Company Page,train
871,American Payroll Association (APA),https://www.linkedin.com/company/110709,0,Legitimate,Verified LinkedIn Company Page,,N/A - genuine company page found via user LinkedIn interests/follows,None reported,,,Interests,American Payroll Association (APA). Category: Verified LinkedIn Company Page,test
872,TD Auto Finance,https://www.linkedin.com/company/470823,0,Legitimate,Verified LinkedIn Company Page,,N/A - genuine company page found via user LinkedIn interests/follows,None reported,,,Interests,TD Auto Finance. Category: Verified LinkedIn Company Page,train
873,Cotopaxi,https://www.linkedin.com/company/3493796,0,Legitimate,Verified LinkedIn Company Page,,N/A - genuine company page found via user LinkedIn interests/follows,None reported,,,Interests,Cotopaxi. Category: Verified LinkedIn Company Page,val
874,Cray Inc.,https://www.linkedin.com/company/4936,0,Legitimate,Verified LinkedIn Company Page,,N/A - genuine company page found via user LinkedIn interests/follows,None reported,,,Interests,Cray Inc.. Category: Verified LinkedIn Company Page,train
875,U.S. Naval Meteorology and Oceanography Command,https://www.linkedin.com/company/79811710,0,Legitimate,Verified LinkedIn Company Page,,N/A - genuine company page found via user LinkedIn interests/follows,None reported,,,Interests,U.S. Naval Meteorology and Oceanography Command. Category: Verified LinkedIn Company Page,test
876,"Kwame Nkrumah'​ University of Science and Technology, Kumasi",https://www.linkedin.com/company/357704,0,Legitimate,Verified LinkedIn Company Page,,N/A - genuine company page found via user LinkedIn interests/follows,None reported,,,Interests,"Kwame Nkrumah'​ University of Science and Technology, Kumasi. Category: Verified LinkedIn Company Page",train
877,"Himgiri Zee University, Dehradun",https://www.linkedin.com/company/15118132,0,Legitimate,Verified LinkedIn Company Page,,N/A - genuine company page found via user LinkedIn interests/follows,None reported,,,Interests,"Himgiri Zee University, Dehradun. Category: Verified LinkedIn Company Page",test
878,World Food Programme,https://www.linkedin.com/company/166970,0,Legitimate,Verified LinkedIn Company Page,,N/A - genuine company page found via user LinkedIn interests/follows,None reported,,,Interests,World Food Programme. Category: Verified LinkedIn Company Page,val
879,Flagstaff Consultants,https://www.linkedin.com/company/18785477,0,Legitimate,Verified LinkedIn Company Page,,N/A - genuine company page found via user LinkedIn interests/follows,None reported,,,Interests,Flagstaff Consultants. Category: Verified LinkedIn Company Page,train
880,Cornerstone Search Group,https://www.linkedin.com/company/80380,0,Legitimate,Verified LinkedIn Company Page,,N/A - genuine company page found via user LinkedIn interests/follows,None reported,,,Interests,Cornerstone Search Group. Category: Verified LinkedIn Company Page,val
881,Peloton Interactive,https://www.linkedin.com/company/2658876,0,Legitimate,Verified LinkedIn Company Page,,N/A - genuine company page found via user LinkedIn interests/follows,None reported,,,Interests,Peloton Interactive. Category: Verified LinkedIn Company Page,train
882,45/RPM,https://www.linkedin.com/company/10196343,0,Legitimate,Verified LinkedIn Company Page,,N/A - genuine company page found via user LinkedIn interests/follows,None reported,,,Interests,45/RPM. Category: Verified LinkedIn Company Page,train
883,Frank Recruitment Group,https://www.linkedin.com/company/10351887,0,Legitimate,Verified LinkedIn Company Page,,N/A - genuine company page found via user LinkedIn interests/follows,None reported,,,Interests,Frank Recruitment Group. Category: Verified LinkedIn Company Page,train
884,University of Düsseldorf,https://www.linkedin.com/company/15094013,0,Legitimate,Verified LinkedIn Company Page,,N/A - genuine company page found via user LinkedIn interests/follows,None reported,,,Interests,University of Düsseldorf. Category: Verified LinkedIn Company Page,train
885,CHÉ Creative,https://www.linkedin.com/company/79021467,0,Legitimate,Verified LinkedIn Company Page,,N/A - genuine company page found via user LinkedIn interests/follows,None reported,,,Interests,CHÉ Creative. Category: Verified LinkedIn Company Page,train
886,The CHoFT - Canada House of Financial Technology,https://www.linkedin.com/company/83128714,0,Legitimate,Verified LinkedIn Company Page,,N/A - genuine company page found via user LinkedIn interests/follows,None reported,,,Interests,The CHoFT - Canada House of Financial Technology. Category: Verified LinkedIn Company Page,train
887,SGInnovate,https://www.linkedin.com/company/1059481,0,Legitimate,Verified LinkedIn Company Page,,N/A - genuine company page found via user LinkedIn interests/follows,None reported,,,Interests,SGInnovate. Category: Verified LinkedIn Company Page,train
888,Luna Rossa Prada Pirelli,https://www.linkedin.com/company/1060973,0,Legitimate,Verified LinkedIn Company Page,,N/A - genuine company page found via user LinkedIn interests/follows,None reported,,,Interests,Luna Rossa Prada Pirelli. Category: Verified LinkedIn Company Page,train
889,GradVantage,https://www.linkedin.com/company/67128737,0,Legitimate,Verified LinkedIn Company Page,,N/A - genuine company page found via user LinkedIn interests/follows,None reported,,,Interests,GradVantage. Category: Verified LinkedIn Company Page,val
890,Houston Food Bank,https://www.linkedin.com/company/362140,0,Legitimate,Verified LinkedIn Company Page,,N/A - genuine company page found via user LinkedIn interests/follows,None reported,,,Interests,Houston Food Bank. Category: Verified LinkedIn Company Page,val
891,Lumentum,https://www.linkedin.com/company/6395111,0,Legitimate,Verified LinkedIn Company Page,,N/A - genuine company page found via user LinkedIn interests/follows,None reported,,,Interests,Lumentum. Category: Verified LinkedIn Company Page,test
892,WhiteSparrow India,https://www.linkedin.com/company/3262401,0,Legitimate,Verified LinkedIn Company Page,,N/A - genuine company page found via user LinkedIn interests/follows,None reported,,,Interests,WhiteSparrow India. Category: Verified LinkedIn Company Page,val
893,Institute of Politics at University of Pittsburgh,https://www.linkedin.com/company/65553688,0,Legitimate,Verified LinkedIn Company Page,,N/A - genuine company page found via user LinkedIn interests/follows,None reported,,,Interests,Institute of Politics at University of Pittsburgh. Category: Verified LinkedIn Company Page,train
894,The Wireless Experience,https://www.linkedin.com/company/616112,0,Legitimate,Verified LinkedIn Company Page,,N/A - genuine company page found via user LinkedIn interests/follows,None reported,,,Interests,The Wireless Experience. Category: Verified LinkedIn Company Page,train
895,Magnuson Center for Entrepreneurship at Dartmouth,https://www.linkedin.com/company/75505731,0,Legitimate,Verified LinkedIn Company Page,,N/A - genuine company page found via user LinkedIn interests/follows,None reported,,,Interests,Magnuson Center for Entrepreneurship at Dartmouth. Category: Verified LinkedIn Company Page,val
896,New Enterprise Associates (NEA),https://www.linkedin.com/company/22555,0,Legitimate,Verified LinkedIn Company Page,,N/A - genuine company page found via user LinkedIn interests/follows,None reported,,,Interests,New Enterprise Associates (NEA). Category: Verified LinkedIn Company Page,train
897,Carolina Core Wellness,https://www.linkedin.com/company/79884334,0,Legitimate,Verified LinkedIn Company Page,,N/A - genuine company page found via user LinkedIn interests/follows,None reported,,,Interests,Carolina Core Wellness. Category: Verified LinkedIn Company Page,train
898,Disability Scoop,https://www.linkedin.com/company/2390518,0,Legitimate,Verified LinkedIn Company Page,,N/A - genuine company page found via user LinkedIn interests/follows,None reported,,,Interests,Disability Scoop. Category: Verified LinkedIn Company Page,train
899,Augusta University,https://www.linkedin.com/company/2901041,0,Legitimate,Verified LinkedIn Company Page,,N/A - genuine company page found via user LinkedIn interests/follows,None reported,,,Interests,Augusta University. Category: Verified LinkedIn Company Page,train
900,Corporate Environmental Risk Management,https://www.linkedin.com/company/547878,0,Legitimate,Verified LinkedIn Company Page,,N/A - genuine company page found via user LinkedIn interests/follows,None reported,,,Interests,Corporate Environmental Risk Management. Category: Verified LinkedIn Company Page,test
901,Hayden Properties,https://www.linkedin.com/company/465498,0,Legitimate,Verified LinkedIn Company Page,,N/A - genuine company page found via user LinkedIn interests/follows,None reported,,,Interests,Hayden Properties. Category: Verified LinkedIn Company Page,train
902,Bright Morning Consulting Inc.,https://www.linkedin.com/company/18670511,0,Legitimate,Verified LinkedIn Company Page,,N/A - genuine company page found via user LinkedIn interests/follows,None reported,,,Interests,Bright Morning Consulting Inc.. Category: Verified LinkedIn Company Page,val
903,IHG Hotels & Resorts,https://www.linkedin.com/company/3549,0,Legitimate,Verified LinkedIn Company Page,,N/A - genuine company page found via user LinkedIn interests/follows,None reported,,,Interests,IHG Hotels & Resorts. Category: Verified LinkedIn Company Page,train
904,Pine Gate Renewables,https://www.linkedin.com/company/9419101,0,Legitimate,Verified LinkedIn Company Page,,N/A - genuine company page found via user LinkedIn interests/follows,None reported,,,Interests,Pine Gate Renewables. Category: Verified LinkedIn Company Page,train
905,Lollypop Design Studio,https://www.linkedin.com/company/2960951,0,Legitimate,Verified LinkedIn Company Page,,N/A - genuine company page found via user LinkedIn interests/follows,None reported,,,Interests,Lollypop Design Studio. Category: Verified LinkedIn Company Page,train
906,B&H Photo Video,https://www.linkedin.com/company/162612,0,Legitimate,Verified LinkedIn Company Page,,N/A - genuine company page found via user LinkedIn interests/follows,None reported,,,Interests,B&H Photo Video. Category: Verified LinkedIn Company Page,train
907,Jimmy John's,https://www.linkedin.com/company/948895,0,Legitimate,Verified LinkedIn Company Page,,N/A - genuine company page found via user LinkedIn interests/follows,None reported,,,Interests,Jimmy John's. Category: Verified LinkedIn Company Page,test
908,MSSP Alert,https://www.linkedin.com/company/76321585,0,Legitimate,Verified LinkedIn Company Page,,N/A - genuine company page found via user LinkedIn interests/follows,None reported,,,Interests,MSSP Alert. Category: Verified LinkedIn Company Page,train
909,InterState Logistics Dispatch,,1,Fake_Scam,Reshipping / Mule Scam,Fabricated Cargo Firm,Hires residential repackaging agents for luxury cosmetics and electronics.,Parcel forwarding scam involving stolen credit card goods.,LinkedIn InMail -> Telegram,Critical,LinkedIn Fake Company Database,InterState Logistics Dispatch. Category: Reshipping / Mule Scam. Impersonation target: Fabricated Cargo Firm. Modus operandi: Hires residential repackaging agents for luxury cosmetics and electronics.. Red flags: Parcel forwarding scam involving stolen credit card goods.,train
910,Lawyer Stories,https://www.linkedin.com/company/68167910,0,Legitimate,Verified LinkedIn Company Page,,N/A - genuine company page found via user LinkedIn interests/follows,None reported,,,Interests,Lawyer Stories. Category: Verified LinkedIn Company Page,train
911,Charlotte Tilbury Beauty,https://www.linkedin.com/company/9339049,0,Legitimate,Verified LinkedIn Company Page,,N/A - genuine company page found via user LinkedIn interests/follows,None reported,,,Interests,Charlotte Tilbury Beauty. Category: Verified LinkedIn Company Page,train
912,UnitedHealthcare,https://www.linkedin.com/company/3617441,0,Legitimate,Verified LinkedIn Company Page,,N/A - genuine company page found via user LinkedIn interests/follows,None reported,,,Interests,UnitedHealthcare. Category: Verified LinkedIn Company Page,train
913,ViClarity - US,https://www.linkedin.com/company/1509790,0,Legitimate,Verified LinkedIn Company Page,,N/A - genuine company page found via user LinkedIn interests/follows,None reported,,,Interests,ViClarity - US. Category: Verified LinkedIn Company Page,val
914,Sterling Jewelers,https://www.linkedin.com/company/16684,0,Legitimate,Verified LinkedIn Company Page,,N/A - genuine company page found via user LinkedIn interests/follows,None reported,,,Interests,Sterling Jewelers. Category: Verified LinkedIn Company Page,train
915,New Scientist,https://www.linkedin.com/company/528037,0,Legitimate,Verified LinkedIn Company Page,,N/A - genuine company page found via user LinkedIn interests/follows,None reported,,,Interests,New Scientist. Category: Verified LinkedIn Company Page,test
916,Keach Construction,https://www.linkedin.com/company/7971503,0,Legitimate,Verified LinkedIn Company Page,,N/A - genuine company page found via user LinkedIn interests/follows,None reported,,,Interests,Keach Construction. Category: Verified LinkedIn Company Page,train
917,Black On Board Ltd,https://www.linkedin.com/company/68498607,0,Legitimate,Verified LinkedIn Company Page,,N/A - genuine company page found via user LinkedIn interests/follows,None reported,,,Interests,Black On Board Ltd. Category: Verified LinkedIn Company Page,train
918,Zumba,https://www.linkedin.com/company/234709,0,Legitimate,Verified LinkedIn Company Page,,N/A - genuine company page found via user LinkedIn interests/follows,None reported,,,Interests,Zumba. Category: Verified LinkedIn Company Page,train
919,Blacks In Technology,https://www.linkedin.com/company/3129266,0,Legitimate,Verified LinkedIn Company Page,,N/A - genuine company page found via user LinkedIn interests/follows,None reported,,,Interests,Blacks In Technology. Category: Verified LinkedIn Company Page,train
920,International Federation of Red Cross and Red Crescent Societies - IFRC,https://www.linkedin.com/company/12149,0,Legitimate,Verified LinkedIn Company Page,,N/A - genuine company page found via user LinkedIn interests/follows,None reported,,,Interests,International Federation of Red Cross and Red Crescent Societies - IFRC. Category: Verified LinkedIn Company Page,train
921,Indigo,https://www.linkedin.com/company/10466509,0,Legitimate,Verified LinkedIn Company Page,,N/A - genuine company page found via user LinkedIn interests/follows,None reported,,,Interests,Indigo. Category: Verified LinkedIn Company Page,train
922,AeroTech Defense Dynamics,,1,Fake_Scam,Defense Impersonation,Fabricated Defense Contractor,Offers cleared software roles; charges candidate $300 for 'security clearance verification'.,Security clearance processing fee scam (clearances can only be sponsored by Gov/DoD).,LinkedIn Job Post -> Wire Transfer,High,LinkedIn Fake Company Database,AeroTech Defense Dynamics. Category: Defense Impersonation. Impersonation target: Fabricated Defense Contractor. Modus operandi: Offers cleared software roles; charges candidate $300 for 'security clearance verification'.. Red flags: Security clearance processing fee scam (clearances can only be sponsored by Gov/DoD).,train
923,Beaumont Independent School District,https://www.linkedin.com/company/10473136,0,Legitimate,Verified LinkedIn Company Page,,N/A - genuine company page found via user LinkedIn interests/follows,None reported,,,Interests,Beaumont Independent School District. Category: Verified LinkedIn Company Page,train
924,"Ward & Wilson, P.C.",https://www.linkedin.com/company/71098836,0,Legitimate,Verified LinkedIn Company Page,,N/A - genuine company page found via user LinkedIn interests/follows,None reported,,,Interests,"Ward & Wilson, P.C.. Category: Verified LinkedIn Company Page",test
925,Harvana,https://www.linkedin.com/company/68504881,0,Legitimate,Verified LinkedIn Company Page,,N/A - genuine company page found via user LinkedIn interests/follows,None reported,,,Interests,Harvana. Category: Verified LinkedIn Company Page,train
926,DeVono,https://www.linkedin.com/company/880570,0,Legitimate,Verified LinkedIn Company Page,,N/A - genuine company page found via user LinkedIn interests/follows,None reported,,,Interests,DeVono. Category: Verified LinkedIn Company Page,train
927,BBH Market Insights,https://www.linkedin.com/company/5346993,0,Legitimate,Verified LinkedIn Company Page,,N/A - genuine company page found via user LinkedIn interests/follows,None reported,,,Interests,BBH Market Insights. Category: Verified LinkedIn Company Page,train
928,ALPFA Las Vegas,https://www.linkedin.com/company/18608630,0,Legitimate,Verified LinkedIn Company Page,,N/A - genuine company page found via user LinkedIn interests/follows,None reported,,,Interests,ALPFA Las Vegas. Category: Verified LinkedIn Company Page,train
929,山西省水工机械有限公司,https://www.linkedin.com/company/32223058,0,Legitimate,Verified LinkedIn Company Page,,N/A - genuine company page found via user LinkedIn interests/follows,None reported,,,Interests,山西省水工机械有限公司. Category: Verified LinkedIn Company Page,train
930,Mount Sinai Queens,https://www.linkedin.com/company/5360841,0,Legitimate,Verified LinkedIn Company Page,,N/A - genuine company page found via user LinkedIn interests/follows,None reported,,,Interests,Mount Sinai Queens. Category: Verified LinkedIn Company Page,train
931,Surf and Sales,https://www.linkedin.com/company/65373269,0,Legitimate,Verified LinkedIn Company Page,,N/A - genuine company page found via user LinkedIn interests/follows,None reported,,,Interests,Surf and Sales. Category: Verified LinkedIn Company Page,train
932,"CO2 Partners, LLC",https://www.linkedin.com/company/1440971,0,Legitimate,Verified LinkedIn Company Page,,N/A - genuine company page found via user LinkedIn interests/follows,None reported,,,Interests,"CO2 Partners, LLC. Category: Verified LinkedIn Company Page",test
933,Blackstone Technology Group,https://www.linkedin.com/company/13960,0,Legitimate,Verified LinkedIn Company Page,,N/A - genuine company page found via user LinkedIn interests/follows,None reported,,,Interests,Blackstone Technology Group. Category: Verified LinkedIn Company Page,train
934,Bristol Myers Squibb,https://www.linkedin.com/company/1773,0,Legitimate,Verified LinkedIn Company Page,,N/A - genuine company page found via user LinkedIn interests/follows,None reported,,,Interests,Bristol Myers Squibb. Category: Verified LinkedIn Company Page,train
935,HNW,https://www.linkedin.com/company/24316,0,Legitimate,Verified LinkedIn Company Page,,N/A - genuine company page found via user LinkedIn interests/follows,None reported,,,Interests,HNW. Category: Verified LinkedIn Company Page,test
936,David Alan Clothing,https://www.linkedin.com/company/51723292,0,Legitimate,Verified LinkedIn Company Page,,N/A - genuine company page found via user LinkedIn interests/follows,None reported,,,Interests,David Alan Clothing. Category: Verified LinkedIn Company Page,train
937,Blue Shield of California,https://www.linkedin.com/company/4896,0,Legitimate,Verified LinkedIn Company Page,,N/A - genuine company page found via user LinkedIn interests/follows,None reported,,,Interests,Blue Shield of California. Category: Verified LinkedIn Company Page,train
938,Black Enterprise Magazine,https://www.linkedin.com/company/33191,0,Legitimate,Verified LinkedIn Company Page,,N/A - genuine company page found via user LinkedIn interests/follows,None reported,,,Interests,Black Enterprise Magazine. Category: Verified LinkedIn Company Page,test
939,PAWS Chicago,https://www.linkedin.com/company/1625196,0,Legitimate,Verified LinkedIn Company Page,,N/A - genuine company page found via user LinkedIn interests/follows,None reported,,,Interests,PAWS Chicago. Category: Verified LinkedIn Company Page,train
940,Bank of America,https://www.linkedin.com/company/1123,0,Legitimate,Verified LinkedIn Company Page,,N/A - genuine company page found via user LinkedIn interests/follows,None reported,,,Interests,Bank of America. Category: Verified LinkedIn Company Page,train
941,Crossover,https://www.linkedin.com/company/9308035,0,Legitimate,Verified LinkedIn Company Page,,N/A - genuine company page found via user LinkedIn interests/follows,None reported,,,Interests,Crossover. Category: Verified LinkedIn Company Page,train
942,ACLU,https://www.linkedin.com/company/10697,0,Legitimate,Verified LinkedIn Company Page,,N/A - genuine company page found via user LinkedIn interests/follows,None reported,,,Interests,ACLU. Category: Verified LinkedIn Company Page,val
943,Skillsoft,https://www.linkedin.com/company/5383,0,Legitimate,Verified LinkedIn Company Page,,N/A - genuine company page found via user LinkedIn interests/follows,None reported,,,Interests,Skillsoft. Category: Verified LinkedIn Company Page,train
944,genKC,https://www.linkedin.com/company/10319350,0,Legitimate,Verified LinkedIn Company Page,,N/A - genuine company page found via user LinkedIn interests/follows,None reported,,,Interests,genKC. Category: Verified LinkedIn Company Page,train
945,New York University,https://www.linkedin.com/company/3159,0,Legitimate,Verified LinkedIn Company Page,,N/A - genuine company page found via user LinkedIn interests/follows,None reported,,,Interests,New York University. Category: Verified LinkedIn Company Page,train
946,PVH Corp.,https://www.linkedin.com/company/11541,0,Legitimate,Verified LinkedIn Company Page,,N/A - genuine company page found via user LinkedIn interests/follows,None reported,,,Interests,PVH Corp.. Category: Verified LinkedIn Company Page,val
947,Sogin,https://www.linkedin.com/company/107478,0,Legitimate,Verified LinkedIn Company Page,,N/A - genuine company page found via user LinkedIn interests/follows,None reported,,,Interests,Sogin. Category: Verified LinkedIn Company Page,test
948,Cognacity,https://www.linkedin.com/company/360696,0,Legitimate,Verified LinkedIn Company Page,,N/A - genuine company page found via user LinkedIn interests/follows,None reported,,,Interests,Cognacity. Category: Verified LinkedIn Company Page,train
949,Morning Consult,https://www.linkedin.com/company/1818696,0,Legitimate,Verified LinkedIn Company Page,,N/A - genuine company page found via user LinkedIn interests/follows,None reported,,,Interests,Morning Consult. Category: Verified LinkedIn Company Page,train
950,Columbia University,https://www.linkedin.com/company/2624,0,Legitimate,Verified LinkedIn Company Page,,N/A - genuine company page found via user LinkedIn interests/follows,None reported,,,Interests,Columbia University. Category: Verified LinkedIn Company Page,train
951,HUBB Kitchens,https://www.linkedin.com/company/19442192,0,Legitimate,Verified LinkedIn Company Page,,N/A - genuine company page found via user LinkedIn interests/follows,None reported,,,Interests,HUBB Kitchens. Category: Verified LinkedIn Company Page,val
952,Amedeo,https://www.linkedin.com/company/4874399,0,Legitimate,Verified LinkedIn Company Page,,N/A - genuine company page found via user LinkedIn interests/follows,None reported,,,Interests,Amedeo. Category: Verified LinkedIn Company Page,train
953,East-West University,https://www.linkedin.com/company/15250479,0,Legitimate,Verified LinkedIn Company Page,,N/A - genuine company page found via user LinkedIn interests/follows,None reported,,,Interests,East-West University. Category: Verified LinkedIn Company Page,train
954,Centre on African Philanthropy and Social Investment - CAPSI,https://www.linkedin.com/company/19102210,0,Legitimate,Verified LinkedIn Company Page,,N/A - genuine company page found via user LinkedIn interests/follows,None reported,,,Interests,Centre on African Philanthropy and Social Investment - CAPSI. Category: Verified LinkedIn Company Page,train
955,Organic Headshots,https://www.linkedin.com/company/1334191,0,Legitimate,Verified LinkedIn Company Page,,N/A - genuine company page found via user LinkedIn interests/follows,None reported,,,Interests,Organic Headshots. Category: Verified LinkedIn Company Page,train
956,Southern Methodist University,https://www.linkedin.com/company/5515,0,Legitimate,Verified LinkedIn Company Page,,N/A - genuine company page found via user LinkedIn interests/follows,None reported,,,Interests,Southern Methodist University. Category: Verified LinkedIn Company Page,train
957,CFRE International,https://www.linkedin.com/company/3094908,0,Legitimate,Verified LinkedIn Company Page,,N/A - genuine company page found via user LinkedIn interests/follows,None reported,,,Interests,CFRE International. Category: Verified LinkedIn Company Page,train
958,"Spandrel Development Partners, LLC",https://www.linkedin.com/company/27113709,0,Legitimate,Verified LinkedIn Company Page,,N/A - genuine company page found via user LinkedIn interests/follows,None reported,,,Interests,"Spandrel Development Partners, LLC. Category: Verified LinkedIn Company Page",train
959,C2XCEL LLC,https://www.linkedin.com/company/12902031,0,Legitimate,Verified LinkedIn Company Page,,N/A - genuine company page found via user LinkedIn interests/follows,None reported,,,Interests,C2XCEL LLC. Category: Verified LinkedIn Company Page,train
960,Global Public Speaking LLC,https://www.linkedin.com/company/1871529,0,Legitimate,Verified LinkedIn Company Page,,N/A - genuine company page found via user LinkedIn interests/follows,None reported,,,Interests,Global Public Speaking LLC. Category: Verified LinkedIn Company Page,train
961,New Jersey City University,https://www.linkedin.com/company/20293,0,Legitimate,Verified LinkedIn Company Page,,N/A - genuine company page found via user LinkedIn interests/follows,None reported,,,Interests,New Jersey City University. Category: Verified LinkedIn Company Page,val
962,VCU Brandcenter,https://www.linkedin.com/company/1095073,0,Legitimate,Verified LinkedIn Company Page,,N/A - genuine company page found via user LinkedIn interests/follows,None reported,,,Interests,VCU Brandcenter. Category: Verified LinkedIn Company Page,val
963,Accenture,https://www.linkedin.com/company/1033,0,Legitimate,Verified LinkedIn Company Page,,N/A - genuine company page found via user LinkedIn interests/follows,None reported,,,Interests,Accenture. Category: Verified LinkedIn Company Page,train
964,"Consigli Construction Co., Inc.",https://www.linkedin.com/company/73304,0,Legitimate,Verified LinkedIn Company Page,,N/A - genuine company page found via user LinkedIn interests/follows,None reported,,,Interests,"Consigli Construction Co., Inc.. Category: Verified LinkedIn Company Page",test
965,STRV,https://www.linkedin.com/company/638464,0,Legitimate,Verified LinkedIn Company Page,,N/A - genuine company page found via user LinkedIn interests/follows,None reported,,,Interests,STRV. Category: Verified LinkedIn Company Page,val
966,Ilantus Products,https://www.linkedin.com/company/31162,0,Legitimate,Verified LinkedIn Company Page,,N/A - genuine company page found via user LinkedIn interests/follows,None reported,,,Interests,Ilantus Products. Category: Verified LinkedIn Company Page,train
967,Superbet,https://www.linkedin.com/company/1162677,0,Legitimate,Verified LinkedIn Company Page,,N/A - genuine company page found via user LinkedIn interests/follows,None reported,,,Interests,Superbet. Category: Verified LinkedIn Company Page,val
968,Step Change in Safety,https://www.linkedin.com/company/2459381,0,Legitimate,Verified LinkedIn Company Page,,N/A - genuine company page found via user LinkedIn interests/follows,None reported,,,Interests,Step Change in Safety. Category: Verified LinkedIn Company Page,train
969,Dailey,https://www.linkedin.com/company/13733,0,Legitimate,Verified LinkedIn Company Page,,N/A - genuine company page found via user LinkedIn interests/follows,None reported,,,Interests,Dailey. Category: Verified LinkedIn Company Page,train
970,Socially Available by Kiniva Marketing,https://www.linkedin.com/company/67329505,0,Legitimate,Verified LinkedIn Company Page,,N/A - genuine company page found via user LinkedIn interests/follows,None reported,,,Interests,Socially Available by Kiniva Marketing. Category: Verified LinkedIn Company Page,train
971,CMOs & Leaders by Accent Info Media,https://www.linkedin.com/company/40684623,0,Legitimate,Verified LinkedIn Company Page,,N/A - genuine company page found via user LinkedIn interests/follows,None reported,,,Interests,CMOs & Leaders by Accent Info Media. Category: Verified LinkedIn Company Page,train
972,Sichuan University,https://www.linkedin.com/company/15093911,0,Legitimate,Verified LinkedIn Company Page,,N/A - genuine company page found via user LinkedIn interests/follows,None reported,,,Interests,Sichuan University. Category: Verified LinkedIn Company Page,val
973,The Little Clinic,https://www.linkedin.com/company/533823,0,Legitimate,Verified LinkedIn Company Page,,N/A - genuine company page found via user LinkedIn interests/follows,None reported,,,Interests,The Little Clinic. Category: Verified LinkedIn Company Page,train
974,University of Cincinnati,https://www.linkedin.com/company/157339,0,Legitimate,Verified LinkedIn Company Page,,N/A - genuine company page found via user LinkedIn interests/follows,None reported,,,Interests,University of Cincinnati. Category: Verified LinkedIn Company Page,train
975,Alternativas de Salvación Inmobiliaria,https://www.linkedin.com/company/78032188,0,Legitimate,Verified LinkedIn Company Page,,N/A - genuine company page found via user LinkedIn interests/follows,None reported,,,Interests,Alternativas de Salvación Inmobiliaria. Category: Verified LinkedIn Company Page,test
976,BrightSight Speakers,https://www.linkedin.com/company/14818942,0,Legitimate,Verified LinkedIn Company Page,,N/A - genuine company page found via user LinkedIn interests/follows,None reported,,,Interests,BrightSight Speakers. Category: Verified LinkedIn Company Page,test
977,The Digital Learning Studio,https://www.linkedin.com/company/52127231,0,Legitimate,Verified LinkedIn Company Page,,N/A - genuine company page found via user LinkedIn interests/follows,None reported,,,Interests,The Digital Learning Studio. Category: Verified LinkedIn Company Page,val
978,Conscious Inclusion,https://www.linkedin.com/company/65593822,0,Legitimate,Verified LinkedIn Company Page,,N/A - genuine company page found via user LinkedIn interests/follows,None reported,,,Interests,Conscious Inclusion. Category: Verified LinkedIn Company Page,train
979,Aisha Thompkins & Associates,https://www.linkedin.com/company/74895971,0,Legitimate,Verified LinkedIn Company Page,,N/A - genuine company page found via user LinkedIn interests/follows,None reported,,,Interests,Aisha Thompkins & Associates. Category: Verified LinkedIn Company Page,val
980,Amazon Web Services (AWS),https://www.linkedin.com/company/2382910,0,Legitimate,Verified LinkedIn Company Page,,N/A - genuine company page found via user LinkedIn interests/follows,None reported,,,Interests,Amazon Web Services (AWS). Category: Verified LinkedIn Company Page,train
981,Tufts University,https://www.linkedin.com/company/157341,0,Legitimate,Verified LinkedIn Company Page,,N/A - genuine company page found via user LinkedIn interests/follows,None reported,,,Interests,Tufts University. Category: Verified LinkedIn Company Page,train
982,Masha Montage,https://www.linkedin.com/company/68182882,0,Legitimate,Verified LinkedIn Company Page,,N/A - genuine company page found via user LinkedIn interests/follows,None reported,,,Interests,Masha Montage. Category: Verified LinkedIn Company Page,train
983,KPMG Ireland,https://www.linkedin.com/company/409624,0,Legitimate,Verified LinkedIn Company Page,,N/A - genuine company page found via user LinkedIn interests/follows,None reported,,,Interests,KPMG Ireland. Category: Verified LinkedIn Company Page,train
984,Comcast,https://www.linkedin.com/company/1703,0,Legitimate,Verified LinkedIn Company Page,,N/A - genuine company page found via user LinkedIn interests/follows,None reported,,,Interests,Comcast. Category: Verified LinkedIn Company Page,val
985,Structural Search,https://www.linkedin.com/company/18376081,0,Legitimate,Verified LinkedIn Company Page,,N/A - genuine company page found via user LinkedIn interests/follows,None reported,,,Interests,Structural Search. Category: Verified LinkedIn Company Page,train
986,Waze,https://www.linkedin.com/company/379681,0,Legitimate,Verified LinkedIn Company Page,,N/A - genuine company page found via user LinkedIn interests/follows,None reported,,,Interests,Waze. Category: Verified LinkedIn Company Page,train
987,Ms Julia Epiphany,https://www.linkedin.com/company/52120607,0,Legitimate,Verified LinkedIn Company Page,,N/A - genuine company page found via user LinkedIn interests/follows,None reported,,,Interests,Ms Julia Epiphany. Category: Verified LinkedIn Company Page,test
988,VKV Koç Özel İÖO ve Lisesi,https://www.linkedin.com/company/623353,0,Legitimate,Verified LinkedIn Company Page,,N/A - genuine company page found via user LinkedIn interests/follows,None reported,,,Interests,VKV Koç Özel İÖO ve Lisesi. Category: Verified LinkedIn Company Page,train
989,Simons Foundation,https://www.linkedin.com/company/1392000,0,Legitimate,Verified LinkedIn Company Page,,N/A - genuine company page found via user LinkedIn interests/follows,None reported,,,Interests,Simons Foundation. Category: Verified LinkedIn Company Page,train
990,Chief,https://www.linkedin.com/company/11864448,0,Legitimate,Verified LinkedIn Company Page,,N/A - genuine company page found via user LinkedIn interests/follows,None reported,,,Interests,Chief. Category: Verified LinkedIn Company Page,train
991,Wright Beverage Distributing,https://www.linkedin.com/company/6796390,0,Legitimate,Verified LinkedIn Company Page,,N/A - genuine company page found via user LinkedIn interests/follows,None reported,,,Interests,Wright Beverage Distributing. Category: Verified LinkedIn Company Page,train
992,EUWID | Pulp and Paper,https://www.linkedin.com/company/13013731,0,Legitimate,Verified LinkedIn Company Page,,N/A - genuine company page found via user LinkedIn interests/follows,None reported,,,Interests,EUWID | Pulp and Paper. Category: Verified LinkedIn Company Page,train
993,Outside,https://www.linkedin.com/company/21676,0,Legitimate,Verified LinkedIn Company Page,,N/A - genuine company page found via user LinkedIn interests/follows,None reported,,,Interests,Outside. Category: Verified LinkedIn Company Page,val
994,Olive Street Advisers,https://www.linkedin.com/company/27137005,0,Legitimate,Verified LinkedIn Company Page,,N/A - genuine company page found via user LinkedIn interests/follows,None reported,,,Interests,Olive Street Advisers. Category: Verified LinkedIn Company Page,train
995,Gestión de Tiempos INDEX,https://www.linkedin.com/company/64289754,0,Legitimate,Verified LinkedIn Company Page,,N/A - genuine company page found via user LinkedIn interests/follows,None reported,,,Interests,Gestión de Tiempos INDEX. Category: Verified LinkedIn Company Page,train
996,Rajasthan Agricultural University,https://www.linkedin.com/company/8018863,0,Legitimate,Verified LinkedIn Company Page,,N/A - genuine company page found via user LinkedIn interests/follows,None reported,,,Interests,Rajasthan Agricultural University. Category: Verified LinkedIn Company Page,test
997,SwiftLogistics North America,,1,Fake_Scam,Reshipping / Mule Scam,Fabricated Transport Co.,Hires 'Supply Chain Assistant' to receive postal shipments and repackage them overseas.,Reshipping fraud involving identity theft and illicit purchases.,LinkedIn InMail -> WhatsApp,Critical,LinkedIn Fake Company Database,SwiftLogistics North America. Category: Reshipping / Mule Scam. Impersonation target: Fabricated Transport Co.. Modus operandi: Hires 'Supply Chain Assistant' to receive postal shipments and repackage them overseas.. Red flags: Reshipping fraud involving identity theft and illicit purchases.,train
998,Code for Israel,https://www.linkedin.com/company/76546664,0,Legitimate,Verified LinkedIn Company Page,,N/A - genuine company page found via user LinkedIn interests/follows,None reported,,,Interests,Code for Israel. Category: Verified LinkedIn Company Page,test
999,Stanford University Graduate School of Business,https://www.linkedin.com/company/1791,0,Legitimate,Verified LinkedIn Company Page,,N/A - genuine company page found via user LinkedIn interests/follows,None reported,,,Interests,Stanford University Graduate School of Business. Category: Verified LinkedIn Company Page,train
1000,STELIA Aerospace,https://www.linkedin.com/company/543774,0,Legitimate,Verified LinkedIn Company Page,,N/A - genuine company page found via user LinkedIn interests/follows,None reported,,,Interests,STELIA Aerospace. Category: Verified LinkedIn Company Page,test
1001,Compassion Prison Project,https://www.linkedin.com/company/29369647,0,Legitimate,Verified LinkedIn Company Page,,N/A - genuine company page found via user LinkedIn interests/follows,None reported,,,Interests,Compassion Prison Project. Category: Verified LinkedIn Company Page,val
1002,Clerkenwell Health,https://www.linkedin.com/company/75104267,0,Legitimate,Verified LinkedIn Company Page,,N/A - genuine company page found via user LinkedIn interests/follows,None reported,,,Interests,Clerkenwell Health. Category: Verified LinkedIn Company Page,train
1003,Lazy programmer,https://www.linkedin.com/company/42916587,0,Legitimate,Verified LinkedIn Company Page,,N/A - genuine company page found via user LinkedIn interests/follows,None reported,,,Interests,Lazy programmer. Category: Verified LinkedIn Company Page,train
1004,"GovHR USA, GovTempsUSA",https://www.linkedin.com/company/1832221,0,Legitimate,Verified LinkedIn Company Page,,N/A - genuine company page found via user LinkedIn interests/follows,None reported,,,Interests,"GovHR USA, GovTempsUSA. Category: Verified LinkedIn Company Page",train
1005,Veris Insights,https://www.linkedin.com/company/73251499,0,Legitimate,Verified LinkedIn Company Page,,N/A - genuine company page found via user LinkedIn interests/follows,None reported,,,Interests,Veris Insights. Category: Verified LinkedIn Company Page,test
1006,Ohio Department of Education,https://www.linkedin.com/company/3174,0,Legitimate,Verified LinkedIn Company Page,,N/A - genuine company page found via user LinkedIn interests/follows,None reported,,,Interests,Ohio Department of Education. Category: Verified LinkedIn Company Page,train
1007,Advocate Aurora Health,https://www.linkedin.com/company/11787613,0,Legitimate,Verified LinkedIn Company Page,,N/A - genuine company page found via user LinkedIn interests/follows,None reported,,,Interests,Advocate Aurora Health. Category: Verified LinkedIn Company Page,train
1008,In Concert for Cancer,https://www.linkedin.com/company/4866997,0,Legitimate,Verified LinkedIn Company Page,,N/A - genuine company page found via user LinkedIn interests/follows,None reported,,,Interests,In Concert for Cancer. Category: Verified LinkedIn Company Page,train
1009,Bakkavor,https://www.linkedin.com/company/18465,0,Legitimate,Verified LinkedIn Company Page,,N/A - genuine company page found via user LinkedIn interests/follows,None reported,,,Interests,Bakkavor. Category: Verified LinkedIn Company Page,train
1010,Coinbase Institutional,https://www.linkedin.com/company/72067847,0,Legitimate,Verified LinkedIn Company Page,,N/A - genuine company page found via user LinkedIn interests/follows,None reported,,,Interests,Coinbase Institutional. Category: Verified LinkedIn Company Page,train
1011,CrossFirst Bank,https://www.linkedin.com/company/1089247,0,Legitimate,Verified LinkedIn Company Page,,N/A - genuine company page found via user LinkedIn interests/follows,None reported,,,Interests,CrossFirst Bank. Category: Verified LinkedIn Company Page,train
1012,Insurance Search,https://www.linkedin.com/company/18383112,0,Legitimate,Verified LinkedIn Company Page,,N/A - genuine company page found via user LinkedIn interests/follows,None reported,,,Interests,Insurance Search. Category: Verified LinkedIn Company Page,val
1013,Pace University,https://www.linkedin.com/company/7319,0,Legitimate,Verified LinkedIn Company Page,,N/A - genuine company page found via user LinkedIn interests/follows,None reported,,,Interests,Pace University. Category: Verified LinkedIn Company Page,train
1014,Hunter + Sage,https://www.linkedin.com/company/134511,0,Legitimate,Verified LinkedIn Company Page,,N/A - genuine company page found via user LinkedIn interests/follows,None reported,,,Interests,Hunter + Sage. Category: Verified LinkedIn Company Page,val
1015,Deci AI,https://www.linkedin.com/company/34954739,0,Legitimate,Verified LinkedIn Company Page,,N/A - genuine company page found via user LinkedIn interests/follows,None reported,,,Interests,Deci AI. Category: Verified LinkedIn Company Page,val
1016,lg2,https://www.linkedin.com/company/78892,0,Legitimate,Verified LinkedIn Company Page,,N/A - genuine company page found via user LinkedIn interests/follows,None reported,,,Interests,lg2. Category: Verified LinkedIn Company Page,train
1017,Leadership First,https://www.linkedin.com/company/16178205,0,Legitimate,Verified LinkedIn Company Page,,N/A - genuine company page found via user LinkedIn interests/follows,None reported,,,Interests,Leadership First. Category: Verified LinkedIn Company Page,train
1018,Gies College of Business - University of Illinois Urbana-Champaign,https://www.linkedin.com/company/15102067,0,Legitimate,Verified LinkedIn Company Page,,N/A - genuine company page found via user LinkedIn interests/follows,None reported,,,Interests,Gies College of Business - University of Illinois Urbana-Champaign. Category: Verified LinkedIn Company Page,train
1019,FoundersBeta,https://www.linkedin.com/company/26998215,0,Legitimate,Verified LinkedIn Company Page,,N/A - genuine company page found via user LinkedIn interests/follows,None reported,,,Interests,FoundersBeta. Category: Verified LinkedIn Company Page,train
1020,Timber Base GmbH,https://www.linkedin.com/company/13069750,0,Legitimate,Verified LinkedIn Company Page,,N/A - genuine company page found via user LinkedIn interests/follows,None reported,,,Interests,Timber Base GmbH. Category: Verified LinkedIn Company Page,train
1021,Let us Lead,https://www.linkedin.com/company/31099992,0,Legitimate,Verified LinkedIn Company Page,,N/A - genuine company page found via user LinkedIn interests/follows,None reported,,,Interests,Let us Lead. Category: Verified LinkedIn Company Page,train
1022,UpHonest Capital,https://www.linkedin.com/company/13249979,0,Legitimate,Verified LinkedIn Company Page,,N/A - genuine company page found via user LinkedIn interests/follows,None reported,,,Interests,UpHonest Capital. Category: Verified LinkedIn Company Page,val
1023,Kaplan Institute,https://www.linkedin.com/company/18649142,0,Legitimate,Verified LinkedIn Company Page,,N/A - genuine company page found via user LinkedIn interests/follows,None reported,,,Interests,Kaplan Institute. Category: Verified LinkedIn Company Page,train
1024,Munster Rugby,https://www.linkedin.com/company/378091,0,Legitimate,Verified LinkedIn Company Page,,N/A - genuine company page found via user LinkedIn interests/follows,None reported,,,Interests,Munster Rugby. Category: Verified LinkedIn Company Page,train
1025,Loveday & Partners,https://www.linkedin.com/company/9320639,0,Legitimate,Verified LinkedIn Company Page,,N/A - genuine company page found via user LinkedIn interests/follows,None reported,,,Interests,Loveday & Partners. Category: Verified LinkedIn Company Page,train
1026,PMM Music,https://www.linkedin.com/company/2681478,0,Legitimate,Verified LinkedIn Company Page,,N/A - genuine company page found via user LinkedIn interests/follows,None reported,,,Interests,PMM Music. Category: Verified LinkedIn Company Page,test
1027,Alliant International University,https://www.linkedin.com/company/18997,0,Legitimate,Verified LinkedIn Company Page,,N/A - genuine company page found via user LinkedIn interests/follows,None reported,,,Interests,Alliant International University. Category: Verified LinkedIn Company Page,train
1028,Gopuff,https://www.linkedin.com/company/4872230,0,Legitimate,Verified LinkedIn Company Page,,N/A - genuine company page found via user LinkedIn interests/follows,None reported,,,Interests,Gopuff. Category: Verified LinkedIn Company Page,train
1029,My Pure Delivery,https://www.linkedin.com/company/10517319,0,Legitimate,Verified LinkedIn Company Page,,N/A - genuine company page found via user LinkedIn interests/follows,None reported,,,Interests,My Pure Delivery. Category: Verified LinkedIn Company Page,train
1030,John W. Altman Institute for Entrepreneurship,https://www.linkedin.com/company/33183934,0,Legitimate,Verified LinkedIn Company Page,,N/A - genuine company page found via user LinkedIn interests/follows,None reported,,,Interests,John W. Altman Institute for Entrepreneurship. Category: Verified LinkedIn Company Page,train
1031,Informa,https://www.linkedin.com/company/164356,0,Legitimate,Verified LinkedIn Company Page,,N/A - genuine company page found via user LinkedIn interests/follows,None reported,,,Interests,Informa. Category: Verified LinkedIn Company Page,train
1032,Generation W,https://www.linkedin.com/company/10871429,0,Legitimate,Verified LinkedIn Company Page,,N/A - genuine company page found via user LinkedIn interests/follows,None reported,,,Interests,Generation W. Category: Verified LinkedIn Company Page,train
1033,SANS Institute,https://www.linkedin.com/company/14104,0,Legitimate,Verified LinkedIn Company Page,,N/A - genuine company page found via user LinkedIn interests/follows,None reported,,,Interests,SANS Institute. Category: Verified LinkedIn Company Page,train
1034,"Moayyad Law, PLLC",https://www.linkedin.com/company/74750225,0,Legitimate,Verified LinkedIn Company Page,,N/A - genuine company page found via user LinkedIn interests/follows,None reported,,,Interests,"Moayyad Law, PLLC. Category: Verified LinkedIn Company Page",train
1035,Data Science Dojo,https://www.linkedin.com/company/3740012,0,Legitimate,Verified LinkedIn Company Page,,N/A - genuine company page found via user LinkedIn interests/follows,None reported,,,Interests,Data Science Dojo. Category: Verified LinkedIn Company Page,test
1036,United Corporate Housing,https://www.linkedin.com/company/69677212,0,Legitimate,Verified LinkedIn Company Page,,N/A - genuine company page found via user LinkedIn interests/follows,None reported,,,Interests,United Corporate Housing. Category: Verified LinkedIn Company Page,val
1037,American Heart Association,https://www.linkedin.com/company/157306,0,Legitimate,Verified LinkedIn Company Page,,N/A - genuine company page found via user LinkedIn interests/follows,None reported,,,Interests,American Heart Association. Category: Verified LinkedIn Company Page,val
1038,CAREPatrol of Northeast Ohio,https://www.linkedin.com/company/52162877,0,Legitimate,Verified LinkedIn Company Page,,N/A - genuine company page found via user LinkedIn interests/follows,None reported,,,Interests,CAREPatrol of Northeast Ohio. Category: Verified LinkedIn Company Page,train
1039,The Elders Foundation,https://www.linkedin.com/company/9615901,0,Legitimate,Verified LinkedIn Company Page,,N/A - genuine company page found via user LinkedIn interests/follows,None reported,,,Interests,The Elders Foundation. Category: Verified LinkedIn Company Page,train
1040,Tripsero,https://www.linkedin.com/company/65847262,0,Legitimate,Verified LinkedIn Company Page,,N/A - genuine company page found via user LinkedIn interests/follows,None reported,,,Interests,Tripsero. Category: Verified LinkedIn Company Page,train
1041,The Breast Cancer Research Foundation,https://www.linkedin.com/company/95524,0,Legitimate,Verified LinkedIn Company Page,,N/A - genuine company page found via user LinkedIn interests/follows,None reported,,,Interests,The Breast Cancer Research Foundation. Category: Verified LinkedIn Company Page,test
1042,McKenna Long & Aldridge LLP,https://www.linkedin.com/company/12549,0,Legitimate,Verified LinkedIn Company Page,,N/A - genuine company page found via user LinkedIn interests/follows,None reported,,,Interests,McKenna Long & Aldridge LLP. Category: Verified LinkedIn Company Page,train
1043,IGT,https://www.linkedin.com/company/5147,0,Legitimate,Verified LinkedIn Company Page,,N/A - genuine company page found via user LinkedIn interests/follows,None reported,,,Interests,IGT. Category: Verified LinkedIn Company Page,train
1044,The University of Tokyo,https://www.linkedin.com/company/11361,0,Legitimate,Verified LinkedIn Company Page,,N/A - genuine company page found via user LinkedIn interests/follows,None reported,,,Interests,The University of Tokyo. Category: Verified LinkedIn Company Page,train
1045,Blue State,https://www.linkedin.com/company/32391,0,Legitimate,Verified LinkedIn Company Page,,N/A - genuine company page found via user LinkedIn interests/follows,None reported,,,Interests,Blue State. Category: Verified LinkedIn Company Page,train
1046,Billsburg Brewery,https://www.linkedin.com/company/70793631,0,Legitimate,Verified LinkedIn Company Page,,N/A - genuine company page found via user LinkedIn interests/follows,None reported,,,Interests,Billsburg Brewery. Category: Verified LinkedIn Company Page,val
1047,HackerOne,https://www.linkedin.com/company/3043691,0,Legitimate,Verified LinkedIn Company Page,,N/A - genuine company page found via user LinkedIn interests/follows,None reported,,,Interests,HackerOne. Category: Verified LinkedIn Company Page,val
1048,Coveo Qubit.,https://www.linkedin.com/company/768977,0,Legitimate,Verified LinkedIn Company Page,,N/A - genuine company page found via user LinkedIn interests/follows,None reported,,,Interests,Coveo Qubit.. Category: Verified LinkedIn Company Page,train
1049,昆明华扬机械制造有限公司,https://www.linkedin.com/company/29718592,0,Legitimate,Verified LinkedIn Company Page,,N/A - genuine company page found via user LinkedIn interests/follows,None reported,,,Interests,昆明华扬机械制造有限公司. Category: Verified LinkedIn Company Page,train
1050,BFC PARTNERS,https://www.linkedin.com/company/948397,0,Legitimate,Verified LinkedIn Company Page,,N/A - genuine company page found via user LinkedIn interests/follows,None reported,,,Interests,BFC PARTNERS. Category: Verified LinkedIn Company Page,val
1051,Sunshine Sachs Morgan & Lylis,https://www.linkedin.com/company/68894,0,Legitimate,Verified LinkedIn Company Page,,N/A - genuine company page found via user LinkedIn interests/follows,None reported,,,Interests,Sunshine Sachs Morgan & Lylis. Category: Verified LinkedIn Company Page,train
1052,Teach For America,https://www.linkedin.com/company/157314,0,Legitimate,Verified LinkedIn Company Page,,N/A - genuine company page found via user LinkedIn interests/follows,None reported,,,Interests,Teach For America. Category: Verified LinkedIn Company Page,train
1053,Hilco Vision,https://www.linkedin.com/company/1332680,0,Legitimate,Verified LinkedIn Company Page,,N/A - genuine company page found via user LinkedIn interests/follows,None reported,,,Interests,Hilco Vision. Category: Verified LinkedIn Company Page,test
1054,"ICO PROPERTIES, LTD.",https://www.linkedin.com/company/58601773,0,Legitimate,Verified LinkedIn Company Page,,N/A - genuine company page found via user LinkedIn interests/follows,None reported,,,Interests,"ICO PROPERTIES, LTD.. Category: Verified LinkedIn Company Page",val
1055,Sony Music Publishing,https://www.linkedin.com/company/285419,0,Legitimate,Verified LinkedIn Company Page,,N/A - genuine company page found via user LinkedIn interests/follows,None reported,,,Interests,Sony Music Publishing. Category: Verified LinkedIn Company Page,train
1056,恒林家居股份有限公司,https://www.linkedin.com/company/68205581,0,Legitimate,Verified LinkedIn Company Page,,N/A - genuine company page found via user LinkedIn interests/follows,None reported,,,Interests,恒林家居股份有限公司. Category: Verified LinkedIn Company Page,train
1057,Professional Benefits Consultants,https://www.linkedin.com/company/5262664,0,Legitimate,Verified LinkedIn Company Page,,N/A - genuine company page found via user LinkedIn interests/follows,None reported,,,Interests,Professional Benefits Consultants. Category: Verified LinkedIn Company Page,train
1058,University of Vermont,https://www.linkedin.com/company/8706,0,Legitimate,Verified LinkedIn Company Page,,N/A - genuine company page found via user LinkedIn interests/follows,None reported,,,Interests,University of Vermont. Category: Verified LinkedIn Company Page,train
1059,Tennessee Valley Authority,https://www.linkedin.com/company/5848,0,Legitimate,Verified LinkedIn Company Page,,N/A - genuine company page found via user LinkedIn interests/follows,None reported,,,Interests,Tennessee Valley Authority. Category: Verified LinkedIn Company Page,val
1060,Zapier,https://www.linkedin.com/company/2418251,0,Legitimate,Verified LinkedIn Company Page,,N/A - genuine company page found via user LinkedIn interests/follows,None reported,,,Interests,Zapier. Category: Verified LinkedIn Company Page,train
1061,Foster America,https://www.linkedin.com/company/10803245,0,Legitimate,Verified LinkedIn Company Page,,N/A - genuine company page found via user LinkedIn interests/follows,None reported,,,Interests,Foster America. Category: Verified LinkedIn Company Page,train
1062,AutoLeadIQ,https://www.linkedin.com/company/10686823,0,Legitimate,Verified LinkedIn Company Page,,N/A - genuine company page found via user LinkedIn interests/follows,None reported,,,Interests,AutoLeadIQ. Category: Verified LinkedIn Company Page,train
1063,Dixon Hughes Goodman LLP,https://www.linkedin.com/company/11301,0,Legitimate,Verified LinkedIn Company Page,,N/A - genuine company page found via user LinkedIn interests/follows,None reported,,,Interests,Dixon Hughes Goodman LLP. Category: Verified LinkedIn Company Page,train
1064,Center for Strategic and International Studies (CSIS),https://www.linkedin.com/company/9556,0,Legitimate,Verified LinkedIn Company Page,,N/A - genuine company page found via user LinkedIn interests/follows,None reported,,,Interests,Center for Strategic and International Studies (CSIS). Category: Verified LinkedIn Company Page,train
1065,NYU Stern School of Business,https://www.linkedin.com/company/3157,0,Legitimate,Verified LinkedIn Company Page,,N/A - genuine company page found via user LinkedIn interests/follows,None reported,,,Interests,NYU Stern School of Business. Category: Verified LinkedIn Company Page,test
1066,Sibling Revelry Brewing,https://www.linkedin.com/company/10148167,0,Legitimate,Verified LinkedIn Company Page,,N/A - genuine company page found via user LinkedIn interests/follows,None reported,,,Interests,Sibling Revelry Brewing. Category: Verified LinkedIn Company Page,train
1067,CRANE HUB,https://www.linkedin.com/company/74453076,0,Legitimate,Verified LinkedIn Company Page,,N/A - genuine company page found via user LinkedIn interests/follows,None reported,,,Interests,CRANE HUB. Category: Verified LinkedIn Company Page,train
1068,State of New Jersey,https://www.linkedin.com/company/4632,0,Legitimate,Verified LinkedIn Company Page,,N/A - genuine company page found via user LinkedIn interests/follows,None reported,,,Interests,State of New Jersey. Category: Verified LinkedIn Company Page,test
1069,Pennsylvania CPA Foundation,https://www.linkedin.com/company/11798093,0,Legitimate,Verified LinkedIn Company Page,,N/A - genuine company page found via user LinkedIn interests/follows,None reported,,,Interests,Pennsylvania CPA Foundation. Category: Verified LinkedIn Company Page,train
1070,Webster University,https://www.linkedin.com/company/166901,0,Legitimate,Verified LinkedIn Company Page,,N/A - genuine company page found via user LinkedIn interests/follows,None reported,,,Interests,Webster University. Category: Verified LinkedIn Company Page,val
1071,The Julius Maximilians University of Würzburg,https://www.linkedin.com/company/15092565,0,Legitimate,Verified LinkedIn Company Page,,N/A - genuine company page found via user LinkedIn interests/follows,None reported,,,Interests,The Julius Maximilians University of Würzburg. Category: Verified LinkedIn Company Page,train
1072,Investment and Trading Society at Hunter College,https://www.linkedin.com/company/67208333,0,Legitimate,Verified LinkedIn Company Page,,N/A - genuine company page found via user LinkedIn interests/follows,None reported,,,Interests,Investment and Trading Society at Hunter College. Category: Verified LinkedIn Company Page,test
1073,Appel en Eelman | communicatie en veel meer ...,https://www.linkedin.com/company/2636709,0,Legitimate,Verified LinkedIn Company Page,,N/A - genuine company page found via user LinkedIn interests/follows,None reported,,,Interests,Appel en Eelman | communicatie en veel meer .... Category: Verified LinkedIn Company Page,val
1074,Urban Samurai Creative,https://www.linkedin.com/company/19079941,0,Legitimate,Verified LinkedIn Company Page,,N/A - genuine company page found via user LinkedIn interests/follows,None reported,,,Interests,Urban Samurai Creative. Category: Verified LinkedIn Company Page,train
1075,Asian Americans Advancing Justice | AAJC,https://www.linkedin.com/company/1109782,0,Legitimate,Verified LinkedIn Company Page,,N/A - genuine company page found via user LinkedIn interests/follows,None reported,,,Interests,Asian Americans Advancing Justice | AAJC. Category: Verified LinkedIn Company Page,train
1076,Autotask Corporation,https://www.linkedin.com/company/15975,0,Legitimate,Verified LinkedIn Company Page,,N/A - genuine company page found via user LinkedIn interests/follows,None reported,,,Interests,Autotask Corporation. Category: Verified LinkedIn Company Page,train
1077,The SustainabilityX® Magazine,https://www.linkedin.com/company/71511630,0,Legitimate,Verified LinkedIn Company Page,,N/A - genuine company page found via user LinkedIn interests/follows,None reported,,,Interests,The SustainabilityX® Magazine. Category: Verified LinkedIn Company Page,test
1078,ProScribe Content Studio,,1,Fake_Scam,Freelance Work Scam,Fictitious Writing Firm,Extracts comprehensive marketing campaigns from applicants as 'interview test assignments'.,Spec work theft / unpaid marketing deliverables.,LinkedIn Job Ad -> Email,Medium,LinkedIn Fake Company Database,ProScribe Content Studio. Category: Freelance Work Scam. Impersonation target: Fictitious Writing Firm. Modus operandi: Extracts comprehensive marketing campaigns from applicants as 'interview test assignments'.. Red flags: Spec work theft / unpaid marketing deliverables.,test
1079,Massachusetts College of Pharmacy and Health Sciences,https://www.linkedin.com/company/15100301,0,Legitimate,Verified LinkedIn Company Page,,N/A - genuine company page found via user LinkedIn interests/follows,None reported,,,Interests,Massachusetts College of Pharmacy and Health Sciences. Category: Verified LinkedIn Company Page,train
1080,Greensboro Chamber of Commerce,https://www.linkedin.com/company/331348,0,Legitimate,Verified LinkedIn Company Page,,N/A - genuine company page found via user LinkedIn interests/follows,None reported,,,Interests,Greensboro Chamber of Commerce. Category: Verified LinkedIn Company Page,train
1081,Rightmove,https://www.linkedin.com/company/494815,0,Legitimate,Verified LinkedIn Company Page,,N/A - genuine company page found via user LinkedIn interests/follows,None reported,,,Interests,Rightmove. Category: Verified LinkedIn Company Page,val
1082,Band of Coders,https://www.linkedin.com/company/951055,0,Legitimate,Verified LinkedIn Company Page,,N/A - genuine company page found via user LinkedIn interests/follows,None reported,,,Interests,Band of Coders. Category: Verified LinkedIn Company Page,train
1083,Lacoste,https://www.linkedin.com/company/164666,0,Legitimate,Verified LinkedIn Company Page,,N/A - genuine company page found via user LinkedIn interests/follows,None reported,,,Interests,Lacoste. Category: Verified LinkedIn Company Page,train
1084,Grand Endeavor Homes,https://www.linkedin.com/company/10331156,0,Legitimate,Verified LinkedIn Company Page,,N/A - genuine company page found via user LinkedIn interests/follows,None reported,,,Interests,Grand Endeavor Homes. Category: Verified LinkedIn Company Page,test
1085,Shiksha Ek Khoj Foundation,https://www.linkedin.com/company/78835112,0,Legitimate,Verified LinkedIn Company Page,,N/A - genuine company page found via user LinkedIn interests/follows,None reported,,,Interests,Shiksha Ek Khoj Foundation. Category: Verified LinkedIn Company Page,val
1086,Barbara Vercruysse - Empowerment & Kindness Institute,https://www.linkedin.com/company/69022983,0,Legitimate,Verified LinkedIn Company Page,,N/A - genuine company page found via user LinkedIn interests/follows,None reported,,,Interests,Barbara Vercruysse - Empowerment & Kindness Institute. Category: Verified LinkedIn Company Page,train
1087,"Exceling Your Business, LLC (Your Sassy Efficiency Expert, Productivity Consultant)",https://www.linkedin.com/company/2995495,0,Legitimate,Verified LinkedIn Company Page,,N/A - genuine company page found via user LinkedIn interests/follows,None reported,,,Interests,"Exceling Your Business, LLC (Your Sassy Efficiency Expert, Productivity Consultant). Category: Verified LinkedIn Company Page",train
1088,University Academy 92 (UA92),https://www.linkedin.com/company/18254605,0,Legitimate,Verified LinkedIn Company Page,,N/A - genuine company page found via user LinkedIn interests/follows,None reported,,,Interests,University Academy 92 (UA92). Category: Verified LinkedIn Company Page,train
1089,Two Bays Audit and Risk Solutions,https://www.linkedin.com/company/89895243,0,Legitimate,Verified LinkedIn Company Page,,N/A - genuine company page found via user LinkedIn interests/follows,None reported,,,Interests,Two Bays Audit and Risk Solutions. Category: Verified LinkedIn Company Page,train
1090,Stanford GSB Executive Education,https://www.linkedin.com/company/2498967,0,Legitimate,Verified LinkedIn Company Page,,N/A - genuine company page found via user LinkedIn interests/follows,None reported,,,Interests,Stanford GSB Executive Education. Category: Verified LinkedIn Company Page,val
1091,Synapse Cloud Technologies,,1,Fake_Scam,Shell IT Consultancy,Fabricated Cloud Provider,Recruits DevOps engineers; requires payment for exclusive AWS certification voucher upfront.,Fake credentialing scam; retains payment without providing certification or job.,LinkedIn Job Board -> Stripe Link,Medium,LinkedIn Fake Company Database,Synapse Cloud Technologies. Category: Shell IT Consultancy. Impersonation target: Fabricated Cloud Provider. Modus operandi: Recruits DevOps engineers; requires payment for exclusive AWS certification voucher upfront.. Red flags: Fake credentialing scam; retains payment without providing certification or job.,test
1092,American Bar Association Rule of Law Initiative,https://www.linkedin.com/company/860887,0,Legitimate,Verified LinkedIn Company Page,,N/A - genuine company page found via user LinkedIn interests/follows,None reported,,,Interests,American Bar Association Rule of Law Initiative. Category: Verified LinkedIn Company Page,train
1093,CARFAX for Insurers,https://www.linkedin.com/company/39700940,0,Legitimate,Verified LinkedIn Company Page,,N/A - genuine company page found via user LinkedIn interests/follows,None reported,,,Interests,CARFAX for Insurers. Category: Verified LinkedIn Company Page,test
1094,RCS Global Group,https://www.linkedin.com/company/1578316,0,Legitimate,Verified LinkedIn Company Page,,N/A - genuine company page found via user LinkedIn interests/follows,None reported,,,Interests,RCS Global Group. Category: Verified LinkedIn Company Page,train
1095,AMOREPACIFIC,https://www.linkedin.com/company/139689,0,Legitimate,Verified LinkedIn Company Page,,N/A - genuine company page found via user LinkedIn interests/follows,None reported,,,Interests,AMOREPACIFIC. Category: Verified LinkedIn Company Page,val
1096,OECD.AI,https://www.linkedin.com/company/68263638,0,Legitimate,Verified LinkedIn Company Page,,N/A - genuine company page found via user LinkedIn interests/follows,None reported,,,Interests,OECD.AI. Category: Verified LinkedIn Company Page,val
1097,Predictable Revenue™ Inc.,https://www.linkedin.com/company/2269721,0,Legitimate,Verified LinkedIn Company Page,,N/A - genuine company page found via user LinkedIn interests/follows,None reported,,,Interests,Predictable Revenue™ Inc.. Category: Verified LinkedIn Company Page,train
1098,China Eastern,https://www.linkedin.com/company/3547040,0,Legitimate,Verified LinkedIn Company Page,,N/A - genuine company page found via user LinkedIn interests/follows,None reported,,,Interests,China Eastern. Category: Verified LinkedIn Company Page,train
1099,Perfect Dealership Conference,https://www.linkedin.com/company/34889146,0,Legitimate,Verified LinkedIn Company Page,,N/A - genuine company page found via user LinkedIn interests/follows,None reported,,,Interests,Perfect Dealership Conference. Category: Verified LinkedIn Company Page,val
1100,State Street SPDR ETFs,https://www.linkedin.com/company/3753854,0,Legitimate,Verified LinkedIn Company Page,,N/A - genuine company page found via user LinkedIn interests/follows,None reported,,,Interests,State Street SPDR ETFs. Category: Verified LinkedIn Company Page,train
1101,Black Women Handle Business,https://www.linkedin.com/company/76831003,0,Legitimate,Verified LinkedIn Company Page,,N/A - genuine company page found via user LinkedIn interests/follows,None reported,,,Interests,Black Women Handle Business. Category: Verified LinkedIn Company Page,train
1102,EdjSports,https://www.linkedin.com/company/22335472,0,Legitimate,Verified LinkedIn Company Page,,N/A - genuine company page found via user LinkedIn interests/follows,None reported,,,Interests,EdjSports. Category: Verified LinkedIn Company Page,test
1103,J.ING,https://www.linkedin.com/company/18418532,0,Legitimate,Verified LinkedIn Company Page,,N/A - genuine company page found via user LinkedIn interests/follows,None reported,,,Interests,J.ING. Category: Verified LinkedIn Company Page,train
1104,Keywords Studios,https://www.linkedin.com/company/75147,0,Legitimate,Verified LinkedIn Company Page,,N/A - genuine company page found via user LinkedIn interests/follows,None reported,,,Interests,Keywords Studios. Category: Verified LinkedIn Company Page,train
1105,"Department of the Environment, Climate and Communications",https://www.linkedin.com/company/71105688,0,Legitimate,Verified LinkedIn Company Page,,N/A - genuine company page found via user LinkedIn interests/follows,None reported,,,Interests,"Department of the Environment, Climate and Communications. Category: Verified LinkedIn Company Page",train
1106,"Vans, a VF Company",https://www.linkedin.com/company/166767,0,Legitimate,Verified LinkedIn Company Page,,N/A - genuine company page found via user LinkedIn interests/follows,None reported,,,Interests,"Vans, a VF Company. Category: Verified LinkedIn Company Page",val
1107,"L'OREAL USA S/D, INC.",https://www.linkedin.com/company/57104417,0,Legitimate,Verified LinkedIn Company Page,,N/A - genuine company page found via user LinkedIn interests/follows,None reported,,,Interests,"L'OREAL USA S/D, INC.. Category: Verified LinkedIn Company Page",train
1108,Crowell & Moring London,https://www.linkedin.com/company/51697320,0,Legitimate,Verified LinkedIn Company Page,,N/A - genuine company page found via user LinkedIn interests/follows,None reported,,,Interests,Crowell & Moring London. Category: Verified LinkedIn Company Page,train
1109,Global Freight Forwarding Hub,,1,Fake_Scam,Reshipping / Mule Scam,Fake Logistics Firm,Recruits remote 'Package Inspector'; asks candidate to receive parcels at home and re-ship them.,Involves handling stolen merchandise or fraudulent credit card goods (Money mule).,LinkedIn InMail -> Telegram,Critical,LinkedIn Fake Company Database,Global Freight Forwarding Hub. Category: Reshipping / Mule Scam. Impersonation target: Fake Logistics Firm. Modus operandi: Recruits remote 'Package Inspector'; asks candidate to receive parcels at home and re-ship them.. Red flags: Involves handling stolen merchandise or fraudulent credit card goods (Money mule).,val
1110,Supermark Agency,https://www.linkedin.com/company/13408665,0,Legitimate,Verified LinkedIn Company Page,,N/A - genuine company page found via user LinkedIn interests/follows,None reported,,,Interests,Supermark Agency. Category: Verified LinkedIn Company Page,train
1111,KPMG Women’s PGA Championship,https://www.linkedin.com/company/9208017,0,Legitimate,Verified LinkedIn Company Page,,N/A - genuine company page found via user LinkedIn interests/follows,None reported,,,Interests,KPMG Women’s PGA Championship. Category: Verified LinkedIn Company Page,train
1112,Global Furniture Group,https://www.linkedin.com/company/3178100,0,Legitimate,Verified LinkedIn Company Page,,N/A - genuine company page found via user LinkedIn interests/follows,None reported,,,Interests,Global Furniture Group. Category: Verified LinkedIn Company Page,train
1113,University of Dhaka,https://www.linkedin.com/company/61224,0,Legitimate,Verified LinkedIn Company Page,,N/A - genuine company page found via user LinkedIn interests/follows,None reported,,,Interests,University of Dhaka. Category: Verified LinkedIn Company Page,train
1114,InReach,https://www.linkedin.com/company/6454603,0,Legitimate,Verified LinkedIn Company Page,,N/A - genuine company page found via user LinkedIn interests/follows,None reported,,,Interests,InReach. Category: Verified LinkedIn Company Page,test
1115,House Committee on Energy and Commerce,https://www.linkedin.com/company/6349604,0,Legitimate,Verified LinkedIn Company Page,,N/A - genuine company page found via user LinkedIn interests/follows,None reported,,,Interests,House Committee on Energy and Commerce. Category: Verified LinkedIn Company Page,train
1116,FACEMATTER,https://www.linkedin.com/company/89536351,0,Legitimate,Verified LinkedIn Company Page,,N/A - genuine company page found via user LinkedIn interests/follows,None reported,,,Interests,FACEMATTER. Category: Verified LinkedIn Company Page,train
1117,Cook Children's Health Care System,https://www.linkedin.com/company/34583,0,Legitimate,Verified LinkedIn Company Page,,N/A - genuine company page found via user LinkedIn interests/follows,None reported,,,Interests,Cook Children's Health Care System. Category: Verified LinkedIn Company Page,train
1118,Equality California,https://www.linkedin.com/company/44323,0,Legitimate,Verified LinkedIn Company Page,,N/A - genuine company page found via user LinkedIn interests/follows,None reported,,,Interests,Equality California. Category: Verified LinkedIn Company Page,train
1119,J.M. Huber Corporation,https://www.linkedin.com/company/8129,0,Legitimate,Verified LinkedIn Company Page,,N/A - genuine company page found via user LinkedIn interests/follows,None reported,,,Interests,J.M. Huber Corporation. Category: Verified LinkedIn Company Page,val
1120,Dharma's Love LLC,https://www.linkedin.com/company/68335779,0,Legitimate,Verified LinkedIn Company Page,,N/A - genuine company page found via user LinkedIn interests/follows,None reported,,,Interests,Dharma's Love LLC. Category: Verified LinkedIn Company Page,train
1121,Regulatory Affairs Professionals Society (RAPS),https://www.linkedin.com/company/306225,0,Legitimate,Verified LinkedIn Company Page,,N/A - genuine company page found via user LinkedIn interests/follows,None reported,,,Interests,Regulatory Affairs Professionals Society (RAPS). Category: Verified LinkedIn Company Page,train
1122,Flexport,https://www.linkedin.com/company/3131483,0,Legitimate,Verified LinkedIn Company Page,,N/A - genuine company page found via user LinkedIn interests/follows,None reported,,,Interests,Flexport. Category: Verified LinkedIn Company Page,train
1123,PatPat 招募,https://www.linkedin.com/company/74741970,0,Legitimate,Verified LinkedIn Company Page,,N/A - genuine company page found via user LinkedIn interests/follows,None reported,,,Interests,PatPat 招募. Category: Verified LinkedIn Company Page,test
1124,INSPIRE|LAUGH|LEARN,https://www.linkedin.com/company/76539852,0,Legitimate,Verified LinkedIn Company Page,,N/A - genuine company page found via user LinkedIn interests/follows,None reported,,,Interests,INSPIRE|LAUGH|LEARN. Category: Verified LinkedIn Company Page,train
1125,The Penki Kontinentai Group,https://www.linkedin.com/company/367311,0,Legitimate,Verified LinkedIn Company Page,,N/A - genuine company page found via user LinkedIn interests/follows,None reported,,,Interests,The Penki Kontinentai Group. Category: Verified LinkedIn Company Page,train
1126,Salomon,https://www.linkedin.com/company/165824,0,Legitimate,Verified LinkedIn Company Page,,N/A - genuine company page found via user LinkedIn interests/follows,None reported,,,Interests,Salomon. Category: Verified LinkedIn Company Page,train
1127,Fleet Complete,https://www.linkedin.com/company/100383,0,Legitimate,Verified LinkedIn Company Page,,N/A - genuine company page found via user LinkedIn interests/follows,None reported,,,Interests,Fleet Complete. Category: Verified LinkedIn Company Page,val
1128,GRS,https://www.linkedin.com/company/799526,0,Legitimate,Verified LinkedIn Company Page,,N/A - genuine company page found via user LinkedIn interests/follows,None reported,,,Interests,GRS. Category: Verified LinkedIn Company Page,test
1129,Dynamic Binary Options Hub,,1,Fake_Scam,Investment Scam Disguised as Job,Fabricated Trading Platform,Hires remote binary option analysts; requires candidate to trade using personal bank funds.,Binary options investment scam.,LinkedIn DM -> Trading App,Critical,LinkedIn Fake Company Database,Dynamic Binary Options Hub. Category: Investment Scam Disguised as Job. Impersonation target: Fabricated Trading Platform. Modus operandi: Hires remote binary option analysts; requires candidate to trade using personal bank funds.. Red flags: Binary options investment scam.,train
1130,Salesforce CRM Cloud Partners,,1,Fake_Scam,Enterprise Impersonation,"Salesforce, Inc.",Offers remote CRM consultant roles; requires purchasing training course on external domain.,Domain spoofing (@salesforce-partner-portal.com); selling low-quality course.,LinkedIn InMail -> Training Site,Medium,LinkedIn Fake Company Database,"Salesforce CRM Cloud Partners. Category: Enterprise Impersonation. Impersonation target: Salesforce, Inc.. Modus operandi: Offers remote CRM consultant roles; requires purchasing training course on external domain.. Red flags: Domain spoofing (@salesforce-partner-portal.com); selling low-quality course.",train
1131,Paul Bridges Group HR Executive Search,https://www.linkedin.com/company/68670227,0,Legitimate,Verified LinkedIn Company Page,,N/A - genuine company page found via user LinkedIn interests/follows,None reported,,,Interests,Paul Bridges Group HR Executive Search. Category: Verified LinkedIn Company Page,val
1132,Mindmaven,https://www.linkedin.com/company/1474538,0,Legitimate,Verified LinkedIn Company Page,,N/A - genuine company page found via user LinkedIn interests/follows,None reported,,,Interests,Mindmaven. Category: Verified LinkedIn Company Page,test
1133,Spencer Fane LLP,https://www.linkedin.com/company/50386,0,Legitimate,Verified LinkedIn Company Page,,N/A - genuine company page found via user LinkedIn interests/follows,None reported,,,Interests,Spencer Fane LLP. Category: Verified LinkedIn Company Page,train
1134,FFL Partners,https://www.linkedin.com/company/75110,0,Legitimate,Verified LinkedIn Company Page,,N/A - genuine company page found via user LinkedIn interests/follows,None reported,,,Interests,FFL Partners. Category: Verified LinkedIn Company Page,val
1135,ADAPT.legal,https://www.linkedin.com/company/80839115,0,Legitimate,Verified LinkedIn Company Page,,N/A - genuine company page found via user LinkedIn interests/follows,None reported,,,Interests,ADAPT.legal. Category: Verified LinkedIn Company Page,val
1136,Structured Communication Systems,https://www.linkedin.com/company/71417,0,Legitimate,Verified LinkedIn Company Page,,N/A - genuine company page found via user LinkedIn interests/follows,None reported,,,Interests,Structured Communication Systems. Category: Verified LinkedIn Company Page,train
1137,Cenário Capital,https://www.linkedin.com/company/1008724,0,Legitimate,Verified LinkedIn Company Page,,N/A - genuine company page found via user LinkedIn interests/follows,None reported,,,Interests,Cenário Capital. Category: Verified LinkedIn Company Page,train
1138,Supply Chain,https://www.linkedin.com/company/4992434,0,Legitimate,Verified LinkedIn Company Page,,N/A - genuine company page found via user LinkedIn interests/follows,None reported,,,Interests,Supply Chain. Category: Verified LinkedIn Company Page,val
1139,"Keker, Van Nest & Peters LLP",https://www.linkedin.com/company/42659,0,Legitimate,Verified LinkedIn Company Page,,N/A - genuine company page found via user LinkedIn interests/follows,None reported,,,Interests,"Keker, Van Nest & Peters LLP. Category: Verified LinkedIn Company Page",train
1140,Rockwell Collins,https://www.linkedin.com/company/3959,0,Legitimate,Verified LinkedIn Company Page,,N/A - genuine company page found via user LinkedIn interests/follows,None reported,,,Interests,Rockwell Collins. Category: Verified LinkedIn Company Page,test
1141,"Birdseye Renewable Energy, a Dominion Energy Company",https://www.linkedin.com/company/17900327,0,Legitimate,Verified LinkedIn Company Page,,N/A - genuine company page found via user LinkedIn interests/follows,None reported,,,Interests,"Birdseye Renewable Energy, a Dominion Energy Company. Category: Verified LinkedIn Company Page",test
1142,Rapchr,https://www.linkedin.com/company/79439429,0,Legitimate,Verified LinkedIn Company Page,,N/A - genuine company page found via user LinkedIn interests/follows,None reported,,,Interests,Rapchr. Category: Verified LinkedIn Company Page,train
1143,REA Spratt,https://www.linkedin.com/company/42960322,0,Legitimate,Verified LinkedIn Company Page,,N/A - genuine company page found via user LinkedIn interests/follows,None reported,,,Interests,REA Spratt. Category: Verified LinkedIn Company Page,train
1144,Brown & Brown Insurance,https://www.linkedin.com/company/7427,0,Legitimate,Verified LinkedIn Company Page,,N/A - genuine company page found via user LinkedIn interests/follows,None reported,,,Interests,Brown & Brown Insurance. Category: Verified LinkedIn Company Page,train
1145,"Robertson Companies, LLC",https://www.linkedin.com/company/11328609,0,Legitimate,Verified LinkedIn Company Page,,N/A - genuine company page found via user LinkedIn interests/follows,None reported,,,Interests,"Robertson Companies, LLC. Category: Verified LinkedIn Company Page",train
1146,Not Going To Uni,https://www.linkedin.com/company/1215491,0,Legitimate,Verified LinkedIn Company Page,,N/A - genuine company page found via user LinkedIn interests/follows,None reported,,,Interests,Not Going To Uni. Category: Verified LinkedIn Company Page,val
1147,SWTCH,https://www.linkedin.com/company/15219354,0,Legitimate,Verified LinkedIn Company Page,,N/A - genuine company page found via user LinkedIn interests/follows,None reported,,,Interests,SWTCH. Category: Verified LinkedIn Company Page,test
1148,HCA Healthcare,https://www.linkedin.com/company/3626,0,Legitimate,Verified LinkedIn Company Page,,N/A - genuine company page found via user LinkedIn interests/follows,None reported,,,Interests,HCA Healthcare. Category: Verified LinkedIn Company Page,train
1149,Panterra Finance,https://www.linkedin.com/company/37029325,0,Legitimate,Verified LinkedIn Company Page,,N/A - genuine company page found via user LinkedIn interests/follows,None reported,,,Interests,Panterra Finance. Category: Verified LinkedIn Company Page,train
1150,Southern Oregon University,https://www.linkedin.com/company/19940,0,Legitimate,Verified LinkedIn Company Page,,N/A - genuine company page found via user LinkedIn interests/follows,None reported,,,Interests,Southern Oregon University. Category: Verified LinkedIn Company Page,train
1151,Brisque,https://www.linkedin.com/company/10289133,0,Legitimate,Verified LinkedIn Company Page,,N/A - genuine company page found via user LinkedIn interests/follows,None reported,,,Interests,Brisque. Category: Verified LinkedIn Company Page,val
1152,JobSync,https://www.linkedin.com/company/35698093,0,Legitimate,Verified LinkedIn Company Page,,N/A - genuine company page found via user LinkedIn interests/follows,None reported,,,Interests,JobSync. Category: Verified LinkedIn Company Page,train
1153,Forward Madison FC,https://www.linkedin.com/company/18912384,0,Legitimate,Verified LinkedIn Company Page,,N/A - genuine company page found via user LinkedIn interests/follows,None reported,,,Interests,Forward Madison FC. Category: Verified LinkedIn Company Page,train
1154,SAM Seamless Network,https://www.linkedin.com/company/18234328,0,Legitimate,Verified LinkedIn Company Page,,N/A - genuine company page found via user LinkedIn interests/follows,None reported,,,Interests,SAM Seamless Network. Category: Verified LinkedIn Company Page,val
1155,"University of Tennessee, Knoxville",https://www.linkedin.com/company/15102289,0,Legitimate,Verified LinkedIn Company Page,,N/A - genuine company page found via user LinkedIn interests/follows,None reported,,,Interests,"University of Tennessee, Knoxville. Category: Verified LinkedIn Company Page",test
1156,Sports Business Journal,https://www.linkedin.com/company/226644,0,Legitimate,Verified LinkedIn Company Page,,N/A - genuine company page found via user LinkedIn interests/follows,None reported,,,Interests,Sports Business Journal. Category: Verified LinkedIn Company Page,train
1157,SKU,https://www.linkedin.com/company/2882382,0,Legitimate,Verified LinkedIn Company Page,,N/A - genuine company page found via user LinkedIn interests/follows,None reported,,,Interests,SKU. Category: Verified LinkedIn Company Page,test
1158,Federal Aviation Administration,https://www.linkedin.com/company/5039,0,Legitimate,Verified LinkedIn Company Page,,N/A - genuine company page found via user LinkedIn interests/follows,None reported,,,Interests,Federal Aviation Administration. Category: Verified LinkedIn Company Page,test
1159,Newcastle High School for Girls,https://www.linkedin.com/company/37229795,0,Legitimate,Verified LinkedIn Company Page,,N/A - genuine company page found via user LinkedIn interests/follows,None reported,,,Interests,Newcastle High School for Girls. Category: Verified LinkedIn Company Page,train
1160,University of Minnesota,https://www.linkedin.com/company/3181,0,Legitimate,Verified LinkedIn Company Page,,N/A - genuine company page found via user LinkedIn interests/follows,None reported,,,Interests,University of Minnesota. Category: Verified LinkedIn Company Page,train
1161,"EMD Serono, Inc.",https://www.linkedin.com/company/4237,0,Legitimate,Verified LinkedIn Company Page,,N/A - genuine company page found via user LinkedIn interests/follows,None reported,,,Interests,"EMD Serono, Inc.. Category: Verified LinkedIn Company Page",train
1162,Starks Media 🎥,https://www.linkedin.com/company/9309594,0,Legitimate,Verified LinkedIn Company Page,,N/A - genuine company page found via user LinkedIn interests/follows,None reported,,,Interests,Starks Media 🎥. Category: Verified LinkedIn Company Page,train
1163,University of Chicago,https://www.linkedin.com/company/3881,0,Legitimate,Verified LinkedIn Company Page,,N/A - genuine company page found via user LinkedIn interests/follows,None reported,,,Interests,University of Chicago. Category: Verified LinkedIn Company Page,train
1164,Rezo Therapeutics,https://www.linkedin.com/company/89774341,0,Legitimate,Verified LinkedIn Company Page,,N/A - genuine company page found via user LinkedIn interests/follows,None reported,,,Interests,Rezo Therapeutics. Category: Verified LinkedIn Company Page,test
1165,D-Data,https://www.linkedin.com/company/53124246,0,Legitimate,Verified LinkedIn Company Page,,N/A - genuine company page found via user LinkedIn interests/follows,None reported,,,Interests,D-Data. Category: Verified LinkedIn Company Page,test
1166,Osmania University,https://www.linkedin.com/company/15094382,0,Legitimate,Verified LinkedIn Company Page,,N/A - genuine company page found via user LinkedIn interests/follows,None reported,,,Interests,Osmania University. Category: Verified LinkedIn Company Page,val
1167,"Complete Capital Services, Inc.",https://www.linkedin.com/company/604298,0,Legitimate,Verified LinkedIn Company Page,,N/A - genuine company page found via user LinkedIn interests/follows,None reported,,,Interests,"Complete Capital Services, Inc.. Category: Verified LinkedIn Company Page",train
1168,Belkasoft,https://www.linkedin.com/company/1074685,0,Legitimate,Verified LinkedIn Company Page,,N/A - genuine company page found via user LinkedIn interests/follows,None reported,,,Interests,Belkasoft. Category: Verified LinkedIn Company Page,test
1169,Connector by Granite,https://www.linkedin.com/company/1910386,0,Legitimate,Verified LinkedIn Company Page,,N/A - genuine company page found via user LinkedIn interests/follows,None reported,,,Interests,Connector by Granite. Category: Verified LinkedIn Company Page,val
1170,Category Pirates,https://www.linkedin.com/company/71624742,0,Legitimate,Verified LinkedIn Company Page,,N/A - genuine company page found via user LinkedIn interests/follows,None reported,,,Interests,Category Pirates. Category: Verified LinkedIn Company Page,train
1171,JLL's Hotels & Hospitality Group,https://www.linkedin.com/company/3177,0,Legitimate,Verified LinkedIn Company Page,,N/A - genuine company page found via user LinkedIn interests/follows,None reported,,,Interests,JLL's Hotels & Hospitality Group. Category: Verified LinkedIn Company Page,train
1172,VTH Solutions,https://www.linkedin.com/company/16268601,0,Legitimate,Verified LinkedIn Company Page,,N/A - genuine company page found via user LinkedIn interests/follows,None reported,,,Interests,VTH Solutions. Category: Verified LinkedIn Company Page,train
1173,Cognitiv,https://www.linkedin.com/company/6584997,0,Legitimate,Verified LinkedIn Company Page,,N/A - genuine company page found via user LinkedIn interests/follows,None reported,,,Interests,Cognitiv. Category: Verified LinkedIn Company Page,train
1174,vendor registry powered by mdf commerce,https://www.linkedin.com/company/3218345,0,Legitimate,Verified LinkedIn Company Page,,N/A - genuine company page found via user LinkedIn interests/follows,None reported,,,Interests,vendor registry powered by mdf commerce. Category: Verified LinkedIn Company Page,val
1175,LAV8 CBD,https://www.linkedin.com/company/67542335,0,Legitimate,Verified LinkedIn Company Page,,N/A - genuine company page found via user LinkedIn interests/follows,None reported,,,Interests,LAV8 CBD. Category: Verified LinkedIn Company Page,val
1176,Achievers,https://www.linkedin.com/company/2314366,0,Legitimate,Verified LinkedIn Company Page,,N/A - genuine company page found via user LinkedIn interests/follows,None reported,,,Interests,Achievers. Category: Verified LinkedIn Company Page,test
1177,Vaccitech,https://www.linkedin.com/company/10815501,0,Legitimate,Verified LinkedIn Company Page,,N/A - genuine company page found via user LinkedIn interests/follows,None reported,,,Interests,Vaccitech. Category: Verified LinkedIn Company Page,train
1178,FiscalNote Executive Institute,https://www.linkedin.com/company/68235189,0,Legitimate,Verified LinkedIn Company Page,,N/A - genuine company page found via user LinkedIn interests/follows,None reported,,,Interests,FiscalNote Executive Institute. Category: Verified LinkedIn Company Page,train
1179,Seguros GNP Asesoria Personalizada,https://www.linkedin.com/company/81878884,0,Legitimate,Verified LinkedIn Company Page,,N/A - genuine company page found via user LinkedIn interests/follows,None reported,,,Interests,Seguros GNP Asesoria Personalizada. Category: Verified LinkedIn Company Page,train
1180,Northside Hospital,https://www.linkedin.com/company/16182,0,Legitimate,Verified LinkedIn Company Page,,N/A - genuine company page found via user LinkedIn interests/follows,None reported,,,Interests,Northside Hospital. Category: Verified LinkedIn Company Page,train
1181,Siemens,https://www.linkedin.com/company/1043,0,Legitimate,Verified LinkedIn Company Page,,N/A - genuine company page found via user LinkedIn interests/follows,None reported,,,Interests,Siemens. Category: Verified LinkedIn Company Page,train
1182,340B Health,https://www.linkedin.com/company/888839,0,Legitimate,Verified LinkedIn Company Page,,N/A - genuine company page found via user LinkedIn interests/follows,None reported,,,Interests,340B Health. Category: Verified LinkedIn Company Page,train
1183,BMO,https://www.linkedin.com/company/2587,0,Legitimate,Verified LinkedIn Company Page,,N/A - genuine company page found via user LinkedIn interests/follows,None reported,,,Interests,BMO. Category: Verified LinkedIn Company Page,train
1184,Proagrica,https://www.linkedin.com/company/15178464,0,Legitimate,Verified LinkedIn Company Page,,N/A - genuine company page found via user LinkedIn interests/follows,None reported,,,Interests,Proagrica. Category: Verified LinkedIn Company Page,train
1185,Federal Bar Association,https://www.linkedin.com/company/114338,0,Legitimate,Verified LinkedIn Company Page,,N/A - genuine company page found via user LinkedIn interests/follows,None reported,,,Interests,Federal Bar Association. Category: Verified LinkedIn Company Page,train
1186,Circles,https://www.linkedin.com/company/34595189,0,Legitimate,Verified LinkedIn Company Page,,N/A - genuine company page found via user LinkedIn interests/follows,None reported,,,Interests,Circles. Category: Verified LinkedIn Company Page,train
1187,UniversitÃ© Paris Nanterre,https://www.linkedin.com/company/352250,0,Legitimate,Verified LinkedIn Company Page,,N/A - genuine company page found via user LinkedIn interests/follows,None reported,,,Interests,UniversitÃ© Paris Nanterre. Category: Verified LinkedIn Company Page,val
1188,Nanyang Technological University Singapore,https://www.linkedin.com/company/165091,0,Legitimate,Verified LinkedIn Company Page,,N/A - genuine company page found via user LinkedIn interests/follows,None reported,,,Interests,Nanyang Technological University Singapore. Category: Verified LinkedIn Company Page,train
1189,MediBeacon Inc.,https://www.linkedin.com/company/9968703,0,Legitimate,Verified LinkedIn Company Page,,N/A - genuine company page found via user LinkedIn interests/follows,None reported,,,Interests,MediBeacon Inc.. Category: Verified LinkedIn Company Page,train
1190,The Mulberry Bush,https://www.linkedin.com/company/2659238,0,Legitimate,Verified LinkedIn Company Page,,N/A - genuine company page found via user LinkedIn interests/follows,None reported,,,Interests,The Mulberry Bush. Category: Verified LinkedIn Company Page,test
1191,Woman Leaders,https://www.linkedin.com/company/40654026,0,Legitimate,Verified LinkedIn Company Page,,N/A - genuine company page found via user LinkedIn interests/follows,None reported,,,Interests,Woman Leaders. Category: Verified LinkedIn Company Page,train
1192,Dell Technologies,https://www.linkedin.com/company/15088102,0,Legitimate,Verified LinkedIn Company Page,,N/A - genuine company page found via user LinkedIn interests/follows,None reported,,,Interests,Dell Technologies. Category: Verified LinkedIn Company Page,test
1193,Foothill College,https://www.linkedin.com/company/10041,0,Legitimate,Verified LinkedIn Company Page,,N/A - genuine company page found via user LinkedIn interests/follows,None reported,,,Interests,Foothill College. Category: Verified LinkedIn Company Page,train
1194,Museum of Contemporary Art Chicago,https://www.linkedin.com/company/2340898,0,Legitimate,Verified LinkedIn Company Page,,N/A - genuine company page found via user LinkedIn interests/follows,None reported,,,Interests,Museum of Contemporary Art Chicago. Category: Verified LinkedIn Company Page,train
1195,Macerich,https://www.linkedin.com/company/15929,0,Legitimate,Verified LinkedIn Company Page,,N/A - genuine company page found via user LinkedIn interests/follows,None reported,,,Interests,Macerich. Category: Verified LinkedIn Company Page,train
1196,Chesapeake Analytics,https://www.linkedin.com/company/76419629,0,Legitimate,Verified LinkedIn Company Page,,N/A - genuine company page found via user LinkedIn interests/follows,None reported,,,Interests,Chesapeake Analytics. Category: Verified LinkedIn Company Page,train
1197,Cornell Capital LLC,https://www.linkedin.com/company/11144726,0,Legitimate,Verified LinkedIn Company Page,,N/A - genuine company page found via user LinkedIn interests/follows,None reported,,,Interests,Cornell Capital LLC. Category: Verified LinkedIn Company Page,train
1198,ADT,https://www.linkedin.com/company/162293,0,Legitimate,Verified LinkedIn Company Page,,N/A - genuine company page found via user LinkedIn interests/follows,None reported,,,Interests,ADT. Category: Verified LinkedIn Company Page,train
1199,Muse Diagnostics,https://www.linkedin.com/company/13198024,0,Legitimate,Verified LinkedIn Company Page,,N/A - genuine company page found via user LinkedIn interests/follows,None reported,,,Interests,Muse Diagnostics. Category: Verified LinkedIn Company Page,train
1200,symplr Lean Human Capital,https://www.linkedin.com/company/491582,0,Legitimate,Verified LinkedIn Company Page,,N/A - genuine company page found via user LinkedIn interests/follows,None reported,,,Interests,symplr Lean Human Capital. Category: Verified LinkedIn Company Page,train
1201,Orderchamp,https://www.linkedin.com/company/12980891,0,Legitimate,Verified LinkedIn Company Page,,N/A - genuine company page found via user LinkedIn interests/follows,None reported,,,Interests,Orderchamp. Category: Verified LinkedIn Company Page,train
1202,OOH Pitch,https://www.linkedin.com/company/130284,0,Legitimate,Verified LinkedIn Company Page,,N/A - genuine company page found via user LinkedIn interests/follows,None reported,,,Interests,OOH Pitch. Category: Verified LinkedIn Company Page,val
1203,Apex Executive Search Partners,,1,Fake_Scam,Ghost Staffing Agency,Fake Search Firm,Gathers C-level resumes to compile corporate org charts and executive contacts for resale.,Corporate intelligence gathering under the guise of headhunting.,LinkedIn InMail -> Form,Low,LinkedIn Fake Company Database,Apex Executive Search Partners. Category: Ghost Staffing Agency. Impersonation target: Fake Search Firm. Modus operandi: Gathers C-level resumes to compile corporate org charts and executive contacts for resale.. Red flags: Corporate intelligence gathering under the guise of headhunting.,train
1204,Emirates Dubai 7s,https://www.linkedin.com/company/1620563,0,Legitimate,Verified LinkedIn Company Page,,N/A - genuine company page found via user LinkedIn interests/follows,None reported,,,Interests,Emirates Dubai 7s. Category: Verified LinkedIn Company Page,train
1205,Tastry,https://www.linkedin.com/company/18728356,0,Legitimate,Verified LinkedIn Company Page,,N/A - genuine company page found via user LinkedIn interests/follows,None reported,,,Interests,Tastry. Category: Verified LinkedIn Company Page,train
1206,HRsource,https://www.linkedin.com/company/980480,0,Legitimate,Verified LinkedIn Company Page,,N/A - genuine company page found via user LinkedIn interests/follows,None reported,,,Interests,HRsource. Category: Verified LinkedIn Company Page,train
1207,Global X ETFs,https://www.linkedin.com/company/232580,0,Legitimate,Verified LinkedIn Company Page,,N/A - genuine company page found via user LinkedIn interests/follows,None reported,,,Interests,Global X ETFs. Category: Verified LinkedIn Company Page,train
1208,HAC'KP Kerala Police Cyberdome,https://www.linkedin.com/company/68245661,0,Legitimate,Verified LinkedIn Company Page,,N/A - genuine company page found via user LinkedIn interests/follows,None reported,,,Interests,HAC'KP Kerala Police Cyberdome. Category: Verified LinkedIn Company Page,train
1209,Fidelity Investments,https://www.linkedin.com/company/1307,0,Legitimate,Verified LinkedIn Company Page,,N/A - genuine company page found via user LinkedIn interests/follows,None reported,,,Interests,Fidelity Investments. Category: Verified LinkedIn Company Page,train
1210,Wilmington Trust,https://www.linkedin.com/company/166943,0,Legitimate,Verified LinkedIn Company Page,,N/A - genuine company page found via user LinkedIn interests/follows,None reported,,,Interests,Wilmington Trust. Category: Verified LinkedIn Company Page,train
1211,Common Experience at Texas State,https://www.linkedin.com/company/29054391,0,Legitimate,Verified LinkedIn Company Page,,N/A - genuine company page found via user LinkedIn interests/follows,None reported,,,Interests,Common Experience at Texas State. Category: Verified LinkedIn Company Page,train
1212,NYS Office of Alcoholism and Substance Abuse Services,https://www.linkedin.com/company/502602,0,Legitimate,Verified LinkedIn Company Page,,N/A - genuine company page found via user LinkedIn interests/follows,None reported,,,Interests,NYS Office of Alcoholism and Substance Abuse Services. Category: Verified LinkedIn Company Page,train
1213,"Shen Ge Technology Co.,Ltd",https://www.linkedin.com/company/702201,0,Legitimate,Verified LinkedIn Company Page,,N/A - genuine company page found via user LinkedIn interests/follows,None reported,,,Interests,"Shen Ge Technology Co.,Ltd. Category: Verified LinkedIn Company Page",train
1214,Schunk Moreland Strategies,https://www.linkedin.com/company/40716219,0,Legitimate,Verified LinkedIn Company Page,,N/A - genuine company page found via user LinkedIn interests/follows,None reported,,,Interests,Schunk Moreland Strategies. Category: Verified LinkedIn Company Page,train
1215,Netflix,https://www.linkedin.com/company/165158,0,Legitimate,Verified LinkedIn Company Page,,N/A - genuine company page found via user LinkedIn interests/follows,None reported,,,Interests,Netflix. Category: Verified LinkedIn Company Page,val
1216,Contguard,https://www.linkedin.com/company/5047126,0,Legitimate,Verified LinkedIn Company Page,,N/A - genuine company page found via user LinkedIn interests/follows,None reported,,,Interests,Contguard. Category: Verified LinkedIn Company Page,val
1217,Jessica Kennedy Coaching LLC,https://www.linkedin.com/company/75580842,0,Legitimate,Verified LinkedIn Company Page,,N/A - genuine company page found via user LinkedIn interests/follows,None reported,,,Interests,Jessica Kennedy Coaching LLC. Category: Verified LinkedIn Company Page,train
1218,"Cassava Sciences, Inc.",https://www.linkedin.com/company/84479,0,Legitimate,Verified LinkedIn Company Page,,N/A - genuine company page found via user LinkedIn interests/follows,None reported,,,Interests,"Cassava Sciences, Inc.. Category: Verified LinkedIn Company Page",train
1219,LewisGale Physicians,https://www.linkedin.com/company/35563655,0,Legitimate,Verified LinkedIn Company Page,,N/A - genuine company page found via user LinkedIn interests/follows,None reported,,,Interests,LewisGale Physicians. Category: Verified LinkedIn Company Page,train
1220,Dune Asset Management,https://www.linkedin.com/company/82357918,0,Legitimate,Verified LinkedIn Company Page,,N/A - genuine company page found via user LinkedIn interests/follows,None reported,,,Interests,Dune Asset Management. Category: Verified LinkedIn Company Page,val
1221,IBM Enterprise Cloud Scouts,,1,Fake_Scam,Enterprise Impersonation,IBM Corporation,Conducts chat interview on Telegram; provides fake onboarding portal collecting PII.,Phishing for Social Security Numbers and passport copies.,LinkedIn Outreach -> Telegram,High,LinkedIn Fake Company Database,IBM Enterprise Cloud Scouts. Category: Enterprise Impersonation. Impersonation target: IBM Corporation. Modus operandi: Conducts chat interview on Telegram; provides fake onboarding portal collecting PII.. Red flags: Phishing for Social Security Numbers and passport copies.,test
1222,University of Windsor,https://www.linkedin.com/company/14123,0,Legitimate,Verified LinkedIn Company Page,,N/A - genuine company page found via user LinkedIn interests/follows,None reported,,,Interests,University of Windsor. Category: Verified LinkedIn Company Page,train
1223,Epic Games,https://www.linkedin.com/company/19327,0,Legitimate,Verified LinkedIn Company Page,,N/A - genuine company page found via user LinkedIn interests/follows,None reported,,,Interests,Epic Games. Category: Verified LinkedIn Company Page,train
1224,Intel Microchip Careers Desk,,1,Fake_Scam,Enterprise Impersonation,Intel Corporation,Offers hardware documentation roles; requires purchasing secure communication phone from partner.,Scam hardware store operated by fraudsters.,LinkedIn Message -> Web Store,High,LinkedIn Fake Company Database,Intel Microchip Careers Desk. Category: Enterprise Impersonation. Impersonation target: Intel Corporation. Modus operandi: Offers hardware documentation roles; requires purchasing secure communication phone from partner.. Red flags: Scam hardware store operated by fraudsters.,val
1225,ASIS International,https://www.linkedin.com/company/30614,0,Legitimate,Verified LinkedIn Company Page,,N/A - genuine company page found via user LinkedIn interests/follows,None reported,,,Interests,ASIS International. Category: Verified LinkedIn Company Page,train
1226,Female Founders Fund,https://www.linkedin.com/company/9412282,0,Legitimate,Verified LinkedIn Company Page,,N/A - genuine company page found via user LinkedIn interests/follows,None reported,,,Interests,Female Founders Fund. Category: Verified LinkedIn Company Page,train
1227,Colorado College,https://www.linkedin.com/company/17292,0,Legitimate,Verified LinkedIn Company Page,,N/A - genuine company page found via user LinkedIn interests/follows,None reported,,,Interests,Colorado College. Category: Verified LinkedIn Company Page,train
1228,APL Logistics,https://www.linkedin.com/company/2278459,0,Legitimate,Verified LinkedIn Company Page,,N/A - genuine company page found via user LinkedIn interests/follows,None reported,,,Interests,APL Logistics. Category: Verified LinkedIn Company Page,train
1229,Eads Bridge Holdings,https://www.linkedin.com/company/71609327,0,Legitimate,Verified LinkedIn Company Page,,N/A - genuine company page found via user LinkedIn interests/follows,None reported,,,Interests,Eads Bridge Holdings. Category: Verified LinkedIn Company Page,train
1230,Humanscale,https://www.linkedin.com/company/15038,0,Legitimate,Verified LinkedIn Company Page,,N/A - genuine company page found via user LinkedIn interests/follows,None reported,,,Interests,Humanscale. Category: Verified LinkedIn Company Page,train
1231,Avon,https://www.linkedin.com/company/2614,0,Legitimate,Verified LinkedIn Company Page,,N/A - genuine company page found via user LinkedIn interests/follows,None reported,,,Interests,Avon. Category: Verified LinkedIn Company Page,test
1232,"Factor6, LLC Consulting",https://www.linkedin.com/company/3224837,0,Legitimate,Verified LinkedIn Company Page,,N/A - genuine company page found via user LinkedIn interests/follows,None reported,,,Interests,"Factor6, LLC Consulting. Category: Verified LinkedIn Company Page",train
1233,World Ocean Initiative,https://www.linkedin.com/company/19015121,0,Legitimate,Verified LinkedIn Company Page,,N/A - genuine company page found via user LinkedIn interests/follows,None reported,,,Interests,World Ocean Initiative. Category: Verified LinkedIn Company Page,test
1234,New Name Ministries,https://www.linkedin.com/company/53470070,0,Legitimate,Verified LinkedIn Company Page,,N/A - genuine company page found via user LinkedIn interests/follows,None reported,,,Interests,New Name Ministries. Category: Verified LinkedIn Company Page,val
1235,The Art History Class,https://www.linkedin.com/company/78032675,0,Legitimate,Verified LinkedIn Company Page,,N/A - genuine company page found via user LinkedIn interests/follows,None reported,,,Interests,The Art History Class. Category: Verified LinkedIn Company Page,train
1236,Serhant Media Group,https://www.linkedin.com/company/28536025,0,Legitimate,Verified LinkedIn Company Page,,N/A - genuine company page found via user LinkedIn interests/follows,None reported,,,Interests,Serhant Media Group. Category: Verified LinkedIn Company Page,test
1237,manager magazin,https://www.linkedin.com/company/87049,0,Legitimate,Verified LinkedIn Company Page,,N/A - genuine company page found via user LinkedIn interests/follows,None reported,,,Interests,manager magazin. Category: Verified LinkedIn Company Page,train
1238,Allergy Companions,https://www.linkedin.com/company/73996329,0,Legitimate,Verified LinkedIn Company Page,,N/A - genuine company page found via user LinkedIn interests/follows,None reported,,,Interests,Allergy Companions. Category: Verified LinkedIn Company Page,train
1239,Carbon,https://www.linkedin.com/company/4802576,0,Legitimate,Verified LinkedIn Company Page,,N/A - genuine company page found via user LinkedIn interests/follows,None reported,,,Interests,Carbon. Category: Verified LinkedIn Company Page,val
1240,"Legal Decoder, Inc",https://www.linkedin.com/company/5096170,0,Legitimate,Verified LinkedIn Company Page,,N/A - genuine company page found via user LinkedIn interests/follows,None reported,,,Interests,"Legal Decoder, Inc. Category: Verified LinkedIn Company Page",val
1241,Saint Louis Art Museum,https://www.linkedin.com/company/56501,0,Legitimate,Verified LinkedIn Company Page,,N/A - genuine company page found via user LinkedIn interests/follows,None reported,,,Interests,Saint Louis Art Museum. Category: Verified LinkedIn Company Page,train
1242,Pinnacle Financial Partners,https://www.linkedin.com/company/37854,0,Legitimate,Verified LinkedIn Company Page,,N/A - genuine company page found via user LinkedIn interests/follows,None reported,,,Interests,Pinnacle Financial Partners. Category: Verified LinkedIn Company Page,train
1243,RIBA,https://www.linkedin.com/company/106985,0,Legitimate,Verified LinkedIn Company Page,,N/A - genuine company page found via user LinkedIn interests/follows,None reported,,,Interests,RIBA. Category: Verified LinkedIn Company Page,train
1244,Harvard Business School,https://www.linkedin.com/company/4867,0,Legitimate,Verified LinkedIn Company Page,,N/A - genuine company page found via user LinkedIn interests/follows,None reported,,,Interests,Harvard Business School. Category: Verified LinkedIn Company Page,train
1245,Kaspien,https://www.linkedin.com/company/68479457,0,Legitimate,Verified LinkedIn Company Page,,N/A - genuine company page found via user LinkedIn interests/follows,None reported,,,Interests,Kaspien. Category: Verified LinkedIn Company Page,train
1246,"NU Borders, LLC",https://www.linkedin.com/company/3771238,0,Legitimate,Verified LinkedIn Company Page,,N/A - genuine company page found via user LinkedIn interests/follows,None reported,,,Interests,"NU Borders, LLC. Category: Verified LinkedIn Company Page",train
1247,FutureCare Health,https://www.linkedin.com/company/1896077,0,Legitimate,Verified LinkedIn Company Page,,N/A - genuine company page found via user LinkedIn interests/follows,None reported,,,Interests,FutureCare Health. Category: Verified LinkedIn Company Page,train
1248,Austmine,https://www.linkedin.com/company/1517941,0,Legitimate,Verified LinkedIn Company Page,,N/A - genuine company page found via user LinkedIn interests/follows,None reported,,,Interests,Austmine. Category: Verified LinkedIn Company Page,val
1249,Columbia Business School Executive Education,https://www.linkedin.com/company/10836471,0,Legitimate,Verified LinkedIn Company Page,,N/A - genuine company page found via user LinkedIn interests/follows,None reported,,,Interests,Columbia Business School Executive Education. Category: Verified LinkedIn Company Page,train
1250,AXION energy,https://www.linkedin.com/company/3100264,0,Legitimate,Verified LinkedIn Company Page,,N/A - genuine company page found via user LinkedIn interests/follows,None reported,,,Interests,AXION energy. Category: Verified LinkedIn Company Page,train
1251,Australian Mining Review,https://www.linkedin.com/company/35457956,0,Legitimate,Verified LinkedIn Company Page,,N/A - genuine company page found via user LinkedIn interests/follows,None reported,,,Interests,Australian Mining Review. Category: Verified LinkedIn Company Page,test
1252,WINT - Water Intelligence,https://www.linkedin.com/company/5062917,0,Legitimate,Verified LinkedIn Company Page,,N/A - genuine company page found via user LinkedIn interests/follows,None reported,,,Interests,WINT - Water Intelligence. Category: Verified LinkedIn Company Page,train
1253,riskCanvas- a Genpact company,https://www.linkedin.com/company/35506291,0,Legitimate,Verified LinkedIn Company Page,,N/A - genuine company page found via user LinkedIn interests/follows,None reported,,,Interests,riskCanvas- a Genpact company. Category: Verified LinkedIn Company Page,train
1254,AECOM Hunt,https://www.linkedin.com/company/1040014,0,Legitimate,Verified LinkedIn Company Page,,N/A - genuine company page found via user LinkedIn interests/follows,None reported,,,Interests,AECOM Hunt. Category: Verified LinkedIn Company Page,val
1255,Allylix,https://www.linkedin.com/company/1336291,0,Legitimate,Verified LinkedIn Company Page,,N/A - genuine company page found via user LinkedIn interests/follows,None reported,,,Interests,Allylix. Category: Verified LinkedIn Company Page,test
1256,Accenture Strategy,https://www.linkedin.com/company/3627218,0,Legitimate,Verified LinkedIn Company Page,,N/A - genuine company page found via user LinkedIn interests/follows,None reported,,,Interests,Accenture Strategy. Category: Verified LinkedIn Company Page,train
1257,Zaynax Health,https://www.linkedin.com/company/70996417,0,Legitimate,Verified LinkedIn Company Page,,N/A - genuine company page found via user LinkedIn interests/follows,None reported,,,Interests,Zaynax Health. Category: Verified LinkedIn Company Page,train
1258,Dentsu Creative US,https://www.linkedin.com/company/86294788,0,Legitimate,Verified LinkedIn Company Page,,N/A - genuine company page found via user LinkedIn interests/follows,None reported,,,Interests,Dentsu Creative US. Category: Verified LinkedIn Company Page,train
1259,UnityPoint Health,https://www.linkedin.com/company/164451,0,Legitimate,Verified LinkedIn Company Page,,N/A - genuine company page found via user LinkedIn interests/follows,None reported,,,Interests,UnityPoint Health. Category: Verified LinkedIn Company Page,train
1260,Reading Partners,https://www.linkedin.com/company/493046,0,Legitimate,Verified LinkedIn Company Page,,N/A - genuine company page found via user LinkedIn interests/follows,None reported,,,Interests,Reading Partners. Category: Verified LinkedIn Company Page,test
1261,Aspire Healthcare,https://www.linkedin.com/company/4086931,0,Legitimate,Verified LinkedIn Company Page,,N/A - genuine company page found via user LinkedIn interests/follows,None reported,,,Interests,Aspire Healthcare. Category: Verified LinkedIn Company Page,train
1262,Latinos for Education,https://www.linkedin.com/company/10857844,0,Legitimate,Verified LinkedIn Company Page,,N/A - genuine company page found via user LinkedIn interests/follows,None reported,,,Interests,Latinos for Education. Category: Verified LinkedIn Company Page,train
1263,HR magazine,https://www.linkedin.com/company/13051957,0,Legitimate,Verified LinkedIn Company Page,,N/A - genuine company page found via user LinkedIn interests/follows,None reported,,,Interests,HR magazine. Category: Verified LinkedIn Company Page,train
1264,Coexisting With AI,https://www.linkedin.com/company/82373280,0,Legitimate,Verified LinkedIn Company Page,,N/A - genuine company page found via user LinkedIn interests/follows,None reported,,,Interests,Coexisting With AI. Category: Verified LinkedIn Company Page,test
1265,TOP Group - Japanese Recruiting Agency,https://www.linkedin.com/company/2039570,0,Legitimate,Verified LinkedIn Company Page,,N/A - genuine company page found via user LinkedIn interests/follows,None reported,,,Interests,TOP Group - Japanese Recruiting Agency. Category: Verified LinkedIn Company Page,val
1266,"The School of Pharmacy, University of London",https://www.linkedin.com/company/308840,0,Legitimate,Verified LinkedIn Company Page,,N/A - genuine company page found via user LinkedIn interests/follows,None reported,,,Interests,"The School of Pharmacy, University of London. Category: Verified LinkedIn Company Page",test
1267,MBA Group Ltd,https://www.linkedin.com/company/104072,0,Legitimate,Verified LinkedIn Company Page,,N/A - genuine company page found via user LinkedIn interests/follows,None reported,,,Interests,MBA Group Ltd. Category: Verified LinkedIn Company Page,train
1268,Ashley Furniture International,https://www.linkedin.com/company/52193158,0,Legitimate,Verified LinkedIn Company Page,,N/A - genuine company page found via user LinkedIn interests/follows,None reported,,,Interests,Ashley Furniture International. Category: Verified LinkedIn Company Page,train
1269,Alison,https://www.linkedin.com/company/28707757,0,Legitimate,Verified LinkedIn Company Page,,N/A - genuine company page found via user LinkedIn interests/follows,None reported,,,Interests,Alison. Category: Verified LinkedIn Company Page,test
1270,Shutterstock,https://www.linkedin.com/company/85823,0,Legitimate,Verified LinkedIn Company Page,,N/A - genuine company page found via user LinkedIn interests/follows,None reported,,,Interests,Shutterstock. Category: Verified LinkedIn Company Page,test
1271,西安电竞之家网络科技有限公司,https://www.linkedin.com/company/32335453,0,Legitimate,Verified LinkedIn Company Page,,N/A - genuine company page found via user LinkedIn interests/follows,None reported,,,Interests,西安电竞之家网络科技有限公司. Category: Verified LinkedIn Company Page,train
1272,Havas Media Group,https://www.linkedin.com/company/164133,0,Legitimate,Verified LinkedIn Company Page,,N/A - genuine company page found via user LinkedIn interests/follows,None reported,,,Interests,Havas Media Group. Category: Verified LinkedIn Company Page,train
1273,University of Central Oklahoma,https://www.linkedin.com/company/19470,0,Legitimate,Verified LinkedIn Company Page,,N/A - genuine company page found via user LinkedIn interests/follows,None reported,,,Interests,University of Central Oklahoma. Category: Verified LinkedIn Company Page,test
1274,XPO,https://www.linkedin.com/company/2430668,0,Legitimate,Verified LinkedIn Company Page,,N/A - genuine company page found via user LinkedIn interests/follows,None reported,,,Interests,XPO. Category: Verified LinkedIn Company Page,train
1275,Segra,https://www.linkedin.com/company/13009774,0,Legitimate,Verified LinkedIn Company Page,,N/A - genuine company page found via user LinkedIn interests/follows,None reported,,,Interests,Segra. Category: Verified LinkedIn Company Page,val
1276,11:FS,https://www.linkedin.com/company/10651948,0,Legitimate,Verified LinkedIn Company Page,,N/A - genuine company page found via user LinkedIn interests/follows,None reported,,,Interests,11:FS. Category: Verified LinkedIn Company Page,train
1277,University of Nebraska System,https://www.linkedin.com/company/5921,0,Legitimate,Verified LinkedIn Company Page,,N/A - genuine company page found via user LinkedIn interests/follows,None reported,,,Interests,University of Nebraska System. Category: Verified LinkedIn Company Page,train
1278,LinkedIn Notícias,https://www.linkedin.com/company/64871542,0,Legitimate,Verified LinkedIn Company Page,,N/A - genuine company page found via user LinkedIn interests/follows,None reported,,,Interests,LinkedIn Notícias. Category: Verified LinkedIn Company Page,val
1279,Abacus Ridge,https://www.linkedin.com/company/77030268,0,Legitimate,Verified LinkedIn Company Page,,N/A - genuine company page found via user LinkedIn interests/follows,None reported,,,Interests,Abacus Ridge. Category: Verified LinkedIn Company Page,train
1280,Indira Gandhi National Open University,https://www.linkedin.com/company/15105582,0,Legitimate,Verified LinkedIn Company Page,,N/A - genuine company page found via user LinkedIn interests/follows,None reported,,,Interests,Indira Gandhi National Open University. Category: Verified LinkedIn Company Page,train
1281,"National University of Singapore, Faculty of Science",https://www.linkedin.com/company/13279914,0,Legitimate,Verified LinkedIn Company Page,,N/A - genuine company page found via user LinkedIn interests/follows,None reported,,,Interests,"National University of Singapore, Faculty of Science. Category: Verified LinkedIn Company Page",test
1282,CodeCraft Global Solutions,,1,Fake_Scam,Shell IT Consultancy,Fabricated Software Agency,Hires entry-level Java devs; charges $300 for 2-week mandatory training bootcamp.,Bait-and-switch paid training scam.,LinkedIn Job Post -> Web Portal,Medium,LinkedIn Fake Company Database,CodeCraft Global Solutions. Category: Shell IT Consultancy. Impersonation target: Fabricated Software Agency. Modus operandi: Hires entry-level Java devs; charges $300 for 2-week mandatory training bootcamp.. Red flags: Bait-and-switch paid training scam.,train
1283,ICANN,https://www.linkedin.com/company/19042,0,Legitimate,Verified LinkedIn Company Page,,N/A - genuine company page found via user LinkedIn interests/follows,None reported,,,Interests,ICANN. Category: Verified LinkedIn Company Page,train
1284,ReBIT | Reserve Bank Information Technology Pvt Ltd.,https://www.linkedin.com/company/13253022,0,Legitimate,Verified LinkedIn Company Page,,N/A - genuine company page found via user LinkedIn interests/follows,None reported,,,Interests,ReBIT | Reserve Bank Information Technology Pvt Ltd.. Category: Verified LinkedIn Company Page,test
1285,Assonime,https://www.linkedin.com/company/98688,0,Legitimate,Verified LinkedIn Company Page,,N/A - genuine company page found via user LinkedIn interests/follows,None reported,,,Interests,Assonime. Category: Verified LinkedIn Company Page,train
1286,TalentBridge Staffing Network,,1,Fake_Scam,Ghost Staffing Agency,Fake Recruitment Agency,Posts hundreds of high-salary ghost jobs to artificially inflate recruitment platform metrics.,Resume database farming and spam generation.,LinkedIn Job Board -> Redirect URL,Low,LinkedIn Fake Company Database,TalentBridge Staffing Network. Category: Ghost Staffing Agency. Impersonation target: Fake Recruitment Agency. Modus operandi: Posts hundreds of high-salary ghost jobs to artificially inflate recruitment platform metrics.. Red flags: Resume database farming and spam generation.,test
1287,Caste Capital,https://www.linkedin.com/company/84509047,0,Legitimate,Verified LinkedIn Company Page,,N/A - genuine company page found via user LinkedIn interests/follows,None reported,,,Interests,Caste Capital. Category: Verified LinkedIn Company Page,train
1288,The Job Window,https://www.linkedin.com/company/3237346,0,Legitimate,Verified LinkedIn Company Page,,N/A - genuine company page found via user LinkedIn interests/follows,None reported,,,Interests,The Job Window. Category: Verified LinkedIn Company Page,test
1289,Landmark Public Affairs,https://www.linkedin.com/company/1194287,0,Legitimate,Verified LinkedIn Company Page,,N/A - genuine company page found via user LinkedIn interests/follows,None reported,,,Interests,Landmark Public Affairs. Category: Verified LinkedIn Company Page,train
1290,Reclaim13,https://www.linkedin.com/company/10649936,0,Legitimate,Verified LinkedIn Company Page,,N/A - genuine company page found via user LinkedIn interests/follows,None reported,,,Interests,Reclaim13. Category: Verified LinkedIn Company Page,val
1291,NAIOP Houston,https://www.linkedin.com/company/2896918,0,Legitimate,Verified LinkedIn Company Page,,N/A - genuine company page found via user LinkedIn interests/follows,None reported,,,Interests,NAIOP Houston. Category: Verified LinkedIn Company Page,train
1292,Engage Hub,https://www.linkedin.com/company/10476135,0,Legitimate,Verified LinkedIn Company Page,,N/A - genuine company page found via user LinkedIn interests/follows,None reported,,,Interests,Engage Hub. Category: Verified LinkedIn Company Page,train
1293,Cross River,https://www.linkedin.com/company/967395,0,Legitimate,Verified LinkedIn Company Page,,N/A - genuine company page found via user LinkedIn interests/follows,None reported,,,Interests,Cross River. Category: Verified LinkedIn Company Page,train
1294,Ipsos UK,https://www.linkedin.com/company/4320,0,Legitimate,Verified LinkedIn Company Page,,N/A - genuine company page found via user LinkedIn interests/follows,None reported,,,Interests,Ipsos UK. Category: Verified LinkedIn Company Page,train
1295,iTelecom,https://www.linkedin.com/company/2112764,0,Legitimate,Verified LinkedIn Company Page,,N/A - genuine company page found via user LinkedIn interests/follows,None reported,,,Interests,iTelecom. Category: Verified LinkedIn Company Page,train
1296,Young Mining Professionals Brisbane,https://www.linkedin.com/company/19078322,0,Legitimate,Verified LinkedIn Company Page,,N/A - genuine company page found via user LinkedIn interests/follows,None reported,,,Interests,Young Mining Professionals Brisbane. Category: Verified LinkedIn Company Page,train
1297,Hey Mirza,https://www.linkedin.com/company/65495477,0,Legitimate,Verified LinkedIn Company Page,,N/A - genuine company page found via user LinkedIn interests/follows,None reported,,,Interests,Hey Mirza. Category: Verified LinkedIn Company Page,test
1298,Tech Women,https://www.linkedin.com/company/40692265,0,Legitimate,Verified LinkedIn Company Page,,N/A - genuine company page found via user LinkedIn interests/follows,None reported,,,Interests,Tech Women. Category: Verified LinkedIn Company Page,train
1299,Shure Incorporated,https://www.linkedin.com/company/6579,0,Legitimate,Verified LinkedIn Company Page,,N/A - genuine company page found via user LinkedIn interests/follows,None reported,,,Interests,Shure Incorporated. Category: Verified LinkedIn Company Page,val
1300,Patten University,https://www.linkedin.com/company/2189275,0,Legitimate,Verified LinkedIn Company Page,,N/A - genuine company page found via user LinkedIn interests/follows,None reported,,,Interests,Patten University. Category: Verified LinkedIn Company Page,train
1301,SOUSCOUT,https://www.linkedin.com/company/85866911,0,Legitimate,Verified LinkedIn Company Page,,N/A - genuine company page found via user LinkedIn interests/follows,None reported,,,Interests,SOUSCOUT. Category: Verified LinkedIn Company Page,train
1302,cBEYONData,https://www.linkedin.com/company/1786867,0,Legitimate,Verified LinkedIn Company Page,,N/A - genuine company page found via user LinkedIn interests/follows,None reported,,,Interests,cBEYONData. Category: Verified LinkedIn Company Page,train
1303,Boston Plan for Excellence (BPE),https://www.linkedin.com/company/66931,0,Legitimate,Verified LinkedIn Company Page,,N/A - genuine company page found via user LinkedIn interests/follows,None reported,,,Interests,Boston Plan for Excellence (BPE). Category: Verified LinkedIn Company Page,train
1304,Semmelweis University,https://www.linkedin.com/company/9104993,0,Legitimate,Verified LinkedIn Company Page,,N/A - genuine company page found via user LinkedIn interests/follows,None reported,,,Interests,Semmelweis University. Category: Verified LinkedIn Company Page,train
1305,UrbanGeekz,https://www.linkedin.com/company/9313403,0,Legitimate,Verified LinkedIn Company Page,,N/A - genuine company page found via user LinkedIn interests/follows,None reported,,,Interests,UrbanGeekz. Category: Verified LinkedIn Company Page,val
1306,Chance Productions,https://www.linkedin.com/company/25017407,0,Legitimate,Verified LinkedIn Company Page,,N/A - genuine company page found via user LinkedIn interests/follows,None reported,,,Interests,Chance Productions. Category: Verified LinkedIn Company Page,val
1307,Freie Universität Berlin,https://www.linkedin.com/company/163897,0,Legitimate,Verified LinkedIn Company Page,,N/A - genuine company page found via user LinkedIn interests/follows,None reported,,,Interests,Freie Universität Berlin. Category: Verified LinkedIn Company Page,val
1308,GNIOTPOL Trailers LTD,https://www.linkedin.com/company/11813141,0,Legitimate,Verified LinkedIn Company Page,,N/A - genuine company page found via user LinkedIn interests/follows,None reported,,,Interests,GNIOTPOL Trailers LTD. Category: Verified LinkedIn Company Page,train
1309,Nuffield Foundation,https://www.linkedin.com/company/309188,0,Legitimate,Verified LinkedIn Company Page,,N/A - genuine company page found via user LinkedIn interests/follows,None reported,,,Interests,Nuffield Foundation. Category: Verified LinkedIn Company Page,train
1310,Dome Recruitment Group,https://www.linkedin.com/company/40580,0,Legitimate,Verified LinkedIn Company Page,,N/A - genuine company page found via user LinkedIn interests/follows,None reported,,,Interests,Dome Recruitment Group. Category: Verified LinkedIn Company Page,train
1311,Scuderia Ferrari,https://www.linkedin.com/company/77057770,0,Legitimate,Verified LinkedIn Company Page,,N/A - genuine company page found via user LinkedIn interests/follows,None reported,,,Interests,Scuderia Ferrari. Category: Verified LinkedIn Company Page,train
1312,Amsterdam Venture Partners,https://www.linkedin.com/company/17890517,0,Legitimate,Verified LinkedIn Company Page,,N/A - genuine company page found via user LinkedIn interests/follows,None reported,,,Interests,Amsterdam Venture Partners. Category: Verified LinkedIn Company Page,train
1313,American Cancer Society - Kentucky,https://www.linkedin.com/company/37901336,0,Legitimate,Verified LinkedIn Company Page,,N/A - genuine company page found via user LinkedIn interests/follows,None reported,,,Interests,American Cancer Society - Kentucky. Category: Verified LinkedIn Company Page,train
1314,In the Company of Huskies,https://www.linkedin.com/company/524608,0,Legitimate,Verified LinkedIn Company Page,,N/A - genuine company page found via user LinkedIn interests/follows,None reported,,,Interests,In the Company of Huskies. Category: Verified LinkedIn Company Page,train
1315,hoffmann murtaugh inc.,https://www.linkedin.com/company/2743909,0,Legitimate,Verified LinkedIn Company Page,,N/A - genuine company page found via user LinkedIn interests/follows,None reported,,,Interests,hoffmann murtaugh inc.. Category: Verified LinkedIn Company Page,test
1316,With Honor,https://www.linkedin.com/company/11183795,0,Legitimate,Verified LinkedIn Company Page,,N/A - genuine company page found via user LinkedIn interests/follows,None reported,,,Interests,With Honor. Category: Verified LinkedIn Company Page,train
1317,Reveille United Methodist Church,https://www.linkedin.com/company/9249392,0,Legitimate,Verified LinkedIn Company Page,,N/A - genuine company page found via user LinkedIn interests/follows,None reported,,,Interests,Reveille United Methodist Church. Category: Verified LinkedIn Company Page,train
1318,Apex Crypto Yield Fund,,1,Fake_Scam,Investment Scam Disguised as Job,Fabricated Crypto Hedge Fund,Hires quantitative analysts; requires candidate to deposit personal collateral into liquidity pool.,DeFi rug-pull / liquidity drain scam.,LinkedIn DM -> Web3 Link,Critical,LinkedIn Fake Company Database,Apex Crypto Yield Fund. Category: Investment Scam Disguised as Job. Impersonation target: Fabricated Crypto Hedge Fund. Modus operandi: Hires quantitative analysts; requires candidate to deposit personal collateral into liquidity pool.. Red flags: DeFi rug-pull / liquidity drain scam.,val
1319,"Apollo Global Management, Inc.",https://www.linkedin.com/company/48414,0,Legitimate,Verified LinkedIn Company Page,,N/A - genuine company page found via user LinkedIn interests/follows,None reported,,,Interests,"Apollo Global Management, Inc.. Category: Verified LinkedIn Company Page",train
1320,County of Tehama,https://www.linkedin.com/company/1667537,0,Legitimate,Verified LinkedIn Company Page,,N/A - genuine company page found via user LinkedIn interests/follows,None reported,,,Interests,County of Tehama. Category: Verified LinkedIn Company Page,test
1321,Measurabl,https://www.linkedin.com/company/3043089,0,Legitimate,Verified LinkedIn Company Page,,N/A - genuine company page found via user LinkedIn interests/follows,None reported,,,Interests,Measurabl. Category: Verified LinkedIn Company Page,train
1322,El Concilio California,https://www.linkedin.com/company/2167393,0,Legitimate,Verified LinkedIn Company Page,,N/A - genuine company page found via user LinkedIn interests/follows,None reported,,,Interests,El Concilio California. Category: Verified LinkedIn Company Page,train
1323,Pete for America,https://www.linkedin.com/company/14861004,0,Legitimate,Verified LinkedIn Company Page,,N/A - genuine company page found via user LinkedIn interests/follows,None reported,,,Interests,Pete for America. Category: Verified LinkedIn Company Page,train
1324,NUS Business School,https://www.linkedin.com/company/5523,0,Legitimate,Verified LinkedIn Company Page,,N/A - genuine company page found via user LinkedIn interests/follows,None reported,,,Interests,NUS Business School. Category: Verified LinkedIn Company Page,train
1325,GIN-Pittsburgh,https://www.linkedin.com/company/76974861,0,Legitimate,Verified LinkedIn Company Page,,N/A - genuine company page found via user LinkedIn interests/follows,None reported,,,Interests,GIN-Pittsburgh. Category: Verified LinkedIn Company Page,train
1326,KPMG India,https://www.linkedin.com/company/2525298,0,Legitimate,Verified LinkedIn Company Page,,N/A - genuine company page found via user LinkedIn interests/follows,None reported,,,Interests,KPMG India. Category: Verified LinkedIn Company Page,train
1327,Etisalat UAE,https://www.linkedin.com/company/163700,0,Legitimate,Verified LinkedIn Company Page,,N/A - genuine company page found via user LinkedIn interests/follows,None reported,,,Interests,Etisalat UAE. Category: Verified LinkedIn Company Page,train
1328,FMDC Ltd,https://www.linkedin.com/company/3149591,0,Legitimate,Verified LinkedIn Company Page,,N/A - genuine company page found via user LinkedIn interests/follows,None reported,,,Interests,FMDC Ltd. Category: Verified LinkedIn Company Page,train
1329,Offensive Security,https://www.linkedin.com/company/5384047,0,Legitimate,Verified LinkedIn Company Page,,N/A - genuine company page found via user LinkedIn interests/follows,None reported,,,Interests,Offensive Security. Category: Verified LinkedIn Company Page,train
1330,POLITICO,https://www.linkedin.com/company/792817,0,Legitimate,Verified LinkedIn Company Page,,N/A - genuine company page found via user LinkedIn interests/follows,None reported,,,Interests,POLITICO. Category: Verified LinkedIn Company Page,val
1331,FanWord,https://www.linkedin.com/company/25166645,0,Legitimate,Verified LinkedIn Company Page,,N/A - genuine company page found via user LinkedIn interests/follows,None reported,,,Interests,FanWord. Category: Verified LinkedIn Company Page,train
1332,Intellifi Corporation,https://www.linkedin.com/company/78426022,0,Legitimate,Verified LinkedIn Company Page,,N/A - genuine company page found via user LinkedIn interests/follows,None reported,,,Interests,Intellifi Corporation. Category: Verified LinkedIn Company Page,train
1333,Upworthy,https://www.linkedin.com/company/2541869,0,Legitimate,Verified LinkedIn Company Page,,N/A - genuine company page found via user LinkedIn interests/follows,None reported,,,Interests,Upworthy. Category: Verified LinkedIn Company Page,test
1334,DX25 Labs,https://www.linkedin.com/company/89252514,0,Legitimate,Verified LinkedIn Company Page,,N/A - genuine company page found via user LinkedIn interests/follows,None reported,,,Interests,DX25 Labs. Category: Verified LinkedIn Company Page,train
1335,CVC Capital Partners,https://www.linkedin.com/company/9308253,0,Legitimate,Verified LinkedIn Company Page,,N/A - genuine company page found via user LinkedIn interests/follows,None reported,,,Interests,CVC Capital Partners. Category: Verified LinkedIn Company Page,test
1336,Tempo,https://www.linkedin.com/company/18373122,0,Legitimate,Verified LinkedIn Company Page,,N/A - genuine company page found via user LinkedIn interests/follows,None reported,,,Interests,Tempo. Category: Verified LinkedIn Company Page,test
1337,Confer With,https://www.linkedin.com/company/66200406,0,Legitimate,Verified LinkedIn Company Page,,N/A - genuine company page found via user LinkedIn interests/follows,None reported,,,Interests,Confer With. Category: Verified LinkedIn Company Page,train
1338,Detroit Red Wings,https://www.linkedin.com/company/46394,0,Legitimate,Verified LinkedIn Company Page,,N/A - genuine company page found via user LinkedIn interests/follows,None reported,,,Interests,Detroit Red Wings. Category: Verified LinkedIn Company Page,train
1339,Oglethorpe University,https://www.linkedin.com/company/20811,0,Legitimate,Verified LinkedIn Company Page,,N/A - genuine company page found via user LinkedIn interests/follows,None reported,,,Interests,Oglethorpe University. Category: Verified LinkedIn Company Page,test
1340,LifeLine Animal Project,https://www.linkedin.com/company/2790348,0,Legitimate,Verified LinkedIn Company Page,,N/A - genuine company page found via user LinkedIn interests/follows,None reported,,,Interests,LifeLine Animal Project. Category: Verified LinkedIn Company Page,train
1341,Allstate,https://www.linkedin.com/company/1835,0,Legitimate,Verified LinkedIn Company Page,,N/A - genuine company page found via user LinkedIn interests/follows,None reported,,,Interests,Allstate. Category: Verified LinkedIn Company Page,train
1342,First Gen Support,https://www.linkedin.com/company/69175942,0,Legitimate,Verified LinkedIn Company Page,,N/A - genuine company page found via user LinkedIn interests/follows,None reported,,,Interests,First Gen Support. Category: Verified LinkedIn Company Page,train
1343,VALOIS VINTAGE PARIS,https://www.linkedin.com/company/8687299,0,Legitimate,Verified LinkedIn Company Page,,N/A - genuine company page found via user LinkedIn interests/follows,None reported,,,Interests,VALOIS VINTAGE PARIS. Category: Verified LinkedIn Company Page,train
1344,Newristics,https://www.linkedin.com/company/11005009,0,Legitimate,Verified LinkedIn Company Page,,N/A - genuine company page found via user LinkedIn interests/follows,None reported,,,Interests,Newristics. Category: Verified LinkedIn Company Page,train
1345,Spacestation Gaming,https://www.linkedin.com/company/18401047,0,Legitimate,Verified LinkedIn Company Page,,N/A - genuine company page found via user LinkedIn interests/follows,None reported,,,Interests,Spacestation Gaming. Category: Verified LinkedIn Company Page,val
1346,Nexus Cybersec Global,,1,Fake_Scam,Shell Cyber Consultancy,Fabricated Security Firm,Offers SOC Analyst roles; requires downloading 'assessment software' containing keylogger/trojan.,Malicious .zip / .exe payload sent as technical evaluation test.,LinkedIn InMail -> Google Drive Link,Critical,LinkedIn Fake Company Database,Nexus Cybersec Global. Category: Shell Cyber Consultancy. Impersonation target: Fabricated Security Firm. Modus operandi: Offers SOC Analyst roles; requires downloading 'assessment software' containing keylogger/trojan.. Red flags: Malicious .zip / .exe payload sent as technical evaluation test.,train
1347,SphereMail,https://www.linkedin.com/company/2681305,0,Legitimate,Verified LinkedIn Company Page,,N/A - genuine company page found via user LinkedIn interests/follows,None reported,,,Interests,SphereMail. Category: Verified LinkedIn Company Page,train
1348,"Vertek Solutions, Inc.",https://www.linkedin.com/company/403661,0,Legitimate,Verified LinkedIn Company Page,,N/A - genuine company page found via user LinkedIn interests/follows,None reported,,,Interests,"Vertek Solutions, Inc.. Category: Verified LinkedIn Company Page",train
1349,MassDEP,https://www.linkedin.com/company/11782731,0,Legitimate,Verified LinkedIn Company Page,,N/A - genuine company page found via user LinkedIn interests/follows,None reported,,,Interests,MassDEP. Category: Verified LinkedIn Company Page,train
1350,US Environmental Protection Agency (EPA),https://www.linkedin.com/company/4495,0,Legitimate,Verified LinkedIn Company Page,,N/A - genuine company page found via user LinkedIn interests/follows,None reported,,,Interests,US Environmental Protection Agency (EPA). Category: Verified LinkedIn Company Page,test
1351,"Thread, Inc.",https://www.linkedin.com/company/485951,0,Legitimate,Verified LinkedIn Company Page,,N/A - genuine company page found via user LinkedIn interests/follows,None reported,,,Interests,"Thread, Inc.. Category: Verified LinkedIn Company Page",train
1352,NOW CFO,https://www.linkedin.com/company/2591453,0,Legitimate,Verified LinkedIn Company Page,,N/A - genuine company page found via user LinkedIn interests/follows,None reported,,,Interests,NOW CFO. Category: Verified LinkedIn Company Page,train
1353,Drive TLV,https://www.linkedin.com/company/17905426,0,Legitimate,Verified LinkedIn Company Page,,N/A - genuine company page found via user LinkedIn interests/follows,None reported,,,Interests,Drive TLV. Category: Verified LinkedIn Company Page,train
1354,SAUDI AIRLINES,https://www.linkedin.com/company/16886,0,Legitimate,Verified LinkedIn Company Page,,N/A - genuine company page found via user LinkedIn interests/follows,None reported,,,Interests,SAUDI AIRLINES. Category: Verified LinkedIn Company Page,train
1355,Pfizer Global Health Careers,,1,Fake_Scam,Enterprise Impersonation,Pfizer Inc.,Immediate offer letter for remote clinical data entry after a questionnaire form.,Free email domain (@pfizer-hiring-portal.net); immediate offer without live video screen.,LinkedIn Direct Message -> Email,High,LinkedIn Fake Company Database,Pfizer Global Health Careers. Category: Enterprise Impersonation. Impersonation target: Pfizer Inc.. Modus operandi: Immediate offer letter for remote clinical data entry after a questionnaire form.. Red flags: Free email domain (@pfizer-hiring-portal.net); immediate offer without live video screen.,train
1356,Blue Ridge Community College - Workforce and Continuing Education,https://www.linkedin.com/company/86944876,0,Legitimate,Verified LinkedIn Company Page,,N/A - genuine company page found via user LinkedIn interests/follows,None reported,,,Interests,Blue Ridge Community College - Workforce and Continuing Education. Category: Verified LinkedIn Company Page,train
1357,Stanford University,https://www.linkedin.com/company/1792,0,Legitimate,Verified LinkedIn Company Page,,N/A - genuine company page found via user LinkedIn interests/follows,None reported,,,Interests,Stanford University. Category: Verified LinkedIn Company Page,train
1358,Girls Who Invest,https://www.linkedin.com/company/11077582,0,Legitimate,Verified LinkedIn Company Page,,N/A - genuine company page found via user LinkedIn interests/follows,None reported,,,Interests,Girls Who Invest. Category: Verified LinkedIn Company Page,test
1359,KPMG Customer First,https://www.linkedin.com/company/11340578,0,Legitimate,Verified LinkedIn Company Page,,N/A - genuine company page found via user LinkedIn interests/follows,None reported,,,Interests,KPMG Customer First. Category: Verified LinkedIn Company Page,train
1360,"Ginkgo Bioworks, Inc.",https://www.linkedin.com/company/2241894,0,Legitimate,Verified LinkedIn Company Page,,N/A - genuine company page found via user LinkedIn interests/follows,None reported,,,Interests,"Ginkgo Bioworks, Inc.. Category: Verified LinkedIn Company Page",train
1361,Combs Enterprises,https://www.linkedin.com/company/3942942,0,Legitimate,Verified LinkedIn Company Page,,N/A - genuine company page found via user LinkedIn interests/follows,None reported,,,Interests,Combs Enterprises. Category: Verified LinkedIn Company Page,train
1362,Brandt Information Services,https://www.linkedin.com/company/138321,0,Legitimate,Verified LinkedIn Company Page,,N/A - genuine company page found via user LinkedIn interests/follows,None reported,,,Interests,Brandt Information Services. Category: Verified LinkedIn Company Page,train
1363,Encore: The Interactive Live Music App,https://www.linkedin.com/company/69324711,0,Legitimate,Verified LinkedIn Company Page,,N/A - genuine company page found via user LinkedIn interests/follows,None reported,,,Interests,Encore: The Interactive Live Music App. Category: Verified LinkedIn Company Page,train
1364,Municipal Bond Women's Forum,https://www.linkedin.com/company/34218834,0,Legitimate,Verified LinkedIn Company Page,,N/A - genuine company page found via user LinkedIn interests/follows,None reported,,,Interests,Municipal Bond Women's Forum. Category: Verified LinkedIn Company Page,train
1365,Solomon Page,https://www.linkedin.com/company/14352,0,Legitimate,Verified LinkedIn Company Page,,N/A - genuine company page found via user LinkedIn interests/follows,None reported,,,Interests,Solomon Page. Category: Verified LinkedIn Company Page,train
1366,SciTech DiploHub | Barcelona Science & Technology Diplomacy Hub,https://www.linkedin.com/company/11746245,0,Legitimate,Verified LinkedIn Company Page,,N/A - genuine company page found via user LinkedIn interests/follows,None reported,,,Interests,SciTech DiploHub | Barcelona Science & Technology Diplomacy Hub. Category: Verified LinkedIn Company Page,test
1367,LinkedIn News Africa,https://www.linkedin.com/company/77173895,0,Legitimate,Verified LinkedIn Company Page,,N/A - genuine company page found via user LinkedIn interests/follows,None reported,,,Interests,LinkedIn News Africa. Category: Verified LinkedIn Company Page,train
1368,Babylist,https://www.linkedin.com/company/2018147,0,Legitimate,Verified LinkedIn Company Page,,N/A - genuine company page found via user LinkedIn interests/follows,None reported,,,Interests,Babylist. Category: Verified LinkedIn Company Page,train
1369,Experts Cafe,https://www.linkedin.com/company/7578595,0,Legitimate,Verified LinkedIn Company Page,,N/A - genuine company page found via user LinkedIn interests/follows,None reported,,,Interests,Experts Cafe. Category: Verified LinkedIn Company Page,train
1370,TalentFirst Recruitment Hub,,1,Fake_Scam,Ghost Staffing Agency,Fake Recruitment Agency,Aggregates candidate resumes to build data profiles for cold-calling and credential stuffing.,Data farming and lead generation racket.,LinkedIn Job Board -> Data Portal,Low,LinkedIn Fake Company Database,TalentFirst Recruitment Hub. Category: Ghost Staffing Agency. Impersonation target: Fake Recruitment Agency. Modus operandi: Aggregates candidate resumes to build data profiles for cold-calling and credential stuffing.. Red flags: Data farming and lead generation racket.,val
1371,VNEconomics Academy,https://www.linkedin.com/company/74745862,0,Legitimate,Verified LinkedIn Company Page,,N/A - genuine company page found via user LinkedIn interests/follows,None reported,,,Interests,VNEconomics Academy. Category: Verified LinkedIn Company Page,test
1372,Rancho Pescadero,https://www.linkedin.com/company/7941065,0,Legitimate,Verified LinkedIn Company Page,,N/A - genuine company page found via user LinkedIn interests/follows,None reported,,,Interests,Rancho Pescadero. Category: Verified LinkedIn Company Page,test
1373,Clemson University,https://www.linkedin.com/company/163107,0,Legitimate,Verified LinkedIn Company Page,,N/A - genuine company page found via user LinkedIn interests/follows,None reported,,,Interests,Clemson University. Category: Verified LinkedIn Company Page,val
1374,"Rogers Towers, P.A.",https://www.linkedin.com/company/121474,0,Legitimate,Verified LinkedIn Company Page,,N/A - genuine company page found via user LinkedIn interests/follows,None reported,,,Interests,"Rogers Towers, P.A.. Category: Verified LinkedIn Company Page",train
1375,Crabe Transition,https://www.linkedin.com/company/86192758,0,Legitimate,Verified LinkedIn Company Page,,N/A - genuine company page found via user LinkedIn interests/follows,None reported,,,Interests,Crabe Transition. Category: Verified LinkedIn Company Page,train
1376,Women in Aviation International,https://www.linkedin.com/company/5931623,0,Legitimate,Verified LinkedIn Company Page,,N/A - genuine company page found via user LinkedIn interests/follows,None reported,,,Interests,Women in Aviation International. Category: Verified LinkedIn Company Page,test
1377,TheECSSR,https://www.linkedin.com/company/2948124,0,Legitimate,Verified LinkedIn Company Page,,N/A - genuine company page found via user LinkedIn interests/follows,None reported,,,Interests,TheECSSR. Category: Verified LinkedIn Company Page,train
1378,Marketx Digital LTD,https://www.linkedin.com/company/77735319,0,Legitimate,Verified LinkedIn Company Page,,N/A - genuine company page found via user LinkedIn interests/follows,None reported,,,Interests,Marketx Digital LTD. Category: Verified LinkedIn Company Page,train
1379,Surgnova Healthcare Technologies,https://www.linkedin.com/company/14381509,0,Legitimate,Verified LinkedIn Company Page,,N/A - genuine company page found via user LinkedIn interests/follows,None reported,,,Interests,Surgnova Healthcare Technologies. Category: Verified LinkedIn Company Page,train
1380,Stylish Female Models - Actresses,https://www.linkedin.com/company/86390865,0,Legitimate,Verified LinkedIn Company Page,,N/A - genuine company page found via user LinkedIn interests/follows,None reported,,,Interests,Stylish Female Models - Actresses. Category: Verified LinkedIn Company Page,train
1381,EtherVanguard Ventures,,1,Fake_Scam,Web3 / Crypto Shell,Fabricated Crypto VC,Hires remote token researchers; requires installing malicious browser extension for data scraping.,Malicious Chrome extension extracts stored browser credentials and wallet keys.,LinkedIn DM -> GitHub Clone Link,Critical,LinkedIn Fake Company Database,EtherVanguard Ventures. Category: Web3 / Crypto Shell. Impersonation target: Fabricated Crypto VC. Modus operandi: Hires remote token researchers; requires installing malicious browser extension for data scraping.. Red flags: Malicious Chrome extension extracts stored browser credentials and wallet keys.,train
1382,Georgia Tech Scheller College of Business,https://www.linkedin.com/company/15101154,0,Legitimate,Verified LinkedIn Company Page,,N/A - genuine company page found via user LinkedIn interests/follows,None reported,,,Interests,Georgia Tech Scheller College of Business. Category: Verified LinkedIn Company Page,train
1383,The Associates Global,https://www.linkedin.com/company/3512670,0,Legitimate,Verified LinkedIn Company Page,,N/A - genuine company page found via user LinkedIn interests/follows,None reported,,,Interests,The Associates Global. Category: Verified LinkedIn Company Page,train
1384,Canyon Associates,https://www.linkedin.com/company/4143946,0,Legitimate,Verified LinkedIn Company Page,,N/A - genuine company page found via user LinkedIn interests/follows,None reported,,,Interests,Canyon Associates. Category: Verified LinkedIn Company Page,train
1385,Everytable,https://www.linkedin.com/company/10658065,0,Legitimate,Verified LinkedIn Company Page,,N/A - genuine company page found via user LinkedIn interests/follows,None reported,,,Interests,Everytable. Category: Verified LinkedIn Company Page,val
1386,WCJ Quality Consulting LLC,https://www.linkedin.com/company/77588194,0,Legitimate,Verified LinkedIn Company Page,,N/A - genuine company page found via user LinkedIn interests/follows,None reported,,,Interests,WCJ Quality Consulting LLC. Category: Verified LinkedIn Company Page,train
1387,𒆜вℓαcк 30♛,https://www.linkedin.com/company/89886675,0,Legitimate,Verified LinkedIn Company Page,,N/A - genuine company page found via user LinkedIn interests/follows,None reported,,,Interests,𒆜вℓαcк 30♛. Category: Verified LinkedIn Company Page,train
1388,"Institut National du Sport, de l'Expertise et de la Performance",https://www.linkedin.com/company/936309,0,Legitimate,Verified LinkedIn Company Page,,N/A - genuine company page found via user LinkedIn interests/follows,None reported,,,Interests,"Institut National du Sport, de l'Expertise et de la Performance. Category: Verified LinkedIn Company Page",train
1389,Insureblocks,https://www.linkedin.com/company/18582086,0,Legitimate,Verified LinkedIn Company Page,,N/A - genuine company page found via user LinkedIn interests/follows,None reported,,,Interests,Insureblocks. Category: Verified LinkedIn Company Page,train
1390,Arekibo - Digital Consultancy,https://www.linkedin.com/company/1717242,0,Legitimate,Verified LinkedIn Company Page,,N/A - genuine company page found via user LinkedIn interests/follows,None reported,,,Interests,Arekibo - Digital Consultancy. Category: Verified LinkedIn Company Page,train
1391,UN Biodiversity,https://www.linkedin.com/company/2867020,0,Legitimate,Verified LinkedIn Company Page,,N/A - genuine company page found via user LinkedIn interests/follows,None reported,,,Interests,UN Biodiversity. Category: Verified LinkedIn Company Page,train
1392,PwC,https://www.linkedin.com/company/1044,0,Legitimate,Verified LinkedIn Company Page,,N/A - genuine company page found via user LinkedIn interests/follows,None reported,,,Interests,PwC. Category: Verified LinkedIn Company Page,train
1393,Rensselaer Polytechnic Institute,https://www.linkedin.com/company/6060,0,Legitimate,Verified LinkedIn Company Page,,N/A - genuine company page found via user LinkedIn interests/follows,None reported,,,Interests,Rensselaer Polytechnic Institute. Category: Verified LinkedIn Company Page,train
1394,EcoCart,https://www.linkedin.com/company/37245042,0,Legitimate,Verified LinkedIn Company Page,,N/A - genuine company page found via user LinkedIn interests/follows,None reported,,,Interests,EcoCart. Category: Verified LinkedIn Company Page,train
1395,Virginia Early Childhood Foundation,https://www.linkedin.com/company/1121157,0,Legitimate,Verified LinkedIn Company Page,,N/A - genuine company page found via user LinkedIn interests/follows,None reported,,,Interests,Virginia Early Childhood Foundation. Category: Verified LinkedIn Company Page,train
1396,温州精密互感器制造公司,https://www.linkedin.com/company/30321148,0,Legitimate,Verified LinkedIn Company Page,,N/A - genuine company page found via user LinkedIn interests/follows,None reported,,,Interests,温州精密互感器制造公司. Category: Verified LinkedIn Company Page,train
1397,Coco Beauty Inc,https://www.linkedin.com/company/4550844,0,Legitimate,Verified LinkedIn Company Page,,N/A - genuine company page found via user LinkedIn interests/follows,None reported,,,Interests,Coco Beauty Inc. Category: Verified LinkedIn Company Page,train
1398,Virginia Artesian Bottling Company,https://www.linkedin.com/company/1697075,0,Legitimate,Verified LinkedIn Company Page,,N/A - genuine company page found via user LinkedIn interests/follows,None reported,,,Interests,Virginia Artesian Bottling Company. Category: Verified LinkedIn Company Page,train
1399,Resolvit,https://www.linkedin.com/company/18669,0,Legitimate,Verified LinkedIn Company Page,,N/A - genuine company page found via user LinkedIn interests/follows,None reported,,,Interests,Resolvit. Category: Verified LinkedIn Company Page,train
1400,Oceanic Freight Consolidation,,1,Fake_Scam,Reshipping / Mule Scam,Fabricated Shipping Hub,Recruits package inspection assistants; uses candidate home address for receiving fraudulent goods.,Reshipping mule operation.,LinkedIn InMail -> WhatsApp,Critical,LinkedIn Fake Company Database,Oceanic Freight Consolidation. Category: Reshipping / Mule Scam. Impersonation target: Fabricated Shipping Hub. Modus operandi: Recruits package inspection assistants; uses candidate home address for receiving fraudulent goods.. Red flags: Reshipping mule operation.,train
1401,Benafica,https://www.linkedin.com/company/18636795,0,Legitimate,Verified LinkedIn Company Page,,N/A - genuine company page found via user LinkedIn interests/follows,None reported,,,Interests,Benafica. Category: Verified LinkedIn Company Page,train
1402,"Cloudely, Inc",https://www.linkedin.com/company/3579211,0,Legitimate,Verified LinkedIn Company Page,,N/A - genuine company page found via user LinkedIn interests/follows,None reported,,,Interests,"Cloudely, Inc. Category: Verified LinkedIn Company Page",test
1403,Soothsayer Analytics,https://www.linkedin.com/company/3834678,0,Legitimate,Verified LinkedIn Company Page,,N/A - genuine company page found via user LinkedIn interests/follows,None reported,,,Interests,Soothsayer Analytics. Category: Verified LinkedIn Company Page,val
1404,Bradley University,https://www.linkedin.com/company/18140,0,Legitimate,Verified LinkedIn Company Page,,N/A - genuine company page found via user LinkedIn interests/follows,None reported,,,Interests,Bradley University. Category: Verified LinkedIn Company Page,test
1405,"Palm Coast Staffing, LLC",https://www.linkedin.com/company/87147427,0,Legitimate,Verified LinkedIn Company Page,,N/A - genuine company page found via user LinkedIn interests/follows,None reported,,,Interests,"Palm Coast Staffing, LLC. Category: Verified LinkedIn Company Page",train
1406,BD,https://www.linkedin.com/company/3102,0,Legitimate,Verified LinkedIn Company Page,,N/A - genuine company page found via user LinkedIn interests/follows,None reported,,,Interests,BD. Category: Verified LinkedIn Company Page,train
1407,Frankfurt School of Finance & Management,https://www.linkedin.com/company/730179,0,Legitimate,Verified LinkedIn Company Page,,N/A - genuine company page found via user LinkedIn interests/follows,None reported,,,Interests,Frankfurt School of Finance & Management. Category: Verified LinkedIn Company Page,train
1408,8thGear Hub,https://www.linkedin.com/company/68202045,0,Legitimate,Verified LinkedIn Company Page,,N/A - genuine company page found via user LinkedIn interests/follows,None reported,,,Interests,8thGear Hub. Category: Verified LinkedIn Company Page,val
1409,Helion,https://www.linkedin.com/company/3051270,0,Legitimate,Verified LinkedIn Company Page,,N/A - genuine company page found via user LinkedIn interests/follows,None reported,,,Interests,Helion. Category: Verified LinkedIn Company Page,train
1410,"King Ranch, Inc.",https://www.linkedin.com/company/10827206,0,Legitimate,Verified LinkedIn Company Page,,N/A - genuine company page found via user LinkedIn interests/follows,None reported,,,Interests,"King Ranch, Inc.. Category: Verified LinkedIn Company Page",train
1411,河南素颜堂化妆品有限公司,https://www.linkedin.com/company/29628404,0,Legitimate,Verified LinkedIn Company Page,,N/A - genuine company page found via user LinkedIn interests/follows,None reported,,,Interests,河南素颜堂化妆品有限公司. Category: Verified LinkedIn Company Page,test
1412,Ameren,https://www.linkedin.com/company/9643,0,Legitimate,Verified LinkedIn Company Page,,N/A - genuine company page found via user LinkedIn interests/follows,None reported,,,Interests,Ameren. Category: Verified LinkedIn Company Page,test
1413,Teacher Created Materials,https://www.linkedin.com/company/56799,0,Legitimate,Verified LinkedIn Company Page,,N/A - genuine company page found via user LinkedIn interests/follows,None reported,,,Interests,Teacher Created Materials. Category: Verified LinkedIn Company Page,test
1414,Zhejiang University,https://www.linkedin.com/company/24531,0,Legitimate,Verified LinkedIn Company Page,,N/A - genuine company page found via user LinkedIn interests/follows,None reported,,,Interests,Zhejiang University. Category: Verified LinkedIn Company Page,train
1415,Crypto Climate Accord,https://www.linkedin.com/company/76809516,0,Legitimate,Verified LinkedIn Company Page,,N/A - genuine company page found via user LinkedIn interests/follows,None reported,,,Interests,Crypto Climate Accord. Category: Verified LinkedIn Company Page,train
1416,National PKU Alliance,https://www.linkedin.com/company/24983748,0,Legitimate,Verified LinkedIn Company Page,,N/A - genuine company page found via user LinkedIn interests/follows,None reported,,,Interests,National PKU Alliance. Category: Verified LinkedIn Company Page,train
1417,Bella Virtu Organics,https://www.linkedin.com/company/71856582,0,Legitimate,Verified LinkedIn Company Page,,N/A - genuine company page found via user LinkedIn interests/follows,None reported,,,Interests,Bella Virtu Organics. Category: Verified LinkedIn Company Page,train
1418,LinkedIn for Nonprofits,https://www.linkedin.com/company/70260066,0,Legitimate,Verified LinkedIn Company Page,,N/A - genuine company page found via user LinkedIn interests/follows,None reported,,,Interests,LinkedIn for Nonprofits. Category: Verified LinkedIn Company Page,train
1419,BBC News,https://www.linkedin.com/company/1765,0,Legitimate,Verified LinkedIn Company Page,,N/A - genuine company page found via user LinkedIn interests/follows,None reported,,,Interests,BBC News. Category: Verified LinkedIn Company Page,train
1420,VICE Media,https://www.linkedin.com/company/61212,0,Legitimate,Verified LinkedIn Company Page,,N/A - genuine company page found via user LinkedIn interests/follows,None reported,,,Interests,VICE Media. Category: Verified LinkedIn Company Page,train
1421,Brainstorm Strategies,https://www.linkedin.com/company/82673214,0,Legitimate,Verified LinkedIn Company Page,,N/A - genuine company page found via user LinkedIn interests/follows,None reported,,,Interests,Brainstorm Strategies. Category: Verified LinkedIn Company Page,train
1422,OAK THEORY,https://www.linkedin.com/company/64940900,0,Legitimate,Verified LinkedIn Company Page,,N/A - genuine company page found via user LinkedIn interests/follows,None reported,,,Interests,OAK THEORY. Category: Verified LinkedIn Company Page,val
1423,Minim,https://www.linkedin.com/company/24429928,0,Legitimate,Verified LinkedIn Company Page,,N/A - genuine company page found via user LinkedIn interests/follows,None reported,,,Interests,Minim. Category: Verified LinkedIn Company Page,train
1424,Seated,https://www.linkedin.com/company/6392111,0,Legitimate,Verified LinkedIn Company Page,,N/A - genuine company page found via user LinkedIn interests/follows,None reported,,,Interests,Seated. Category: Verified LinkedIn Company Page,train
1425,Polkadot Parachain Foundation,,1,Fake_Scam,Web3 / Crypto Shell,Fabricated Parachain Project,Recruits remote technical writers; mandates connecting Web3 wallet to claim bounty pay.,Malicious signature request drains crypto wallet assets.,LinkedIn DM -> Web3 Portal,Critical,LinkedIn Fake Company Database,Polkadot Parachain Foundation. Category: Web3 / Crypto Shell. Impersonation target: Fabricated Parachain Project. Modus operandi: Recruits remote technical writers; mandates connecting Web3 wallet to claim bounty pay.. Red flags: Malicious signature request drains crypto wallet assets.,train
1426,Atticus,https://www.linkedin.com/company/18473993,0,Legitimate,Verified LinkedIn Company Page,,N/A - genuine company page found via user LinkedIn interests/follows,None reported,,,Interests,Atticus. Category: Verified LinkedIn Company Page,test
1427,NextEra Analytics,https://www.linkedin.com/company/12648279,0,Legitimate,Verified LinkedIn Company Page,,N/A - genuine company page found via user LinkedIn interests/follows,None reported,,,Interests,NextEra Analytics. Category: Verified LinkedIn Company Page,train
1428,Benefits Canada,https://www.linkedin.com/company/28145597,0,Legitimate,Verified LinkedIn Company Page,,N/A - genuine company page found via user LinkedIn interests/follows,None reported,,,Interests,Benefits Canada. Category: Verified LinkedIn Company Page,val
1429,Green Roads,https://www.linkedin.com/company/27246884,0,Legitimate,Verified LinkedIn Company Page,,N/A - genuine company page found via user LinkedIn interests/follows,None reported,,,Interests,Green Roads. Category: Verified LinkedIn Company Page,test
1430,Infor,https://www.linkedin.com/company/1711,0,Legitimate,Verified LinkedIn Company Page,,N/A - genuine company page found via user LinkedIn interests/follows,None reported,,,Interests,Infor. Category: Verified LinkedIn Company Page,train
1431,Korn Ferry,https://www.linkedin.com/company/3741,0,Legitimate,Verified LinkedIn Company Page,,N/A - genuine company page found via user LinkedIn interests/follows,None reported,,,Interests,Korn Ferry. Category: Verified LinkedIn Company Page,train
1432,Gilt,https://www.linkedin.com/company/167354,0,Legitimate,Verified LinkedIn Company Page,,N/A - genuine company page found via user LinkedIn interests/follows,None reported,,,Interests,Gilt. Category: Verified LinkedIn Company Page,train
1433,Houston Maker Hub,https://www.linkedin.com/company/65269825,0,Legitimate,Verified LinkedIn Company Page,,N/A - genuine company page found via user LinkedIn interests/follows,None reported,,,Interests,Houston Maker Hub. Category: Verified LinkedIn Company Page,train
1434,Ludmer Law,https://www.linkedin.com/company/35707801,0,Legitimate,Verified LinkedIn Company Page,,N/A - genuine company page found via user LinkedIn interests/follows,None reported,,,Interests,Ludmer Law. Category: Verified LinkedIn Company Page,train
1435,AuditPartners,https://www.linkedin.com/company/81957885,0,Legitimate,Verified LinkedIn Company Page,,N/A - genuine company page found via user LinkedIn interests/follows,None reported,,,Interests,AuditPartners. Category: Verified LinkedIn Company Page,train
1436,Frosty,https://www.linkedin.com/company/77602379,0,Legitimate,Verified LinkedIn Company Page,,N/A - genuine company page found via user LinkedIn interests/follows,None reported,,,Interests,Frosty. Category: Verified LinkedIn Company Page,train
1437,The BAM Companies,https://www.linkedin.com/company/3681051,0,Legitimate,Verified LinkedIn Company Page,,N/A - genuine company page found via user LinkedIn interests/follows,None reported,,,Interests,The BAM Companies. Category: Verified LinkedIn Company Page,train
1438,Innovation Women,https://www.linkedin.com/company/10256306,0,Legitimate,Verified LinkedIn Company Page,,N/A - genuine company page found via user LinkedIn interests/follows,None reported,,,Interests,Innovation Women. Category: Verified LinkedIn Company Page,train
1439,SSH Design,https://www.linkedin.com/company/463105,0,Legitimate,Verified LinkedIn Company Page,,N/A - genuine company page found via user LinkedIn interests/follows,None reported,,,Interests,SSH Design. Category: Verified LinkedIn Company Page,train
1440,Tempus Delay Analysis LLP,https://www.linkedin.com/company/2776999,0,Legitimate,Verified LinkedIn Company Page,,N/A - genuine company page found via user LinkedIn interests/follows,None reported,,,Interests,Tempus Delay Analysis LLP. Category: Verified LinkedIn Company Page,train
1441,Atlantis Medical Wellness Center,https://www.linkedin.com/company/80186250,0,Legitimate,Verified LinkedIn Company Page,,N/A - genuine company page found via user LinkedIn interests/follows,None reported,,,Interests,Atlantis Medical Wellness Center. Category: Verified LinkedIn Company Page,train
1442,"USC Dornsife College of Letters, Arts and Sciences",https://www.linkedin.com/company/18774020,0,Legitimate,Verified LinkedIn Company Page,,N/A - genuine company page found via user LinkedIn interests/follows,None reported,,,Interests,"USC Dornsife College of Letters, Arts and Sciences. Category: Verified LinkedIn Company Page",train
1443,Social Good Connect,https://www.linkedin.com/company/37473958,0,Legitimate,Verified LinkedIn Company Page,,N/A - genuine company page found via user LinkedIn interests/follows,None reported,,,Interests,Social Good Connect. Category: Verified LinkedIn Company Page,train
1444,McNeelyLaw LLP,https://www.linkedin.com/company/65003499,0,Legitimate,Verified LinkedIn Company Page,,N/A - genuine company page found via user LinkedIn interests/follows,None reported,,,Interests,McNeelyLaw LLP. Category: Verified LinkedIn Company Page,val
1445,Chase,https://www.linkedin.com/company/163001,0,Legitimate,Verified LinkedIn Company Page,,N/A - genuine company page found via user LinkedIn interests/follows,None reported,,,Interests,Chase. Category: Verified LinkedIn Company Page,test
1446,CISO Network,https://www.linkedin.com/company/3652766,0,Legitimate,Verified LinkedIn Company Page,,N/A - genuine company page found via user LinkedIn interests/follows,None reported,,,Interests,CISO Network. Category: Verified LinkedIn Company Page,test
1447,London Terrariums Studio Ltd,https://www.linkedin.com/company/42102819,0,Legitimate,Verified LinkedIn Company Page,,N/A - genuine company page found via user LinkedIn interests/follows,None reported,,,Interests,London Terrariums Studio Ltd. Category: Verified LinkedIn Company Page,train
1448,Sustainalytics,https://www.linkedin.com/company/295390,0,Legitimate,Verified LinkedIn Company Page,,N/A - genuine company page found via user LinkedIn interests/follows,None reported,,,Interests,Sustainalytics. Category: Verified LinkedIn Company Page,train
1449,German Aerospace Center (DLR),https://www.linkedin.com/company/163473,0,Legitimate,Verified LinkedIn Company Page,,N/A - genuine company page found via user LinkedIn interests/follows,None reported,,,Interests,German Aerospace Center (DLR). Category: Verified LinkedIn Company Page,train
1450,TCS Business & Technology Services,https://www.linkedin.com/company/10046180,0,Legitimate,Verified LinkedIn Company Page,,N/A - genuine company page found via user LinkedIn interests/follows,None reported,,,Interests,TCS Business & Technology Services. Category: Verified LinkedIn Company Page,train
1451,DomainTools,https://www.linkedin.com/company/735223,0,Legitimate,Verified LinkedIn Company Page,,N/A - genuine company page found via user LinkedIn interests/follows,None reported,,,Interests,DomainTools. Category: Verified LinkedIn Company Page,train
1452,Salisbury University - Perdue School of Business,https://www.linkedin.com/company/15100304,0,Legitimate,Verified LinkedIn Company Page,,N/A - genuine company page found via user LinkedIn interests/follows,None reported,,,Interests,Salisbury University - Perdue School of Business. Category: Verified LinkedIn Company Page,test
1453,XtraAdvice,https://www.linkedin.com/company/15813687,0,Legitimate,Verified LinkedIn Company Page,,N/A - genuine company page found via user LinkedIn interests/follows,None reported,,,Interests,XtraAdvice. Category: Verified LinkedIn Company Page,train
1454,Lawgeex,https://www.linkedin.com/company/9435398,0,Legitimate,Verified LinkedIn Company Page,,N/A - genuine company page found via user LinkedIn interests/follows,None reported,,,Interests,Lawgeex. Category: Verified LinkedIn Company Page,train
1455,"Guangzhou Aowangda Leather Product Co., Ltd.",https://www.linkedin.com/company/41779136,0,Legitimate,Verified LinkedIn Company Page,,N/A - genuine company page found via user LinkedIn interests/follows,None reported,,,Interests,"Guangzhou Aowangda Leather Product Co., Ltd.. Category: Verified LinkedIn Company Page",train
1456,Vietnam Blockchain Summit,https://www.linkedin.com/company/81816352,0,Legitimate,Verified LinkedIn Company Page,,N/A - genuine company page found via user LinkedIn interests/follows,None reported,,,Interests,Vietnam Blockchain Summit. Category: Verified LinkedIn Company Page,train
1457,National Italian American Foundation,https://www.linkedin.com/company/118456,0,Legitimate,Verified LinkedIn Company Page,,N/A - genuine company page found via user LinkedIn interests/follows,None reported,,,Interests,National Italian American Foundation. Category: Verified LinkedIn Company Page,train
1458,Shopping Mall,https://www.linkedin.com/company/14566044,0,Legitimate,Verified LinkedIn Company Page,,N/A - genuine company page found via user LinkedIn interests/follows,None reported,,,Interests,Shopping Mall. Category: Verified LinkedIn Company Page,train
1459,Agência Nacional de Mineração - ANM,https://www.linkedin.com/company/35696993,0,Legitimate,Verified LinkedIn Company Page,,N/A - genuine company page found via user LinkedIn interests/follows,None reported,,,Interests,Agência Nacional de Mineração - ANM. Category: Verified LinkedIn Company Page,test
1460,News Corp,https://www.linkedin.com/company/5025,0,Legitimate,Verified LinkedIn Company Page,,N/A - genuine company page found via user LinkedIn interests/follows,None reported,,,Interests,News Corp. Category: Verified LinkedIn Company Page,val
1461,Inexture Solutions,https://www.linkedin.com/company/9400239,0,Legitimate,Verified LinkedIn Company Page,,N/A - genuine company page found via user LinkedIn interests/follows,None reported,,,Interests,Inexture Solutions. Category: Verified LinkedIn Company Page,train
1462,Eurostar,https://www.linkedin.com/company/163727,0,Legitimate,Verified LinkedIn Company Page,,N/A - genuine company page found via user LinkedIn interests/follows,None reported,,,Interests,Eurostar. Category: Verified LinkedIn Company Page,train
1463,Husky Intelligence North America,https://www.linkedin.com/company/2930671,0,Legitimate,Verified LinkedIn Company Page,,N/A - genuine company page found via user LinkedIn interests/follows,None reported,,,Interests,Husky Intelligence North America. Category: Verified LinkedIn Company Page,val
1464,OPEX Week: Business Transformation World Summit,https://www.linkedin.com/company/33247602,0,Legitimate,Verified LinkedIn Company Page,,N/A - genuine company page found via user LinkedIn interests/follows,None reported,,,Interests,OPEX Week: Business Transformation World Summit. Category: Verified LinkedIn Company Page,test
1465,Together / Ambev,https://www.linkedin.com/company/73412394,0,Legitimate,Verified LinkedIn Company Page,,N/A - genuine company page found via user LinkedIn interests/follows,None reported,,,Interests,Together / Ambev. Category: Verified LinkedIn Company Page,test
1466,Accelerating Leadership,https://www.linkedin.com/company/65624190,0,Legitimate,Verified LinkedIn Company Page,,N/A - genuine company page found via user LinkedIn interests/follows,None reported,,,Interests,Accelerating Leadership. Category: Verified LinkedIn Company Page,test
1467,Newcastle University,https://www.linkedin.com/company/165179,0,Legitimate,Verified LinkedIn Company Page,,N/A - genuine company page found via user LinkedIn interests/follows,None reported,,,Interests,Newcastle University. Category: Verified LinkedIn Company Page,train
1468,GOOD AMERICAN,https://www.linkedin.com/company/15183489,0,Legitimate,Verified LinkedIn Company Page,,N/A - genuine company page found via user LinkedIn interests/follows,None reported,,,Interests,GOOD AMERICAN. Category: Verified LinkedIn Company Page,train
1469,Air Liquide,https://www.linkedin.com/company/3818,0,Legitimate,Verified LinkedIn Company Page,,N/A - genuine company page found via user LinkedIn interests/follows,None reported,,,Interests,Air Liquide. Category: Verified LinkedIn Company Page,train
1470,Pedal Pub Fayetteville,https://www.linkedin.com/company/78418296,0,Legitimate,Verified LinkedIn Company Page,,N/A - genuine company page found via user LinkedIn interests/follows,None reported,,,Interests,Pedal Pub Fayetteville. Category: Verified LinkedIn Company Page,train
1471,Idelic,https://www.linkedin.com/company/12899484,0,Legitimate,Verified LinkedIn Company Page,,N/A - genuine company page found via user LinkedIn interests/follows,None reported,,,Interests,Idelic. Category: Verified LinkedIn Company Page,train
1472,Enterprise Community Partners,https://www.linkedin.com/company/26072,0,Legitimate,Verified LinkedIn Company Page,,N/A - genuine company page found via user LinkedIn interests/follows,None reported,,,Interests,Enterprise Community Partners. Category: Verified LinkedIn Company Page,test
1473,UWC Atlantic College,https://www.linkedin.com/company/15101054,0,Legitimate,Verified LinkedIn Company Page,,N/A - genuine company page found via user LinkedIn interests/follows,None reported,,,Interests,UWC Atlantic College. Category: Verified LinkedIn Company Page,train
1474,Barnsley Council,https://www.linkedin.com/company/62365,0,Legitimate,Verified LinkedIn Company Page,,N/A - genuine company page found via user LinkedIn interests/follows,None reported,,,Interests,Barnsley Council. Category: Verified LinkedIn Company Page,test
1475,Mursion,https://www.linkedin.com/company/6414748,0,Legitimate,Verified LinkedIn Company Page,,N/A - genuine company page found via user LinkedIn interests/follows,None reported,,,Interests,Mursion. Category: Verified LinkedIn Company Page,train
1476,Mercedes-Benz USA,https://www.linkedin.com/company/164934,0,Legitimate,Verified LinkedIn Company Page,,N/A - genuine company page found via user LinkedIn interests/follows,None reported,,,Interests,Mercedes-Benz USA. Category: Verified LinkedIn Company Page,test
1477,NAMI Maryland,https://www.linkedin.com/company/3283571,0,Legitimate,Verified LinkedIn Company Page,,N/A - genuine company page found via user LinkedIn interests/follows,None reported,,,Interests,NAMI Maryland. Category: Verified LinkedIn Company Page,train
1478,Avalanche Avalanche Nodes Lab,,1,Fake_Scam,Web3 / Crypto Shell,Fabricated Node Provider,Recruits node operators; requires downloading setup package with embedded token drainer.,Malicious node setup software extracts private keys.,LinkedIn DM -> GitHub Clone,Critical,LinkedIn Fake Company Database,Avalanche Avalanche Nodes Lab. Category: Web3 / Crypto Shell. Impersonation target: Fabricated Node Provider. Modus operandi: Recruits node operators; requires downloading setup package with embedded token drainer.. Red flags: Malicious node setup software extracts private keys.,val
1479,REAL GOLD,https://www.linkedin.com/company/35505388,0,Legitimate,Verified LinkedIn Company Page,,N/A - genuine company page found via user LinkedIn interests/follows,None reported,,,Interests,REAL GOLD. Category: Verified LinkedIn Company Page,train
1480,Westpac,https://www.linkedin.com/company/3597,0,Legitimate,Verified LinkedIn Company Page,,N/A - genuine company page found via user LinkedIn interests/follows,None reported,,,Interests,Westpac. Category: Verified LinkedIn Company Page,train
1481,National Institute of Design (NID) Ahmedabad,https://www.linkedin.com/company/29480,0,Legitimate,Verified LinkedIn Company Page,,N/A - genuine company page found via user LinkedIn interests/follows,None reported,,,Interests,National Institute of Design (NID) Ahmedabad. Category: Verified LinkedIn Company Page,test
1482,Broadbean Technology,https://www.linkedin.com/company/88025,0,Legitimate,Verified LinkedIn Company Page,,N/A - genuine company page found via user LinkedIn interests/follows,None reported,,,Interests,Broadbean Technology. Category: Verified LinkedIn Company Page,train
1483,Motive: A Project WorldWide Agency,https://www.linkedin.com/company/2974768,0,Legitimate,Verified LinkedIn Company Page,,N/A - genuine company page found via user LinkedIn interests/follows,None reported,,,Interests,Motive: A Project WorldWide Agency. Category: Verified LinkedIn Company Page,val
1484,"Green Courte Partners, LLC",https://www.linkedin.com/company/672862,0,Legitimate,Verified LinkedIn Company Page,,N/A - genuine company page found via user LinkedIn interests/follows,None reported,,,Interests,"Green Courte Partners, LLC. Category: Verified LinkedIn Company Page",train
1485,"Modigie, Inc.",https://www.linkedin.com/company/33298403,0,Legitimate,Verified LinkedIn Company Page,,N/A - genuine company page found via user LinkedIn interests/follows,None reported,,,Interests,"Modigie, Inc.. Category: Verified LinkedIn Company Page",test
1486,Strategic Sustainability Consulting,https://www.linkedin.com/company/250581,0,Legitimate,Verified LinkedIn Company Page,,N/A - genuine company page found via user LinkedIn interests/follows,None reported,,,Interests,Strategic Sustainability Consulting. Category: Verified LinkedIn Company Page,val
1487,Lafayette Economic Development Authority (LEDA),https://www.linkedin.com/company/91893,0,Legitimate,Verified LinkedIn Company Page,,N/A - genuine company page found via user LinkedIn interests/follows,None reported,,,Interests,Lafayette Economic Development Authority (LEDA). Category: Verified LinkedIn Company Page,train
1488,The Michael J. Fox Foundation for Parkinson's Research,https://www.linkedin.com/company/78411,0,Legitimate,Verified LinkedIn Company Page,,N/A - genuine company page found via user LinkedIn interests/follows,None reported,,,Interests,The Michael J. Fox Foundation for Parkinson's Research. Category: Verified LinkedIn Company Page,train
1489,Acenda Integrated Health,https://www.linkedin.com/company/40711210,0,Legitimate,Verified LinkedIn Company Page,,N/A - genuine company page found via user LinkedIn interests/follows,None reported,,,Interests,Acenda Integrated Health. Category: Verified LinkedIn Company Page,val
1490,Financial Technology & Cybersecurity Center,https://www.linkedin.com/company/79439648,0,Legitimate,Verified LinkedIn Company Page,,N/A - genuine company page found via user LinkedIn interests/follows,None reported,,,Interests,Financial Technology & Cybersecurity Center. Category: Verified LinkedIn Company Page,test
1491,98Strong,https://www.linkedin.com/company/78618275,0,Legitimate,Verified LinkedIn Company Page,,N/A - genuine company page found via user LinkedIn interests/follows,None reported,,,Interests,98Strong. Category: Verified LinkedIn Company Page,test
1492,Appleton Creative,https://www.linkedin.com/company/1122010,0,Legitimate,Verified LinkedIn Company Page,,N/A - genuine company page found via user LinkedIn interests/follows,None reported,,,Interests,Appleton Creative. Category: Verified LinkedIn Company Page,train
1493,Harry Winston,https://www.linkedin.com/company/164129,0,Legitimate,Verified LinkedIn Company Page,,N/A - genuine company page found via user LinkedIn interests/follows,None reported,,,Interests,Harry Winston. Category: Verified LinkedIn Company Page,train
1494,Tokio Marine HCC,https://www.linkedin.com/company/1000415,0,Legitimate,Verified LinkedIn Company Page,,N/A - genuine company page found via user LinkedIn interests/follows,None reported,,,Interests,Tokio Marine HCC. Category: Verified LinkedIn Company Page,train
1495,Hawthorne Residential Partners,https://www.linkedin.com/company/1283753,0,Legitimate,Verified LinkedIn Company Page,,N/A - genuine company page found via user LinkedIn interests/follows,None reported,,,Interests,Hawthorne Residential Partners. Category: Verified LinkedIn Company Page,train
1496,Taylor Wimpey plc,https://www.linkedin.com/company/7979,0,Legitimate,Verified LinkedIn Company Page,,N/A - genuine company page found via user LinkedIn interests/follows,None reported,,,Interests,Taylor Wimpey plc. Category: Verified LinkedIn Company Page,val
1497,nikio,https://www.linkedin.com/company/86865945,0,Legitimate,Verified LinkedIn Company Page,,N/A - genuine company page found via user LinkedIn interests/follows,None reported,,,Interests,nikio. Category: Verified LinkedIn Company Page,train
1498,KIKICHIC,https://www.linkedin.com/company/14841819,0,Legitimate,Verified LinkedIn Company Page,,N/A - genuine company page found via user LinkedIn interests/follows,None reported,,,Interests,KIKICHIC. Category: Verified LinkedIn Company Page,val
1499,Collaborative Fund,https://www.linkedin.com/company/2503025,0,Legitimate,Verified LinkedIn Company Page,,N/A - genuine company page found via user LinkedIn interests/follows,None reported,,,Interests,Collaborative Fund. Category: Verified LinkedIn Company Page,train
1500,Equitas Investimentos,https://www.linkedin.com/company/13019708,0,Legitimate,Verified LinkedIn Company Page,,N/A - genuine company page found via user LinkedIn interests/follows,None reported,,,Interests,Equitas Investimentos. Category: Verified LinkedIn Company Page,val
1501,Groupe TF1,https://www.linkedin.com/company/6240,0,Legitimate,Verified LinkedIn Company Page,,N/A - genuine company page found via user LinkedIn interests/follows,None reported,,,Interests,Groupe TF1. Category: Verified LinkedIn Company Page,train
1502,Paragon One,https://www.linkedin.com/company/4446262,0,Legitimate,Verified LinkedIn Company Page,,N/A - genuine company page found via user LinkedIn interests/follows,None reported,,,Interests,Paragon One. Category: Verified LinkedIn Company Page,val
1503,BIT Capital,https://www.linkedin.com/company/14807490,0,Legitimate,Verified LinkedIn Company Page,,N/A - genuine company page found via user LinkedIn interests/follows,None reported,,,Interests,BIT Capital. Category: Verified LinkedIn Company Page,train
1504,Stop & Shop,https://www.linkedin.com/company/3143,0,Legitimate,Verified LinkedIn Company Page,,N/A - genuine company page found via user LinkedIn interests/follows,None reported,,,Interests,Stop & Shop. Category: Verified LinkedIn Company Page,val
1505,Kumon UK,https://www.linkedin.com/company/728173,0,Legitimate,Verified LinkedIn Company Page,,N/A - genuine company page found via user LinkedIn interests/follows,None reported,,,Interests,Kumon UK. Category: Verified LinkedIn Company Page,val
1506,Chain IQ Group AG,https://www.linkedin.com/company/5100724,0,Legitimate,Verified LinkedIn Company Page,,N/A - genuine company page found via user LinkedIn interests/follows,None reported,,,Interests,Chain IQ Group AG. Category: Verified LinkedIn Company Page,train
1507,Alnylam Pharmaceuticals,https://www.linkedin.com/company/48171,0,Legitimate,Verified LinkedIn Company Page,,N/A - genuine company page found via user LinkedIn interests/follows,None reported,,,Interests,Alnylam Pharmaceuticals. Category: Verified LinkedIn Company Page,test
1508,Ter Molen Watkins & Brandt,https://www.linkedin.com/company/2968263,0,Legitimate,Verified LinkedIn Company Page,,N/A - genuine company page found via user LinkedIn interests/follows,None reported,,,Interests,Ter Molen Watkins & Brandt. Category: Verified LinkedIn Company Page,train
1509,Phonak Canada,https://www.linkedin.com/company/65325134,0,Legitimate,Verified LinkedIn Company Page,,N/A - genuine company page found via user LinkedIn interests/follows,None reported,,,Interests,Phonak Canada. Category: Verified LinkedIn Company Page,test
1510,Riot Games,https://www.linkedin.com/company/60870,0,Legitimate,Verified LinkedIn Company Page,,N/A - genuine company page found via user LinkedIn interests/follows,None reported,,,Interests,Riot Games. Category: Verified LinkedIn Company Page,train
1511,PPR Australia and New Zealand,https://www.linkedin.com/company/242821,0,Legitimate,Verified LinkedIn Company Page,,N/A - genuine company page found via user LinkedIn interests/follows,None reported,,,Interests,PPR Australia and New Zealand. Category: Verified LinkedIn Company Page,train
1512,University of Florida - Warrington College of Business,https://www.linkedin.com/company/7974417,0,Legitimate,Verified LinkedIn Company Page,,N/A - genuine company page found via user LinkedIn interests/follows,None reported,,,Interests,University of Florida - Warrington College of Business. Category: Verified LinkedIn Company Page,train
1513,UNG Beta Alpha Psi - Nu Gamma Chapter,https://www.linkedin.com/company/24785925,0,Legitimate,Verified LinkedIn Company Page,,N/A - genuine company page found via user LinkedIn interests/follows,None reported,,,Interests,UNG Beta Alpha Psi - Nu Gamma Chapter. Category: Verified LinkedIn Company Page,train
1514,Zipp Mobility,https://www.linkedin.com/company/26190225,0,Legitimate,Verified LinkedIn Company Page,,N/A - genuine company page found via user LinkedIn interests/follows,None reported,,,Interests,Zipp Mobility. Category: Verified LinkedIn Company Page,train
1515,"Custom Pipe & Fabrication, Inc.",https://www.linkedin.com/company/33276376,0,Legitimate,Verified LinkedIn Company Page,,N/A - genuine company page found via user LinkedIn interests/follows,None reported,,,Interests,"Custom Pipe & Fabrication, Inc.. Category: Verified LinkedIn Company Page",val
1516,Winning Women Series,https://www.linkedin.com/company/35453959,0,Legitimate,Verified LinkedIn Company Page,,N/A - genuine company page found via user LinkedIn interests/follows,None reported,,,Interests,Winning Women Series. Category: Verified LinkedIn Company Page,test
1517,CNA Insurance,https://www.linkedin.com/company/3246,0,Legitimate,Verified LinkedIn Company Page,,N/A - genuine company page found via user LinkedIn interests/follows,None reported,,,Interests,CNA Insurance. Category: Verified LinkedIn Company Page,val
1518,Harvard Business Review Türkiye,https://www.linkedin.com/company/2623858,0,Legitimate,Verified LinkedIn Company Page,,N/A - genuine company page found via user LinkedIn interests/follows,None reported,,,Interests,Harvard Business Review Türkiye. Category: Verified LinkedIn Company Page,train
1519,Fox Interactive Media,https://www.linkedin.com/company/2073,0,Legitimate,Verified LinkedIn Company Page,,N/A - genuine company page found via user LinkedIn interests/follows,None reported,,,Interests,Fox Interactive Media. Category: Verified LinkedIn Company Page,test
1520,Maisonette,https://www.linkedin.com/company/11003766,0,Legitimate,Verified LinkedIn Company Page,,N/A - genuine company page found via user LinkedIn interests/follows,None reported,,,Interests,Maisonette. Category: Verified LinkedIn Company Page,train
1521,徐州火铺广告传媒有限公司,https://www.linkedin.com/company/32515898,0,Legitimate,Verified LinkedIn Company Page,,N/A - genuine company page found via user LinkedIn interests/follows,None reported,,,Interests,徐州火铺广告传媒有限公司. Category: Verified LinkedIn Company Page,val
1522,Embry-Riddle Aeronautical University,https://www.linkedin.com/company/9405,0,Legitimate,Verified LinkedIn Company Page,,N/A - genuine company page found via user LinkedIn interests/follows,None reported,,,Interests,Embry-Riddle Aeronautical University. Category: Verified LinkedIn Company Page,test
1523,The Career Foundation,https://www.linkedin.com/company/65531,0,Legitimate,Verified LinkedIn Company Page,,N/A - genuine company page found via user LinkedIn interests/follows,None reported,,,Interests,The Career Foundation. Category: Verified LinkedIn Company Page,train
1524,Legacy Youth Sports Of Florida,https://www.linkedin.com/company/24780377,0,Legitimate,Verified LinkedIn Company Page,,N/A - genuine company page found via user LinkedIn interests/follows,None reported,,,Interests,Legacy Youth Sports Of Florida. Category: Verified LinkedIn Company Page,train
1525,EFI,https://www.linkedin.com/company/4303,0,Legitimate,Verified LinkedIn Company Page,,N/A - genuine company page found via user LinkedIn interests/follows,None reported,,,Interests,EFI. Category: Verified LinkedIn Company Page,train
1526,Procter & Gamble,https://www.linkedin.com/company/1116,0,Legitimate,Verified LinkedIn Company Page,,N/A - genuine company page found via user LinkedIn interests/follows,None reported,,,Interests,Procter & Gamble. Category: Verified LinkedIn Company Page,val
1527,"Julius Wealth Advisors, LLC",https://www.linkedin.com/company/76526831,0,Legitimate,Verified LinkedIn Company Page,,N/A - genuine company page found via user LinkedIn interests/follows,None reported,,,Interests,"Julius Wealth Advisors, LLC. Category: Verified LinkedIn Company Page",train
1528,Regenesys-io,https://www.linkedin.com/company/88678889,0,Legitimate,Verified LinkedIn Company Page,,N/A - genuine company page found via user LinkedIn interests/follows,None reported,,,Interests,Regenesys-io. Category: Verified LinkedIn Company Page,val
1529,Quantum Leap Biotech Labs,,1,Fake_Scam,Shell Biotech Firm,Fabricated Life Sciences,Posts lab data analyst roles; charges mandatory visa processing fees for overseas candidates.,Targets international candidates with fake sponsor visa promises for fee.,LinkedIn Job Ad -> Wire Transfer,High,LinkedIn Fake Company Database,Quantum Leap Biotech Labs. Category: Shell Biotech Firm. Impersonation target: Fabricated Life Sciences. Modus operandi: Posts lab data analyst roles; charges mandatory visa processing fees for overseas candidates.. Red flags: Targets international candidates with fake sponsor visa promises for fee.,test
1530,HRS agency,https://www.linkedin.com/company/37533103,0,Legitimate,Verified LinkedIn Company Page,,N/A - genuine company page found via user LinkedIn interests/follows,None reported,,,Interests,HRS agency. Category: Verified LinkedIn Company Page,test
1531,Karrikins Group,https://www.linkedin.com/company/1085129,0,Legitimate,Verified LinkedIn Company Page,,N/A - genuine company page found via user LinkedIn interests/follows,None reported,,,Interests,Karrikins Group. Category: Verified LinkedIn Company Page,train
1532,1Path,https://www.linkedin.com/company/841735,0,Legitimate,Verified LinkedIn Company Page,,N/A - genuine company page found via user LinkedIn interests/follows,None reported,,,Interests,1Path. Category: Verified LinkedIn Company Page,train
1533,The Greene Group,https://www.linkedin.com/company/68229923,0,Legitimate,Verified LinkedIn Company Page,,N/A - genuine company page found via user LinkedIn interests/follows,None reported,,,Interests,The Greene Group. Category: Verified LinkedIn Company Page,train
1534,Savvy Ladies,https://www.linkedin.com/company/3493828,0,Legitimate,Verified LinkedIn Company Page,,N/A - genuine company page found via user LinkedIn interests/follows,None reported,,,Interests,Savvy Ladies. Category: Verified LinkedIn Company Page,train
1535,HPMA Healthcare People Management Association,https://www.linkedin.com/company/2112641,0,Legitimate,Verified LinkedIn Company Page,,N/A - genuine company page found via user LinkedIn interests/follows,None reported,,,Interests,HPMA Healthcare People Management Association. Category: Verified LinkedIn Company Page,test
1536,Insider Intelligence,https://www.linkedin.com/company/5387966,0,Legitimate,Verified LinkedIn Company Page,,N/A - genuine company page found via user LinkedIn interests/follows,None reported,,,Interests,Insider Intelligence. Category: Verified LinkedIn Company Page,train
1537,Elevate Travel Co.,https://www.linkedin.com/company/18702794,0,Legitimate,Verified LinkedIn Company Page,,N/A - genuine company page found via user LinkedIn interests/follows,None reported,,,Interests,Elevate Travel Co.. Category: Verified LinkedIn Company Page,train
1538,artnet,https://www.linkedin.com/company/17566,0,Legitimate,Verified LinkedIn Company Page,,N/A - genuine company page found via user LinkedIn interests/follows,None reported,,,Interests,artnet. Category: Verified LinkedIn Company Page,train
1539,"Girls in Tech, Inc.",https://www.linkedin.com/company/5058120,0,Legitimate,Verified LinkedIn Company Page,,N/A - genuine company page found via user LinkedIn interests/follows,None reported,,,Interests,"Girls in Tech, Inc.. Category: Verified LinkedIn Company Page",train
1540,Insider Business,https://www.linkedin.com/company/683279,0,Legitimate,Verified LinkedIn Company Page,,N/A - genuine company page found via user LinkedIn interests/follows,None reported,,,Interests,Insider Business. Category: Verified LinkedIn Company Page,train
1541,"Cynergy, The Experience Agency",https://www.linkedin.com/company/29036,0,Legitimate,Verified LinkedIn Company Page,,N/A - genuine company page found via user LinkedIn interests/follows,None reported,,,Interests,"Cynergy, The Experience Agency. Category: Verified LinkedIn Company Page",val
1542,China Textile Traders,https://www.linkedin.com/company/7575574,0,Legitimate,Verified LinkedIn Company Page,,N/A - genuine company page found via user LinkedIn interests/follows,None reported,,,Interests,China Textile Traders. Category: Verified LinkedIn Company Page,test
1543,R/GA,https://www.linkedin.com/company/207439,0,Legitimate,Verified LinkedIn Company Page,,N/A - genuine company page found via user LinkedIn interests/follows,None reported,,,Interests,R/GA. Category: Verified LinkedIn Company Page,train
1544,GoArmy,https://www.linkedin.com/company/64693636,0,Legitimate,Verified LinkedIn Company Page,,N/A - genuine company page found via user LinkedIn interests/follows,None reported,,,Interests,GoArmy. Category: Verified LinkedIn Company Page,train
1545,Knowledge Link,https://www.linkedin.com/company/2756165,0,Legitimate,Verified LinkedIn Company Page,,N/A - genuine company page found via user LinkedIn interests/follows,None reported,,,Interests,Knowledge Link. Category: Verified LinkedIn Company Page,train
1546,Cribl,https://www.linkedin.com/company/18777798,0,Legitimate,Verified LinkedIn Company Page,,N/A - genuine company page found via user LinkedIn interests/follows,None reported,,,Interests,Cribl. Category: Verified LinkedIn Company Page,train
1547,Gies Online at Illinois Gies Business,https://www.linkedin.com/company/65535974,0,Legitimate,Verified LinkedIn Company Page,,N/A - genuine company page found via user LinkedIn interests/follows,None reported,,,Interests,Gies Online at Illinois Gies Business. Category: Verified LinkedIn Company Page,train
1548,Golden Gate University,https://www.linkedin.com/company/9293,0,Legitimate,Verified LinkedIn Company Page,,N/A - genuine company page found via user LinkedIn interests/follows,None reported,,,Interests,Golden Gate University. Category: Verified LinkedIn Company Page,train
1549,Siemens Smart Infrastructure Desk,,1,Fake_Scam,Enterprise Impersonation,Siemens AG,Conducts chat interview on Telegram; provides fraudulent check for home lab equipment.,Counterfeit check scam impersonating Siemens HR.,LinkedIn Outreach -> Telegram,High,LinkedIn Fake Company Database,Siemens Smart Infrastructure Desk. Category: Enterprise Impersonation. Impersonation target: Siemens AG. Modus operandi: Conducts chat interview on Telegram; provides fraudulent check for home lab equipment.. Red flags: Counterfeit check scam impersonating Siemens HR.,test
1550,Lighthouse Central Florida,https://www.linkedin.com/company/671905,0,Legitimate,Verified LinkedIn Company Page,,N/A - genuine company page found via user LinkedIn interests/follows,None reported,,,Interests,Lighthouse Central Florida. Category: Verified LinkedIn Company Page,train
1551,Elective Services,https://www.linkedin.com/company/34743095,0,Legitimate,Verified LinkedIn Company Page,,N/A - genuine company page found via user LinkedIn interests/follows,None reported,,,Interests,Elective Services. Category: Verified LinkedIn Company Page,train
1552,Enavate,https://www.linkedin.com/company/3561251,0,Legitimate,Verified LinkedIn Company Page,,N/A - genuine company page found via user LinkedIn interests/follows,None reported,,,Interests,Enavate. Category: Verified LinkedIn Company Page,train
1553,Maximum Effort,https://www.linkedin.com/company/18646404,0,Legitimate,Verified LinkedIn Company Page,,N/A - genuine company page found via user LinkedIn interests/follows,None reported,,,Interests,Maximum Effort. Category: Verified LinkedIn Company Page,test
1554,FRG Technology Consulting,https://www.linkedin.com/company/18152901,0,Legitimate,Verified LinkedIn Company Page,,N/A - genuine company page found via user LinkedIn interests/follows,None reported,,,Interests,FRG Technology Consulting. Category: Verified LinkedIn Company Page,val
1555,Nashville Area Chamber of Commerce,https://www.linkedin.com/company/487474,0,Legitimate,Verified LinkedIn Company Page,,N/A - genuine company page found via user LinkedIn interests/follows,None reported,,,Interests,Nashville Area Chamber of Commerce. Category: Verified LinkedIn Company Page,train
1556,MCCA (Minority Corporate Counsel Association),https://www.linkedin.com/company/1224927,0,Legitimate,Verified LinkedIn Company Page,,N/A - genuine company page found via user LinkedIn interests/follows,None reported,,,Interests,MCCA (Minority Corporate Counsel Association). Category: Verified LinkedIn Company Page,train
1557,NeuroLink Deep Learning,,1,Fake_Scam,AI Hype Shell Company,Fabricated AI Lab,Recruits data annotators; charges monthly subscription for access to annotation tasks.,Pay-to-work annotation platform scam.,LinkedIn Job Ad -> Credit Card Form,Medium,LinkedIn Fake Company Database,NeuroLink Deep Learning. Category: AI Hype Shell Company. Impersonation target: Fabricated AI Lab. Modus operandi: Recruits data annotators; charges monthly subscription for access to annotation tasks.. Red flags: Pay-to-work annotation platform scam.,test
1558,La Colombe Coffee Roasters,https://www.linkedin.com/company/9374055,0,Legitimate,Verified LinkedIn Company Page,,N/A - genuine company page found via user LinkedIn interests/follows,None reported,,,Interests,La Colombe Coffee Roasters. Category: Verified LinkedIn Company Page,train
1559,SimplePractice,https://www.linkedin.com/company/2686631,0,Legitimate,Verified LinkedIn Company Page,,N/A - genuine company page found via user LinkedIn interests/follows,None reported,,,Interests,SimplePractice. Category: Verified LinkedIn Company Page,train
1560,University of Michigan,https://www.linkedin.com/company/2516,0,Legitimate,Verified LinkedIn Company Page,,N/A - genuine company page found via user LinkedIn interests/follows,None reported,,,Interests,University of Michigan. Category: Verified LinkedIn Company Page,test
1561,My Coach Viviana,https://www.linkedin.com/company/35431864,0,Legitimate,Verified LinkedIn Company Page,,N/A - genuine company page found via user LinkedIn interests/follows,None reported,,,Interests,My Coach Viviana. Category: Verified LinkedIn Company Page,train
1562,HP,https://www.linkedin.com/company/5390798,0,Legitimate,Verified LinkedIn Company Page,,N/A - genuine company page found via user LinkedIn interests/follows,None reported,,,Interests,HP. Category: Verified LinkedIn Company Page,test
1563,illumr,https://www.linkedin.com/company/2810817,0,Legitimate,Verified LinkedIn Company Page,,N/A - genuine company page found via user LinkedIn interests/follows,None reported,,,Interests,illumr. Category: Verified LinkedIn Company Page,train
1564,Florida Institute of Technology,https://www.linkedin.com/company/15369,0,Legitimate,Verified LinkedIn Company Page,,N/A - genuine company page found via user LinkedIn interests/follows,None reported,,,Interests,Florida Institute of Technology. Category: Verified LinkedIn Company Page,val
1565,Board of Directors Center of Excellence,https://www.linkedin.com/company/18636109,0,Legitimate,Verified LinkedIn Company Page,,N/A - genuine company page found via user LinkedIn interests/follows,None reported,,,Interests,Board of Directors Center of Excellence. Category: Verified LinkedIn Company Page,train
1566,Phoenix Business Journal,https://www.linkedin.com/company/2545515,0,Legitimate,Verified LinkedIn Company Page,,N/A - genuine company page found via user LinkedIn interests/follows,None reported,,,Interests,Phoenix Business Journal. Category: Verified LinkedIn Company Page,val
1567,New Horizons Computer Learning Centers,https://www.linkedin.com/company/61750,0,Legitimate,Verified LinkedIn Company Page,,N/A - genuine company page found via user LinkedIn interests/follows,None reported,,,Interests,New Horizons Computer Learning Centers. Category: Verified LinkedIn Company Page,train
1568,Visit Lake Charles- Louisiana's Playground,https://www.linkedin.com/company/2715371,0,Legitimate,Verified LinkedIn Company Page,,N/A - genuine company page found via user LinkedIn interests/follows,None reported,,,Interests,Visit Lake Charles- Louisiana's Playground. Category: Verified LinkedIn Company Page,test
1569,"Phi Beta Sigma Fraternity, Inc.",https://www.linkedin.com/company/1079924,0,Legitimate,Verified LinkedIn Company Page,,N/A - genuine company page found via user LinkedIn interests/follows,None reported,,,Interests,"Phi Beta Sigma Fraternity, Inc.. Category: Verified LinkedIn Company Page",train
1570,Six Degrees Creative,https://www.linkedin.com/company/35449571,0,Legitimate,Verified LinkedIn Company Page,,N/A - genuine company page found via user LinkedIn interests/follows,None reported,,,Interests,Six Degrees Creative. Category: Verified LinkedIn Company Page,test
1571,Overheidsbreed Cyberprogramma,https://www.linkedin.com/company/82745117,0,Legitimate,Verified LinkedIn Company Page,,N/A - genuine company page found via user LinkedIn interests/follows,None reported,,,Interests,Overheidsbreed Cyberprogramma. Category: Verified LinkedIn Company Page,train
1572,The Johns Hopkins University - Carey Business School,https://www.linkedin.com/company/368576,0,Legitimate,Verified LinkedIn Company Page,,N/A - genuine company page found via user LinkedIn interests/follows,None reported,,,Interests,The Johns Hopkins University - Carey Business School. Category: Verified LinkedIn Company Page,train
1573,Civilla,https://www.linkedin.com/company/10388460,0,Legitimate,Verified LinkedIn Company Page,,N/A - genuine company page found via user LinkedIn interests/follows,None reported,,,Interests,Civilla. Category: Verified LinkedIn Company Page,train
1574,Metaverse Tech Solutions Inc.,,1,Fake_Scam,Shell IT Consultancy,Fabricated Web3 Firm,Posts remote Full Stack/React jobs; requires $150 deposit for proprietary SDK tools.,Unregistered company registry; AI-generated staff avatars; asks for software fee.,LinkedIn Job Post -> WhatsApp,High,LinkedIn Fake Company Database,Metaverse Tech Solutions Inc.. Category: Shell IT Consultancy. Impersonation target: Fabricated Web3 Firm. Modus operandi: Posts remote Full Stack/React jobs; requires $150 deposit for proprietary SDK tools.. Red flags: Unregistered company registry; AI-generated staff avatars; asks for software fee.,train
1575,Monic.ai,https://www.linkedin.com/company/89348076,0,Legitimate,Verified LinkedIn Company Page,,N/A - genuine company page found via user LinkedIn interests/follows,None reported,,,Interests,Monic.ai. Category: Verified LinkedIn Company Page,test
1576,JobThai,https://www.linkedin.com/company/3767791,0,Legitimate,Verified LinkedIn Company Page,,N/A - genuine company page found via user LinkedIn interests/follows,None reported,,,Interests,JobThai. Category: Verified LinkedIn Company Page,train
1577,Stairways,https://www.linkedin.com/company/10397434,0,Legitimate,Verified LinkedIn Company Page,,N/A - genuine company page found via user LinkedIn interests/follows,None reported,,,Interests,Stairways. Category: Verified LinkedIn Company Page,train
1578,European Olympic Academies (EOA),https://www.linkedin.com/company/68526961,0,Legitimate,Verified LinkedIn Company Page,,N/A - genuine company page found via user LinkedIn interests/follows,None reported,,,Interests,European Olympic Academies (EOA). Category: Verified LinkedIn Company Page,train
1579,WGU Labs,https://www.linkedin.com/company/28422144,0,Legitimate,Verified LinkedIn Company Page,,N/A - genuine company page found via user LinkedIn interests/follows,None reported,,,Interests,WGU Labs. Category: Verified LinkedIn Company Page,train
1580,Chow Tai Fook Jewellery Group Ltd,https://www.linkedin.com/company/56897131,0,Legitimate,Verified LinkedIn Company Page,,N/A - genuine company page found via user LinkedIn interests/follows,None reported,,,Interests,Chow Tai Fook Jewellery Group Ltd. Category: Verified LinkedIn Company Page,train
1581,Reach Out,https://www.linkedin.com/company/1038101,0,Legitimate,Verified LinkedIn Company Page,,N/A - genuine company page found via user LinkedIn interests/follows,None reported,,,Interests,Reach Out. Category: Verified LinkedIn Company Page,train
1582,Maxwell Solutions LLC,https://www.linkedin.com/company/1869492,0,Legitimate,Verified LinkedIn Company Page,,N/A - genuine company page found via user LinkedIn interests/follows,None reported,,,Interests,Maxwell Solutions LLC. Category: Verified LinkedIn Company Page,train
1583,National Restaurant Association,https://www.linkedin.com/company/22205,0,Legitimate,Verified LinkedIn Company Page,,N/A - genuine company page found via user LinkedIn interests/follows,None reported,,,Interests,National Restaurant Association. Category: Verified LinkedIn Company Page,test
1584,HCN Bank,https://www.linkedin.com/company/1063159,0,Legitimate,Verified LinkedIn Company Page,,N/A - genuine company page found via user LinkedIn interests/follows,None reported,,,Interests,HCN Bank. Category: Verified LinkedIn Company Page,train
1585,Bipartisan Policy Center,https://www.linkedin.com/company/1136638,0,Legitimate,Verified LinkedIn Company Page,,N/A - genuine company page found via user LinkedIn interests/follows,None reported,,,Interests,Bipartisan Policy Center. Category: Verified LinkedIn Company Page,train
1586,Newchip Accelerator,https://www.linkedin.com/company/10964495,0,Legitimate,Verified LinkedIn Company Page,,N/A - genuine company page found via user LinkedIn interests/follows,None reported,,,Interests,Newchip Accelerator. Category: Verified LinkedIn Company Page,train
1587,Etag,https://www.linkedin.com/company/2252923,0,Legitimate,Verified LinkedIn Company Page,,N/A - genuine company page found via user LinkedIn interests/follows,None reported,,,Interests,Etag. Category: Verified LinkedIn Company Page,train
1588,Customer Experience Professionals Association (CXPA),https://www.linkedin.com/company/2246778,0,Legitimate,Verified LinkedIn Company Page,,N/A - genuine company page found via user LinkedIn interests/follows,None reported,,,Interests,Customer Experience Professionals Association (CXPA). Category: Verified LinkedIn Company Page,train
1589,CreativBuild,https://www.linkedin.com/company/35674169,0,Legitimate,Verified LinkedIn Company Page,,N/A - genuine company page found via user LinkedIn interests/follows,None reported,,,Interests,CreativBuild. Category: Verified LinkedIn Company Page,train
1590,辽宁耐力机械有限公司,https://www.linkedin.com/company/29176257,0,Legitimate,Verified LinkedIn Company Page,,N/A - genuine company page found via user LinkedIn interests/follows,None reported,,,Interests,辽宁耐力机械有限公司. Category: Verified LinkedIn Company Page,val
1591,Female Tech Leaders Community,https://www.linkedin.com/company/18702268,0,Legitimate,Verified LinkedIn Company Page,,N/A - genuine company page found via user LinkedIn interests/follows,None reported,,,Interests,Female Tech Leaders Community. Category: Verified LinkedIn Company Page,train
1592,Full Stack Squad,https://www.linkedin.com/company/15100293,0,Legitimate,Verified LinkedIn Company Page,,N/A - genuine company page found via user LinkedIn interests/follows,None reported,,,Interests,Full Stack Squad. Category: Verified LinkedIn Company Page,train
1593,InnovatorsRoom Community,https://www.linkedin.com/company/11872601,0,Legitimate,Verified LinkedIn Company Page,,N/A - genuine company page found via user LinkedIn interests/follows,None reported,,,Interests,InnovatorsRoom Community. Category: Verified LinkedIn Company Page,train
1594,"University of California, Los Angeles",https://www.linkedin.com/company/2477,0,Legitimate,Verified LinkedIn Company Page,,N/A - genuine company page found via user LinkedIn interests/follows,None reported,,,Interests,"University of California, Los Angeles. Category: Verified LinkedIn Company Page",val
1595,Afortj - Teaching jobs in UAE,https://www.linkedin.com/company/87185876,0,Legitimate,Verified LinkedIn Company Page,,N/A - genuine company page found via user LinkedIn interests/follows,None reported,,,Interests,Afortj - Teaching jobs in UAE. Category: Verified LinkedIn Company Page,train
1596,National Association for Campus Activities,https://www.linkedin.com/company/1033763,0,Legitimate,Verified LinkedIn Company Page,,N/A - genuine company page found via user LinkedIn interests/follows,None reported,,,Interests,National Association for Campus Activities. Category: Verified LinkedIn Company Page,test
1597,Immersive Labs,https://www.linkedin.com/company/11064993,0,Legitimate,Verified LinkedIn Company Page,,N/A - genuine company page found via user LinkedIn interests/follows,None reported,,,Interests,Immersive Labs. Category: Verified LinkedIn Company Page,train
1598,Oregon State University,https://www.linkedin.com/company/165337,0,Legitimate,Verified LinkedIn Company Page,,N/A - genuine company page found via user LinkedIn interests/follows,None reported,,,Interests,Oregon State University. Category: Verified LinkedIn Company Page,train
1599,Foothold America,https://www.linkedin.com/company/5232971,0,Legitimate,Verified LinkedIn Company Page,,N/A - genuine company page found via user LinkedIn interests/follows,None reported,,,Interests,Foothold America. Category: Verified LinkedIn Company Page,train
1600,Cosmos Hub Staking Partners,,1,Fake_Scam,Web3 / Crypto Shell,Fabricated Staking Provider,Offers validator community manager role; directs candidate to stake test tokens on fake validator.,Smart contract exploits wallet balance upon transaction signing.,LinkedIn DM -> Phishing dApp,Critical,LinkedIn Fake Company Database,Cosmos Hub Staking Partners. Category: Web3 / Crypto Shell. Impersonation target: Fabricated Staking Provider. Modus operandi: Offers validator community manager role; directs candidate to stake test tokens on fake validator.. Red flags: Smart contract exploits wallet balance upon transaction signing.,train
1601,GlobalLogic,https://www.linkedin.com/company/164008,0,Legitimate,Verified LinkedIn Company Page,,N/A - genuine company page found via user LinkedIn interests/follows,None reported,,,Interests,GlobalLogic. Category: Verified LinkedIn Company Page,train
1602,Colorado State University Graduate School,https://www.linkedin.com/company/9488260,0,Legitimate,Verified LinkedIn Company Page,,N/A - genuine company page found via user LinkedIn interests/follows,None reported,,,Interests,Colorado State University Graduate School. Category: Verified LinkedIn Company Page,test
1603,CRO,https://www.linkedin.com/company/1392556,0,Legitimate,Verified LinkedIn Company Page,,N/A - genuine company page found via user LinkedIn interests/follows,None reported,,,Interests,CRO. Category: Verified LinkedIn Company Page,train
1604,Gallagher Canada,https://www.linkedin.com/company/79365062,0,Legitimate,Verified LinkedIn Company Page,,N/A - genuine company page found via user LinkedIn interests/follows,None reported,,,Interests,Gallagher Canada. Category: Verified LinkedIn Company Page,train
1605,Edifying Teachers,https://www.linkedin.com/company/80973912,0,Legitimate,Verified LinkedIn Company Page,,N/A - genuine company page found via user LinkedIn interests/follows,None reported,,,Interests,Edifying Teachers. Category: Verified LinkedIn Company Page,train
1606,RMC Learning Solutions,https://www.linkedin.com/company/77259,0,Legitimate,Verified LinkedIn Company Page,,N/A - genuine company page found via user LinkedIn interests/follows,None reported,,,Interests,RMC Learning Solutions. Category: Verified LinkedIn Company Page,train
1607,Sustainable In A Circular World,https://www.linkedin.com/company/75164774,0,Legitimate,Verified LinkedIn Company Page,,N/A - genuine company page found via user LinkedIn interests/follows,None reported,,,Interests,Sustainable In A Circular World. Category: Verified LinkedIn Company Page,train
1608,Patê Maison Gastronomia,https://www.linkedin.com/company/15803729,0,Legitimate,Verified LinkedIn Company Page,,N/A - genuine company page found via user LinkedIn interests/follows,None reported,,,Interests,Patê Maison Gastronomia. Category: Verified LinkedIn Company Page,train
1609,Polygon Genesis Labs,,1,Fake_Scam,Web3 / Crypto Shell,Fabricated Blockchain Project,Offers community growth role; mandates downloading fake Discord bot to candidate's server.,Bot executes Discord webhook token scraping and server hijacking.,LinkedIn DM -> Discord Link,Critical,LinkedIn Fake Company Database,Polygon Genesis Labs. Category: Web3 / Crypto Shell. Impersonation target: Fabricated Blockchain Project. Modus operandi: Offers community growth role; mandates downloading fake Discord bot to candidate's server.. Red flags: Bot executes Discord webhook token scraping and server hijacking.,train
1610,Sift,https://www.linkedin.com/company/10281428,0,Legitimate,Verified LinkedIn Company Page,,N/A - genuine company page found via user LinkedIn interests/follows,None reported,,,Interests,Sift. Category: Verified LinkedIn Company Page,test
1611,"The Economic Club of Washington, D.C.",https://www.linkedin.com/company/9331985,0,Legitimate,Verified LinkedIn Company Page,,N/A - genuine company page found via user LinkedIn interests/follows,None reported,,,Interests,"The Economic Club of Washington, D.C.. Category: Verified LinkedIn Company Page",train
1612,Leading light It,https://www.linkedin.com/company/72066405,0,Legitimate,Verified LinkedIn Company Page,,N/A - genuine company page found via user LinkedIn interests/follows,None reported,,,Interests,Leading light It. Category: Verified LinkedIn Company Page,train
1613,武汉同发科技有限公司,https://www.linkedin.com/company/29708490,0,Legitimate,Verified LinkedIn Company Page,,N/A - genuine company page found via user LinkedIn interests/follows,None reported,,,Interests,武汉同发科技有限公司. Category: Verified LinkedIn Company Page,train
1614,Rocky Mountain Partnership,https://www.linkedin.com/company/10993486,0,Legitimate,Verified LinkedIn Company Page,,N/A - genuine company page found via user LinkedIn interests/follows,None reported,,,Interests,Rocky Mountain Partnership. Category: Verified LinkedIn Company Page,train
1615,Alphanumeric Systems,https://www.linkedin.com/company/29773,0,Legitimate,Verified LinkedIn Company Page,,N/A - genuine company page found via user LinkedIn interests/follows,None reported,,,Interests,Alphanumeric Systems. Category: Verified LinkedIn Company Page,train
1616,TechNET Digital,https://www.linkedin.com/company/10983596,0,Legitimate,Verified LinkedIn Company Page,,N/A - genuine company page found via user LinkedIn interests/follows,None reported,,,Interests,TechNET Digital. Category: Verified LinkedIn Company Page,train
1617,Porsche Cars North America,https://www.linkedin.com/company/9133,0,Legitimate,Verified LinkedIn Company Page,,N/A - genuine company page found via user LinkedIn interests/follows,None reported,,,Interests,Porsche Cars North America. Category: Verified LinkedIn Company Page,train
1618,Kleo,https://www.linkedin.com/company/77080262,0,Legitimate,Verified LinkedIn Company Page,,N/A - genuine company page found via user LinkedIn interests/follows,None reported,,,Interests,Kleo. Category: Verified LinkedIn Company Page,train
1619,BGI Retail,https://www.linkedin.com/company/11405264,0,Legitimate,Verified LinkedIn Company Page,,N/A - genuine company page found via user LinkedIn interests/follows,None reported,,,Interests,BGI Retail. Category: Verified LinkedIn Company Page,train
1620,Finsimco,https://www.linkedin.com/company/28894396,0,Legitimate,Verified LinkedIn Company Page,,N/A - genuine company page found via user LinkedIn interests/follows,None reported,,,Interests,Finsimco. Category: Verified LinkedIn Company Page,test
1621,Veterinary Care Consultants,https://www.linkedin.com/company/82940363,0,Legitimate,Verified LinkedIn Company Page,,N/A - genuine company page found via user LinkedIn interests/follows,None reported,,,Interests,Veterinary Care Consultants. Category: Verified LinkedIn Company Page,train
1622,DeepCore AI Innovations,,1,Fake_Scam,AI Hype Shell Company,Fabricated AI Startup,Recruits Prompt Engineers at $50/hr; mandates buying internal training certification.,Non-existent registered address; demands candidate pays $99 for LMS training portal.,LinkedIn Ad -> Payment Link,Medium,LinkedIn Fake Company Database,DeepCore AI Innovations. Category: AI Hype Shell Company. Impersonation target: Fabricated AI Startup. Modus operandi: Recruits Prompt Engineers at $50/hr; mandates buying internal training certification.. Red flags: Non-existent registered address; demands candidate pays $99 for LMS training portal.,train
1623,"The Christopher Group, Agile HR Business Solutions",https://www.linkedin.com/company/71047,0,Legitimate,Verified LinkedIn Company Page,,N/A - genuine company page found via user LinkedIn interests/follows,None reported,,,Interests,"The Christopher Group, Agile HR Business Solutions. Category: Verified LinkedIn Company Page",train
1624,True South Artist Services,https://www.linkedin.com/company/2683528,0,Legitimate,Verified LinkedIn Company Page,,N/A - genuine company page found via user LinkedIn interests/follows,None reported,,,Interests,True South Artist Services. Category: Verified LinkedIn Company Page,train
1625,Sabbatical,https://www.linkedin.com/company/29004533,0,Legitimate,Verified LinkedIn Company Page,,N/A - genuine company page found via user LinkedIn interests/follows,None reported,,,Interests,Sabbatical. Category: Verified LinkedIn Company Page,test
1626,Canopie,https://www.linkedin.com/company/69747636,0,Legitimate,Verified LinkedIn Company Page,,N/A - genuine company page found via user LinkedIn interests/follows,None reported,,,Interests,Canopie. Category: Verified LinkedIn Company Page,train
1627,Synchrony Aerial Site Services,https://www.linkedin.com/company/81947544,0,Legitimate,Verified LinkedIn Company Page,,N/A - genuine company page found via user LinkedIn interests/follows,None reported,,,Interests,Synchrony Aerial Site Services. Category: Verified LinkedIn Company Page,val
1628,Teads,https://www.linkedin.com/company/2691523,0,Legitimate,Verified LinkedIn Company Page,,N/A - genuine company page found via user LinkedIn interests/follows,None reported,,,Interests,Teads. Category: Verified LinkedIn Company Page,val
1629,Magic Hat Consulting,https://www.linkedin.com/company/1419622,0,Legitimate,Verified LinkedIn Company Page,,N/A - genuine company page found via user LinkedIn interests/follows,None reported,,,Interests,Magic Hat Consulting. Category: Verified LinkedIn Company Page,train
1630,INSEAD,https://www.linkedin.com/company/5176,0,Legitimate,Verified LinkedIn Company Page,,N/A - genuine company page found via user LinkedIn interests/follows,None reported,,,Interests,INSEAD. Category: Verified LinkedIn Company Page,train
1631,Policy Network India,https://www.linkedin.com/company/78698154,0,Legitimate,Verified LinkedIn Company Page,,N/A - genuine company page found via user LinkedIn interests/follows,None reported,,,Interests,Policy Network India. Category: Verified LinkedIn Company Page,train
1632,Endeavor Ireland,https://www.linkedin.com/company/70245586,0,Legitimate,Verified LinkedIn Company Page,,N/A - genuine company page found via user LinkedIn interests/follows,None reported,,,Interests,Endeavor Ireland. Category: Verified LinkedIn Company Page,train
1633,Kiehl's Since 1851,https://www.linkedin.com/company/54087819,0,Legitimate,Verified LinkedIn Company Page,,N/A - genuine company page found via user LinkedIn interests/follows,None reported,,,Interests,Kiehl's Since 1851. Category: Verified LinkedIn Company Page,val
1634,Hewlett Packard Enterprise,https://www.linkedin.com/company/1025,0,Legitimate,Verified LinkedIn Company Page,,N/A - genuine company page found via user LinkedIn interests/follows,None reported,,,Interests,Hewlett Packard Enterprise. Category: Verified LinkedIn Company Page,train
1635,"Terafina, an NCR company",https://www.linkedin.com/company/3686410,0,Legitimate,Verified LinkedIn Company Page,,N/A - genuine company page found via user LinkedIn interests/follows,None reported,,,Interests,"Terafina, an NCR company. Category: Verified LinkedIn Company Page",train
1636,Ranchi University,https://www.linkedin.com/company/3890955,0,Legitimate,Verified LinkedIn Company Page,,N/A - genuine company page found via user LinkedIn interests/follows,None reported,,,Interests,Ranchi University. Category: Verified LinkedIn Company Page,train
1637,"VisualDNA, A Nielsen Company",https://www.linkedin.com/company/1901329,0,Legitimate,Verified LinkedIn Company Page,,N/A - genuine company page found via user LinkedIn interests/follows,None reported,,,Interests,"VisualDNA, A Nielsen Company. Category: Verified LinkedIn Company Page",test
1638,"Stroz Friedberg, an Aon company",https://www.linkedin.com/company/28594,0,Legitimate,Verified LinkedIn Company Page,,N/A - genuine company page found via user LinkedIn interests/follows,None reported,,,Interests,"Stroz Friedberg, an Aon company. Category: Verified LinkedIn Company Page",train
1639,String and Key,https://www.linkedin.com/company/42147988,0,Legitimate,Verified LinkedIn Company Page,,N/A - genuine company page found via user LinkedIn interests/follows,None reported,,,Interests,String and Key. Category: Verified LinkedIn Company Page,test
1640,"Applied Vision Works, Inc.",https://www.linkedin.com/company/3199940,0,Legitimate,Verified LinkedIn Company Page,,N/A - genuine company page found via user LinkedIn interests/follows,None reported,,,Interests,"Applied Vision Works, Inc.. Category: Verified LinkedIn Company Page",train
1641,Modus,https://www.linkedin.com/company/1546241,0,Legitimate,Verified LinkedIn Company Page,,N/A - genuine company page found via user LinkedIn interests/follows,None reported,,,Interests,Modus. Category: Verified LinkedIn Company Page,val
1642,Renzym,https://www.linkedin.com/company/1336588,0,Legitimate,Verified LinkedIn Company Page,,N/A - genuine company page found via user LinkedIn interests/follows,None reported,,,Interests,Renzym. Category: Verified LinkedIn Company Page,train
1643,Harvard University,https://www.linkedin.com/company/1646,0,Legitimate,Verified LinkedIn Company Page,,N/A - genuine company page found via user LinkedIn interests/follows,None reported,,,Interests,Harvard University. Category: Verified LinkedIn Company Page,train
1644,Apartments on the Go Podcast,https://www.linkedin.com/company/65837415,0,Legitimate,Verified LinkedIn Company Page,,N/A - genuine company page found via user LinkedIn interests/follows,None reported,,,Interests,Apartments on the Go Podcast. Category: Verified LinkedIn Company Page,train
1645,EQUALibrium Group,https://www.linkedin.com/company/15194969,0,Legitimate,Verified LinkedIn Company Page,,N/A - genuine company page found via user LinkedIn interests/follows,None reported,,,Interests,EQUALibrium Group. Category: Verified LinkedIn Company Page,test
1646,Alstom Power,https://www.linkedin.com/company/2444,0,Legitimate,Verified LinkedIn Company Page,,N/A - genuine company page found via user LinkedIn interests/follows,None reported,,,Interests,Alstom Power. Category: Verified LinkedIn Company Page,train
1647,University of Virginia,https://www.linkedin.com/company/4298,0,Legitimate,Verified LinkedIn Company Page,,N/A - genuine company page found via user LinkedIn interests/follows,None reported,,,Interests,University of Virginia. Category: Verified LinkedIn Company Page,train
1648,Birmingham Business Journal,https://www.linkedin.com/company/2601844,0,Legitimate,Verified LinkedIn Company Page,,N/A - genuine company page found via user LinkedIn interests/follows,None reported,,,Interests,Birmingham Business Journal. Category: Verified LinkedIn Company Page,test
1649,University of Georgia - J.M. Tull School of Accounting,https://www.linkedin.com/company/15100151,0,Legitimate,Verified LinkedIn Company Page,,N/A - genuine company page found via user LinkedIn interests/follows,None reported,,,Interests,University of Georgia - J.M. Tull School of Accounting. Category: Verified LinkedIn Company Page,train
1650,Cuso International,https://www.linkedin.com/company/510859,0,Legitimate,Verified LinkedIn Company Page,,N/A - genuine company page found via user LinkedIn interests/follows,None reported,,,Interests,Cuso International. Category: Verified LinkedIn Company Page,train
1651,Koch-Glitsch,https://www.linkedin.com/company/52219,0,Legitimate,Verified LinkedIn Company Page,,N/A - genuine company page found via user LinkedIn interests/follows,None reported,,,Interests,Koch-Glitsch. Category: Verified LinkedIn Company Page,test
1652,LandTech,https://www.linkedin.com/company/10309911,0,Legitimate,Verified LinkedIn Company Page,,N/A - genuine company page found via user LinkedIn interests/follows,None reported,,,Interests,LandTech. Category: Verified LinkedIn Company Page,train
1653,ASPCA,https://www.linkedin.com/company/23499,0,Legitimate,Verified LinkedIn Company Page,,N/A - genuine company page found via user LinkedIn interests/follows,None reported,,,Interests,ASPCA. Category: Verified LinkedIn Company Page,test
1654,Climate Power,https://www.linkedin.com/company/73797924,0,Legitimate,Verified LinkedIn Company Page,,N/A - genuine company page found via user LinkedIn interests/follows,None reported,,,Interests,Climate Power. Category: Verified LinkedIn Company Page,val
1655,Synerfac Technical Staffing,https://www.linkedin.com/company/24214,0,Legitimate,Verified LinkedIn Company Page,,N/A - genuine company page found via user LinkedIn interests/follows,None reported,,,Interests,Synerfac Technical Staffing. Category: Verified LinkedIn Company Page,train
1656,Calculated Hire,https://www.linkedin.com/company/6575603,0,Legitimate,Verified LinkedIn Company Page,,N/A - genuine company page found via user LinkedIn interests/follows,None reported,,,Interests,Calculated Hire. Category: Verified LinkedIn Company Page,train
1657,Security Advisor Alliance,https://www.linkedin.com/company/3960348,0,Legitimate,Verified LinkedIn Company Page,,N/A - genuine company page found via user LinkedIn interests/follows,None reported,,,Interests,Security Advisor Alliance. Category: Verified LinkedIn Company Page,train
1658,ACDA - (Active Cyber Defence Alliance Inc),https://www.linkedin.com/company/69625043,0,Legitimate,Verified LinkedIn Company Page,,N/A - genuine company page found via user LinkedIn interests/follows,None reported,,,Interests,ACDA - (Active Cyber Defence Alliance Inc). Category: Verified LinkedIn Company Page,train
1659,"The Links, Incorporated",https://www.linkedin.com/company/945313,0,Legitimate,Verified LinkedIn Company Page,,N/A - genuine company page found via user LinkedIn interests/follows,None reported,,,Interests,"The Links, Incorporated. Category: Verified LinkedIn Company Page",val
1660,Cornerstone OnDemand,https://www.linkedin.com/company/19664,0,Legitimate,Verified LinkedIn Company Page,,N/A - genuine company page found via user LinkedIn interests/follows,None reported,,,Interests,Cornerstone OnDemand. Category: Verified LinkedIn Company Page,train
1661,Seller Labs,https://www.linkedin.com/company/3479281,0,Legitimate,Verified LinkedIn Company Page,,N/A - genuine company page found via user LinkedIn interests/follows,None reported,,,Interests,Seller Labs. Category: Verified LinkedIn Company Page,val
1662,Pittsburgh Penguins Foundation,https://www.linkedin.com/company/2285361,0,Legitimate,Verified LinkedIn Company Page,,N/A - genuine company page found via user LinkedIn interests/follows,None reported,,,Interests,Pittsburgh Penguins Foundation. Category: Verified LinkedIn Company Page,test
1663,"IOT WEB LAB, LLC",https://www.linkedin.com/company/42369217,0,Legitimate,Verified LinkedIn Company Page,,N/A - genuine company page found via user LinkedIn interests/follows,None reported,,,Interests,"IOT WEB LAB, LLC. Category: Verified LinkedIn Company Page",val
1664,Bentley University,https://www.linkedin.com/company/8103,0,Legitimate,Verified LinkedIn Company Page,,N/A - genuine company page found via user LinkedIn interests/follows,None reported,,,Interests,Bentley University. Category: Verified LinkedIn Company Page,train
1665,Orthopedic Treatment Centers of America (OTCA),https://www.linkedin.com/company/77026567,0,Legitimate,Verified LinkedIn Company Page,,N/A - genuine company page found via user LinkedIn interests/follows,None reported,,,Interests,Orthopedic Treatment Centers of America (OTCA). Category: Verified LinkedIn Company Page,train
1666,George Mason University - School of Business,https://www.linkedin.com/company/15102971,0,Legitimate,Verified LinkedIn Company Page,,N/A - genuine company page found via user LinkedIn interests/follows,None reported,,,Interests,George Mason University - School of Business. Category: Verified LinkedIn Company Page,train
1667,Levi9 Technology Services,https://www.linkedin.com/company/20191,0,Legitimate,Verified LinkedIn Company Page,,N/A - genuine company page found via user LinkedIn interests/follows,None reported,,,Interests,Levi9 Technology Services. Category: Verified LinkedIn Company Page,train
1668,Cannasis Wellness,https://www.linkedin.com/company/74451504,0,Legitimate,Verified LinkedIn Company Page,,N/A - genuine company page found via user LinkedIn interests/follows,None reported,,,Interests,Cannasis Wellness. Category: Verified LinkedIn Company Page,train
1669,Arizona Tile,https://www.linkedin.com/company/48486,0,Legitimate,Verified LinkedIn Company Page,,N/A - genuine company page found via user LinkedIn interests/follows,None reported,,,Interests,Arizona Tile. Category: Verified LinkedIn Company Page,train
1670,We Are The Dead,https://www.linkedin.com/company/89802003,0,Legitimate,Verified LinkedIn Company Page,,N/A - genuine company page found via user LinkedIn interests/follows,None reported,,,Interests,We Are The Dead. Category: Verified LinkedIn Company Page,train
1671,Florida Southern College,https://www.linkedin.com/company/28225,0,Legitimate,Verified LinkedIn Company Page,,N/A - genuine company page found via user LinkedIn interests/follows,None reported,,,Interests,Florida Southern College. Category: Verified LinkedIn Company Page,val
1672,PureQuad,https://www.linkedin.com/company/10876980,0,Legitimate,Verified LinkedIn Company Page,,N/A - genuine company page found via user LinkedIn interests/follows,None reported,,,Interests,PureQuad. Category: Verified LinkedIn Company Page,test
1673,The Story Lab,https://www.linkedin.com/company/2811837,0,Legitimate,Verified LinkedIn Company Page,,N/A - genuine company page found via user LinkedIn interests/follows,None reported,,,Interests,The Story Lab. Category: Verified LinkedIn Company Page,train
1674,"Grady College of Journalism and Mass Communication, University of Georgia",https://www.linkedin.com/company/15096209,0,Legitimate,Verified LinkedIn Company Page,,N/A - genuine company page found via user LinkedIn interests/follows,None reported,,,Interests,"Grady College of Journalism and Mass Communication, University of Georgia. Category: Verified LinkedIn Company Page",test
1675,Opportunity@Work,https://www.linkedin.com/company/9354512,0,Legitimate,Verified LinkedIn Company Page,,N/A - genuine company page found via user LinkedIn interests/follows,None reported,,,Interests,Opportunity@Work. Category: Verified LinkedIn Company Page,val
1676,Brigham and Women's Hospital,https://www.linkedin.com/company/2895,0,Legitimate,Verified LinkedIn Company Page,,N/A - genuine company page found via user LinkedIn interests/follows,None reported,,,Interests,Brigham and Women's Hospital. Category: Verified LinkedIn Company Page,train
1677,United Way Bay Area,https://www.linkedin.com/company/19899,0,Legitimate,Verified LinkedIn Company Page,,N/A - genuine company page found via user LinkedIn interests/follows,None reported,,,Interests,United Way Bay Area. Category: Verified LinkedIn Company Page,train
1678,Deloitte Dbriefs,https://www.linkedin.com/company/11013920,0,Legitimate,Verified LinkedIn Company Page,,N/A - genuine company page found via user LinkedIn interests/follows,None reported,,,Interests,Deloitte Dbriefs. Category: Verified LinkedIn Company Page,train
1679,Louisiana Culinary Institute,https://www.linkedin.com/company/15135183,0,Legitimate,Verified LinkedIn Company Page,,N/A - genuine company page found via user LinkedIn interests/follows,None reported,,,Interests,Louisiana Culinary Institute. Category: Verified LinkedIn Company Page,train
1680,SoSafe,https://www.linkedin.com/company/18541944,0,Legitimate,Verified LinkedIn Company Page,,N/A - genuine company page found via user LinkedIn interests/follows,None reported,,,Interests,SoSafe. Category: Verified LinkedIn Company Page,train
1681,Welcome.AI,https://www.linkedin.com/company/12902659,0,Legitimate,Verified LinkedIn Company Page,,N/A - genuine company page found via user LinkedIn interests/follows,None reported,,,Interests,Welcome.AI. Category: Verified LinkedIn Company Page,test
1682,Pinnacle Home Care,https://www.linkedin.com/company/22332371,0,Legitimate,Verified LinkedIn Company Page,,N/A - genuine company page found via user LinkedIn interests/follows,None reported,,,Interests,Pinnacle Home Care. Category: Verified LinkedIn Company Page,train
1683,Bridgeway Benefit Technologies,https://www.linkedin.com/company/230669,0,Legitimate,Verified LinkedIn Company Page,,N/A - genuine company page found via user LinkedIn interests/follows,None reported,,,Interests,Bridgeway Benefit Technologies. Category: Verified LinkedIn Company Page,train
1684,Portland General Electric,https://www.linkedin.com/company/13658,0,Legitimate,Verified LinkedIn Company Page,,N/A - genuine company page found via user LinkedIn interests/follows,None reported,,,Interests,Portland General Electric. Category: Verified LinkedIn Company Page,train
1685,Airly,https://www.linkedin.com/company/10815676,0,Legitimate,Verified LinkedIn Company Page,,N/A - genuine company page found via user LinkedIn interests/follows,None reported,,,Interests,Airly. Category: Verified LinkedIn Company Page,val
1686,Victoria University,https://www.linkedin.com/company/245820,0,Legitimate,Verified LinkedIn Company Page,,N/A - genuine company page found via user LinkedIn interests/follows,None reported,,,Interests,Victoria University. Category: Verified LinkedIn Company Page,train
1687,dcypher,https://www.linkedin.com/company/74690045,0,Legitimate,Verified LinkedIn Company Page,,N/A - genuine company page found via user LinkedIn interests/follows,None reported,,,Interests,dcypher. Category: Verified LinkedIn Company Page,val
1688,EPRI,https://www.linkedin.com/company/163662,0,Legitimate,Verified LinkedIn Company Page,,N/A - genuine company page found via user LinkedIn interests/follows,None reported,,,Interests,EPRI. Category: Verified LinkedIn Company Page,train
1689,Earl Bacon Agency,https://www.linkedin.com/company/615506,0,Legitimate,Verified LinkedIn Company Page,,N/A - genuine company page found via user LinkedIn interests/follows,None reported,,,Interests,Earl Bacon Agency. Category: Verified LinkedIn Company Page,val
1690,GenAI Data Annotation Works,,1,Fake_Scam,AI Hype Shell Company,Fabricated AI Lab,Recruits AI benchmark annotators; charges $50 for onboarding verification software.,Advance software fee collection.,LinkedIn Job Ad -> Stripe Portal,Medium,LinkedIn Fake Company Database,GenAI Data Annotation Works. Category: AI Hype Shell Company. Impersonation target: Fabricated AI Lab. Modus operandi: Recruits AI benchmark annotators; charges $50 for onboarding verification software.. Red flags: Advance software fee collection.,train
1691,The Impact Facility,https://www.linkedin.com/company/11781380,0,Legitimate,Verified LinkedIn Company Page,,N/A - genuine company page found via user LinkedIn interests/follows,None reported,,,Interests,The Impact Facility. Category: Verified LinkedIn Company Page,train
1692,PIMSCO,https://www.linkedin.com/company/14856610,0,Legitimate,Verified LinkedIn Company Page,,N/A - genuine company page found via user LinkedIn interests/follows,None reported,,,Interests,PIMSCO. Category: Verified LinkedIn Company Page,train
1693,Serbian Researchers,https://www.linkedin.com/company/71899891,0,Legitimate,Verified LinkedIn Company Page,,N/A - genuine company page found via user LinkedIn interests/follows,None reported,,,Interests,Serbian Researchers. Category: Verified LinkedIn Company Page,train
1694,Parsons Roofing Atlanta,https://www.linkedin.com/company/25037471,0,Legitimate,Verified LinkedIn Company Page,,N/A - genuine company page found via user LinkedIn interests/follows,None reported,,,Interests,Parsons Roofing Atlanta. Category: Verified LinkedIn Company Page,train
1695,SEPHORA,https://www.linkedin.com/company/6814,0,Legitimate,Verified LinkedIn Company Page,,N/A - genuine company page found via user LinkedIn interests/follows,None reported,,,Interests,SEPHORA. Category: Verified LinkedIn Company Page,train
1696,Mr Preventive : Maintenance and Safety News,https://www.linkedin.com/company/28392413,0,Legitimate,Verified LinkedIn Company Page,,N/A - genuine company page found via user LinkedIn interests/follows,None reported,,,Interests,Mr Preventive : Maintenance and Safety News. Category: Verified LinkedIn Company Page,train
1697,Flutter Entertainment Plc,https://www.linkedin.com/company/14072241,0,Legitimate,Verified LinkedIn Company Page,,N/A - genuine company page found via user LinkedIn interests/follows,None reported,,,Interests,Flutter Entertainment Plc. Category: Verified LinkedIn Company Page,train
1698,Huntsman Corporation,https://www.linkedin.com/company/5649,0,Legitimate,Verified LinkedIn Company Page,,N/A - genuine company page found via user LinkedIn interests/follows,None reported,,,Interests,Huntsman Corporation. Category: Verified LinkedIn Company Page,train
1699,IAITAM,https://www.linkedin.com/company/91069,0,Legitimate,Verified LinkedIn Company Page,,N/A - genuine company page found via user LinkedIn interests/follows,None reported,,,Interests,IAITAM. Category: Verified LinkedIn Company Page,test
1700,Fingercheck,https://www.linkedin.com/company/3542117,0,Legitimate,Verified LinkedIn Company Page,,N/A - genuine company page found via user LinkedIn interests/follows,None reported,,,Interests,Fingercheck. Category: Verified LinkedIn Company Page,train
1701,Florida State University,https://www.linkedin.com/company/163849,0,Legitimate,Verified LinkedIn Company Page,,N/A - genuine company page found via user LinkedIn interests/follows,None reported,,,Interests,Florida State University. Category: Verified LinkedIn Company Page,train
1702,World Central Kitchen,https://www.linkedin.com/company/5277795,0,Legitimate,Verified LinkedIn Company Page,,N/A - genuine company page found via user LinkedIn interests/follows,None reported,,,Interests,World Central Kitchen. Category: Verified LinkedIn Company Page,val
1703,Gen™,https://www.linkedin.com/company/86730975,0,Legitimate,Verified LinkedIn Company Page,,N/A - genuine company page found via user LinkedIn interests/follows,None reported,,,Interests,Gen™. Category: Verified LinkedIn Company Page,test
1704,Pizza Hut,https://www.linkedin.com/company/3406,0,Legitimate,Verified LinkedIn Company Page,,N/A - genuine company page found via user LinkedIn interests/follows,None reported,,,Interests,Pizza Hut. Category: Verified LinkedIn Company Page,val
1705,Diveplane Corporation,https://www.linkedin.com/company/28667777,0,Legitimate,Verified LinkedIn Company Page,,N/A - genuine company page found via user LinkedIn interests/follows,None reported,,,Interests,Diveplane Corporation. Category: Verified LinkedIn Company Page,train
1706,Wright's Media,https://www.linkedin.com/company/1327350,0,Legitimate,Verified LinkedIn Company Page,,N/A - genuine company page found via user LinkedIn interests/follows,None reported,,,Interests,Wright's Media. Category: Verified LinkedIn Company Page,train
1707,Paxon School/Advanced Studies,https://www.linkedin.com/company/33452645,0,Legitimate,Verified LinkedIn Company Page,,N/A - genuine company page found via user LinkedIn interests/follows,None reported,,,Interests,Paxon School/Advanced Studies. Category: Verified LinkedIn Company Page,train
1708,IBM,https://www.linkedin.com/company/1009,0,Legitimate,Verified LinkedIn Company Page,,N/A - genuine company page found via user LinkedIn interests/follows,None reported,,,Interests,IBM. Category: Verified LinkedIn Company Page,train
1709,Spotsylvania Regional Medical Center,https://www.linkedin.com/company/8479403,0,Legitimate,Verified LinkedIn Company Page,,N/A - genuine company page found via user LinkedIn interests/follows,None reported,,,Interests,Spotsylvania Regional Medical Center. Category: Verified LinkedIn Company Page,train
1710,Microsoft Game Dev,https://www.linkedin.com/company/3641570,0,Legitimate,Verified LinkedIn Company Page,,N/A - genuine company page found via user LinkedIn interests/follows,None reported,,,Interests,Microsoft Game Dev. Category: Verified LinkedIn Company Page,train
1711,Arthur M. Blank Family Foundation,https://www.linkedin.com/company/15663153,0,Legitimate,Verified LinkedIn Company Page,,N/A - genuine company page found via user LinkedIn interests/follows,None reported,,,Interests,Arthur M. Blank Family Foundation. Category: Verified LinkedIn Company Page,train
1712,Southern University and A&M College- Baton Rouge,https://www.linkedin.com/company/580157,0,Legitimate,Verified LinkedIn Company Page,,N/A - genuine company page found via user LinkedIn interests/follows,None reported,,,Interests,Southern University and A&M College- Baton Rouge. Category: Verified LinkedIn Company Page,train
1713,Nielsen Associates,https://www.linkedin.com/company/105110,0,Legitimate,Verified LinkedIn Company Page,,N/A - genuine company page found via user LinkedIn interests/follows,None reported,,,Interests,Nielsen Associates. Category: Verified LinkedIn Company Page,test
1714,Bronze/Brass/Alloy Valves,https://www.linkedin.com/company/10062481,0,Legitimate,Verified LinkedIn Company Page,,N/A - genuine company page found via user LinkedIn interests/follows,None reported,,,Interests,Bronze/Brass/Alloy Valves. Category: Verified LinkedIn Company Page,test
1715,L'Oréal Professionnel Paris,https://www.linkedin.com/company/73237399,0,Legitimate,Verified LinkedIn Company Page,,N/A - genuine company page found via user LinkedIn interests/follows,None reported,,,Interests,L'Oréal Professionnel Paris. Category: Verified LinkedIn Company Page,train
1716,Baker Donelson,https://www.linkedin.com/company/18418,0,Legitimate,Verified LinkedIn Company Page,,N/A - genuine company page found via user LinkedIn interests/follows,None reported,,,Interests,Baker Donelson. Category: Verified LinkedIn Company Page,train
1717,Rhodes Scholarship Trust,https://www.linkedin.com/company/9070361,0,Legitimate,Verified LinkedIn Company Page,,N/A - genuine company page found via user LinkedIn interests/follows,None reported,,,Interests,Rhodes Scholarship Trust. Category: Verified LinkedIn Company Page,train
1718,HP Inc. Workforce Recruitment,,1,Fake_Scam,Enterprise Impersonation,HP Inc.,Sends fake offer letter with cashier's check for remote printing equipment setup.,Fake check fraud via spoofed HP human resources branding.,LinkedIn Outreach -> MS Teams,High,LinkedIn Fake Company Database,HP Inc. Workforce Recruitment. Category: Enterprise Impersonation. Impersonation target: HP Inc.. Modus operandi: Sends fake offer letter with cashier's check for remote printing equipment setup.. Red flags: Fake check fraud via spoofed HP human resources branding.,train
1719,Atlanta Braves,https://www.linkedin.com/company/2050,0,Legitimate,Verified LinkedIn Company Page,,N/A - genuine company page found via user LinkedIn interests/follows,None reported,,,Interests,Atlanta Braves. Category: Verified LinkedIn Company Page,train
1720,Kingspan Global,https://www.linkedin.com/company/2979742,0,Legitimate,Verified LinkedIn Company Page,,N/A - genuine company page found via user LinkedIn interests/follows,None reported,,,Interests,Kingspan Global. Category: Verified LinkedIn Company Page,test
1721,LeadHERship Global,https://www.linkedin.com/company/69501001,0,Legitimate,Verified LinkedIn Company Page,,N/A - genuine company page found via user LinkedIn interests/follows,None reported,,,Interests,LeadHERship Global. Category: Verified LinkedIn Company Page,train
1722,CryptoMatrix Quant Desk,,1,Fake_Scam,Investment Scam Disguised as Job,Fabricated Quant Desk,Hires crypto trading interns; requires candidates to deposit 0.1 BTC to unlock trading API.,Advance fee deposit scam targeting student traders.,LinkedIn DM -> Unregulated Exchange,Critical,LinkedIn Fake Company Database,CryptoMatrix Quant Desk. Category: Investment Scam Disguised as Job. Impersonation target: Fabricated Quant Desk. Modus operandi: Hires crypto trading interns; requires candidates to deposit 0.1 BTC to unlock trading API.. Red flags: Advance fee deposit scam targeting student traders.,val
1723,Primo Ventures,https://www.linkedin.com/company/10985190,0,Legitimate,Verified LinkedIn Company Page,,N/A - genuine company page found via user LinkedIn interests/follows,None reported,,,Interests,Primo Ventures. Category: Verified LinkedIn Company Page,train
1724,Advantia Health,https://www.linkedin.com/company/9177279,0,Legitimate,Verified LinkedIn Company Page,,N/A - genuine company page found via user LinkedIn interests/follows,None reported,,,Interests,Advantia Health. Category: Verified LinkedIn Company Page,train
1725,Ecstatic Sales,https://www.linkedin.com/company/89731258,0,Legitimate,Verified LinkedIn Company Page,,N/A - genuine company page found via user LinkedIn interests/follows,None reported,,,Interests,Ecstatic Sales. Category: Verified LinkedIn Company Page,train
1726,SanTrac Technologies Inc,https://www.linkedin.com/company/3980082,0,Legitimate,Verified LinkedIn Company Page,,N/A - genuine company page found via user LinkedIn interests/follows,None reported,,,Interests,SanTrac Technologies Inc. Category: Verified LinkedIn Company Page,val
1727,"Global Talent Alliance, Canada",https://www.linkedin.com/company/74698012,0,Legitimate,Verified LinkedIn Company Page,,N/A - genuine company page found via user LinkedIn interests/follows,None reported,,,Interests,"Global Talent Alliance, Canada. Category: Verified LinkedIn Company Page",train
1728,Global Custodian,https://www.linkedin.com/company/35523271,0,Legitimate,Verified LinkedIn Company Page,,N/A - genuine company page found via user LinkedIn interests/follows,None reported,,,Interests,Global Custodian. Category: Verified LinkedIn Company Page,train
1729,Trans4mation.coach,https://www.linkedin.com/company/15091305,0,Legitimate,Verified LinkedIn Company Page,,N/A - genuine company page found via user LinkedIn interests/follows,None reported,,,Interests,Trans4mation.coach. Category: Verified LinkedIn Company Page,train
1730,Cisco Secure,https://www.linkedin.com/company/3510977,0,Legitimate,Verified LinkedIn Company Page,,N/A - genuine company page found via user LinkedIn interests/follows,None reported,,,Interests,Cisco Secure. Category: Verified LinkedIn Company Page,train
1731,Currensea,https://www.linkedin.com/company/19124814,0,Legitimate,Verified LinkedIn Company Page,,N/A - genuine company page found via user LinkedIn interests/follows,None reported,,,Interests,Currensea. Category: Verified LinkedIn Company Page,train
1732,University of Portland,https://www.linkedin.com/company/9202,0,Legitimate,Verified LinkedIn Company Page,,N/A - genuine company page found via user LinkedIn interests/follows,None reported,,,Interests,University of Portland. Category: Verified LinkedIn Company Page,train
1733,Strafford,https://www.linkedin.com/company/620667,0,Legitimate,Verified LinkedIn Company Page,,N/A - genuine company page found via user LinkedIn interests/follows,None reported,,,Interests,Strafford. Category: Verified LinkedIn Company Page,train
1734,"Tacala, LLC",https://www.linkedin.com/company/1519214,0,Legitimate,Verified LinkedIn Company Page,,N/A - genuine company page found via user LinkedIn interests/follows,None reported,,,Interests,"Tacala, LLC. Category: Verified LinkedIn Company Page",val
1735,Air Canada,https://www.linkedin.com/company/4737,0,Legitimate,Verified LinkedIn Company Page,,N/A - genuine company page found via user LinkedIn interests/follows,None reported,,,Interests,Air Canada. Category: Verified LinkedIn Company Page,train
1736,Fayetteville Road,https://www.linkedin.com/company/65487268,0,Legitimate,Verified LinkedIn Company Page,,N/A - genuine company page found via user LinkedIn interests/follows,None reported,,,Interests,Fayetteville Road. Category: Verified LinkedIn Company Page,val
1737,Contemporary Staffing Solutions,https://www.linkedin.com/company/33218,0,Legitimate,Verified LinkedIn Company Page,,N/A - genuine company page found via user LinkedIn interests/follows,None reported,,,Interests,Contemporary Staffing Solutions. Category: Verified LinkedIn Company Page,train
1738,Compass,https://www.linkedin.com/company/27003594,0,Legitimate,Verified LinkedIn Company Page,,N/A - genuine company page found via user LinkedIn interests/follows,None reported,,,Interests,Compass. Category: Verified LinkedIn Company Page,train
1739,Foreword,https://www.linkedin.com/company/82802086,0,Legitimate,Verified LinkedIn Company Page,,N/A - genuine company page found via user LinkedIn interests/follows,None reported,,,Interests,Foreword. Category: Verified LinkedIn Company Page,test
1740,Adobe Creative Cloud Studios,,1,Fake_Scam,Enterprise Impersonation,Adobe Inc.,Offers video editor roles; sends counterfeit check for high-end Apple editing workstation.,Check overpayment and hardware vendor refund scam.,LinkedIn InMail -> Wire Transfer,High,LinkedIn Fake Company Database,Adobe Creative Cloud Studios. Category: Enterprise Impersonation. Impersonation target: Adobe Inc.. Modus operandi: Offers video editor roles; sends counterfeit check for high-end Apple editing workstation.. Red flags: Check overpayment and hardware vendor refund scam.,test
1741,Lincoln Public Schools,https://www.linkedin.com/company/18731,0,Legitimate,Verified LinkedIn Company Page,,N/A - genuine company page found via user LinkedIn interests/follows,None reported,,,Interests,Lincoln Public Schools. Category: Verified LinkedIn Company Page,train
1742,"Tai Ginsberg & Associates, LLC",https://www.linkedin.com/company/18798178,0,Legitimate,Verified LinkedIn Company Page,,N/A - genuine company page found via user LinkedIn interests/follows,None reported,,,Interests,"Tai Ginsberg & Associates, LLC. Category: Verified LinkedIn Company Page",train
1743,The O'Connor Group,https://www.linkedin.com/company/222531,0,Legitimate,Verified LinkedIn Company Page,,N/A - genuine company page found via user LinkedIn interests/follows,None reported,,,Interests,The O'Connor Group. Category: Verified LinkedIn Company Page,train
1744,The Wilner Group,https://www.linkedin.com/company/11825395,0,Legitimate,Verified LinkedIn Company Page,,N/A - genuine company page found via user LinkedIn interests/follows,None reported,,,Interests,The Wilner Group. Category: Verified LinkedIn Company Page,train
1745,Amiti,https://www.linkedin.com/company/9468263,0,Legitimate,Verified LinkedIn Company Page,,N/A - genuine company page found via user LinkedIn interests/follows,None reported,,,Interests,Amiti. Category: Verified LinkedIn Company Page,train
1746,QuickHire Staffing Consult,,1,Fake_Scam,Ghost Recruitment Agency,Fake Staffing Agency,Scrapes real job ads; asks applicants for $45 background check fee before interview scheduling.,Charges job seekers for background check portal access upfront.,LinkedIn Job Boards -> Web Form,Medium,LinkedIn Fake Company Database,QuickHire Staffing Consult. Category: Ghost Recruitment Agency. Impersonation target: Fake Staffing Agency. Modus operandi: Scrapes real job ads; asks applicants for $45 background check fee before interview scheduling.. Red flags: Charges job seekers for background check portal access upfront.,test
1747,The St. James,https://www.linkedin.com/company/11178321,0,Legitimate,Verified LinkedIn Company Page,,N/A - genuine company page found via user LinkedIn interests/follows,None reported,,,Interests,The St. James. Category: Verified LinkedIn Company Page,val
1748,University of Southern California,https://www.linkedin.com/company/3084,0,Legitimate,Verified LinkedIn Company Page,,N/A - genuine company page found via user LinkedIn interests/follows,None reported,,,Interests,University of Southern California. Category: Verified LinkedIn Company Page,train
1749,TCC Canada,https://www.linkedin.com/company/615107,0,Legitimate,Verified LinkedIn Company Page,,N/A - genuine company page found via user LinkedIn interests/follows,None reported,,,Interests,TCC Canada. Category: Verified LinkedIn Company Page,train
1750,Navy Blue Sports,https://www.linkedin.com/company/1920484,0,Legitimate,Verified LinkedIn Company Page,,N/A - genuine company page found via user LinkedIn interests/follows,None reported,,,Interests,Navy Blue Sports. Category: Verified LinkedIn Company Page,train
1751,Beta Alpha Psi International (BAP),https://www.linkedin.com/company/16247396,0,Legitimate,Verified LinkedIn Company Page,,N/A - genuine company page found via user LinkedIn interests/follows,None reported,,,Interests,Beta Alpha Psi International (BAP). Category: Verified LinkedIn Company Page,train
1752,Missouri University of Science and Technology,https://www.linkedin.com/company/15142330,0,Legitimate,Verified LinkedIn Company Page,,N/A - genuine company page found via user LinkedIn interests/follows,None reported,,,Interests,Missouri University of Science and Technology. Category: Verified LinkedIn Company Page,train
1753,Benefit Cosmetics,https://www.linkedin.com/company/19295,0,Legitimate,Verified LinkedIn Company Page,,N/A - genuine company page found via user LinkedIn interests/follows,None reported,,,Interests,Benefit Cosmetics. Category: Verified LinkedIn Company Page,train
1754,moment,https://www.linkedin.com/company/18894395,0,Legitimate,Verified LinkedIn Company Page,,N/A - genuine company page found via user LinkedIn interests/follows,None reported,,,Interests,moment. Category: Verified LinkedIn Company Page,val
1755,Roosevelt STAY,https://www.linkedin.com/company/33305142,0,Legitimate,Verified LinkedIn Company Page,,N/A - genuine company page found via user LinkedIn interests/follows,None reported,,,Interests,Roosevelt STAY. Category: Verified LinkedIn Company Page,train
1756,Haven Behavioral Healthcare,https://www.linkedin.com/company/1380865,0,Legitimate,Verified LinkedIn Company Page,,N/A - genuine company page found via user LinkedIn interests/follows,None reported,,,Interests,Haven Behavioral Healthcare. Category: Verified LinkedIn Company Page,train
1757,ChickTech,https://www.linkedin.com/company/2500545,0,Legitimate,Verified LinkedIn Company Page,,N/A - genuine company page found via user LinkedIn interests/follows,None reported,,,Interests,ChickTech. Category: Verified LinkedIn Company Page,test
1758,Empresa de Generación Huallaga S.A.,https://www.linkedin.com/company/53109395,0,Legitimate,Verified LinkedIn Company Page,,N/A - genuine company page found via user LinkedIn interests/follows,None reported,,,Interests,Empresa de Generación Huallaga S.A.. Category: Verified LinkedIn Company Page,train
1759,Vanguard Digital Forex,,1,Fake_Scam,Investment Scam Disguised as Job,Fabricated Forex Firm,Hires remote currency traders; requires candidate to maintain a personal funded margin account.,Unlicensed brokerage fraud.,LinkedIn DM -> App Download,Critical,LinkedIn Fake Company Database,Vanguard Digital Forex. Category: Investment Scam Disguised as Job. Impersonation target: Fabricated Forex Firm. Modus operandi: Hires remote currency traders; requires candidate to maintain a personal funded margin account.. Red flags: Unlicensed brokerage fraud.,train
1760,Reach,https://www.linkedin.com/company/33300982,0,Legitimate,Verified LinkedIn Company Page,,N/A - genuine company page found via user LinkedIn interests/follows,None reported,,,Interests,Reach. Category: Verified LinkedIn Company Page,train
1761,AFROTECH,https://www.linkedin.com/company/86875079,0,Legitimate,Verified LinkedIn Company Page,,N/A - genuine company page found via user LinkedIn interests/follows,None reported,,,Interests,AFROTECH. Category: Verified LinkedIn Company Page,train
1762,Synthetic AI Labs,,1,Fake_Scam,AI Hype Shell Company,Fabricated Generative AI Co.,Hires LLM evaluators; requires paying cloud compute hosting fees to complete onboarding test.,Fraudulent compute fee collection.,LinkedIn Job Ad -> Payment Link,Medium,LinkedIn Fake Company Database,Synthetic AI Labs. Category: AI Hype Shell Company. Impersonation target: Fabricated Generative AI Co.. Modus operandi: Hires LLM evaluators; requires paying cloud compute hosting fees to complete onboarding test.. Red flags: Fraudulent compute fee collection.,test
1763,TriHealth,https://www.linkedin.com/company/20848,0,Legitimate,Verified LinkedIn Company Page,,N/A - genuine company page found via user LinkedIn interests/follows,None reported,,,Interests,TriHealth. Category: Verified LinkedIn Company Page,train
1764,Human Resources International (HRI),https://www.linkedin.com/company/11967,0,Legitimate,Verified LinkedIn Company Page,,N/A - genuine company page found via user LinkedIn interests/follows,None reported,,,Interests,Human Resources International (HRI). Category: Verified LinkedIn Company Page,train
1765,Forj Marketing,https://www.linkedin.com/company/17917944,0,Legitimate,Verified LinkedIn Company Page,,N/A - genuine company page found via user LinkedIn interests/follows,None reported,,,Interests,Forj Marketing. Category: Verified LinkedIn Company Page,train
1766,"Primeritus Financial Services, Inc",https://www.linkedin.com/company/1555406,0,Legitimate,Verified LinkedIn Company Page,,N/A - genuine company page found via user LinkedIn interests/follows,None reported,,,Interests,"Primeritus Financial Services, Inc. Category: Verified LinkedIn Company Page",train
1767,Stella & Dot,https://www.linkedin.com/company/915662,0,Legitimate,Verified LinkedIn Company Page,,N/A - genuine company page found via user LinkedIn interests/follows,None reported,,,Interests,Stella & Dot. Category: Verified LinkedIn Company Page,train
1768,Huntsman Architectural Group,https://www.linkedin.com/company/38999,0,Legitimate,Verified LinkedIn Company Page,,N/A - genuine company page found via user LinkedIn interests/follows,None reported,,,Interests,Huntsman Architectural Group. Category: Verified LinkedIn Company Page,test
1769,Cleveland Clinic International Operations,https://www.linkedin.com/company/33242544,0,Legitimate,Verified LinkedIn Company Page,,N/A - genuine company page found via user LinkedIn interests/follows,None reported,,,Interests,Cleveland Clinic International Operations. Category: Verified LinkedIn Company Page,train
1770,United Spaces,https://www.linkedin.com/company/86909,0,Legitimate,Verified LinkedIn Company Page,,N/A - genuine company page found via user LinkedIn interests/follows,None reported,,,Interests,United Spaces. Category: Verified LinkedIn Company Page,test
1771,ACC Compliance and Ethics Network,https://www.linkedin.com/company/71493393,0,Legitimate,Verified LinkedIn Company Page,,N/A - genuine company page found via user LinkedIn interests/follows,None reported,,,Interests,ACC Compliance and Ethics Network. Category: Verified LinkedIn Company Page,test
1772,upReach,https://www.linkedin.com/company/2693222,0,Legitimate,Verified LinkedIn Company Page,,N/A - genuine company page found via user LinkedIn interests/follows,None reported,,,Interests,upReach. Category: Verified LinkedIn Company Page,train
1773,National Urban League,https://www.linkedin.com/company/28775,0,Legitimate,Verified LinkedIn Company Page,,N/A - genuine company page found via user LinkedIn interests/follows,None reported,,,Interests,National Urban League. Category: Verified LinkedIn Company Page,train
1774,CareerSource Tampa Bay,https://www.linkedin.com/company/95427,0,Legitimate,Verified LinkedIn Company Page,,N/A - genuine company page found via user LinkedIn interests/follows,None reported,,,Interests,CareerSource Tampa Bay. Category: Verified LinkedIn Company Page,val
1775,Highway Park Neighborhood Council,https://www.linkedin.com/company/71560952,0,Legitimate,Verified LinkedIn Company Page,,N/A - genuine company page found via user LinkedIn interests/follows,None reported,,,Interests,Highway Park Neighborhood Council. Category: Verified LinkedIn Company Page,train
1776,Y.Chroma Apparel,https://www.linkedin.com/company/82975084,0,Legitimate,Verified LinkedIn Company Page,,N/A - genuine company page found via user LinkedIn interests/follows,None reported,,,Interests,Y.Chroma Apparel. Category: Verified LinkedIn Company Page,train
1777,Women in Compliance,https://www.linkedin.com/company/11431255,0,Legitimate,Verified LinkedIn Company Page,,N/A - genuine company page found via user LinkedIn interests/follows,None reported,,,Interests,Women in Compliance. Category: Verified LinkedIn Company Page,test
1778,The Container Store,https://www.linkedin.com/company/18062,0,Legitimate,Verified LinkedIn Company Page,,N/A - genuine company page found via user LinkedIn interests/follows,None reported,,,Interests,The Container Store. Category: Verified LinkedIn Company Page,train
1779,CSC Station,https://www.linkedin.com/company/69218995,0,Legitimate,Verified LinkedIn Company Page,,N/A - genuine company page found via user LinkedIn interests/follows,None reported,,,Interests,CSC Station. Category: Verified LinkedIn Company Page,train
1780,Milwaukee Bucks Inc.,https://www.linkedin.com/company/1118824,0,Legitimate,Verified LinkedIn Company Page,,N/A - genuine company page found via user LinkedIn interests/follows,None reported,,,Interests,Milwaukee Bucks Inc.. Category: Verified LinkedIn Company Page,test
1781,"Barrett Firearms Mfg, Inc",https://www.linkedin.com/company/867892,0,Legitimate,Verified LinkedIn Company Page,,N/A - genuine company page found via user LinkedIn interests/follows,None reported,,,Interests,"Barrett Firearms Mfg, Inc. Category: Verified LinkedIn Company Page",train
1782,Downtown Memphis Commission,https://www.linkedin.com/company/35469746,0,Legitimate,Verified LinkedIn Company Page,,N/A - genuine company page found via user LinkedIn interests/follows,None reported,,,Interests,Downtown Memphis Commission. Category: Verified LinkedIn Company Page,train
1783,Zelus Esports,https://www.linkedin.com/company/80154447,0,Legitimate,Verified LinkedIn Company Page,,N/A - genuine company page found via user LinkedIn interests/follows,None reported,,,Interests,Zelus Esports. Category: Verified LinkedIn Company Page,train
1784,SCS Technology Solutions Ltd,https://www.linkedin.com/company/5217183,0,Legitimate,Verified LinkedIn Company Page,,N/A - genuine company page found via user LinkedIn interests/follows,None reported,,,Interests,SCS Technology Solutions Ltd. Category: Verified LinkedIn Company Page,train
1785,GIA (Gemological Institute of America),https://www.linkedin.com/company/14401,0,Legitimate,Verified LinkedIn Company Page,,N/A - genuine company page found via user LinkedIn interests/follows,None reported,,,Interests,GIA (Gemological Institute of America). Category: Verified LinkedIn Company Page,train
1786,Meta Hollywood,https://www.linkedin.com/company/85433973,0,Legitimate,Verified LinkedIn Company Page,,N/A - genuine company page found via user LinkedIn interests/follows,None reported,,,Interests,Meta Hollywood. Category: Verified LinkedIn Company Page,test
1787,"GE Lighting, a Savant company",https://www.linkedin.com/company/2489209,0,Legitimate,Verified LinkedIn Company Page,,N/A - genuine company page found via user LinkedIn interests/follows,None reported,,,Interests,"GE Lighting, a Savant company. Category: Verified LinkedIn Company Page",train
1788,Staple,https://www.linkedin.com/company/1113704,0,Legitimate,Verified LinkedIn Company Page,,N/A - genuine company page found via user LinkedIn interests/follows,None reported,,,Interests,Staple. Category: Verified LinkedIn Company Page,train
1789,Inclusion Allies Coalition,https://www.linkedin.com/company/11307268,0,Legitimate,Verified LinkedIn Company Page,,N/A - genuine company page found via user LinkedIn interests/follows,None reported,,,Interests,Inclusion Allies Coalition. Category: Verified LinkedIn Company Page,val
1790,The Female Lead,https://www.linkedin.com/company/10587940,0,Legitimate,Verified LinkedIn Company Page,,N/A - genuine company page found via user LinkedIn interests/follows,None reported,,,Interests,The Female Lead. Category: Verified LinkedIn Company Page,train
1791,UBS,https://www.linkedin.com/company/1214,0,Legitimate,Verified LinkedIn Company Page,,N/A - genuine company page found via user LinkedIn interests/follows,None reported,,,Interests,UBS. Category: Verified LinkedIn Company Page,train
1792,Mitsubishi Electric,https://www.linkedin.com/company/14495786,0,Legitimate,Verified LinkedIn Company Page,,N/A - genuine company page found via user LinkedIn interests/follows,None reported,,,Interests,Mitsubishi Electric. Category: Verified LinkedIn Company Page,train
1793,Charcot-Marie-Tooth Association,https://www.linkedin.com/company/2779868,0,Legitimate,Verified LinkedIn Company Page,,N/A - genuine company page found via user LinkedIn interests/follows,None reported,,,Interests,Charcot-Marie-Tooth Association. Category: Verified LinkedIn Company Page,val
1794,Singapore Institute of Management,https://www.linkedin.com/company/15108918,0,Legitimate,Verified LinkedIn Company Page,,N/A - genuine company page found via user LinkedIn interests/follows,None reported,,,Interests,Singapore Institute of Management. Category: Verified LinkedIn Company Page,val
1795,Volaris Group,https://www.linkedin.com/company/2016165,0,Legitimate,Verified LinkedIn Company Page,,N/A - genuine company page found via user LinkedIn interests/follows,None reported,,,Interests,Volaris Group. Category: Verified LinkedIn Company Page,val
1796,Cubic Corporation,https://www.linkedin.com/company/5908,0,Legitimate,Verified LinkedIn Company Page,,N/A - genuine company page found via user LinkedIn interests/follows,None reported,,,Interests,Cubic Corporation. Category: Verified LinkedIn Company Page,test
1797,Through the Woods Consulting,https://www.linkedin.com/company/7787098,0,Legitimate,Verified LinkedIn Company Page,,N/A - genuine company page found via user LinkedIn interests/follows,None reported,,,Interests,Through the Woods Consulting. Category: Verified LinkedIn Company Page,test
1798,Meta,https://www.linkedin.com/company/10667,0,Legitimate,Verified LinkedIn Company Page,,N/A - genuine company page found via user LinkedIn interests/follows,None reported,,,Interests,Meta. Category: Verified LinkedIn Company Page,train
1799,Intov8 Pty Ltd,https://www.linkedin.com/company/2254475,0,Legitimate,Verified LinkedIn Company Page,,N/A - genuine company page found via user LinkedIn interests/follows,None reported,,,Interests,Intov8 Pty Ltd. Category: Verified LinkedIn Company Page,train
1800,Lidl Italia,https://www.linkedin.com/company/3579420,0,Legitimate,Verified LinkedIn Company Page,,N/A - genuine company page found via user LinkedIn interests/follows,None reported,,,Interests,Lidl Italia. Category: Verified LinkedIn Company Page,val
1801,Virgin StartUp,https://www.linkedin.com/company/3515492,0,Legitimate,Verified LinkedIn Company Page,,N/A - genuine company page found via user LinkedIn interests/follows,None reported,,,Interests,Virgin StartUp. Category: Verified LinkedIn Company Page,train
1802,ServiceNow,https://www.linkedin.com/company/29352,0,Legitimate,Verified LinkedIn Company Page,,N/A - genuine company page found via user LinkedIn interests/follows,None reported,,,Interests,ServiceNow. Category: Verified LinkedIn Company Page,train
1803,Breaking the Ice Podcast,https://www.linkedin.com/company/76585716,0,Legitimate,Verified LinkedIn Company Page,,N/A - genuine company page found via user LinkedIn interests/follows,None reported,,,Interests,Breaking the Ice Podcast. Category: Verified LinkedIn Company Page,train
1804,LinkedIn News Europe,https://www.linkedin.com/company/64872366,0,Legitimate,Verified LinkedIn Company Page,,N/A - genuine company page found via user LinkedIn interests/follows,None reported,,,Interests,LinkedIn News Europe. Category: Verified LinkedIn Company Page,train
1805,RBW Consulting,https://www.linkedin.com/company/348981,0,Legitimate,Verified LinkedIn Company Page,,N/A - genuine company page found via user LinkedIn interests/follows,None reported,,,Interests,RBW Consulting. Category: Verified LinkedIn Company Page,train
1806,RDV Corporation,https://www.linkedin.com/company/77195,0,Legitimate,Verified LinkedIn Company Page,,N/A - genuine company page found via user LinkedIn interests/follows,None reported,,,Interests,RDV Corporation. Category: Verified LinkedIn Company Page,train
1807,Immigration Law Group LLP,https://www.linkedin.com/company/103710,0,Legitimate,Verified LinkedIn Company Page,,N/A - genuine company page found via user LinkedIn interests/follows,None reported,,,Interests,Immigration Law Group LLP. Category: Verified LinkedIn Company Page,test
1808,VAER,https://www.linkedin.com/company/30141136,0,Legitimate,Verified LinkedIn Company Page,,N/A - genuine company page found via user LinkedIn interests/follows,None reported,,,Interests,VAER. Category: Verified LinkedIn Company Page,test
1809,Your Black Matters,https://www.linkedin.com/company/65621512,0,Legitimate,Verified LinkedIn Company Page,,N/A - genuine company page found via user LinkedIn interests/follows,None reported,,,Interests,Your Black Matters. Category: Verified LinkedIn Company Page,train
1810,University of Minnesota Duluth,https://www.linkedin.com/company/5047602,0,Legitimate,Verified LinkedIn Company Page,,N/A - genuine company page found via user LinkedIn interests/follows,None reported,,,Interests,University of Minnesota Duluth. Category: Verified LinkedIn Company Page,test
1811,Dragonflies Everywhere,https://www.linkedin.com/company/67322007,0,Legitimate,Verified LinkedIn Company Page,,N/A - genuine company page found via user LinkedIn interests/follows,None reported,,,Interests,Dragonflies Everywhere. Category: Verified LinkedIn Company Page,test
1812,"Goodwill Industries-Suncoast, Inc.",https://www.linkedin.com/company/2228467,0,Legitimate,Verified LinkedIn Company Page,,N/A - genuine company page found via user LinkedIn interests/follows,None reported,,,Interests,"Goodwill Industries-Suncoast, Inc.. Category: Verified LinkedIn Company Page",val
1813,Prime Healthcare,https://www.linkedin.com/company/1129552,0,Legitimate,Verified LinkedIn Company Page,,N/A - genuine company page found via user LinkedIn interests/follows,None reported,,,Interests,Prime Healthcare. Category: Verified LinkedIn Company Page,val
1814,"CTA Consultants, LLC",https://www.linkedin.com/company/19026541,0,Legitimate,Verified LinkedIn Company Page,,N/A - genuine company page found via user LinkedIn interests/follows,None reported,,,Interests,"CTA Consultants, LLC. Category: Verified LinkedIn Company Page",test
1815,HR Ninjas,https://www.linkedin.com/company/69492774,0,Legitimate,Verified LinkedIn Company Page,,N/A - genuine company page found via user LinkedIn interests/follows,None reported,,,Interests,HR Ninjas. Category: Verified LinkedIn Company Page,train
1816,Ardent Financial Planning,https://www.linkedin.com/company/12078381,0,Legitimate,Verified LinkedIn Company Page,,N/A - genuine company page found via user LinkedIn interests/follows,None reported,,,Interests,Ardent Financial Planning. Category: Verified LinkedIn Company Page,train
1817,LinkedIn News Asia,https://www.linkedin.com/company/64873261,0,Legitimate,Verified LinkedIn Company Page,,N/A - genuine company page found via user LinkedIn interests/follows,None reported,,,Interests,LinkedIn News Asia. Category: Verified LinkedIn Company Page,train
1818,AMD,https://www.linkedin.com/company/1497,0,Legitimate,Verified LinkedIn Company Page,,N/A - genuine company page found via user LinkedIn interests/follows,None reported,,,Interests,AMD. Category: Verified LinkedIn Company Page,train
1819,Acuitive Solutions,https://www.linkedin.com/company/2355843,0,Legitimate,Verified LinkedIn Company Page,,N/A - genuine company page found via user LinkedIn interests/follows,None reported,,,Interests,Acuitive Solutions. Category: Verified LinkedIn Company Page,train
1820,Accenture France,https://www.linkedin.com/company/3790748,0,Legitimate,Verified LinkedIn Company Page,,N/A - genuine company page found via user LinkedIn interests/follows,None reported,,,Interests,Accenture France. Category: Verified LinkedIn Company Page,val
1821,"CKM Health Alliance, LLC",https://www.linkedin.com/company/35900741,0,Legitimate,Verified LinkedIn Company Page,,N/A - genuine company page found via user LinkedIn interests/follows,None reported,,,Interests,"CKM Health Alliance, LLC. Category: Verified LinkedIn Company Page",train
1822,BevZero,https://www.linkedin.com/company/18923377,0,Legitimate,Verified LinkedIn Company Page,,N/A - genuine company page found via user LinkedIn interests/follows,None reported,,,Interests,BevZero. Category: Verified LinkedIn Company Page,train
1823,"HARIBO of America, Inc.",https://www.linkedin.com/company/10245611,0,Legitimate,Verified LinkedIn Company Page,,N/A - genuine company page found via user LinkedIn interests/follows,None reported,,,Interests,"HARIBO of America, Inc.. Category: Verified LinkedIn Company Page",train
1824,timdenning.com,https://www.linkedin.com/company/68891161,0,Legitimate,Verified LinkedIn Company Page,,N/A - genuine company page found via user LinkedIn interests/follows,None reported,,,Interests,timdenning.com. Category: Verified LinkedIn Company Page,val
1825,"Victoria Labalme Communications, LLC",https://www.linkedin.com/company/10345376,0,Legitimate,Verified LinkedIn Company Page,,N/A - genuine company page found via user LinkedIn interests/follows,None reported,,,Interests,"Victoria Labalme Communications, LLC. Category: Verified LinkedIn Company Page",train
1826,Millward Brown Vermeer,https://www.linkedin.com/company/5064356,0,Legitimate,Verified LinkedIn Company Page,,N/A - genuine company page found via user LinkedIn interests/follows,None reported,,,Interests,Millward Brown Vermeer. Category: Verified LinkedIn Company Page,train
1827,Athene,https://www.linkedin.com/company/3362620,0,Legitimate,Verified LinkedIn Company Page,,N/A - genuine company page found via user LinkedIn interests/follows,None reported,,,Interests,Athene. Category: Verified LinkedIn Company Page,train
1828,World Trade Center Miami,https://www.linkedin.com/company/1108460,0,Legitimate,Verified LinkedIn Company Page,,N/A - genuine company page found via user LinkedIn interests/follows,None reported,,,Interests,World Trade Center Miami. Category: Verified LinkedIn Company Page,train
1829,K&S Corporation Limited,https://www.linkedin.com/company/117496,0,Legitimate,Verified LinkedIn Company Page,,N/A - genuine company page found via user LinkedIn interests/follows,None reported,,,Interests,K&S Corporation Limited. Category: Verified LinkedIn Company Page,train
1830,Dallas Stars,https://www.linkedin.com/company/40507,0,Legitimate,Verified LinkedIn Company Page,,N/A - genuine company page found via user LinkedIn interests/follows,None reported,,,Interests,Dallas Stars. Category: Verified LinkedIn Company Page,train
1831,London Metropolitan University,https://www.linkedin.com/company/12467,0,Legitimate,Verified LinkedIn Company Page,,N/A - genuine company page found via user LinkedIn interests/follows,None reported,,,Interests,London Metropolitan University. Category: Verified LinkedIn Company Page,train
1832,METRO/MAKRO,https://www.linkedin.com/company/164955,0,Legitimate,Verified LinkedIn Company Page,,N/A - genuine company page found via user LinkedIn interests/follows,None reported,,,Interests,METRO/MAKRO. Category: Verified LinkedIn Company Page,test
1833,Cashify,https://www.linkedin.com/company/455379,0,Legitimate,Verified LinkedIn Company Page,,N/A - genuine company page found via user LinkedIn interests/follows,None reported,,,Interests,Cashify. Category: Verified LinkedIn Company Page,train
1834,Flynn Restaurant Group,https://www.linkedin.com/company/7929696,0,Legitimate,Verified LinkedIn Company Page,,N/A - genuine company page found via user LinkedIn interests/follows,None reported,,,Interests,Flynn Restaurant Group. Category: Verified LinkedIn Company Page,train
1835,Crest Hollow Country Club,https://www.linkedin.com/company/2963558,0,Legitimate,Verified LinkedIn Company Page,,N/A - genuine company page found via user LinkedIn interests/follows,None reported,,,Interests,Crest Hollow Country Club. Category: Verified LinkedIn Company Page,test
1836,Transition Pathway Initiative (TPI),https://www.linkedin.com/company/66263999,0,Legitimate,Verified LinkedIn Company Page,,N/A - genuine company page found via user LinkedIn interests/follows,None reported,,,Interests,Transition Pathway Initiative (TPI). Category: Verified LinkedIn Company Page,train
1837,America Needs You,https://www.linkedin.com/company/5094510,0,Legitimate,Verified LinkedIn Company Page,,N/A - genuine company page found via user LinkedIn interests/follows,None reported,,,Interests,America Needs You. Category: Verified LinkedIn Company Page,train
1838,Herbalife Nutrition,https://www.linkedin.com/company/5619,0,Legitimate,Verified LinkedIn Company Page,,N/A - genuine company page found via user LinkedIn interests/follows,None reported,,,Interests,Herbalife Nutrition. Category: Verified LinkedIn Company Page,val
1839,TCF Bank,https://www.linkedin.com/company/6930,0,Legitimate,Verified LinkedIn Company Page,,N/A - genuine company page found via user LinkedIn interests/follows,None reported,,,Interests,TCF Bank. Category: Verified LinkedIn Company Page,train
1840,Quarles & Brady LLP,https://www.linkedin.com/company/12825,0,Legitimate,Verified LinkedIn Company Page,,N/A - genuine company page found via user LinkedIn interests/follows,None reported,,,Interests,Quarles & Brady LLP. Category: Verified LinkedIn Company Page,train
1841,Presentech,https://www.linkedin.com/company/1463166,0,Legitimate,Verified LinkedIn Company Page,,N/A - genuine company page found via user LinkedIn interests/follows,None reported,,,Interests,Presentech. Category: Verified LinkedIn Company Page,train
1842,"Zinda Law Group, PLLC",https://www.linkedin.com/company/1286794,0,Legitimate,Verified LinkedIn Company Page,,N/A - genuine company page found via user LinkedIn interests/follows,None reported,,,Interests,"Zinda Law Group, PLLC. Category: Verified LinkedIn Company Page",train
1843,CBIP Logistics,https://www.linkedin.com/company/37195554,0,Legitimate,Verified LinkedIn Company Page,,N/A - genuine company page found via user LinkedIn interests/follows,None reported,,,Interests,CBIP Logistics. Category: Verified LinkedIn Company Page,val
1844,Social Mobility Commission,https://www.linkedin.com/company/11171573,0,Legitimate,Verified LinkedIn Company Page,,N/A - genuine company page found via user LinkedIn interests/follows,None reported,,,Interests,Social Mobility Commission. Category: Verified LinkedIn Company Page,train
1845,SWSM Magazine,https://www.linkedin.com/company/67483775,0,Legitimate,Verified LinkedIn Company Page,,N/A - genuine company page found via user LinkedIn interests/follows,None reported,,,Interests,SWSM Magazine. Category: Verified LinkedIn Company Page,train
1846,Elton John AIDS Foundation,https://www.linkedin.com/company/1504595,0,Legitimate,Verified LinkedIn Company Page,,N/A - genuine company page found via user LinkedIn interests/follows,None reported,,,Interests,Elton John AIDS Foundation. Category: Verified LinkedIn Company Page,train
1847,TULA Skincare,https://www.linkedin.com/company/10046321,0,Legitimate,Verified LinkedIn Company Page,,N/A - genuine company page found via user LinkedIn interests/follows,None reported,,,Interests,TULA Skincare. Category: Verified LinkedIn Company Page,train
1848,The University of Texas at Austin,https://www.linkedin.com/company/3162,0,Legitimate,Verified LinkedIn Company Page,,N/A - genuine company page found via user LinkedIn interests/follows,None reported,,,Interests,The University of Texas at Austin. Category: Verified LinkedIn Company Page,val
1849,CyberKingdom Bilişim,https://www.linkedin.com/company/87126639,0,Legitimate,Verified LinkedIn Company Page,,N/A - genuine company page found via user LinkedIn interests/follows,None reported,,,Interests,CyberKingdom Bilişim. Category: Verified LinkedIn Company Page,train
1850,EMR | Specialist in Marketing Recruitment,https://www.linkedin.com/company/166369,0,Legitimate,Verified LinkedIn Company Page,,N/A - genuine company page found via user LinkedIn interests/follows,None reported,,,Interests,EMR | Specialist in Marketing Recruitment. Category: Verified LinkedIn Company Page,train
1851,Total Wine & More,https://www.linkedin.com/company/27290,0,Legitimate,Verified LinkedIn Company Page,,N/A - genuine company page found via user LinkedIn interests/follows,None reported,,,Interests,Total Wine & More. Category: Verified LinkedIn Company Page,val
1852,Packed with Purpose,https://www.linkedin.com/company/10875344,0,Legitimate,Verified LinkedIn Company Page,,N/A - genuine company page found via user LinkedIn interests/follows,None reported,,,Interests,Packed with Purpose. Category: Verified LinkedIn Company Page,train
1853,Outward Bound Netherlands,https://www.linkedin.com/company/11105375,0,Legitimate,Verified LinkedIn Company Page,,N/A - genuine company page found via user LinkedIn interests/follows,None reported,,,Interests,Outward Bound Netherlands. Category: Verified LinkedIn Company Page,train
1854,Townsend Harris Alumni Association,https://www.linkedin.com/company/11131599,0,Legitimate,Verified LinkedIn Company Page,,N/A - genuine company page found via user LinkedIn interests/follows,None reported,,,Interests,Townsend Harris Alumni Association. Category: Verified LinkedIn Company Page,test
1855,Rice Ken Kennedy Institute,https://www.linkedin.com/company/33278448,0,Legitimate,Verified LinkedIn Company Page,,N/A - genuine company page found via user LinkedIn interests/follows,None reported,,,Interests,Rice Ken Kennedy Institute. Category: Verified LinkedIn Company Page,train
1856,Special Olympics Florida,https://www.linkedin.com/company/2168730,0,Legitimate,Verified LinkedIn Company Page,,N/A - genuine company page found via user LinkedIn interests/follows,None reported,,,Interests,Special Olympics Florida. Category: Verified LinkedIn Company Page,test
1857,K Street Capital,https://www.linkedin.com/company/5157237,0,Legitimate,Verified LinkedIn Company Page,,N/A - genuine company page found via user LinkedIn interests/follows,None reported,,,Interests,K Street Capital. Category: Verified LinkedIn Company Page,train
1858,"Maverick Transportation, LLC",https://www.linkedin.com/company/146002,0,Legitimate,Verified LinkedIn Company Page,,N/A - genuine company page found via user LinkedIn interests/follows,None reported,,,Interests,"Maverick Transportation, LLC. Category: Verified LinkedIn Company Page",train
1859,Quadrical Ai,https://www.linkedin.com/company/28656901,0,Legitimate,Verified LinkedIn Company Page,,N/A - genuine company page found via user LinkedIn interests/follows,None reported,,,Interests,Quadrical Ai. Category: Verified LinkedIn Company Page,val
1860,finway,https://www.linkedin.com/company/31549594,0,Legitimate,Verified LinkedIn Company Page,,N/A - genuine company page found via user LinkedIn interests/follows,None reported,,,Interests,finway. Category: Verified LinkedIn Company Page,train
1861,NBC Sports Next,https://www.linkedin.com/company/79809662,0,Legitimate,Verified LinkedIn Company Page,,N/A - genuine company page found via user LinkedIn interests/follows,None reported,,,Interests,NBC Sports Next. Category: Verified LinkedIn Company Page,val
1862,U*Realized,https://www.linkedin.com/company/1605951,0,Legitimate,Verified LinkedIn Company Page,,N/A - genuine company page found via user LinkedIn interests/follows,None reported,,,Interests,U*Realized. Category: Verified LinkedIn Company Page,train
1863,Eversheds Sutherland,https://www.linkedin.com/company/17937327,0,Legitimate,Verified LinkedIn Company Page,,N/A - genuine company page found via user LinkedIn interests/follows,None reported,,,Interests,Eversheds Sutherland. Category: Verified LinkedIn Company Page,train
1864,American Marketing Association - Wayne State University,https://www.linkedin.com/company/18837252,0,Legitimate,Verified LinkedIn Company Page,,N/A - genuine company page found via user LinkedIn interests/follows,None reported,,,Interests,American Marketing Association - Wayne State University. Category: Verified LinkedIn Company Page,train
1865,"United Gaming, LLC.",https://www.linkedin.com/company/72984232,0,Legitimate,Verified LinkedIn Company Page,,N/A - genuine company page found via user LinkedIn interests/follows,None reported,,,Interests,"United Gaming, LLC.. Category: Verified LinkedIn Company Page",test
1866,IMA-Europe (Industrial Minerals Association - Europe),https://www.linkedin.com/company/1553801,0,Legitimate,Verified LinkedIn Company Page,,N/A - genuine company page found via user LinkedIn interests/follows,None reported,,,Interests,IMA-Europe (Industrial Minerals Association - Europe). Category: Verified LinkedIn Company Page,train
1867,Integrate Autism Employment Advisors,https://www.linkedin.com/company/11072045,0,Legitimate,Verified LinkedIn Company Page,,N/A - genuine company page found via user LinkedIn interests/follows,None reported,,,Interests,Integrate Autism Employment Advisors. Category: Verified LinkedIn Company Page,train
1868,Universities Australia,https://www.linkedin.com/company/1455411,0,Legitimate,Verified LinkedIn Company Page,,N/A - genuine company page found via user LinkedIn interests/follows,None reported,,,Interests,Universities Australia. Category: Verified LinkedIn Company Page,train
1869,Love What Matters,https://www.linkedin.com/company/11537309,0,Legitimate,Verified LinkedIn Company Page,,N/A - genuine company page found via user LinkedIn interests/follows,None reported,,,Interests,Love What Matters. Category: Verified LinkedIn Company Page,val
1870,ARD Logistics,https://www.linkedin.com/company/1896967,0,Legitimate,Verified LinkedIn Company Page,,N/A - genuine company page found via user LinkedIn interests/follows,None reported,,,Interests,ARD Logistics. Category: Verified LinkedIn Company Page,train
1871,UL Solutions,https://www.linkedin.com/company/4721,0,Legitimate,Verified LinkedIn Company Page,,N/A - genuine company page found via user LinkedIn interests/follows,None reported,,,Interests,UL Solutions. Category: Verified LinkedIn Company Page,train
1872,Vogue Business,https://www.linkedin.com/company/35505786,0,Legitimate,Verified LinkedIn Company Page,,N/A - genuine company page found via user LinkedIn interests/follows,None reported,,,Interests,Vogue Business. Category: Verified LinkedIn Company Page,train
1873,BG MULTIFAMILY,https://www.linkedin.com/company/5073645,0,Legitimate,Verified LinkedIn Company Page,,N/A - genuine company page found via user LinkedIn interests/follows,None reported,,,Interests,BG MULTIFAMILY. Category: Verified LinkedIn Company Page,val
1874,Pembury Partners Household Consultancy,https://www.linkedin.com/company/31437587,0,Legitimate,Verified LinkedIn Company Page,,N/A - genuine company page found via user LinkedIn interests/follows,None reported,,,Interests,Pembury Partners Household Consultancy. Category: Verified LinkedIn Company Page,train
1875,"Universal Write Publications, LLC",https://www.linkedin.com/company/1505692,0,Legitimate,Verified LinkedIn Company Page,,N/A - genuine company page found via user LinkedIn interests/follows,None reported,,,Interests,"Universal Write Publications, LLC. Category: Verified LinkedIn Company Page",test
1876,Ingredion Incorporated,https://www.linkedin.com/company/16530,0,Legitimate,Verified LinkedIn Company Page,,N/A - genuine company page found via user LinkedIn interests/follows,None reported,,,Interests,Ingredion Incorporated. Category: Verified LinkedIn Company Page,val
1877,Stablli,https://www.linkedin.com/company/76546125,0,Legitimate,Verified LinkedIn Company Page,,N/A - genuine company page found via user LinkedIn interests/follows,None reported,,,Interests,Stablli. Category: Verified LinkedIn Company Page,train
1878,Human Resource Advisors,https://www.linkedin.com/company/90954,0,Legitimate,Verified LinkedIn Company Page,,N/A - genuine company page found via user LinkedIn interests/follows,None reported,,,Interests,Human Resource Advisors. Category: Verified LinkedIn Company Page,train
1879,Boone & Associates Inc.,https://www.linkedin.com/company/68597190,0,Legitimate,Verified LinkedIn Company Page,,N/A - genuine company page found via user LinkedIn interests/follows,None reported,,,Interests,Boone & Associates Inc.. Category: Verified LinkedIn Company Page,val
1880,U.S. Naval War College,https://www.linkedin.com/company/1322,0,Legitimate,Verified LinkedIn Company Page,,N/A - genuine company page found via user LinkedIn interests/follows,None reported,,,Interests,U.S. Naval War College. Category: Verified LinkedIn Company Page,test
1881,Tyson & Mendes,https://www.linkedin.com/company/1043063,0,Legitimate,Verified LinkedIn Company Page,,N/A - genuine company page found via user LinkedIn interests/follows,None reported,,,Interests,Tyson & Mendes. Category: Verified LinkedIn Company Page,train
1882,Children’s Health Ireland (CHI),https://www.linkedin.com/company/1297723,0,Legitimate,Verified LinkedIn Company Page,,N/A - genuine company page found via user LinkedIn interests/follows,None reported,,,Interests,Children’s Health Ireland (CHI). Category: Verified LinkedIn Company Page,train
1883,WM,https://www.linkedin.com/company/204770,0,Legitimate,Verified LinkedIn Company Page,,N/A - genuine company page found via user LinkedIn interests/follows,None reported,,,Interests,WM. Category: Verified LinkedIn Company Page,val
1884,ADR Consulting Group LLC,https://www.linkedin.com/company/67518971,0,Legitimate,Verified LinkedIn Company Page,,N/A - genuine company page found via user LinkedIn interests/follows,None reported,,,Interests,ADR Consulting Group LLC. Category: Verified LinkedIn Company Page,train
1885,"Strategy Voice Associates, LLC",https://www.linkedin.com/company/37865095,0,Legitimate,Verified LinkedIn Company Page,,N/A - genuine company page found via user LinkedIn interests/follows,None reported,,,Interests,"Strategy Voice Associates, LLC. Category: Verified LinkedIn Company Page",val
1886,WeLearn Learning Services,https://www.linkedin.com/company/16262578,0,Legitimate,Verified LinkedIn Company Page,,N/A - genuine company page found via user LinkedIn interests/follows,None reported,,,Interests,WeLearn Learning Services. Category: Verified LinkedIn Company Page,train
1887,South China Normal University,https://www.linkedin.com/company/928099,0,Legitimate,Verified LinkedIn Company Page,,N/A - genuine company page found via user LinkedIn interests/follows,None reported,,,Interests,South China Normal University. Category: Verified LinkedIn Company Page,train
1888,Bali Construction Inc.,https://www.linkedin.com/company/67492544,0,Legitimate,Verified LinkedIn Company Page,,N/A - genuine company page found via user LinkedIn interests/follows,None reported,,,Interests,Bali Construction Inc.. Category: Verified LinkedIn Company Page,val
1889,City University of Hong Kong,https://www.linkedin.com/company/459034,0,Legitimate,Verified LinkedIn Company Page,,N/A - genuine company page found via user LinkedIn interests/follows,None reported,,,Interests,City University of Hong Kong. Category: Verified LinkedIn Company Page,train
1890,Saint Ignatius College Prep,https://www.linkedin.com/company/384639,0,Legitimate,Verified LinkedIn Company Page,,N/A - genuine company page found via user LinkedIn interests/follows,None reported,,,Interests,Saint Ignatius College Prep. Category: Verified LinkedIn Company Page,train
1891,河北燕兴机械有限公司,https://www.linkedin.com/company/32608805,0,Legitimate,Verified LinkedIn Company Page,,N/A - genuine company page found via user LinkedIn interests/follows,None reported,,,Interests,河北燕兴机械有限公司. Category: Verified LinkedIn Company Page,train
1892,"Minnetronix, Inc.",https://www.linkedin.com/company/104026,0,Legitimate,Verified LinkedIn Company Page,,N/A - genuine company page found via user LinkedIn interests/follows,None reported,,,Interests,"Minnetronix, Inc.. Category: Verified LinkedIn Company Page",train
1893,Winning in Work,https://www.linkedin.com/company/10889356,0,Legitimate,Verified LinkedIn Company Page,,N/A - genuine company page found via user LinkedIn interests/follows,None reported,,,Interests,Winning in Work. Category: Verified LinkedIn Company Page,train
1894,Enterprise Canada,https://www.linkedin.com/company/1490832,0,Legitimate,Verified LinkedIn Company Page,,N/A - genuine company page found via user LinkedIn interests/follows,None reported,,,Interests,Enterprise Canada. Category: Verified LinkedIn Company Page,train
1895,Nanometrics Inc,https://www.linkedin.com/company/266295,0,Legitimate,Verified LinkedIn Company Page,,N/A - genuine company page found via user LinkedIn interests/follows,None reported,,,Interests,Nanometrics Inc. Category: Verified LinkedIn Company Page,train
1896,Mission Health,https://www.linkedin.com/company/28169,0,Legitimate,Verified LinkedIn Company Page,,N/A - genuine company page found via user LinkedIn interests/follows,None reported,,,Interests,Mission Health. Category: Verified LinkedIn Company Page,train
1897,Co-Learning Lounge,https://www.linkedin.com/company/30951747,0,Legitimate,Verified LinkedIn Company Page,,N/A - genuine company page found via user LinkedIn interests/follows,None reported,,,Interests,Co-Learning Lounge. Category: Verified LinkedIn Company Page,train
1898,Theery,https://www.linkedin.com/company/3588039,0,Legitimate,Verified LinkedIn Company Page,,N/A - genuine company page found via user LinkedIn interests/follows,None reported,,,Interests,Theery. Category: Verified LinkedIn Company Page,train
1899,SERVPRO of The Saint Croix Valley,https://www.linkedin.com/company/16201860,0,Legitimate,Verified LinkedIn Company Page,,N/A - genuine company page found via user LinkedIn interests/follows,None reported,,,Interests,SERVPRO of The Saint Croix Valley. Category: Verified LinkedIn Company Page,train
1900,JK Design,https://www.linkedin.com/company/49460,0,Legitimate,Verified LinkedIn Company Page,,N/A - genuine company page found via user LinkedIn interests/follows,None reported,,,Interests,JK Design. Category: Verified LinkedIn Company Page,train
1901,Haleon,https://www.linkedin.com/company/80030090,0,Legitimate,Verified LinkedIn Company Page,,N/A - genuine company page found via user LinkedIn interests/follows,None reported,,,Interests,Haleon. Category: Verified LinkedIn Company Page,val
1902,Saint Louis University School of Law,https://www.linkedin.com/company/15102105,0,Legitimate,Verified LinkedIn Company Page,,N/A - genuine company page found via user LinkedIn interests/follows,None reported,,,Interests,Saint Louis University School of Law. Category: Verified LinkedIn Company Page,train
1903,Indiana University Bloomington,https://www.linkedin.com/company/3325,0,Legitimate,Verified LinkedIn Company Page,,N/A - genuine company page found via user LinkedIn interests/follows,None reported,,,Interests,Indiana University Bloomington. Category: Verified LinkedIn Company Page,train
1904,Biz New Orleans Magazine,https://www.linkedin.com/company/25039402,0,Legitimate,Verified LinkedIn Company Page,,N/A - genuine company page found via user LinkedIn interests/follows,None reported,,,Interests,Biz New Orleans Magazine. Category: Verified LinkedIn Company Page,train
1905,Bank of America Merrill Lynch,https://www.linkedin.com/company/3797085,0,Legitimate,Verified LinkedIn Company Page,,N/A - genuine company page found via user LinkedIn interests/follows,None reported,,,Interests,Bank of America Merrill Lynch. Category: Verified LinkedIn Company Page,train
1906,Mashable,https://www.linkedin.com/company/200000,0,Legitimate,Verified LinkedIn Company Page,,N/A - genuine company page found via user LinkedIn interests/follows,None reported,,,Interests,Mashable. Category: Verified LinkedIn Company Page,train
1907,Business School Nederland,https://www.linkedin.com/company/1386893,0,Legitimate,Verified LinkedIn Company Page,,N/A - genuine company page found via user LinkedIn interests/follows,None reported,,,Interests,Business School Nederland. Category: Verified LinkedIn Company Page,val
1908,OMD USA,https://www.linkedin.com/company/3540705,0,Legitimate,Verified LinkedIn Company Page,,N/A - genuine company page found via user LinkedIn interests/follows,None reported,,,Interests,OMD USA. Category: Verified LinkedIn Company Page,train
1909,Pyramid Club,https://www.linkedin.com/company/3282012,0,Legitimate,Verified LinkedIn Company Page,,N/A - genuine company page found via user LinkedIn interests/follows,None reported,,,Interests,Pyramid Club. Category: Verified LinkedIn Company Page,train
1910,"U.S. Preventive Medicine, Inc. (USPM)",https://www.linkedin.com/company/380977,0,Legitimate,Verified LinkedIn Company Page,,N/A - genuine company page found via user LinkedIn interests/follows,None reported,,,Interests,"U.S. Preventive Medicine, Inc. (USPM). Category: Verified LinkedIn Company Page",test
1911,西安奇维科技有限公司,https://www.linkedin.com/company/31773008,0,Legitimate,Verified LinkedIn Company Page,,N/A - genuine company page found via user LinkedIn interests/follows,None reported,,,Interests,西安奇维科技有限公司. Category: Verified LinkedIn Company Page,train
1912,CBIZ,https://www.linkedin.com/company/6078,0,Legitimate,Verified LinkedIn Company Page,,N/A - genuine company page found via user LinkedIn interests/follows,None reported,,,Interests,CBIZ. Category: Verified LinkedIn Company Page,test
1913,Groupe Lacasse Inc.,https://www.linkedin.com/company/432939,0,Legitimate,Verified LinkedIn Company Page,,N/A - genuine company page found via user LinkedIn interests/follows,None reported,,,Interests,Groupe Lacasse Inc.. Category: Verified LinkedIn Company Page,test
1914,University of Pennsylvania Graduate School of Education,https://www.linkedin.com/company/12575393,0,Legitimate,Verified LinkedIn Company Page,,N/A - genuine company page found via user LinkedIn interests/follows,None reported,,,Interests,University of Pennsylvania Graduate School of Education. Category: Verified LinkedIn Company Page,test
1915,Oracle Cloud,https://www.linkedin.com/company/6438417,0,Legitimate,Verified LinkedIn Company Page,,N/A - genuine company page found via user LinkedIn interests/follows,None reported,,,Interests,Oracle Cloud. Category: Verified LinkedIn Company Page,val
1916,"Conscious Capitalism, Inc.",https://www.linkedin.com/company/1430644,0,Legitimate,Verified LinkedIn Company Page,,N/A - genuine company page found via user LinkedIn interests/follows,None reported,,,Interests,"Conscious Capitalism, Inc.. Category: Verified LinkedIn Company Page",train
1917,ZEGNA BARUFFA LANE BORGOSESIA SPA,https://www.linkedin.com/company/8935882,0,Legitimate,Verified LinkedIn Company Page,,N/A - genuine company page found via user LinkedIn interests/follows,None reported,,,Interests,ZEGNA BARUFFA LANE BORGOSESIA SPA. Category: Verified LinkedIn Company Page,test
1918,ESPN,https://www.linkedin.com/company/3595,0,Legitimate,Verified LinkedIn Company Page,,N/A - genuine company page found via user LinkedIn interests/follows,None reported,,,Interests,ESPN. Category: Verified LinkedIn Company Page,train
1919,SocialTalent,https://www.linkedin.com/company/1613174,0,Legitimate,Verified LinkedIn Company Page,,N/A - genuine company page found via user LinkedIn interests/follows,None reported,,,Interests,SocialTalent. Category: Verified LinkedIn Company Page,train
1920,The Davis Consulting Group,https://www.linkedin.com/company/6629902,0,Legitimate,Verified LinkedIn Company Page,,N/A - genuine company page found via user LinkedIn interests/follows,None reported,,,Interests,The Davis Consulting Group. Category: Verified LinkedIn Company Page,train
1921,Modus Planning,https://www.linkedin.com/company/11263069,0,Legitimate,Verified LinkedIn Company Page,,N/A - genuine company page found via user LinkedIn interests/follows,None reported,,,Interests,Modus Planning. Category: Verified LinkedIn Company Page,train
1922,Employment Mediation Services,https://www.linkedin.com/company/79911494,0,Legitimate,Verified LinkedIn Company Page,,N/A - genuine company page found via user LinkedIn interests/follows,None reported,,,Interests,Employment Mediation Services. Category: Verified LinkedIn Company Page,train
1923,The Duke of Edinburgh's International Award Romania,https://www.linkedin.com/company/82023694,0,Legitimate,Verified LinkedIn Company Page,,N/A - genuine company page found via user LinkedIn interests/follows,None reported,,,Interests,The Duke of Edinburgh's International Award Romania. Category: Verified LinkedIn Company Page,train
1924,"HDH Advancement Group, LLC",https://www.linkedin.com/company/70413807,0,Legitimate,Verified LinkedIn Company Page,,N/A - genuine company page found via user LinkedIn interests/follows,None reported,,,Interests,"HDH Advancement Group, LLC. Category: Verified LinkedIn Company Page",train
1925,"Centro de Educación Profesional, S.C",https://www.linkedin.com/company/15095404,0,Legitimate,Verified LinkedIn Company Page,,N/A - genuine company page found via user LinkedIn interests/follows,None reported,,,Interests,"Centro de Educación Profesional, S.C. Category: Verified LinkedIn Company Page",train
1926,DriverEu,https://www.linkedin.com/company/69381633,0,Legitimate,Verified LinkedIn Company Page,,N/A - genuine company page found via user LinkedIn interests/follows,None reported,,,Interests,DriverEu. Category: Verified LinkedIn Company Page,train
1927,Worldwide Parcel Express,,1,Fake_Scam,Reshipping / Mule Scam,Fabricated Carrier,Hires 'Package Quality Inspector' to forward packages received at residential address.,Reshipping scam using stolen credit card orders.,LinkedIn InMail -> Telegram,Critical,LinkedIn Fake Company Database,Worldwide Parcel Express. Category: Reshipping / Mule Scam. Impersonation target: Fabricated Carrier. Modus operandi: Hires 'Package Quality Inspector' to forward packages received at residential address.. Red flags: Reshipping scam using stolen credit card orders.,train
1928,Baptist Health Care,https://www.linkedin.com/company/37130,0,Legitimate,Verified LinkedIn Company Page,,N/A - genuine company page found via user LinkedIn interests/follows,None reported,,,Interests,Baptist Health Care. Category: Verified LinkedIn Company Page,train
1929,PSCI,https://www.linkedin.com/company/27078,0,Legitimate,Verified LinkedIn Company Page,,N/A - genuine company page found via user LinkedIn interests/follows,None reported,,,Interests,PSCI. Category: Verified LinkedIn Company Page,val
1930,University of Sussex,https://www.linkedin.com/company/9521,0,Legitimate,Verified LinkedIn Company Page,,N/A - genuine company page found via user LinkedIn interests/follows,None reported,,,Interests,University of Sussex. Category: Verified LinkedIn Company Page,val
1931,Tenet Healthcare,https://www.linkedin.com/company/5315,0,Legitimate,Verified LinkedIn Company Page,,N/A - genuine company page found via user LinkedIn interests/follows,None reported,,,Interests,Tenet Healthcare. Category: Verified LinkedIn Company Page,val
1932,Deltaphi Construtora,https://www.linkedin.com/company/42709767,0,Legitimate,Verified LinkedIn Company Page,,N/A - genuine company page found via user LinkedIn interests/follows,None reported,,,Interests,Deltaphi Construtora. Category: Verified LinkedIn Company Page,train
1933,Federal Reserve Bank of Richmond,https://www.linkedin.com/company/2667723,0,Legitimate,Verified LinkedIn Company Page,,N/A - genuine company page found via user LinkedIn interests/follows,None reported,,,Interests,Federal Reserve Bank of Richmond. Category: Verified LinkedIn Company Page,train
1934,The InStore Group,https://www.linkedin.com/company/5157459,0,Legitimate,Verified LinkedIn Company Page,,N/A - genuine company page found via user LinkedIn interests/follows,None reported,,,Interests,The InStore Group. Category: Verified LinkedIn Company Page,train
1935,The Preiss Company,https://www.linkedin.com/company/836710,0,Legitimate,Verified LinkedIn Company Page,,N/A - genuine company page found via user LinkedIn interests/follows,None reported,,,Interests,The Preiss Company. Category: Verified LinkedIn Company Page,train
1936,Soydan Fluid Power Technologies,https://www.linkedin.com/company/15182335,0,Legitimate,Verified LinkedIn Company Page,,N/A - genuine company page found via user LinkedIn interests/follows,None reported,,,Interests,Soydan Fluid Power Technologies. Category: Verified LinkedIn Company Page,train
1937,LTIMindtree,https://www.linkedin.com/company/86813252,0,Legitimate,Verified LinkedIn Company Page,,N/A - genuine company page found via user LinkedIn interests/follows,None reported,,,Interests,LTIMindtree. Category: Verified LinkedIn Company Page,test
1938,International Institute for Sustainable Development,https://www.linkedin.com/company/42452,0,Legitimate,Verified LinkedIn Company Page,,N/A - genuine company page found via user LinkedIn interests/follows,None reported,,,Interests,International Institute for Sustainable Development. Category: Verified LinkedIn Company Page,test
1939,✨ Best Version Services ✨,https://www.linkedin.com/company/77680361,0,Legitimate,Verified LinkedIn Company Page,,N/A - genuine company page found via user LinkedIn interests/follows,None reported,,,Interests,✨ Best Version Services ✨. Category: Verified LinkedIn Company Page,train
1940,757 Angels,https://www.linkedin.com/company/10220451,0,Legitimate,Verified LinkedIn Company Page,,N/A - genuine company page found via user LinkedIn interests/follows,None reported,,,Interests,757 Angels. Category: Verified LinkedIn Company Page,train
1941,University of Plymouth,https://www.linkedin.com/company/18911,0,Legitimate,Verified LinkedIn Company Page,,N/A - genuine company page found via user LinkedIn interests/follows,None reported,,,Interests,University of Plymouth. Category: Verified LinkedIn Company Page,train
1942,Charlotte FC,https://www.linkedin.com/company/64539188,0,Legitimate,Verified LinkedIn Company Page,,N/A - genuine company page found via user LinkedIn interests/follows,None reported,,,Interests,Charlotte FC. Category: Verified LinkedIn Company Page,train
1943,University of Houston-Victoria,https://www.linkedin.com/company/47837,0,Legitimate,Verified LinkedIn Company Page,,N/A - genuine company page found via user LinkedIn interests/follows,None reported,,,Interests,University of Houston-Victoria. Category: Verified LinkedIn Company Page,train
1944,The Carruthers Group,https://www.linkedin.com/company/3850656,0,Legitimate,Verified LinkedIn Company Page,,N/A - genuine company page found via user LinkedIn interests/follows,None reported,,,Interests,The Carruthers Group. Category: Verified LinkedIn Company Page,train
1945,World Economic Forum AI and Machine Learning,https://www.linkedin.com/company/65624159,0,Legitimate,Verified LinkedIn Company Page,,N/A - genuine company page found via user LinkedIn interests/follows,None reported,,,Interests,World Economic Forum AI and Machine Learning. Category: Verified LinkedIn Company Page,test
1946,Amptek Growth,https://www.linkedin.com/company/40755370,0,Legitimate,Verified LinkedIn Company Page,,N/A - genuine company page found via user LinkedIn interests/follows,None reported,,,Interests,Amptek Growth. Category: Verified LinkedIn Company Page,train
1947,Talk Healthy To Me,https://www.linkedin.com/company/73842467,0,Legitimate,Verified LinkedIn Company Page,,N/A - genuine company page found via user LinkedIn interests/follows,None reported,,,Interests,Talk Healthy To Me. Category: Verified LinkedIn Company Page,train
1948,DS Smith,https://www.linkedin.com/company/3854,0,Legitimate,Verified LinkedIn Company Page,,N/A - genuine company page found via user LinkedIn interests/follows,None reported,,,Interests,DS Smith. Category: Verified LinkedIn Company Page,train
1949,Louisville Water Company,https://www.linkedin.com/company/93374,0,Legitimate,Verified LinkedIn Company Page,,N/A - genuine company page found via user LinkedIn interests/follows,None reported,,,Interests,Louisville Water Company. Category: Verified LinkedIn Company Page,train
1950,Moolarben Coal,https://www.linkedin.com/company/1638243,0,Legitimate,Verified LinkedIn Company Page,,N/A - genuine company page found via user LinkedIn interests/follows,None reported,,,Interests,Moolarben Coal. Category: Verified LinkedIn Company Page,train
1951,Philanthropy Network Greater Philadelphia,https://www.linkedin.com/company/10063100,0,Legitimate,Verified LinkedIn Company Page,,N/A - genuine company page found via user LinkedIn interests/follows,None reported,,,Interests,Philanthropy Network Greater Philadelphia. Category: Verified LinkedIn Company Page,val
1952,SunTrust,https://www.linkedin.com/company/2692,0,Legitimate,Verified LinkedIn Company Page,,N/A - genuine company page found via user LinkedIn interests/follows,None reported,,,Interests,SunTrust. Category: Verified LinkedIn Company Page,train
1953,Nevada College of Pharmacy,https://www.linkedin.com/company/15101307,0,Legitimate,Verified LinkedIn Company Page,,N/A - genuine company page found via user LinkedIn interests/follows,None reported,,,Interests,Nevada College of Pharmacy. Category: Verified LinkedIn Company Page,train
1954,Houses of Parliament Restoration & Renewal,https://www.linkedin.com/company/54321519,0,Legitimate,Verified LinkedIn Company Page,,N/A - genuine company page found via user LinkedIn interests/follows,None reported,,,Interests,Houses of Parliament Restoration & Renewal. Category: Verified LinkedIn Company Page,test
1955,Aprio,https://www.linkedin.com/company/377671,0,Legitimate,Verified LinkedIn Company Page,,N/A - genuine company page found via user LinkedIn interests/follows,None reported,,,Interests,Aprio. Category: Verified LinkedIn Company Page,train
1956,Bonjour Design Consultants,https://www.linkedin.com/company/2767314,0,Legitimate,Verified LinkedIn Company Page,,N/A - genuine company page found via user LinkedIn interests/follows,None reported,,,Interests,Bonjour Design Consultants. Category: Verified LinkedIn Company Page,train
1957,UniCredit Bulbank,https://www.linkedin.com/company/12588,0,Legitimate,Verified LinkedIn Company Page,,N/A - genuine company page found via user LinkedIn interests/follows,None reported,,,Interests,UniCredit Bulbank. Category: Verified LinkedIn Company Page,train
1958,GamerTech™,https://www.linkedin.com/company/30966444,0,Legitimate,Verified LinkedIn Company Page,,N/A - genuine company page found via user LinkedIn interests/follows,None reported,,,Interests,GamerTech™. Category: Verified LinkedIn Company Page,val
1959,Be Happy - Follow us for amazing stories ☀️,https://www.linkedin.com/company/80966401,0,Legitimate,Verified LinkedIn Company Page,,N/A - genuine company page found via user LinkedIn interests/follows,None reported,,,Interests,Be Happy - Follow us for amazing stories ☀️. Category: Verified LinkedIn Company Page,train
1960,California Polytechnic State University-San Luis Obispo,https://www.linkedin.com/company/15251132,0,Legitimate,Verified LinkedIn Company Page,,N/A - genuine company page found via user LinkedIn interests/follows,None reported,,,Interests,California Polytechnic State University-San Luis Obispo. Category: Verified LinkedIn Company Page,train
1961,MassChallenge,https://www.linkedin.com/company/291490,0,Legitimate,Verified LinkedIn Company Page,,N/A - genuine company page found via user LinkedIn interests/follows,None reported,,,Interests,MassChallenge. Category: Verified LinkedIn Company Page,train
1962,Johnson & Johnson Human Performance InstituteÂ®,https://www.linkedin.com/company/90953,0,Legitimate,Verified LinkedIn Company Page,,N/A - genuine company page found via user LinkedIn interests/follows,None reported,,,Interests,Johnson & Johnson Human Performance InstituteÂ®. Category: Verified LinkedIn Company Page,train
1963,Cornell University,https://www.linkedin.com/company/3523,0,Legitimate,Verified LinkedIn Company Page,,N/A - genuine company page found via user LinkedIn interests/follows,None reported,,,Interests,Cornell University. Category: Verified LinkedIn Company Page,train
1964,Thrive Global,https://www.linkedin.com/company/15080091,0,Legitimate,Verified LinkedIn Company Page,,N/A - genuine company page found via user LinkedIn interests/follows,None reported,,,Interests,Thrive Global. Category: Verified LinkedIn Company Page,train
1965,Okocha,https://www.linkedin.com/company/76236879,0,Legitimate,Verified LinkedIn Company Page,,N/A - genuine company page found via user LinkedIn interests/follows,None reported,,,Interests,Okocha. Category: Verified LinkedIn Company Page,test
1966,Green Check Verified,https://www.linkedin.com/company/27218394,0,Legitimate,Verified LinkedIn Company Page,,N/A - genuine company page found via user LinkedIn interests/follows,None reported,,,Interests,Green Check Verified. Category: Verified LinkedIn Company Page,test
1967,Black Tech Pipeline,https://www.linkedin.com/company/69185496,0,Legitimate,Verified LinkedIn Company Page,,N/A - genuine company page found via user LinkedIn interests/follows,None reported,,,Interests,Black Tech Pipeline. Category: Verified LinkedIn Company Page,train
1968,Atlantic Logistics,https://www.linkedin.com/company/15157701,0,Legitimate,Verified LinkedIn Company Page,,N/A - genuine company page found via user LinkedIn interests/follows,None reported,,,Interests,Atlantic Logistics. Category: Verified LinkedIn Company Page,train
1969,M. Dias Branco,https://www.linkedin.com/company/1121147,0,Legitimate,Verified LinkedIn Company Page,,N/A - genuine company page found via user LinkedIn interests/follows,None reported,,,Interests,M. Dias Branco. Category: Verified LinkedIn Company Page,train
1970,GoodLiving.Eco,https://www.linkedin.com/company/72171163,0,Legitimate,Verified LinkedIn Company Page,,N/A - genuine company page found via user LinkedIn interests/follows,None reported,,,Interests,GoodLiving.Eco. Category: Verified LinkedIn Company Page,train
1971,Georgia Institute of Technology,https://www.linkedin.com/company/3558,0,Legitimate,Verified LinkedIn Company Page,,N/A - genuine company page found via user LinkedIn interests/follows,None reported,,,Interests,Georgia Institute of Technology. Category: Verified LinkedIn Company Page,train
1972,Neudata,https://www.linkedin.com/company/10453754,0,Legitimate,Verified LinkedIn Company Page,,N/A - genuine company page found via user LinkedIn interests/follows,None reported,,,Interests,Neudata. Category: Verified LinkedIn Company Page,train
1973,Healthcare Businesswomen’s Association,https://www.linkedin.com/company/148589,0,Legitimate,Verified LinkedIn Company Page,,N/A - genuine company page found via user LinkedIn interests/follows,None reported,,,Interests,Healthcare Businesswomen’s Association. Category: Verified LinkedIn Company Page,val
1974,"University of California, Berkeley",https://www.linkedin.com/company/2517,0,Legitimate,Verified LinkedIn Company Page,,N/A - genuine company page found via user LinkedIn interests/follows,None reported,,,Interests,"University of California, Berkeley. Category: Verified LinkedIn Company Page",val
1975,The Johns Hopkins University,https://www.linkedin.com/company/3528,0,Legitimate,Verified LinkedIn Company Page,,N/A - genuine company page found via user LinkedIn interests/follows,None reported,,,Interests,The Johns Hopkins University. Category: Verified LinkedIn Company Page,train
1976,Northwestern University,https://www.linkedin.com/company/3196,0,Legitimate,Verified LinkedIn Company Page,,N/A - genuine company page found via user LinkedIn interests/follows,None reported,,,Interests,Northwestern University. Category: Verified LinkedIn Company Page,train
1977,Georgia Restaurant Association,https://www.linkedin.com/company/82422,0,Legitimate,Verified LinkedIn Company Page,,N/A - genuine company page found via user LinkedIn interests/follows,None reported,,,Interests,Georgia Restaurant Association. Category: Verified LinkedIn Company Page,train
1978,StockX,https://www.linkedin.com/company/15261355,0,Legitimate,Verified LinkedIn Company Page,,N/A - genuine company page found via user LinkedIn interests/follows,None reported,,,Interests,StockX. Category: Verified LinkedIn Company Page,train
1979,Podcasters Live!!!,https://www.linkedin.com/company/80642962,0,Legitimate,Verified LinkedIn Company Page,,N/A - genuine company page found via user LinkedIn interests/follows,None reported,,,Interests,Podcasters Live!!!. Category: Verified LinkedIn Company Page,val
1980,University of Seoul,https://www.linkedin.com/company/15094713,0,Legitimate,Verified LinkedIn Company Page,,N/A - genuine company page found via user LinkedIn interests/follows,None reported,,,Interests,University of Seoul. Category: Verified LinkedIn Company Page,train
1981,IMDDA,https://www.linkedin.com/company/10463310,0,Legitimate,Verified LinkedIn Company Page,,N/A - genuine company page found via user LinkedIn interests/follows,None reported,,,Interests,IMDDA. Category: Verified LinkedIn Company Page,train
1982,Northland Human Resource Association,https://www.linkedin.com/company/2049491,0,Legitimate,Verified LinkedIn Company Page,,N/A - genuine company page found via user LinkedIn interests/follows,None reported,,,Interests,Northland Human Resource Association. Category: Verified LinkedIn Company Page,train
1983,"Epstein Becker & Green, P.C.",https://www.linkedin.com/company/11560,0,Legitimate,Verified LinkedIn Company Page,,N/A - genuine company page found via user LinkedIn interests/follows,None reported,,,Interests,"Epstein Becker & Green, P.C.. Category: Verified LinkedIn Company Page",train
1984,IGA Talent Solutions,https://www.linkedin.com/company/34662189,0,Legitimate,Verified LinkedIn Company Page,,N/A - genuine company page found via user LinkedIn interests/follows,None reported,,,Interests,IGA Talent Solutions. Category: Verified LinkedIn Company Page,val
1985,Zero To Mastery Academy,https://www.linkedin.com/company/64685953,0,Legitimate,Verified LinkedIn Company Page,,N/A - genuine company page found via user LinkedIn interests/follows,None reported,,,Interests,Zero To Mastery Academy. Category: Verified LinkedIn Company Page,train
1986,Chip City,https://www.linkedin.com/company/30581980,0,Legitimate,Verified LinkedIn Company Page,,N/A - genuine company page found via user LinkedIn interests/follows,None reported,,,Interests,Chip City. Category: Verified LinkedIn Company Page,train
1987,University of Colorado Denver,https://www.linkedin.com/company/3768,0,Legitimate,Verified LinkedIn Company Page,,N/A - genuine company page found via user LinkedIn interests/follows,None reported,,,Interests,University of Colorado Denver. Category: Verified LinkedIn Company Page,train
1988,DBusiness Magazine,https://www.linkedin.com/company/2292245,0,Legitimate,Verified LinkedIn Company Page,,N/A - genuine company page found via user LinkedIn interests/follows,None reported,,,Interests,DBusiness Magazine. Category: Verified LinkedIn Company Page,train
1989,EPIC PR & COMMUNICATION,https://www.linkedin.com/company/9308191,0,Legitimate,Verified LinkedIn Company Page,,N/A - genuine company page found via user LinkedIn interests/follows,None reported,,,Interests,EPIC PR & COMMUNICATION. Category: Verified LinkedIn Company Page,test
1990,Black Owned And Hiring,https://www.linkedin.com/company/65894658,0,Legitimate,Verified LinkedIn Company Page,,N/A - genuine company page found via user LinkedIn interests/follows,None reported,,,Interests,Black Owned And Hiring. Category: Verified LinkedIn Company Page,train
1991,Northern Kentucky University,https://www.linkedin.com/company/12983,0,Legitimate,Verified LinkedIn Company Page,,N/A - genuine company page found via user LinkedIn interests/follows,None reported,,,Interests,Northern Kentucky University. Category: Verified LinkedIn Company Page,test
1992,Tableau,https://www.linkedin.com/company/206993,0,Legitimate,Verified LinkedIn Company Page,,N/A - genuine company page found via user LinkedIn interests/follows,None reported,,,Interests,Tableau. Category: Verified LinkedIn Company Page,train
1993,Shopzu.com,https://www.linkedin.com/company/20326311,0,Legitimate,Verified LinkedIn Company Page,,N/A - genuine company page found via user LinkedIn interests/follows,None reported,,,Interests,Shopzu.com. Category: Verified LinkedIn Company Page,train
1994,Greater Yellowstone Coalition,https://www.linkedin.com/company/720378,0,Legitimate,Verified LinkedIn Company Page,,N/A - genuine company page found via user LinkedIn interests/follows,None reported,,,Interests,Greater Yellowstone Coalition. Category: Verified LinkedIn Company Page,val
1995,eTegrity,https://www.linkedin.com/company/65474932,0,Legitimate,Verified LinkedIn Company Page,,N/A - genuine company page found via user LinkedIn interests/follows,None reported,,,Interests,eTegrity. Category: Verified LinkedIn Company Page,test
1996,MSU Federal Credit Union,https://www.linkedin.com/company/93115,0,Legitimate,Verified LinkedIn Company Page,,N/A - genuine company page found via user LinkedIn interests/follows,None reported,,,Interests,MSU Federal Credit Union. Category: Verified LinkedIn Company Page,test
1997,Visual Side,https://www.linkedin.com/company/71197335,0,Legitimate,Verified LinkedIn Company Page,,N/A - genuine company page found via user LinkedIn interests/follows,None reported,,,Interests,Visual Side. Category: Verified LinkedIn Company Page,val
1998,QTurn LLC,https://www.linkedin.com/company/68051270,0,Legitimate,Verified LinkedIn Company Page,,N/A - genuine company page found via user LinkedIn interests/follows,None reported,,,Interests,QTurn LLC. Category: Verified LinkedIn Company Page,train
1999,Starrz Dance Academy of Performing Arts,https://www.linkedin.com/company/69943065,0,Legitimate,Verified LinkedIn Company Page,,N/A - genuine company page found via user LinkedIn interests/follows,None reported,,,Interests,Starrz Dance Academy of Performing Arts. Category: Verified LinkedIn Company Page,train
2000,NC State Belk Center,https://www.linkedin.com/company/71129020,0,Legitimate,Verified LinkedIn Company Page,,N/A - genuine company page found via user LinkedIn interests/follows,None reported,,,Interests,NC State Belk Center. Category: Verified LinkedIn Company Page,train
2001,FAMU-FSU College of Engineering,https://www.linkedin.com/company/28659813,0,Legitimate,Verified LinkedIn Company Page,,N/A - genuine company page found via user LinkedIn interests/follows,None reported,,,Interests,FAMU-FSU College of Engineering. Category: Verified LinkedIn Company Page,train
2002,University of North Carolina Asheville,https://www.linkedin.com/company/47989,0,Legitimate,Verified LinkedIn Company Page,,N/A - genuine company page found via user LinkedIn interests/follows,None reported,,,Interests,University of North Carolina Asheville. Category: Verified LinkedIn Company Page,train
2003,Disrupt HR Pittsburgh,https://www.linkedin.com/company/20347123,0,Legitimate,Verified LinkedIn Company Page,,N/A - genuine company page found via user LinkedIn interests/follows,None reported,,,Interests,Disrupt HR Pittsburgh. Category: Verified LinkedIn Company Page,train
2004,Memorial University of Newfoundland,https://www.linkedin.com/company/16992,0,Legitimate,Verified LinkedIn Company Page,,N/A - genuine company page found via user LinkedIn interests/follows,None reported,,,Interests,Memorial University of Newfoundland. Category: Verified LinkedIn Company Page,train
2005,Penguin Random House,https://www.linkedin.com/company/165656,0,Legitimate,Verified LinkedIn Company Page,,N/A - genuine company page found via user LinkedIn interests/follows,None reported,,,Interests,Penguin Random House. Category: Verified LinkedIn Company Page,train
2006,Guggenheim Partners,https://www.linkedin.com/company/15823,0,Legitimate,Verified LinkedIn Company Page,,N/A - genuine company page found via user LinkedIn interests/follows,None reported,,,Interests,Guggenheim Partners. Category: Verified LinkedIn Company Page,val
2007,National Lampoon,https://www.linkedin.com/company/26042,0,Legitimate,Verified LinkedIn Company Page,,N/A - genuine company page found via user LinkedIn interests/follows,None reported,,,Interests,National Lampoon. Category: Verified LinkedIn Company Page,val
2008,Greene-Hazel Insurance Group,https://www.linkedin.com/company/351411,0,Legitimate,Verified LinkedIn Company Page,,N/A - genuine company page found via user LinkedIn interests/follows,None reported,,,Interests,Greene-Hazel Insurance Group. Category: Verified LinkedIn Company Page,val
2009,Academy Museum of Motion Pictures,https://www.linkedin.com/company/33191985,0,Legitimate,Verified LinkedIn Company Page,,N/A - genuine company page found via user LinkedIn interests/follows,None reported,,,Interests,Academy Museum of Motion Pictures. Category: Verified LinkedIn Company Page,train
2010,NCCU Law OCPD,https://www.linkedin.com/company/28963213,0,Legitimate,Verified LinkedIn Company Page,,N/A - genuine company page found via user LinkedIn interests/follows,None reported,,,Interests,NCCU Law OCPD. Category: Verified LinkedIn Company Page,val
2011,MRA Associates (Now CAPTRUST),https://www.linkedin.com/company/2273535,0,Legitimate,Verified LinkedIn Company Page,,N/A - genuine company page found via user LinkedIn interests/follows,None reported,,,Interests,MRA Associates (Now CAPTRUST). Category: Verified LinkedIn Company Page,train
2012,GoPursue,https://www.linkedin.com/company/78856845,0,Legitimate,Verified LinkedIn Company Page,,N/A - genuine company page found via user LinkedIn interests/follows,None reported,,,Interests,GoPursue. Category: Verified LinkedIn Company Page,train
2013,DisruptHR Nashville,https://www.linkedin.com/company/80087916,0,Legitimate,Verified LinkedIn Company Page,,N/A - genuine company page found via user LinkedIn interests/follows,None reported,,,Interests,DisruptHR Nashville. Category: Verified LinkedIn Company Page,train
2014,Norwalk Community College,https://www.linkedin.com/company/15103821,0,Legitimate,Verified LinkedIn Company Page,,N/A - genuine company page found via user LinkedIn interests/follows,None reported,,,Interests,Norwalk Community College. Category: Verified LinkedIn Company Page,val
2015,KPMG Australia,https://www.linkedin.com/company/2639873,0,Legitimate,Verified LinkedIn Company Page,,N/A - genuine company page found via user LinkedIn interests/follows,None reported,,,Interests,KPMG Australia. Category: Verified LinkedIn Company Page,train
2016,ByteForge DevOps Consulting,,1,Fake_Scam,Shell IT Consultancy,Fabricated DevOps Firm,Offers remote SRE roles; provides malicious Docker image as part of take-home technical test.,Docker container containing crypto-miner and reverse shell.,LinkedIn Job Post -> Docker Hub,Critical,LinkedIn Fake Company Database,ByteForge DevOps Consulting. Category: Shell IT Consultancy. Impersonation target: Fabricated DevOps Firm. Modus operandi: Offers remote SRE roles; provides malicious Docker image as part of take-home technical test.. Red flags: Docker container containing crypto-miner and reverse shell.,train
2017,V&S news,https://www.linkedin.com/company/10398829,0,Legitimate,Verified LinkedIn Company Page,,N/A - genuine company page found via user LinkedIn interests/follows,None reported,,,Interests,V&S news. Category: Verified LinkedIn Company Page,val
2018,Latina Wealth™,https://www.linkedin.com/company/19121511,0,Legitimate,Verified LinkedIn Company Page,,N/A - genuine company page found via user LinkedIn interests/follows,None reported,,,Interests,Latina Wealth™. Category: Verified LinkedIn Company Page,train
2019,Express Masu Chiura,https://www.linkedin.com/company/82287275,0,Legitimate,Verified LinkedIn Company Page,,N/A - genuine company page found via user LinkedIn interests/follows,None reported,,,Interests,Express Masu Chiura. Category: Verified LinkedIn Company Page,test
2020,Syngenta Indonesia,https://www.linkedin.com/company/30201428,0,Legitimate,Verified LinkedIn Company Page,,N/A - genuine company page found via user LinkedIn interests/follows,None reported,,,Interests,Syngenta Indonesia. Category: Verified LinkedIn Company Page,train
2021,"AEye, Inc.",https://www.linkedin.com/company/17899533,0,Legitimate,Verified LinkedIn Company Page,,N/A - genuine company page found via user LinkedIn interests/follows,None reported,,,Interests,"AEye, Inc.. Category: Verified LinkedIn Company Page",train
2022,AUSTRAC,https://www.linkedin.com/company/57802,0,Legitimate,Verified LinkedIn Company Page,,N/A - genuine company page found via user LinkedIn interests/follows,None reported,,,Interests,AUSTRAC. Category: Verified LinkedIn Company Page,train
2023,IIA,https://www.linkedin.com/company/34055,0,Legitimate,Verified LinkedIn Company Page,,N/A - genuine company page found via user LinkedIn interests/follows,None reported,,,Interests,IIA. Category: Verified LinkedIn Company Page,val
2024,The Doctor is In,https://www.linkedin.com/company/10553209,0,Legitimate,Verified LinkedIn Company Page,,N/A - genuine company page found via user LinkedIn interests/follows,None reported,,,Interests,The Doctor is In. Category: Verified LinkedIn Company Page,val
2025,Imagine Staffing Technology,https://www.linkedin.com/company/741968,0,Legitimate,Verified LinkedIn Company Page,,N/A - genuine company page found via user LinkedIn interests/follows,None reported,,,Interests,Imagine Staffing Technology. Category: Verified LinkedIn Company Page,train
2026,ANA AIMM,https://www.linkedin.com/company/18766282,0,Legitimate,Verified LinkedIn Company Page,,N/A - genuine company page found via user LinkedIn interests/follows,None reported,,,Interests,ANA AIMM. Category: Verified LinkedIn Company Page,train
2027,Boeing,https://www.linkedin.com/company/1384,0,Legitimate,Verified LinkedIn Company Page,,N/A - genuine company page found via user LinkedIn interests/follows,None reported,,,Interests,Boeing. Category: Verified LinkedIn Company Page,val
2028,DPI Staffing,https://www.linkedin.com/company/42794467,0,Legitimate,Verified LinkedIn Company Page,,N/A - genuine company page found via user LinkedIn interests/follows,None reported,,,Interests,DPI Staffing. Category: Verified LinkedIn Company Page,train
2029,Fingerprint for Success (F4S),https://www.linkedin.com/company/10686766,0,Legitimate,Verified LinkedIn Company Page,,N/A - genuine company page found via user LinkedIn interests/follows,None reported,,,Interests,Fingerprint for Success (F4S). Category: Verified LinkedIn Company Page,train
2030,Minnesota State University Moorhead,https://www.linkedin.com/company/40896,0,Legitimate,Verified LinkedIn Company Page,,N/A - genuine company page found via user LinkedIn interests/follows,None reported,,,Interests,Minnesota State University Moorhead. Category: Verified LinkedIn Company Page,val
2031,Ames Karanjia LLP,https://www.linkedin.com/company/66680755,0,Legitimate,Verified LinkedIn Company Page,,N/A - genuine company page found via user LinkedIn interests/follows,None reported,,,Interests,Ames Karanjia LLP. Category: Verified LinkedIn Company Page,train
2032,TrueNorth Transcription Services,,1,Fake_Scam,Freelance Work Scam,Fictitious Audio Firm,Assigns heavy transcription volume; requires $50 security deposit to release payout.,Advance-fee fraud; never pays out completed freelance work.,LinkedIn Freelance Ads -> Email,Medium,LinkedIn Fake Company Database,TrueNorth Transcription Services. Category: Freelance Work Scam. Impersonation target: Fictitious Audio Firm. Modus operandi: Assigns heavy transcription volume; requires $50 security deposit to release payout.. Red flags: Advance-fee fraud; never pays out completed freelance work.,train
2033,Kyndryl,https://www.linkedin.com/company/73002693,0,Legitimate,Verified LinkedIn Company Page,,N/A - genuine company page found via user LinkedIn interests/follows,None reported,,,Interests,Kyndryl. Category: Verified LinkedIn Company Page,train
2034,Edoughble,https://www.linkedin.com/company/18200644,0,Legitimate,Verified LinkedIn Company Page,,N/A - genuine company page found via user LinkedIn interests/follows,None reported,,,Interests,Edoughble. Category: Verified LinkedIn Company Page,train
2035,GNA,https://www.linkedin.com/company/645508,0,Legitimate,Verified LinkedIn Company Page,,N/A - genuine company page found via user LinkedIn interests/follows,None reported,,,Interests,GNA. Category: Verified LinkedIn Company Page,test
2036,Tulsea,https://www.linkedin.com/company/9309554,0,Legitimate,Verified LinkedIn Company Page,,N/A - genuine company page found via user LinkedIn interests/follows,None reported,,,Interests,Tulsea. Category: Verified LinkedIn Company Page,train
2037,Modern Baker,https://www.linkedin.com/company/18638161,0,Legitimate,Verified LinkedIn Company Page,,N/A - genuine company page found via user LinkedIn interests/follows,None reported,,,Interests,Modern Baker. Category: Verified LinkedIn Company Page,test
2038,Boys & Girls Club of Hollywood,https://www.linkedin.com/company/3245247,0,Legitimate,Verified LinkedIn Company Page,,N/A - genuine company page found via user LinkedIn interests/follows,None reported,,,Interests,Boys & Girls Club of Hollywood. Category: Verified LinkedIn Company Page,val
2039,DGA - Direction gÃ©nÃ©rale de l'armement,https://www.linkedin.com/company/227489,0,Legitimate,Verified LinkedIn Company Page,,N/A - genuine company page found via user LinkedIn interests/follows,None reported,,,Interests,DGA - Direction gÃ©nÃ©rale de l'armement. Category: Verified LinkedIn Company Page,train
2040,"BreakPoint Labs, LLC",https://www.linkedin.com/company/10284084,0,Legitimate,Verified LinkedIn Company Page,,N/A - genuine company page found via user LinkedIn interests/follows,None reported,,,Interests,"BreakPoint Labs, LLC. Category: Verified LinkedIn Company Page",train
2041,Product School,https://www.linkedin.com/company/3861577,0,Legitimate,Verified LinkedIn Company Page,,N/A - genuine company page found via user LinkedIn interests/follows,None reported,,,Interests,Product School. Category: Verified LinkedIn Company Page,train
2042,"So Cal CPAs, Inc.",https://www.linkedin.com/company/81548740,0,Legitimate,Verified LinkedIn Company Page,,N/A - genuine company page found via user LinkedIn interests/follows,None reported,,,Interests,"So Cal CPAs, Inc.. Category: Verified LinkedIn Company Page",train
2043,Lincoln University,https://www.linkedin.com/company/741924,0,Legitimate,Verified LinkedIn Company Page,,N/A - genuine company page found via user LinkedIn interests/follows,None reported,,,Interests,Lincoln University. Category: Verified LinkedIn Company Page,test
2044,Webex,https://www.linkedin.com/company/3805,0,Legitimate,Verified LinkedIn Company Page,,N/A - genuine company page found via user LinkedIn interests/follows,None reported,,,Interests,Webex. Category: Verified LinkedIn Company Page,val
2045,Java Republic,https://www.linkedin.com/company/2218308,0,Legitimate,Verified LinkedIn Company Page,,N/A - genuine company page found via user LinkedIn interests/follows,None reported,,,Interests,Java Republic. Category: Verified LinkedIn Company Page,train
2046,Amazon Science,https://www.linkedin.com/company/64558211,0,Legitimate,Verified LinkedIn Company Page,,N/A - genuine company page found via user LinkedIn interests/follows,None reported,,,Interests,Amazon Science. Category: Verified LinkedIn Company Page,train
2047,Northern Ireland Bureau (North America),https://www.linkedin.com/company/33181219,0,Legitimate,Verified LinkedIn Company Page,,N/A - genuine company page found via user LinkedIn interests/follows,None reported,,,Interests,Northern Ireland Bureau (North America). Category: Verified LinkedIn Company Page,train
2048,Resilience,https://www.linkedin.com/company/72516576,0,Legitimate,Verified LinkedIn Company Page,,N/A - genuine company page found via user LinkedIn interests/follows,None reported,,,Interests,Resilience. Category: Verified LinkedIn Company Page,train
2049,ALPFA Rutgers New Brunswick,https://www.linkedin.com/company/11491166,0,Legitimate,Verified LinkedIn Company Page,,N/A - genuine company page found via user LinkedIn interests/follows,None reported,,,Interests,ALPFA Rutgers New Brunswick. Category: Verified LinkedIn Company Page,train
2050,Rougeneuron Software Academy,https://www.linkedin.com/company/81607970,0,Legitimate,Verified LinkedIn Company Page,,N/A - genuine company page found via user LinkedIn interests/follows,None reported,,,Interests,Rougeneuron Software Academy. Category: Verified LinkedIn Company Page,val
2051,Hispanic Association of Colleges and Universities (HACU),https://www.linkedin.com/company/74552,0,Legitimate,Verified LinkedIn Company Page,,N/A - genuine company page found via user LinkedIn interests/follows,None reported,,,Interests,Hispanic Association of Colleges and Universities (HACU). Category: Verified LinkedIn Company Page,train
2052,Boost VC,https://www.linkedin.com/company/2774838,0,Legitimate,Verified LinkedIn Company Page,,N/A - genuine company page found via user LinkedIn interests/follows,None reported,,,Interests,Boost VC. Category: Verified LinkedIn Company Page,train
2053,Chaos Controlled Transactions,https://www.linkedin.com/company/64514471,0,Legitimate,Verified LinkedIn Company Page,,N/A - genuine company page found via user LinkedIn interests/follows,None reported,,,Interests,Chaos Controlled Transactions. Category: Verified LinkedIn Company Page,train
2054,ROSHN l روشن,https://www.linkedin.com/company/30741333,0,Legitimate,Verified LinkedIn Company Page,,N/A - genuine company page found via user LinkedIn interests/follows,None reported,,,Interests,ROSHN l روشن. Category: Verified LinkedIn Company Page,train
2055,"Emily Harman Coaching and Consulting, LLC",https://www.linkedin.com/company/64645619,0,Legitimate,Verified LinkedIn Company Page,,N/A - genuine company page found via user LinkedIn interests/follows,None reported,,,Interests,"Emily Harman Coaching and Consulting, LLC. Category: Verified LinkedIn Company Page",train
2056,UpToDate,https://www.linkedin.com/company/21924,0,Legitimate,Verified LinkedIn Company Page,,N/A - genuine company page found via user LinkedIn interests/follows,None reported,,,Interests,UpToDate. Category: Verified LinkedIn Company Page,train
2057,vivo,https://www.linkedin.com/company/9219846,0,Legitimate,Verified LinkedIn Company Page,,N/A - genuine company page found via user LinkedIn interests/follows,None reported,,,Interests,vivo. Category: Verified LinkedIn Company Page,train
2058,Opportunity Network,https://www.linkedin.com/company/5306128,0,Legitimate,Verified LinkedIn Company Page,,N/A - genuine company page found via user LinkedIn interests/follows,None reported,,,Interests,Opportunity Network. Category: Verified LinkedIn Company Page,test
2059,Milliman,https://www.linkedin.com/company/8019,0,Legitimate,Verified LinkedIn Company Page,,N/A - genuine company page found via user LinkedIn interests/follows,None reported,,,Interests,Milliman. Category: Verified LinkedIn Company Page,val
2060,Xiamen University,https://www.linkedin.com/company/1101810,0,Legitimate,Verified LinkedIn Company Page,,N/A - genuine company page found via user LinkedIn interests/follows,None reported,,,Interests,Xiamen University. Category: Verified LinkedIn Company Page,train
2061,Normandin Beaudry,https://www.linkedin.com/company/64647,0,Legitimate,Verified LinkedIn Company Page,,N/A - genuine company page found via user LinkedIn interests/follows,None reported,,,Interests,Normandin Beaudry. Category: Verified LinkedIn Company Page,train
2062,M Group Executive Search,https://www.linkedin.com/company/19081639,0,Legitimate,Verified LinkedIn Company Page,,N/A - genuine company page found via user LinkedIn interests/follows,None reported,,,Interests,M Group Executive Search. Category: Verified LinkedIn Company Page,train
2063,Solomon Codes,https://www.linkedin.com/company/76503223,0,Legitimate,Verified LinkedIn Company Page,,N/A - genuine company page found via user LinkedIn interests/follows,None reported,,,Interests,Solomon Codes. Category: Verified LinkedIn Company Page,train
2064,MakeMyTrip,https://www.linkedin.com/company/35113,0,Legitimate,Verified LinkedIn Company Page,,N/A - genuine company page found via user LinkedIn interests/follows,None reported,,,Interests,MakeMyTrip. Category: Verified LinkedIn Company Page,train
2065,The University of British Columbia,https://www.linkedin.com/company/4373,0,Legitimate,Verified LinkedIn Company Page,,N/A - genuine company page found via user LinkedIn interests/follows,None reported,,,Interests,The University of British Columbia. Category: Verified LinkedIn Company Page,train
2066,Details by Margaret,https://www.linkedin.com/company/1172501,0,Legitimate,Verified LinkedIn Company Page,,N/A - genuine company page found via user LinkedIn interests/follows,None reported,,,Interests,Details by Margaret. Category: Verified LinkedIn Company Page,train
2067,TRIBE by ADAPTOVATE,https://www.linkedin.com/company/31474685,0,Legitimate,Verified LinkedIn Company Page,,N/A - genuine company page found via user LinkedIn interests/follows,None reported,,,Interests,TRIBE by ADAPTOVATE. Category: Verified LinkedIn Company Page,train
2068,Vanguard Magazine Canada,https://www.linkedin.com/company/25009637,0,Legitimate,Verified LinkedIn Company Page,,N/A - genuine company page found via user LinkedIn interests/follows,None reported,,,Interests,Vanguard Magazine Canada. Category: Verified LinkedIn Company Page,train
2069,SBS CORP,https://www.linkedin.com/company/2185454,0,Legitimate,Verified LinkedIn Company Page,,N/A - genuine company page found via user LinkedIn interests/follows,None reported,,,Interests,SBS CORP. Category: Verified LinkedIn Company Page,train
2070,Roche Diagnostics Remote Care,,1,Fake_Scam,Enterprise Impersonation,F. Hoffmann-La Roche,Sends rapid job offer for administrative support; asks for full bank statement for payroll setup.,Bank account scraping and identity fraud.,LinkedIn Job Ad -> Formstack,High,LinkedIn Fake Company Database,Roche Diagnostics Remote Care. Category: Enterprise Impersonation. Impersonation target: F. Hoffmann-La Roche. Modus operandi: Sends rapid job offer for administrative support; asks for full bank statement for payroll setup.. Red flags: Bank account scraping and identity fraud.,train
2071,PharmD Live,https://www.linkedin.com/company/11280224,0,Legitimate,Verified LinkedIn Company Page,,N/A - genuine company page found via user LinkedIn interests/follows,None reported,,,Interests,PharmD Live. Category: Verified LinkedIn Company Page,train
2072,Health Insurance Choices,https://www.linkedin.com/company/5837496,0,Legitimate,Verified LinkedIn Company Page,,N/A - genuine company page found via user LinkedIn interests/follows,None reported,,,Interests,Health Insurance Choices. Category: Verified LinkedIn Company Page,train
2073,kewalcare,https://www.linkedin.com/company/79407985,0,Legitimate,Verified LinkedIn Company Page,,N/A - genuine company page found via user LinkedIn interests/follows,None reported,,,Interests,kewalcare. Category: Verified LinkedIn Company Page,test
2074,成都市联余精密机械有限公司,https://www.linkedin.com/company/31862294,0,Legitimate,Verified LinkedIn Company Page,,N/A - genuine company page found via user LinkedIn interests/follows,None reported,,,Interests,成都市联余精密机械有限公司. Category: Verified LinkedIn Company Page,val
2075,黑龙江青骄网络科技有限公司,https://www.linkedin.com/company/32093670,0,Legitimate,Verified LinkedIn Company Page,,N/A - genuine company page found via user LinkedIn interests/follows,None reported,,,Interests,黑龙江青骄网络科技有限公司. Category: Verified LinkedIn Company Page,train
2076,Apex Editing & Publishing House,,1,Fake_Scam,Freelance Work Scam,Fictitious Publishing Agency,Offers proofreading work; sends counterfeit cashier's check to buy office equipment from 'approved vendor'.,Fake check overpayment scam; candidate is asked to wire excess back.,LinkedIn Freelance Posts -> Gmail,High,LinkedIn Fake Company Database,Apex Editing & Publishing House. Category: Freelance Work Scam. Impersonation target: Fictitious Publishing Agency. Modus operandi: Offers proofreading work; sends counterfeit cashier's check to buy office equipment from 'approved vendor'.. Red flags: Fake check overpayment scam; candidate is asked to wire excess back.,train
2077,"The Collaborative Firm, LLC",https://www.linkedin.com/company/2119517,0,Legitimate,Verified LinkedIn Company Page,,N/A - genuine company page found via user LinkedIn interests/follows,None reported,,,Interests,"The Collaborative Firm, LLC. Category: Verified LinkedIn Company Page",train
2078,The Global Game Jam,https://www.linkedin.com/company/2091470,0,Legitimate,Verified LinkedIn Company Page,,N/A - genuine company page found via user LinkedIn interests/follows,None reported,,,Interests,The Global Game Jam. Category: Verified LinkedIn Company Page,train
2079,Untapped Ventures,https://www.linkedin.com/company/19206921,0,Legitimate,Verified LinkedIn Company Page,,N/A - genuine company page found via user LinkedIn interests/follows,None reported,,,Interests,Untapped Ventures. Category: Verified LinkedIn Company Page,train
2080,Cremation Association of North America,https://www.linkedin.com/company/6876865,0,Legitimate,Verified LinkedIn Company Page,,N/A - genuine company page found via user LinkedIn interests/follows,None reported,,,Interests,Cremation Association of North America. Category: Verified LinkedIn Company Page,train
2081,Hampton University,https://www.linkedin.com/company/21341,0,Legitimate,Verified LinkedIn Company Page,,N/A - genuine company page found via user LinkedIn interests/follows,None reported,,,Interests,Hampton University. Category: Verified LinkedIn Company Page,train
2082,Football Benchmark,https://www.linkedin.com/company/9481761,0,Legitimate,Verified LinkedIn Company Page,,N/A - genuine company page found via user LinkedIn interests/follows,None reported,,,Interests,Football Benchmark. Category: Verified LinkedIn Company Page,train
2083,ITONICS - The Innovation OS,https://www.linkedin.com/company/1570039,0,Legitimate,Verified LinkedIn Company Page,,N/A - genuine company page found via user LinkedIn interests/follows,None reported,,,Interests,ITONICS - The Innovation OS. Category: Verified LinkedIn Company Page,val
2084,Entech,https://www.linkedin.com/company/901502,0,Legitimate,Verified LinkedIn Company Page,,N/A - genuine company page found via user LinkedIn interests/follows,None reported,,,Interests,Entech. Category: Verified LinkedIn Company Page,test
2085,She Loves,https://www.linkedin.com/company/2823826,0,Legitimate,Verified LinkedIn Company Page,,N/A - genuine company page found via user LinkedIn interests/follows,None reported,,,Interests,She Loves. Category: Verified LinkedIn Company Page,train
2086,National Renewable Energy Laboratory,https://www.linkedin.com/company/11311,0,Legitimate,Verified LinkedIn Company Page,,N/A - genuine company page found via user LinkedIn interests/follows,None reported,,,Interests,National Renewable Energy Laboratory. Category: Verified LinkedIn Company Page,test
2087,Abasyn University,https://www.linkedin.com/company/2789060,0,Legitimate,Verified LinkedIn Company Page,,N/A - genuine company page found via user LinkedIn interests/follows,None reported,,,Interests,Abasyn University. Category: Verified LinkedIn Company Page,test
2088,维也纳国际酒店,https://www.linkedin.com/company/14412703,0,Legitimate,Verified LinkedIn Company Page,,N/A - genuine company page found via user LinkedIn interests/follows,None reported,,,Interests,维也纳国际酒店. Category: Verified LinkedIn Company Page,train
2089,"PRECISION BARRELS, LLC",https://www.linkedin.com/company/59974124,0,Legitimate,Verified LinkedIn Company Page,,N/A - genuine company page found via user LinkedIn interests/follows,None reported,,,Interests,"PRECISION BARRELS, LLC. Category: Verified LinkedIn Company Page",val
2090,The Aust Group,https://www.linkedin.com/company/11735203,0,Legitimate,Verified LinkedIn Company Page,,N/A - genuine company page found via user LinkedIn interests/follows,None reported,,,Interests,The Aust Group. Category: Verified LinkedIn Company Page,train
2091,淄博大工机械有限公司,https://www.linkedin.com/company/32235258,0,Legitimate,Verified LinkedIn Company Page,,N/A - genuine company page found via user LinkedIn interests/follows,None reported,,,Interests,淄博大工机械有限公司. Category: Verified LinkedIn Company Page,test
2092,Cervello,https://www.linkedin.com/company/594392,0,Legitimate,Verified LinkedIn Company Page,,N/A - genuine company page found via user LinkedIn interests/follows,None reported,,,Interests,Cervello. Category: Verified LinkedIn Company Page,train
2093,University of Iowa,https://www.linkedin.com/company/5258,0,Legitimate,Verified LinkedIn Company Page,,N/A - genuine company page found via user LinkedIn interests/follows,None reported,,,Interests,University of Iowa. Category: Verified LinkedIn Company Page,train
2094,Maven Recruiting Group,https://www.linkedin.com/company/931923,0,Legitimate,Verified LinkedIn Company Page,,N/A - genuine company page found via user LinkedIn interests/follows,None reported,,,Interests,Maven Recruiting Group. Category: Verified LinkedIn Company Page,train
2095,Glasgow Financial Alliance for Net Zero (GFANZ),https://www.linkedin.com/company/76095593,0,Legitimate,Verified LinkedIn Company Page,,N/A - genuine company page found via user LinkedIn interests/follows,None reported,,,Interests,Glasgow Financial Alliance for Net Zero (GFANZ). Category: Verified LinkedIn Company Page,train
2096,Consilat,https://www.linkedin.com/company/13239613,0,Legitimate,Verified LinkedIn Company Page,,N/A - genuine company page found via user LinkedIn interests/follows,None reported,,,Interests,Consilat. Category: Verified LinkedIn Company Page,test
2097,Covanta,https://www.linkedin.com/company/17233,0,Legitimate,Verified LinkedIn Company Page,,N/A - genuine company page found via user LinkedIn interests/follows,None reported,,,Interests,Covanta. Category: Verified LinkedIn Company Page,test
2098,Alissar Flowers International,https://www.linkedin.com/company/2357534,0,Legitimate,Verified LinkedIn Company Page,,N/A - genuine company page found via user LinkedIn interests/follows,None reported,,,Interests,Alissar Flowers International. Category: Verified LinkedIn Company Page,train
2099,COAA (Construction Owners Association of America),https://www.linkedin.com/company/774208,0,Legitimate,Verified LinkedIn Company Page,,N/A - genuine company page found via user LinkedIn interests/follows,None reported,,,Interests,COAA (Construction Owners Association of America). Category: Verified LinkedIn Company Page,train
2100,Wyn-Win Communications,https://www.linkedin.com/company/72077727,0,Legitimate,Verified LinkedIn Company Page,,N/A - genuine company page found via user LinkedIn interests/follows,None reported,,,Interests,Wyn-Win Communications. Category: Verified LinkedIn Company Page,train
2101,Network Recruitment,https://www.linkedin.com/company/76713,0,Legitimate,Verified LinkedIn Company Page,,N/A - genuine company page found via user LinkedIn interests/follows,None reported,,,Interests,Network Recruitment. Category: Verified LinkedIn Company Page,val
2102,Houston Texans Luxe,https://www.linkedin.com/company/35590230,0,Legitimate,Verified LinkedIn Company Page,,N/A - genuine company page found via user LinkedIn interests/follows,None reported,,,Interests,Houston Texans Luxe. Category: Verified LinkedIn Company Page,test
2103,Co–Star,https://www.linkedin.com/company/27060160,0,Legitimate,Verified LinkedIn Company Page,,N/A - genuine company page found via user LinkedIn interests/follows,None reported,,,Interests,Co–Star. Category: Verified LinkedIn Company Page,val
2104,Will It Make The Boat Go Faster?,https://www.linkedin.com/company/2789213,0,Legitimate,Verified LinkedIn Company Page,,N/A - genuine company page found via user LinkedIn interests/follows,None reported,,,Interests,Will It Make The Boat Go Faster?. Category: Verified LinkedIn Company Page,train
2105,Integrated Facility Management - IFM,https://www.linkedin.com/company/74498043,0,Legitimate,Verified LinkedIn Company Page,,N/A - genuine company page found via user LinkedIn interests/follows,None reported,,,Interests,Integrated Facility Management - IFM. Category: Verified LinkedIn Company Page,test
2106,NCompass International,https://www.linkedin.com/company/92781,0,Legitimate,Verified LinkedIn Company Page,,N/A - genuine company page found via user LinkedIn interests/follows,None reported,,,Interests,NCompass International. Category: Verified LinkedIn Company Page,test
2107,University College Cork,https://www.linkedin.com/company/8798,0,Legitimate,Verified LinkedIn Company Page,,N/A - genuine company page found via user LinkedIn interests/follows,None reported,,,Interests,University College Cork. Category: Verified LinkedIn Company Page,train
2108,The Change Decision,https://www.linkedin.com/company/11140362,0,Legitimate,Verified LinkedIn Company Page,,N/A - genuine company page found via user LinkedIn interests/follows,None reported,,,Interests,The Change Decision. Category: Verified LinkedIn Company Page,train
2109,Ottawa Newcomer Entrepreneurs Hub,https://www.linkedin.com/company/68918885,0,Legitimate,Verified LinkedIn Company Page,,N/A - genuine company page found via user LinkedIn interests/follows,None reported,,,Interests,Ottawa Newcomer Entrepreneurs Hub. Category: Verified LinkedIn Company Page,train
2110,TACER İNŞAAT TİCARET ve SANAYİ A.Ş,https://www.linkedin.com/company/9342050,0,Legitimate,Verified LinkedIn Company Page,,N/A - genuine company page found via user LinkedIn interests/follows,None reported,,,Interests,TACER İNŞAAT TİCARET ve SANAYİ A.Ş. Category: Verified LinkedIn Company Page,train
2111,Aisle Think,https://www.linkedin.com/company/746359,0,Legitimate,Verified LinkedIn Company Page,,N/A - genuine company page found via user LinkedIn interests/follows,None reported,,,Interests,Aisle Think. Category: Verified LinkedIn Company Page,train
2112,"K.L. Scott & Associates, LLC.",https://www.linkedin.com/company/11432875,0,Legitimate,Verified LinkedIn Company Page,,N/A - genuine company page found via user LinkedIn interests/follows,None reported,,,Interests,"K.L. Scott & Associates, LLC.. Category: Verified LinkedIn Company Page",train
2113,Collective #MediaTech Incubator,https://www.linkedin.com/company/40666069,0,Legitimate,Verified LinkedIn Company Page,,N/A - genuine company page found via user LinkedIn interests/follows,None reported,,,Interests,Collective #MediaTech Incubator. Category: Verified LinkedIn Company Page,train
2114,BitSafe Security Labs,,1,Fake_Scam,Shell IT Consultancy,Fabricated Software Firm,Recruits remote Rust/C++ developers; sends malicious dependency repository on GitHub.,Supply chain malware (typosquatted dependency containing Trojan).,LinkedIn Message -> GitHub,Critical,LinkedIn Fake Company Database,BitSafe Security Labs. Category: Shell IT Consultancy. Impersonation target: Fabricated Software Firm. Modus operandi: Recruits remote Rust/C++ developers; sends malicious dependency repository on GitHub.. Red flags: Supply chain malware (typosquatted dependency containing Trojan).,train
2115,领英资讯,https://www.linkedin.com/company/64873257,0,Legitimate,Verified LinkedIn Company Page,,N/A - genuine company page found via user LinkedIn interests/follows,None reported,,,Interests,领英资讯. Category: Verified LinkedIn Company Page,train
2116,Black Women Empowered Incorporated,https://www.linkedin.com/company/11840110,0,Legitimate,Verified LinkedIn Company Page,,N/A - genuine company page found via user LinkedIn interests/follows,None reported,,,Interests,Black Women Empowered Incorporated. Category: Verified LinkedIn Company Page,train
2117,"Center for Equity, Gender, and Leadership",https://www.linkedin.com/company/19095506,0,Legitimate,Verified LinkedIn Company Page,,N/A - genuine company page found via user LinkedIn interests/follows,None reported,,,Interests,"Center for Equity, Gender, and Leadership. Category: Verified LinkedIn Company Page",train
2118,CNote,https://www.linkedin.com/company/10872158,0,Legitimate,Verified LinkedIn Company Page,,N/A - genuine company page found via user LinkedIn interests/follows,None reported,,,Interests,CNote. Category: Verified LinkedIn Company Page,test
2119,startups.watch,https://www.linkedin.com/company/10110512,0,Legitimate,Verified LinkedIn Company Page,,N/A - genuine company page found via user LinkedIn interests/follows,None reported,,,Interests,startups.watch. Category: Verified LinkedIn Company Page,train
2120,Capital One,https://www.linkedin.com/company/1419,0,Legitimate,Verified LinkedIn Company Page,,N/A - genuine company page found via user LinkedIn interests/follows,None reported,,,Interests,Capital One. Category: Verified LinkedIn Company Page,train
2121,MusicCareers,https://www.linkedin.com/company/71316331,0,Legitimate,Verified LinkedIn Company Page,,N/A - genuine company page found via user LinkedIn interests/follows,None reported,,,Interests,MusicCareers. Category: Verified LinkedIn Company Page,train
2122,BCG on Operations,https://www.linkedin.com/company/18859878,0,Legitimate,Verified LinkedIn Company Page,,N/A - genuine company page found via user LinkedIn interests/follows,None reported,,,Interests,BCG on Operations. Category: Verified LinkedIn Company Page,train
2123,TotalEnergies,https://www.linkedin.com/company/1818,0,Legitimate,Verified LinkedIn Company Page,,N/A - genuine company page found via user LinkedIn interests/follows,None reported,,,Interests,TotalEnergies. Category: Verified LinkedIn Company Page,train
2124,Howard University School of Business,https://www.linkedin.com/company/5383859,0,Legitimate,Verified LinkedIn Company Page,,N/A - genuine company page found via user LinkedIn interests/follows,None reported,,,Interests,Howard University School of Business. Category: Verified LinkedIn Company Page,train
2125,Monsanto Company,https://www.linkedin.com/company/3422,0,Legitimate,Verified LinkedIn Company Page,,N/A - genuine company page found via user LinkedIn interests/follows,None reported,,,Interests,Monsanto Company. Category: Verified LinkedIn Company Page,train
2126,Balchem Corporation,https://www.linkedin.com/company/250671,0,Legitimate,Verified LinkedIn Company Page,,N/A - genuine company page found via user LinkedIn interests/follows,None reported,,,Interests,Balchem Corporation. Category: Verified LinkedIn Company Page,test
2127,"FireEye, Inc.",https://www.linkedin.com/company/44195,0,Legitimate,Verified LinkedIn Company Page,,N/A - genuine company page found via user LinkedIn interests/follows,None reported,,,Interests,"FireEye, Inc.. Category: Verified LinkedIn Company Page",train
2128,LinkedIn,https://www.linkedin.com/company/1337,0,Legitimate,Verified LinkedIn Company Page,,N/A - genuine company page found via user LinkedIn interests/follows,None reported,,,Interests,LinkedIn. Category: Verified LinkedIn Company Page,val
2129,"Cohu, Inc.",https://www.linkedin.com/company/141722,0,Legitimate,Verified LinkedIn Company Page,,N/A - genuine company page found via user LinkedIn interests/follows,None reported,,,Interests,"Cohu, Inc.. Category: Verified LinkedIn Company Page",train
2130,辽宁省机械研究院有限公司,https://www.linkedin.com/company/12925922,0,Legitimate,Verified LinkedIn Company Page,,N/A - genuine company page found via user LinkedIn interests/follows,None reported,,,Interests,辽宁省机械研究院有限公司. Category: Verified LinkedIn Company Page,train
2131,Coverys,https://www.linkedin.com/company/3042905,0,Legitimate,Verified LinkedIn Company Page,,N/A - genuine company page found via user LinkedIn interests/follows,None reported,,,Interests,Coverys. Category: Verified LinkedIn Company Page,val
2132,National Sales Network (NSN) Dallas/Fort Worth,https://www.linkedin.com/company/15327583,0,Legitimate,Verified LinkedIn Company Page,,N/A - genuine company page found via user LinkedIn interests/follows,None reported,,,Interests,National Sales Network (NSN) Dallas/Fort Worth. Category: Verified LinkedIn Company Page,train
2133,RI,https://www.linkedin.com/company/9285592,0,Legitimate,Verified LinkedIn Company Page,,N/A - genuine company page found via user LinkedIn interests/follows,None reported,,,Interests,RI. Category: Verified LinkedIn Company Page,train
2134,IBM Quantum,https://www.linkedin.com/company/85353799,0,Legitimate,Verified LinkedIn Company Page,,N/A - genuine company page found via user LinkedIn interests/follows,None reported,,,Interests,IBM Quantum. Category: Verified LinkedIn Company Page,train
2135,Cricket Wireless,https://www.linkedin.com/company/5780,0,Legitimate,Verified LinkedIn Company Page,,N/A - genuine company page found via user LinkedIn interests/follows,None reported,,,Interests,Cricket Wireless. Category: Verified LinkedIn Company Page,train
2136,City of Mountain View,https://www.linkedin.com/company/163082,0,Legitimate,Verified LinkedIn Company Page,,N/A - genuine company page found via user LinkedIn interests/follows,None reported,,,Interests,City of Mountain View. Category: Verified LinkedIn Company Page,train
2137,"SodaStream International, Ltd.",https://www.linkedin.com/company/1000151,0,Legitimate,Verified LinkedIn Company Page,,N/A - genuine company page found via user LinkedIn interests/follows,None reported,,,Interests,"SodaStream International, Ltd.. Category: Verified LinkedIn Company Page",val
2138,LinkedIn News Australia,https://www.linkedin.com/company/64873241,0,Legitimate,Verified LinkedIn Company Page,,N/A - genuine company page found via user LinkedIn interests/follows,None reported,,,Interests,LinkedIn News Australia. Category: Verified LinkedIn Company Page,train
2139,Request For Meeting,https://www.linkedin.com/company/86714541,0,Legitimate,Verified LinkedIn Company Page,,N/A - genuine company page found via user LinkedIn interests/follows,None reported,,,Interests,Request For Meeting. Category: Verified LinkedIn Company Page,train
2140,Fresher Jobs,https://www.linkedin.com/company/13356233,0,Legitimate,Verified LinkedIn Company Page,,N/A - genuine company page found via user LinkedIn interests/follows,None reported,,,Interests,Fresher Jobs. Category: Verified LinkedIn Company Page,test
2141,Údarás na Gaeltachta,https://www.linkedin.com/company/537442,0,Legitimate,Verified LinkedIn Company Page,,N/A - genuine company page found via user LinkedIn interests/follows,None reported,,,Interests,Údarás na Gaeltachta. Category: Verified LinkedIn Company Page,train
2142,Atlantix Partners,https://www.linkedin.com/company/9443085,0,Legitimate,Verified LinkedIn Company Page,,N/A - genuine company page found via user LinkedIn interests/follows,None reported,,,Interests,Atlantix Partners. Category: Verified LinkedIn Company Page,train
2143,Chemical Search International,https://www.linkedin.com/company/244006,0,Legitimate,Verified LinkedIn Company Page,,N/A - genuine company page found via user LinkedIn interests/follows,None reported,,,Interests,Chemical Search International. Category: Verified LinkedIn Company Page,train
2144,Carbice,https://www.linkedin.com/company/10526584,0,Legitimate,Verified LinkedIn Company Page,,N/A - genuine company page found via user LinkedIn interests/follows,None reported,,,Interests,Carbice. Category: Verified LinkedIn Company Page,train
2145,CEN - Center for Excellence in Nonprofits,https://www.linkedin.com/company/3558762,0,Legitimate,Verified LinkedIn Company Page,,N/A - genuine company page found via user LinkedIn interests/follows,None reported,,,Interests,CEN - Center for Excellence in Nonprofits. Category: Verified LinkedIn Company Page,train
2146,Central New Mexico Community College,https://www.linkedin.com/company/18603,0,Legitimate,Verified LinkedIn Company Page,,N/A - genuine company page found via user LinkedIn interests/follows,None reported,,,Interests,Central New Mexico Community College. Category: Verified LinkedIn Company Page,train
2147,Remotasks,https://www.linkedin.com/company/18981038,0,Legitimate,Verified LinkedIn Company Page,,N/A - genuine company page found via user LinkedIn interests/follows,None reported,,,Interests,Remotasks. Category: Verified LinkedIn Company Page,test
2148,Novelis,https://www.linkedin.com/company/9487,0,Legitimate,Verified LinkedIn Company Page,,N/A - genuine company page found via user LinkedIn interests/follows,None reported,,,Interests,Novelis. Category: Verified LinkedIn Company Page,train
2149,S'well,https://www.linkedin.com/company/1953591,0,Legitimate,Verified LinkedIn Company Page,,N/A - genuine company page found via user LinkedIn interests/follows,None reported,,,Interests,S'well. Category: Verified LinkedIn Company Page,train
2150,atai Life Sciences,https://www.linkedin.com/company/11743769,0,Legitimate,Verified LinkedIn Company Page,,N/A - genuine company page found via user LinkedIn interests/follows,None reported,,,Interests,atai Life Sciences. Category: Verified LinkedIn Company Page,train
2151,Luis Costa – Coach • Mentor • Facilitator,https://www.linkedin.com/company/10997714,0,Legitimate,Verified LinkedIn Company Page,,N/A - genuine company page found via user LinkedIn interests/follows,None reported,,,Interests,Luis Costa – Coach • Mentor • Facilitator. Category: Verified LinkedIn Company Page,train
2152,ABCD School,https://www.linkedin.com/company/26673425,0,Legitimate,Verified LinkedIn Company Page,,N/A - genuine company page found via user LinkedIn interests/follows,None reported,,,Interests,ABCD School. Category: Verified LinkedIn Company Page,val
2153,Barclays UK,https://www.linkedin.com/company/2623994,0,Legitimate,Verified LinkedIn Company Page,,N/A - genuine company page found via user LinkedIn interests/follows,None reported,,,Interests,Barclays UK. Category: Verified LinkedIn Company Page,val
2154,"MS Pen Technologies, Inc.",https://www.linkedin.com/company/68264305,0,Legitimate,Verified LinkedIn Company Page,,N/A - genuine company page found via user LinkedIn interests/follows,None reported,,,Interests,"MS Pen Technologies, Inc.. Category: Verified LinkedIn Company Page",train
2155,Girls on the Run New Hampshire,https://www.linkedin.com/company/64521057,0,Legitimate,Verified LinkedIn Company Page,,N/A - genuine company page found via user LinkedIn interests/follows,None reported,,,Interests,Girls on the Run New Hampshire. Category: Verified LinkedIn Company Page,train
2156,TSMC,https://www.linkedin.com/company/8869,0,Legitimate,Verified LinkedIn Company Page,,N/A - genuine company page found via user LinkedIn interests/follows,None reported,,,Interests,TSMC. Category: Verified LinkedIn Company Page,train
2157,ClassBoxes Technologies,https://www.linkedin.com/company/72236614,0,Legitimate,Verified LinkedIn Company Page,,N/A - genuine company page found via user LinkedIn interests/follows,None reported,,,Interests,ClassBoxes Technologies. Category: Verified LinkedIn Company Page,test
2158,Society for Information Management,https://www.linkedin.com/company/406881,0,Legitimate,Verified LinkedIn Company Page,,N/A - genuine company page found via user LinkedIn interests/follows,None reported,,,Interests,Society for Information Management. Category: Verified LinkedIn Company Page,train
2159,"Keller Williams Realty, Inc.",https://www.linkedin.com/company/2224,0,Legitimate,Verified LinkedIn Company Page,,N/A - genuine company page found via user LinkedIn interests/follows,None reported,,,Interests,"Keller Williams Realty, Inc.. Category: Verified LinkedIn Company Page",train
2160,To Be Srl,https://www.linkedin.com/company/11276543,0,Legitimate,Verified LinkedIn Company Page,,N/A - genuine company page found via user LinkedIn interests/follows,None reported,,,Interests,To Be Srl. Category: Verified LinkedIn Company Page,val
2161,ABC News,https://www.linkedin.com/company/3907,0,Legitimate,Verified LinkedIn Company Page,,N/A - genuine company page found via user LinkedIn interests/follows,None reported,,,Interests,ABC News. Category: Verified LinkedIn Company Page,test
2162,CTV News,https://www.linkedin.com/company/3579435,0,Legitimate,Verified LinkedIn Company Page,,N/A - genuine company page found via user LinkedIn interests/follows,None reported,,,Interests,CTV News. Category: Verified LinkedIn Company Page,train
2163,HP India Sales Pvt Ltd,https://www.linkedin.com/company/1677976,0,Legitimate,Verified LinkedIn Company Page,,N/A - genuine company page found via user LinkedIn interests/follows,None reported,,,Interests,HP India Sales Pvt Ltd. Category: Verified LinkedIn Company Page,train
2164,Payscale,https://www.linkedin.com/company/47199,0,Legitimate,Verified LinkedIn Company Page,,N/A - genuine company page found via user LinkedIn interests/follows,None reported,,,Interests,Payscale. Category: Verified LinkedIn Company Page,train
2165,theii.com,https://www.linkedin.com/company/42929570,0,Legitimate,Verified LinkedIn Company Page,,N/A - genuine company page found via user LinkedIn interests/follows,None reported,,,Interests,theii.com. Category: Verified LinkedIn Company Page,train
2166,Canadian Global Health Students and Young Professionals Summit (GHSYPS),https://www.linkedin.com/company/11349159,0,Legitimate,Verified LinkedIn Company Page,,N/A - genuine company page found via user LinkedIn interests/follows,None reported,,,Interests,Canadian Global Health Students and Young Professionals Summit (GHSYPS). Category: Verified LinkedIn Company Page,val
2167,Fox Restaurant Concepts,https://www.linkedin.com/company/68747,0,Legitimate,Verified LinkedIn Company Page,,N/A - genuine company page found via user LinkedIn interests/follows,None reported,,,Interests,Fox Restaurant Concepts. Category: Verified LinkedIn Company Page,test
2168,UNIVERSAL ORLANDO FOUNDATION INC,https://www.linkedin.com/company/59131689,0,Legitimate,Verified LinkedIn Company Page,,N/A - genuine company page found via user LinkedIn interests/follows,None reported,,,Interests,UNIVERSAL ORLANDO FOUNDATION INC. Category: Verified LinkedIn Company Page,train
2169,Mizuno USA,https://www.linkedin.com/company/266020,0,Legitimate,Verified LinkedIn Company Page,,N/A - genuine company page found via user LinkedIn interests/follows,None reported,,,Interests,Mizuno USA. Category: Verified LinkedIn Company Page,train
2170,UAMS - University of Arkansas for Medical Sciences,https://www.linkedin.com/company/11250,0,Legitimate,Verified LinkedIn Company Page,,N/A - genuine company page found via user LinkedIn interests/follows,None reported,,,Interests,UAMS - University of Arkansas for Medical Sciences. Category: Verified LinkedIn Company Page,train
2171,Laboratory for Artistic Intelligence,https://www.linkedin.com/company/51683456,0,Legitimate,Verified LinkedIn Company Page,,N/A - genuine company page found via user LinkedIn interests/follows,None reported,,,Interests,Laboratory for Artistic Intelligence. Category: Verified LinkedIn Company Page,train
2172,Slicedbread,https://www.linkedin.com/company/9237950,0,Legitimate,Verified LinkedIn Company Page,,N/A - genuine company page found via user LinkedIn interests/follows,None reported,,,Interests,Slicedbread. Category: Verified LinkedIn Company Page,train
2173,Elastic,https://www.linkedin.com/company/814025,0,Legitimate,Verified LinkedIn Company Page,,N/A - genuine company page found via user LinkedIn interests/follows,None reported,,,Interests,Elastic. Category: Verified LinkedIn Company Page,val
2174,The Brand Factory,https://www.linkedin.com/company/85688,0,Legitimate,Verified LinkedIn Company Page,,N/A - genuine company page found via user LinkedIn interests/follows,None reported,,,Interests,The Brand Factory. Category: Verified LinkedIn Company Page,train
2175,80Twenty,https://www.linkedin.com/company/2901787,0,Legitimate,Verified LinkedIn Company Page,,N/A - genuine company page found via user LinkedIn interests/follows,None reported,,,Interests,80Twenty. Category: Verified LinkedIn Company Page,train
2176,Gonzaga University,https://www.linkedin.com/company/14646,0,Legitimate,Verified LinkedIn Company Page,,N/A - genuine company page found via user LinkedIn interests/follows,None reported,,,Interests,Gonzaga University. Category: Verified LinkedIn Company Page,train
2177,DSD,https://www.linkedin.com/company/34948464,0,Legitimate,Verified LinkedIn Company Page,,N/A - genuine company page found via user LinkedIn interests/follows,None reported,,,Interests,DSD. Category: Verified LinkedIn Company Page,train
2178,Tata Coffee,https://www.linkedin.com/company/407539,0,Legitimate,Verified LinkedIn Company Page,,N/A - genuine company page found via user LinkedIn interests/follows,None reported,,,Interests,Tata Coffee. Category: Verified LinkedIn Company Page,test
2179,OmnicomMediaGroup USA,https://www.linkedin.com/company/2378484,0,Legitimate,Verified LinkedIn Company Page,,N/A - genuine company page found via user LinkedIn interests/follows,None reported,,,Interests,OmnicomMediaGroup USA. Category: Verified LinkedIn Company Page,train
2180,Marsh Supermarkets,https://www.linkedin.com/company/913375,0,Legitimate,Verified LinkedIn Company Page,,N/A - genuine company page found via user LinkedIn interests/follows,None reported,,,Interests,Marsh Supermarkets. Category: Verified LinkedIn Company Page,test
2181,Get Hired by LinkedIn News Europe,https://www.linkedin.com/company/88893327,0,Legitimate,Verified LinkedIn Company Page,,N/A - genuine company page found via user LinkedIn interests/follows,None reported,,,Interests,Get Hired by LinkedIn News Europe. Category: Verified LinkedIn Company Page,train
2182,Lynée Alves - Expert Career Coach,https://www.linkedin.com/company/28151867,0,Legitimate,Verified LinkedIn Company Page,,N/A - genuine company page found via user LinkedIn interests/follows,None reported,,,Interests,Lynée Alves - Expert Career Coach. Category: Verified LinkedIn Company Page,val
2183,"My Marketing Vice President, Inc.",https://www.linkedin.com/company/22303480,0,Legitimate,Verified LinkedIn Company Page,,N/A - genuine company page found via user LinkedIn interests/follows,None reported,,,Interests,"My Marketing Vice President, Inc.. Category: Verified LinkedIn Company Page",train
2184,TU Dublin Students' Union,https://www.linkedin.com/company/3096363,0,Legitimate,Verified LinkedIn Company Page,,N/A - genuine company page found via user LinkedIn interests/follows,None reported,,,Interests,TU Dublin Students' Union. Category: Verified LinkedIn Company Page,train
2185,Wolves,https://www.linkedin.com/company/1229721,0,Legitimate,Verified LinkedIn Company Page,,N/A - genuine company page found via user LinkedIn interests/follows,None reported,,,Interests,Wolves. Category: Verified LinkedIn Company Page,test
2186,African Heroes,https://www.linkedin.com/company/19185180,0,Legitimate,Verified LinkedIn Company Page,,N/A - genuine company page found via user LinkedIn interests/follows,None reported,,,Interests,African Heroes. Category: Verified LinkedIn Company Page,train
2187,East West University,https://www.linkedin.com/company/26550695,0,Legitimate,Verified LinkedIn Company Page,,N/A - genuine company page found via user LinkedIn interests/follows,None reported,,,Interests,East West University. Category: Verified LinkedIn Company Page,train
2188,Chicago African Americans in Philanthropy,https://www.linkedin.com/company/1499467,0,Legitimate,Verified LinkedIn Company Page,,N/A - genuine company page found via user LinkedIn interests/follows,None reported,,,Interests,Chicago African Americans in Philanthropy. Category: Verified LinkedIn Company Page,test
2189,Doctor,https://www.linkedin.com/company/12033921,0,Legitimate,Verified LinkedIn Company Page,,N/A - genuine company page found via user LinkedIn interests/follows,None reported,,,Interests,Doctor. Category: Verified LinkedIn Company Page,test
2190,University of Maryland Baltimore County,https://www.linkedin.com/company/7835,0,Legitimate,Verified LinkedIn Company Page,,N/A - genuine company page found via user LinkedIn interests/follows,None reported,,,Interests,University of Maryland Baltimore County. Category: Verified LinkedIn Company Page,train
2191,U.S. House of Representatives,https://www.linkedin.com/company/3921,0,Legitimate,Verified LinkedIn Company Page,,N/A - genuine company page found via user LinkedIn interests/follows,None reported,,,Interests,U.S. House of Representatives. Category: Verified LinkedIn Company Page,test
2192,Ubiquitous Preferred Services,https://www.linkedin.com/company/35432861,0,Legitimate,Verified LinkedIn Company Page,,N/A - genuine company page found via user LinkedIn interests/follows,None reported,,,Interests,Ubiquitous Preferred Services. Category: Verified LinkedIn Company Page,test
2193,Sundried,https://www.linkedin.com/company/5009319,0,Legitimate,Verified LinkedIn Company Page,,N/A - genuine company page found via user LinkedIn interests/follows,None reported,,,Interests,Sundried. Category: Verified LinkedIn Company Page,train
2194,Credit Union of Southern California,https://www.linkedin.com/company/18226136,0,Legitimate,Verified LinkedIn Company Page,,N/A - genuine company page found via user LinkedIn interests/follows,None reported,,,Interests,Credit Union of Southern California. Category: Verified LinkedIn Company Page,train
2195,BYMA Bolsas y Mercados Argentinos S.A.,https://www.linkedin.com/company/16236115,0,Legitimate,Verified LinkedIn Company Page,,N/A - genuine company page found via user LinkedIn interests/follows,None reported,,,Interests,BYMA Bolsas y Mercados Argentinos S.A.. Category: Verified LinkedIn Company Page,val
2196,University of Chicago Booth School of Business Executive Education,https://www.linkedin.com/company/2850888,0,Legitimate,Verified LinkedIn Company Page,,N/A - genuine company page found via user LinkedIn interests/follows,None reported,,,Interests,University of Chicago Booth School of Business Executive Education. Category: Verified LinkedIn Company Page,train
2197,Authority Magazine,https://www.linkedin.com/company/11777105,0,Legitimate,Verified LinkedIn Company Page,,N/A - genuine company page found via user LinkedIn interests/follows,None reported,,,Interests,Authority Magazine. Category: Verified LinkedIn Company Page,train
2198,VALDO Spumanti,https://www.linkedin.com/company/24677413,0,Legitimate,Verified LinkedIn Company Page,,N/A - genuine company page found via user LinkedIn interests/follows,None reported,,,Interests,VALDO Spumanti. Category: Verified LinkedIn Company Page,test
2199,GorillaStack by PyraCloud ☁,https://www.linkedin.com/company/10019450,0,Legitimate,Verified LinkedIn Company Page,,N/A - genuine company page found via user LinkedIn interests/follows,None reported,,,Interests,GorillaStack by PyraCloud ☁. Category: Verified LinkedIn Company Page,train
2200,Embrace Families,https://www.linkedin.com/company/35595395,0,Legitimate,Verified LinkedIn Company Page,,N/A - genuine company page found via user LinkedIn interests/follows,None reported,,,Interests,Embrace Families. Category: Verified LinkedIn Company Page,train
2201,Washington Nationals,https://www.linkedin.com/company/27906,0,Legitimate,Verified LinkedIn Company Page,,N/A - genuine company page found via user LinkedIn interests/follows,None reported,,,Interests,Washington Nationals. Category: Verified LinkedIn Company Page,train
2202,GM Financial,https://www.linkedin.com/company/7466,0,Legitimate,Verified LinkedIn Company Page,,N/A - genuine company page found via user LinkedIn interests/follows,None reported,,,Interests,GM Financial. Category: Verified LinkedIn Company Page,train
2203,Shields Meneley - a Felix Global company,https://www.linkedin.com/company/95671,0,Legitimate,Verified LinkedIn Company Page,,N/A - genuine company page found via user LinkedIn interests/follows,None reported,,,Interests,Shields Meneley - a Felix Global company. Category: Verified LinkedIn Company Page,train
2204,CIRCULAR CONSULTING,https://www.linkedin.com/company/140582,0,Legitimate,Verified LinkedIn Company Page,,N/A - genuine company page found via user LinkedIn interests/follows,None reported,,,Interests,CIRCULAR CONSULTING. Category: Verified LinkedIn Company Page,train
2205,Watson Clinic LLP,https://www.linkedin.com/company/124122,0,Legitimate,Verified LinkedIn Company Page,,N/A - genuine company page found via user LinkedIn interests/follows,None reported,,,Interests,Watson Clinic LLP. Category: Verified LinkedIn Company Page,test
2206,Butler University - Lacy School of Business,https://www.linkedin.com/company/6290543,0,Legitimate,Verified LinkedIn Company Page,,N/A - genuine company page found via user LinkedIn interests/follows,None reported,,,Interests,Butler University - Lacy School of Business. Category: Verified LinkedIn Company Page,val
2207,Cardiff University / Prifysgol Caerdydd,https://www.linkedin.com/company/9126,0,Legitimate,Verified LinkedIn Company Page,,N/A - genuine company page found via user LinkedIn interests/follows,None reported,,,Interests,Cardiff University / Prifysgol Caerdydd. Category: Verified LinkedIn Company Page,train
2208,LBC Credit Partners,https://www.linkedin.com/company/1366482,0,Legitimate,Verified LinkedIn Company Page,,N/A - genuine company page found via user LinkedIn interests/follows,None reported,,,Interests,LBC Credit Partners. Category: Verified LinkedIn Company Page,train
2209,TAB | Tech and Beer,https://www.linkedin.com/company/16189185,0,Legitimate,Verified LinkedIn Company Page,,N/A - genuine company page found via user LinkedIn interests/follows,None reported,,,Interests,TAB | Tech and Beer. Category: Verified LinkedIn Company Page,train
2210,Triad Technology Partners,https://www.linkedin.com/company/332095,0,Legitimate,Verified LinkedIn Company Page,,N/A - genuine company page found via user LinkedIn interests/follows,None reported,,,Interests,Triad Technology Partners. Category: Verified LinkedIn Company Page,train
2211,Amazon,https://www.linkedin.com/company/1586,0,Legitimate,Verified LinkedIn Company Page,,N/A - genuine company page found via user LinkedIn interests/follows,None reported,,,Interests,Amazon. Category: Verified LinkedIn Company Page,test
2212,KiiT University,https://www.linkedin.com/company/251741,0,Legitimate,Verified LinkedIn Company Page,,N/A - genuine company page found via user LinkedIn interests/follows,None reported,,,Interests,KiiT University. Category: Verified LinkedIn Company Page,train
2213,Social Media Examiner,https://www.linkedin.com/company/576649,0,Legitimate,Verified LinkedIn Company Page,,N/A - genuine company page found via user LinkedIn interests/follows,None reported,,,Interests,Social Media Examiner. Category: Verified LinkedIn Company Page,train
2214,Azusa Pacific University,https://www.linkedin.com/company/12054,0,Legitimate,Verified LinkedIn Company Page,,N/A - genuine company page found via user LinkedIn interests/follows,None reported,,,Interests,Azusa Pacific University. Category: Verified LinkedIn Company Page,train
2215,Brookdale,https://www.linkedin.com/company/11356,0,Legitimate,Verified LinkedIn Company Page,,N/A - genuine company page found via user LinkedIn interests/follows,None reported,,,Interests,Brookdale. Category: Verified LinkedIn Company Page,train
2216,Jushi Holdings Inc.,https://www.linkedin.com/company/35497614,0,Legitimate,Verified LinkedIn Company Page,,N/A - genuine company page found via user LinkedIn interests/follows,None reported,,,Interests,Jushi Holdings Inc.. Category: Verified LinkedIn Company Page,train
2217,AXEA,https://www.linkedin.com/company/9664224,0,Legitimate,Verified LinkedIn Company Page,,N/A - genuine company page found via user LinkedIn interests/follows,None reported,,,Interests,AXEA. Category: Verified LinkedIn Company Page,train
2218,"Drummond Group, LLC",https://www.linkedin.com/company/142071,0,Legitimate,Verified LinkedIn Company Page,,N/A - genuine company page found via user LinkedIn interests/follows,None reported,,,Interests,"Drummond Group, LLC. Category: Verified LinkedIn Company Page",train
2219,Regency Grove Consultants,https://www.linkedin.com/company/19040241,0,Legitimate,Verified LinkedIn Company Page,,N/A - genuine company page found via user LinkedIn interests/follows,None reported,,,Interests,Regency Grove Consultants. Category: Verified LinkedIn Company Page,train
2220,The Bronx High School of Science,https://www.linkedin.com/company/11497971,0,Legitimate,Verified LinkedIn Company Page,,N/A - genuine company page found via user LinkedIn interests/follows,None reported,,,Interests,The Bronx High School of Science. Category: Verified LinkedIn Company Page,train
2221,Invest Puerto Rico,https://www.linkedin.com/company/3542680,0,Legitimate,Verified LinkedIn Company Page,,N/A - genuine company page found via user LinkedIn interests/follows,None reported,,,Interests,Invest Puerto Rico. Category: Verified LinkedIn Company Page,val
2222,Bravium Consulting Inc.,https://www.linkedin.com/company/1727290,0,Legitimate,Verified LinkedIn Company Page,,N/A - genuine company page found via user LinkedIn interests/follows,None reported,,,Interests,Bravium Consulting Inc.. Category: Verified LinkedIn Company Page,train
2223,I'm Only Human,https://www.linkedin.com/company/16187349,0,Legitimate,Verified LinkedIn Company Page,,N/A - genuine company page found via user LinkedIn interests/follows,None reported,,,Interests,I'm Only Human. Category: Verified LinkedIn Company Page,train
2224,FIDO Alliance,https://www.linkedin.com/company/2800482,0,Legitimate,Verified LinkedIn Company Page,,N/A - genuine company page found via user LinkedIn interests/follows,None reported,,,Interests,FIDO Alliance. Category: Verified LinkedIn Company Page,train
2225,American Welding Society,https://www.linkedin.com/company/467034,0,Legitimate,Verified LinkedIn Company Page,,N/A - genuine company page found via user LinkedIn interests/follows,None reported,,,Interests,American Welding Society. Category: Verified LinkedIn Company Page,train
2226,Center Panos Franquias,https://www.linkedin.com/company/10868877,0,Legitimate,Verified LinkedIn Company Page,,N/A - genuine company page found via user LinkedIn interests/follows,None reported,,,Interests,Center Panos Franquias. Category: Verified LinkedIn Company Page,train
2227,Joy Ofodu,https://www.linkedin.com/company/79487985,0,Legitimate,Verified LinkedIn Company Page,,N/A - genuine company page found via user LinkedIn interests/follows,None reported,,,Interests,Joy Ofodu. Category: Verified LinkedIn Company Page,train
2228,AFS Intercultural Programs,https://www.linkedin.com/company/20625,0,Legitimate,Verified LinkedIn Company Page,,N/A - genuine company page found via user LinkedIn interests/follows,None reported,,,Interests,AFS Intercultural Programs. Category: Verified LinkedIn Company Page,train
2229,Mark Anthony Brands International,https://www.linkedin.com/company/31425836,0,Legitimate,Verified LinkedIn Company Page,,N/A - genuine company page found via user LinkedIn interests/follows,None reported,,,Interests,Mark Anthony Brands International. Category: Verified LinkedIn Company Page,train
2230,Georgia Latino Film Alliance and Film Festival,https://www.linkedin.com/company/31470265,0,Legitimate,Verified LinkedIn Company Page,,N/A - genuine company page found via user LinkedIn interests/follows,None reported,,,Interests,Georgia Latino Film Alliance and Film Festival. Category: Verified LinkedIn Company Page,train
2231,Naval Postgraduate School,https://www.linkedin.com/company/10415,0,Legitimate,Verified LinkedIn Company Page,,N/A - genuine company page found via user LinkedIn interests/follows,None reported,,,Interests,Naval Postgraduate School. Category: Verified LinkedIn Company Page,train
2232,Kandere,https://www.linkedin.com/company/87417974,0,Legitimate,Verified LinkedIn Company Page,,N/A - genuine company page found via user LinkedIn interests/follows,None reported,,,Interests,Kandere. Category: Verified LinkedIn Company Page,train
2233,Harvard Kennedy School,https://www.linkedin.com/company/441164,0,Legitimate,Verified LinkedIn Company Page,,N/A - genuine company page found via user LinkedIn interests/follows,None reported,,,Interests,Harvard Kennedy School. Category: Verified LinkedIn Company Page,train
2234,Studio Management LLC,https://www.linkedin.com/company/28843444,0,Legitimate,Verified LinkedIn Company Page,,N/A - genuine company page found via user LinkedIn interests/follows,None reported,,,Interests,Studio Management LLC. Category: Verified LinkedIn Company Page,train
2235,UNICEF,https://www.linkedin.com/company/4881,0,Legitimate,Verified LinkedIn Company Page,,N/A - genuine company page found via user LinkedIn interests/follows,None reported,,,Interests,UNICEF. Category: Verified LinkedIn Company Page,train
2236,Leo Burnett,https://www.linkedin.com/company/2970,0,Legitimate,Verified LinkedIn Company Page,,N/A - genuine company page found via user LinkedIn interests/follows,None reported,,,Interests,Leo Burnett. Category: Verified LinkedIn Company Page,train
2237,Syracuse University,https://www.linkedin.com/company/166228,0,Legitimate,Verified LinkedIn Company Page,,N/A - genuine company page found via user LinkedIn interests/follows,None reported,,,Interests,Syracuse University. Category: Verified LinkedIn Company Page,val
2238,وظائف دبي,https://www.linkedin.com/company/76194940,0,Legitimate,Verified LinkedIn Company Page,,N/A - genuine company page found via user LinkedIn interests/follows,None reported,,,Interests,وظائف دبي. Category: Verified LinkedIn Company Page,test
2239,StoneTurn,https://www.linkedin.com/company/85952,0,Legitimate,Verified LinkedIn Company Page,,N/A - genuine company page found via user LinkedIn interests/follows,None reported,,,Interests,StoneTurn. Category: Verified LinkedIn Company Page,train
2240,NCSOFT,https://www.linkedin.com/company/89696111,0,Legitimate,Verified LinkedIn Company Page,,N/A - genuine company page found via user LinkedIn interests/follows,None reported,,,Interests,NCSOFT. Category: Verified LinkedIn Company Page,val
2241,Shanghai University,https://www.linkedin.com/company/36598,0,Legitimate,Verified LinkedIn Company Page,,N/A - genuine company page found via user LinkedIn interests/follows,None reported,,,Interests,Shanghai University. Category: Verified LinkedIn Company Page,train
2242,Parisima Talent,https://www.linkedin.com/company/4813283,0,Legitimate,Verified LinkedIn Company Page,,N/A - genuine company page found via user LinkedIn interests/follows,None reported,,,Interests,Parisima Talent. Category: Verified LinkedIn Company Page,train
2243,CartStack,https://www.linkedin.com/company/2845712,0,Legitimate,Verified LinkedIn Company Page,,N/A - genuine company page found via user LinkedIn interests/follows,None reported,,,Interests,CartStack. Category: Verified LinkedIn Company Page,train
2244,Evosys,https://www.linkedin.com/company/256747,0,Legitimate,Verified LinkedIn Company Page,,N/A - genuine company page found via user LinkedIn interests/follows,None reported,,,Interests,Evosys. Category: Verified LinkedIn Company Page,test
2245,HoYoverse,https://www.linkedin.com/company/3230444,0,Legitimate,Verified LinkedIn Company Page,,N/A - genuine company page found via user LinkedIn interests/follows,None reported,,,Interests,HoYoverse. Category: Verified LinkedIn Company Page,train
2246,The Democratic Coalition,https://www.linkedin.com/company/10788331,0,Legitimate,Verified LinkedIn Company Page,,N/A - genuine company page found via user LinkedIn interests/follows,None reported,,,Interests,The Democratic Coalition. Category: Verified LinkedIn Company Page,val
2247,Emory University,https://www.linkedin.com/company/3889,0,Legitimate,Verified LinkedIn Company Page,,N/A - genuine company page found via user LinkedIn interests/follows,None reported,,,Interests,Emory University. Category: Verified LinkedIn Company Page,train
2248,Agencia,https://www.linkedin.com/company/1104831,0,Legitimate,Verified LinkedIn Company Page,,N/A - genuine company page found via user LinkedIn interests/follows,None reported,,,Interests,Agencia. Category: Verified LinkedIn Company Page,val
2249,Tales of the Cocktail Foundation,https://www.linkedin.com/company/1536695,0,Legitimate,Verified LinkedIn Company Page,,N/A - genuine company page found via user LinkedIn interests/follows,None reported,,,Interests,Tales of the Cocktail Foundation. Category: Verified LinkedIn Company Page,test
2250,TAXI,https://www.linkedin.com/company/166265,0,Legitimate,Verified LinkedIn Company Page,,N/A - genuine company page found via user LinkedIn interests/follows,None reported,,,Interests,TAXI. Category: Verified LinkedIn Company Page,val
2251,The Lauder Institute - University of Pennsylvania,https://www.linkedin.com/company/15141685,0,Legitimate,Verified LinkedIn Company Page,,N/A - genuine company page found via user LinkedIn interests/follows,None reported,,,Interests,The Lauder Institute - University of Pennsylvania. Category: Verified LinkedIn Company Page,val
2252,abrdn,https://www.linkedin.com/company/74514529,0,Legitimate,Verified LinkedIn Company Page,,N/A - genuine company page found via user LinkedIn interests/follows,None reported,,,Interests,abrdn. Category: Verified LinkedIn Company Page,train
2253,Faire,https://www.linkedin.com/company/18013280,0,Legitimate,Verified LinkedIn Company Page,,N/A - genuine company page found via user LinkedIn interests/follows,None reported,,,Interests,Faire. Category: Verified LinkedIn Company Page,train
2254,LEFTY Production Co.,https://www.linkedin.com/company/74097630,0,Legitimate,Verified LinkedIn Company Page,,N/A - genuine company page found via user LinkedIn interests/follows,None reported,,,Interests,LEFTY Production Co.. Category: Verified LinkedIn Company Page,train
2255,United Nations Volunteers,https://www.linkedin.com/company/24960,0,Legitimate,Verified LinkedIn Company Page,,N/A - genuine company page found via user LinkedIn interests/follows,None reported,,,Interests,United Nations Volunteers. Category: Verified LinkedIn Company Page,train
2256,广州市铭鑫家具有限公司,https://www.linkedin.com/company/32442476,0,Legitimate,Verified LinkedIn Company Page,,N/A - genuine company page found via user LinkedIn interests/follows,None reported,,,Interests,广州市铭鑫家具有限公司. Category: Verified LinkedIn Company Page,train
2257,BenevolentAI,https://www.linkedin.com/company/10929741,0,Legitimate,Verified LinkedIn Company Page,,N/A - genuine company page found via user LinkedIn interests/follows,None reported,,,Interests,BenevolentAI. Category: Verified LinkedIn Company Page,train
2258,Hertie School,https://www.linkedin.com/company/55258,0,Legitimate,Verified LinkedIn Company Page,,N/A - genuine company page found via user LinkedIn interests/follows,None reported,,,Interests,Hertie School. Category: Verified LinkedIn Company Page,train
2259,Monument Advocacy,https://www.linkedin.com/company/132193,0,Legitimate,Verified LinkedIn Company Page,,N/A - genuine company page found via user LinkedIn interests/follows,None reported,,,Interests,Monument Advocacy. Category: Verified LinkedIn Company Page,val
2260,Neutrall,https://www.linkedin.com/company/73198599,0,Legitimate,Verified LinkedIn Company Page,,N/A - genuine company page found via user LinkedIn interests/follows,None reported,,,Interests,Neutrall. Category: Verified LinkedIn Company Page,train
2261,Ph.Creative,https://www.linkedin.com/company/157079,0,Legitimate,Verified LinkedIn Company Page,,N/A - genuine company page found via user LinkedIn interests/follows,None reported,,,Interests,Ph.Creative. Category: Verified LinkedIn Company Page,test
2262,DSSG Berlin e.V.,https://www.linkedin.com/company/27124763,0,Legitimate,Verified LinkedIn Company Page,,N/A - genuine company page found via user LinkedIn interests/follows,None reported,,,Interests,DSSG Berlin e.V.. Category: Verified LinkedIn Company Page,test
2263,Cramer,https://www.linkedin.com/company/201288,0,Legitimate,Verified LinkedIn Company Page,,N/A - genuine company page found via user LinkedIn interests/follows,None reported,,,Interests,Cramer. Category: Verified LinkedIn Company Page,train
2264,Galaxy Surfactants Limited,https://www.linkedin.com/company/716507,0,Legitimate,Verified LinkedIn Company Page,,N/A - genuine company page found via user LinkedIn interests/follows,None reported,,,Interests,Galaxy Surfactants Limited. Category: Verified LinkedIn Company Page,train
2265,University of Mannheim,https://www.linkedin.com/company/14750,0,Legitimate,Verified LinkedIn Company Page,,N/A - genuine company page found via user LinkedIn interests/follows,None reported,,,Interests,University of Mannheim. Category: Verified LinkedIn Company Page,train
2266,Corporate Volunteer Council of Atlanta,https://www.linkedin.com/company/9289080,0,Legitimate,Verified LinkedIn Company Page,,N/A - genuine company page found via user LinkedIn interests/follows,None reported,,,Interests,Corporate Volunteer Council of Atlanta. Category: Verified LinkedIn Company Page,train
2267,Employee Cycle,https://www.linkedin.com/company/10863901,0,Legitimate,Verified LinkedIn Company Page,,N/A - genuine company page found via user LinkedIn interests/follows,None reported,,,Interests,Employee Cycle. Category: Verified LinkedIn Company Page,train
2268,Social Responsibility Chicago,https://www.linkedin.com/company/28134958,0,Legitimate,Verified LinkedIn Company Page,,N/A - genuine company page found via user LinkedIn interests/follows,None reported,,,Interests,Social Responsibility Chicago. Category: Verified LinkedIn Company Page,train
2269,Recordati,https://www.linkedin.com/company/36507,0,Legitimate,Verified LinkedIn Company Page,,N/A - genuine company page found via user LinkedIn interests/follows,None reported,,,Interests,Recordati. Category: Verified LinkedIn Company Page,test
2270,Void2One Solutions,https://www.linkedin.com/company/79042999,0,Legitimate,Verified LinkedIn Company Page,,N/A - genuine company page found via user LinkedIn interests/follows,None reported,,,Interests,Void2One Solutions. Category: Verified LinkedIn Company Page,train
2271,Comba Telecom,https://www.linkedin.com/company/89415,0,Legitimate,Verified LinkedIn Company Page,,N/A - genuine company page found via user LinkedIn interests/follows,None reported,,,Interests,Comba Telecom. Category: Verified LinkedIn Company Page,train
2272,Carousel (Manchester),https://www.linkedin.com/company/10390702,0,Legitimate,Verified LinkedIn Company Page,,N/A - genuine company page found via user LinkedIn interests/follows,None reported,,,Interests,Carousel (Manchester). Category: Verified LinkedIn Company Page,train
2273,Schindler Elevator Corporation (U.S.),https://www.linkedin.com/company/6192,0,Legitimate,Verified LinkedIn Company Page,,N/A - genuine company page found via user LinkedIn interests/follows,None reported,,,Interests,Schindler Elevator Corporation (U.S.). Category: Verified LinkedIn Company Page,train
2274,Represent Recruitment Limited,https://www.linkedin.com/company/1820110,0,Legitimate,Verified LinkedIn Company Page,,N/A - genuine company page found via user LinkedIn interests/follows,None reported,,,Interests,Represent Recruitment Limited. Category: Verified LinkedIn Company Page,train
2275,Tucker & Associates Public Relations,https://www.linkedin.com/company/871067,0,Legitimate,Verified LinkedIn Company Page,,N/A - genuine company page found via user LinkedIn interests/follows,None reported,,,Interests,Tucker & Associates Public Relations. Category: Verified LinkedIn Company Page,train
2276,Shanghai University of Finance and Economics,https://www.linkedin.com/company/15091707,0,Legitimate,Verified LinkedIn Company Page,,N/A - genuine company page found via user LinkedIn interests/follows,None reported,,,Interests,Shanghai University of Finance and Economics. Category: Verified LinkedIn Company Page,train
2277,"Pioneer Engineering, LLC",https://www.linkedin.com/company/24996823,0,Legitimate,Verified LinkedIn Company Page,,N/A - genuine company page found via user LinkedIn interests/follows,None reported,,,Interests,"Pioneer Engineering, LLC. Category: Verified LinkedIn Company Page",train
2278,Leiden University,https://www.linkedin.com/company/6077,0,Legitimate,Verified LinkedIn Company Page,,N/A - genuine company page found via user LinkedIn interests/follows,None reported,,,Interests,Leiden University. Category: Verified LinkedIn Company Page,train
2279,Technological University Dublin,https://www.linkedin.com/company/12974484,0,Legitimate,Verified LinkedIn Company Page,,N/A - genuine company page found via user LinkedIn interests/follows,None reported,,,Interests,Technological University Dublin. Category: Verified LinkedIn Company Page,train
2280,Boisson,https://www.linkedin.com/company/76503274,0,Legitimate,Verified LinkedIn Company Page,,N/A - genuine company page found via user LinkedIn interests/follows,None reported,,,Interests,Boisson. Category: Verified LinkedIn Company Page,val
2281,Clearstory—Wayfinding and Placemaking,https://www.linkedin.com/company/29329532,0,Legitimate,Verified LinkedIn Company Page,,N/A - genuine company page found via user LinkedIn interests/follows,None reported,,,Interests,Clearstory—Wayfinding and Placemaking. Category: Verified LinkedIn Company Page,train
2282,Canadian Center For Women's Empowerment (CCFWE),https://www.linkedin.com/company/38142085,0,Legitimate,Verified LinkedIn Company Page,,N/A - genuine company page found via user LinkedIn interests/follows,None reported,,,Interests,Canadian Center For Women's Empowerment (CCFWE). Category: Verified LinkedIn Company Page,train
2283,U.S. Secret Service,https://www.linkedin.com/company/2996,0,Legitimate,Verified LinkedIn Company Page,,N/A - genuine company page found via user LinkedIn interests/follows,None reported,,,Interests,U.S. Secret Service. Category: Verified LinkedIn Company Page,train
2284,Aspirant Venture Realty,https://www.linkedin.com/company/14562804,0,Legitimate,Verified LinkedIn Company Page,,N/A - genuine company page found via user LinkedIn interests/follows,None reported,,,Interests,Aspirant Venture Realty. Category: Verified LinkedIn Company Page,train
2285,IABC,https://www.linkedin.com/company/26095,0,Legitimate,Verified LinkedIn Company Page,,N/A - genuine company page found via user LinkedIn interests/follows,None reported,,,Interests,IABC. Category: Verified LinkedIn Company Page,train
2286,IT Management Group,https://www.linkedin.com/company/1472884,0,Legitimate,Verified LinkedIn Company Page,,N/A - genuine company page found via user LinkedIn interests/follows,None reported,,,Interests,IT Management Group. Category: Verified LinkedIn Company Page,train
2287,Moira Events & Entertainment,https://www.linkedin.com/company/69925000,0,Legitimate,Verified LinkedIn Company Page,,N/A - genuine company page found via user LinkedIn interests/follows,None reported,,,Interests,Moira Events & Entertainment. Category: Verified LinkedIn Company Page,val
2288,HEC Paris,https://www.linkedin.com/company/235785,0,Legitimate,Verified LinkedIn Company Page,,N/A - genuine company page found via user LinkedIn interests/follows,None reported,,,Interests,HEC Paris. Category: Verified LinkedIn Company Page,train
2289,Prairie View A&M University,https://www.linkedin.com/company/23719,0,Legitimate,Verified LinkedIn Company Page,,N/A - genuine company page found via user LinkedIn interests/follows,None reported,,,Interests,Prairie View A&M University. Category: Verified LinkedIn Company Page,train
2290,Smart Hive,https://www.linkedin.com/company/11021217,0,Legitimate,Verified LinkedIn Company Page,,N/A - genuine company page found via user LinkedIn interests/follows,None reported,,,Interests,Smart Hive. Category: Verified LinkedIn Company Page,train
2291,Harvard Business Review,https://www.linkedin.com/company/1649,0,Legitimate,Verified LinkedIn Company Page,,N/A - genuine company page found via user LinkedIn interests/follows,None reported,,,Interests,Harvard Business Review. Category: Verified LinkedIn Company Page,train
2292,TechGropse Pvt. Ltd.,https://www.linkedin.com/company/15251659,0,Legitimate,Verified LinkedIn Company Page,,N/A - genuine company page found via user LinkedIn interests/follows,None reported,,,Interests,TechGropse Pvt. Ltd.. Category: Verified LinkedIn Company Page,val
2293,Drata,https://www.linkedin.com/company/69007278,0,Legitimate,Verified LinkedIn Company Page,,N/A - genuine company page found via user LinkedIn interests/follows,None reported,,,Interests,Drata. Category: Verified LinkedIn Company Page,train
2294,JMI Equity,https://www.linkedin.com/company/44734,0,Legitimate,Verified LinkedIn Company Page,,N/A - genuine company page found via user LinkedIn interests/follows,None reported,,,Interests,JMI Equity. Category: Verified LinkedIn Company Page,train
2295,Jobless Inc.,https://www.linkedin.com/company/13386331,0,Legitimate,Verified LinkedIn Company Page,,N/A - genuine company page found via user LinkedIn interests/follows,None reported,,,Interests,Jobless Inc.. Category: Verified LinkedIn Company Page,train
2296,Happily.ai,https://www.linkedin.com/company/15156802,0,Legitimate,Verified LinkedIn Company Page,,N/A - genuine company page found via user LinkedIn interests/follows,None reported,,,Interests,Happily.ai. Category: Verified LinkedIn Company Page,test
2297,Wipro Limited,https://www.linkedin.com/company/502229,0,Legitimate,Verified LinkedIn Company Page,,N/A - genuine company page found via user LinkedIn interests/follows,None reported,,,Interests,Wipro Limited. Category: Verified LinkedIn Company Page,val
2298,Transocean,https://www.linkedin.com/company/8210,0,Legitimate,Verified LinkedIn Company Page,,N/A - genuine company page found via user LinkedIn interests/follows,None reported,,,Interests,Transocean. Category: Verified LinkedIn Company Page,train
2299,Fillerrup.ca,https://www.linkedin.com/company/73962366,0,Legitimate,Verified LinkedIn Company Page,,N/A - genuine company page found via user LinkedIn interests/follows,None reported,,,Interests,Fillerrup.ca. Category: Verified LinkedIn Company Page,val
2300,Faith Driven Investor,https://www.linkedin.com/company/14065842,0,Legitimate,Verified LinkedIn Company Page,,N/A - genuine company page found via user LinkedIn interests/follows,None reported,,,Interests,Faith Driven Investor. Category: Verified LinkedIn Company Page,train
2301,Ofwat,https://www.linkedin.com/company/385001,0,Legitimate,Verified LinkedIn Company Page,,N/A - genuine company page found via user LinkedIn interests/follows,None reported,,,Interests,Ofwat. Category: Verified LinkedIn Company Page,val
2302,Realty Max Homes,https://www.linkedin.com/company/68502789,0,Legitimate,Verified LinkedIn Company Page,,N/A - genuine company page found via user LinkedIn interests/follows,None reported,,,Interests,Realty Max Homes. Category: Verified LinkedIn Company Page,train
2303,United Nations Office for Disaster Risk Reduction (UNDRR),https://www.linkedin.com/company/15239494,0,Legitimate,Verified LinkedIn Company Page,,N/A - genuine company page found via user LinkedIn interests/follows,None reported,,,Interests,United Nations Office for Disaster Risk Reduction (UNDRR). Category: Verified LinkedIn Company Page,test
2304,Atacadão,https://www.linkedin.com/company/639075,0,Legitimate,Verified LinkedIn Company Page,,N/A - genuine company page found via user LinkedIn interests/follows,None reported,,,Interests,Atacadão. Category: Verified LinkedIn Company Page,train
2305,Bluff Pointe Properties,https://www.linkedin.com/company/79456094,0,Legitimate,Verified LinkedIn Company Page,,N/A - genuine company page found via user LinkedIn interests/follows,None reported,,,Interests,Bluff Pointe Properties. Category: Verified LinkedIn Company Page,train
2306,Louisville Discovery Ball,https://www.linkedin.com/company/79027388,0,Legitimate,Verified LinkedIn Company Page,,N/A - genuine company page found via user LinkedIn interests/follows,None reported,,,Interests,Louisville Discovery Ball. Category: Verified LinkedIn Company Page,train
2307,Victrex,https://www.linkedin.com/company/65949,0,Legitimate,Verified LinkedIn Company Page,,N/A - genuine company page found via user LinkedIn interests/follows,None reported,,,Interests,Victrex. Category: Verified LinkedIn Company Page,train
2308,Stripe,https://www.linkedin.com/company/2135371,0,Legitimate,Verified LinkedIn Company Page,,N/A - genuine company page found via user LinkedIn interests/follows,None reported,,,Interests,Stripe. Category: Verified LinkedIn Company Page,train
2309,TripleBlind,https://www.linkedin.com/company/65458240,0,Legitimate,Verified LinkedIn Company Page,,N/A - genuine company page found via user LinkedIn interests/follows,None reported,,,Interests,TripleBlind. Category: Verified LinkedIn Company Page,train
2310,Chrysalis,https://www.linkedin.com/company/3621776,0,Legitimate,Verified LinkedIn Company Page,,N/A - genuine company page found via user LinkedIn interests/follows,None reported,,,Interests,Chrysalis. Category: Verified LinkedIn Company Page,train
2311,Global Scholars Academic Journal,,1,Fake_Scam,Predatory / Academic Shell,Fake Research Journal,Invites researchers to join 'Paid Editorial Board'; charges $200 'administrative onboarding fee'.,Fabricated ISSN/accreditation; targets PhDs and academic profiles on LinkedIn.,LinkedIn Academic Groups -> Email,Medium,LinkedIn Fake Company Database,Global Scholars Academic Journal. Category: Predatory / Academic Shell. Impersonation target: Fake Research Journal. Modus operandi: Invites researchers to join 'Paid Editorial Board'; charges $200 'administrative onboarding fee'.. Red flags: Fabricated ISSN/accreditation; targets PhDs and academic profiles on LinkedIn.,val
2312,People Matters,https://www.linkedin.com/company/1314520,0,Legitimate,Verified LinkedIn Company Page,,N/A - genuine company page found via user LinkedIn interests/follows,None reported,,,Interests,People Matters. Category: Verified LinkedIn Company Page,train
2313,Gensler,https://www.linkedin.com/company/5812,0,Legitimate,Verified LinkedIn Company Page,,N/A - genuine company page found via user LinkedIn interests/follows,None reported,,,Interests,Gensler. Category: Verified LinkedIn Company Page,train
2314,Computest,https://www.linkedin.com/company/136264,0,Legitimate,Verified LinkedIn Company Page,,N/A - genuine company page found via user LinkedIn interests/follows,None reported,,,Interests,Computest. Category: Verified LinkedIn Company Page,train
2315,International Air Transport Association (IATA),https://www.linkedin.com/company/164256,0,Legitimate,Verified LinkedIn Company Page,,N/A - genuine company page found via user LinkedIn interests/follows,None reported,,,Interests,International Air Transport Association (IATA). Category: Verified LinkedIn Company Page,train
2316,Chase Distillery,https://www.linkedin.com/company/1275639,0,Legitimate,Verified LinkedIn Company Page,,N/A - genuine company page found via user LinkedIn interests/follows,None reported,,,Interests,Chase Distillery. Category: Verified LinkedIn Company Page,train
2317,Awesome Inc,https://www.linkedin.com/company/515216,0,Legitimate,Verified LinkedIn Company Page,,N/A - genuine company page found via user LinkedIn interests/follows,None reported,,,Interests,Awesome Inc. Category: Verified LinkedIn Company Page,train
2318,Access Distributed,https://www.linkedin.com/company/30617756,0,Legitimate,Verified LinkedIn Company Page,,N/A - genuine company page found via user LinkedIn interests/follows,None reported,,,Interests,Access Distributed. Category: Verified LinkedIn Company Page,val
2319,Sport for Life Society,https://www.linkedin.com/company/2226883,0,Legitimate,Verified LinkedIn Company Page,,N/A - genuine company page found via user LinkedIn interests/follows,None reported,,,Interests,Sport for Life Society. Category: Verified LinkedIn Company Page,train
2320,Apple,https://www.linkedin.com/company/162479,0,Legitimate,Verified LinkedIn Company Page,,N/A - genuine company page found via user LinkedIn interests/follows,None reported,,,Interests,Apple. Category: Verified LinkedIn Company Page,test
2321,Fox News Media,https://www.linkedin.com/company/163884,0,Legitimate,Verified LinkedIn Company Page,,N/A - genuine company page found via user LinkedIn interests/follows,None reported,,,Interests,Fox News Media. Category: Verified LinkedIn Company Page,test
2322,The Tony Elumelu Foundation,https://www.linkedin.com/company/1841288,0,Legitimate,Verified LinkedIn Company Page,,N/A - genuine company page found via user LinkedIn interests/follows,None reported,,,Interests,The Tony Elumelu Foundation. Category: Verified LinkedIn Company Page,train
2323,FAIR Institute,https://www.linkedin.com/company/10347269,0,Legitimate,Verified LinkedIn Company Page,,N/A - genuine company page found via user LinkedIn interests/follows,None reported,,,Interests,FAIR Institute. Category: Verified LinkedIn Company Page,train
2324,YouTube Advertisers,https://www.linkedin.com/company/11059965,0,Legitimate,Verified LinkedIn Company Page,,N/A - genuine company page found via user LinkedIn interests/follows,None reported,,,Interests,YouTube Advertisers. Category: Verified LinkedIn Company Page,train
2325,Strictly Education MIS & Technology,https://www.linkedin.com/company/18784555,0,Legitimate,Verified LinkedIn Company Page,,N/A - genuine company page found via user LinkedIn interests/follows,None reported,,,Interests,Strictly Education MIS & Technology. Category: Verified LinkedIn Company Page,train
2326,Goodfellows India,https://www.linkedin.com/company/82634564,0,Legitimate,Verified LinkedIn Company Page,,N/A - genuine company page found via user LinkedIn interests/follows,None reported,,,Interests,Goodfellows India. Category: Verified LinkedIn Company Page,train
2327,NBCUniversal,https://www.linkedin.com/company/1828,0,Legitimate,Verified LinkedIn Company Page,,N/A - genuine company page found via user LinkedIn interests/follows,None reported,,,Interests,NBCUniversal. Category: Verified LinkedIn Company Page,train
2328,Rare Global,https://www.linkedin.com/company/11277607,0,Legitimate,Verified LinkedIn Company Page,,N/A - genuine company page found via user LinkedIn interests/follows,None reported,,,Interests,Rare Global. Category: Verified LinkedIn Company Page,train
2329,Unimed Nacional,https://www.linkedin.com/company/395045,0,Legitimate,Verified LinkedIn Company Page,,N/A - genuine company page found via user LinkedIn interests/follows,None reported,,,Interests,Unimed Nacional. Category: Verified LinkedIn Company Page,train
2330,EY,https://www.linkedin.com/company/1073,0,Legitimate,Verified LinkedIn Company Page,,N/A - genuine company page found via user LinkedIn interests/follows,None reported,,,Interests,EY. Category: Verified LinkedIn Company Page,train
2331,Recorded Future,https://www.linkedin.com/company/678036,0,Legitimate,Verified LinkedIn Company Page,,N/A - genuine company page found via user LinkedIn interests/follows,None reported,,,Interests,Recorded Future. Category: Verified LinkedIn Company Page,train
2332,Improving,https://www.linkedin.com/company/52392,0,Legitimate,Verified LinkedIn Company Page,,N/A - genuine company page found via user LinkedIn interests/follows,None reported,,,Interests,Improving. Category: Verified LinkedIn Company Page,val
2333,Founder Institute,https://www.linkedin.com/company/1154695,0,Legitimate,Verified LinkedIn Company Page,,N/A - genuine company page found via user LinkedIn interests/follows,None reported,,,Interests,Founder Institute. Category: Verified LinkedIn Company Page,train
2334,National Center for Faculty Development & Diversity,https://www.linkedin.com/company/1546992,0,Legitimate,Verified LinkedIn Company Page,,N/A - genuine company page found via user LinkedIn interests/follows,None reported,,,Interests,National Center for Faculty Development & Diversity. Category: Verified LinkedIn Company Page,train
2335,"Dickie Enterprises, LLC",https://www.linkedin.com/company/35608980,0,Legitimate,Verified LinkedIn Company Page,,N/A - genuine company page found via user LinkedIn interests/follows,None reported,,,Interests,"Dickie Enterprises, LLC. Category: Verified LinkedIn Company Page",train
2336,Mental Health Professionals'​ Network,https://www.linkedin.com/company/739261,0,Legitimate,Verified LinkedIn Company Page,,N/A - genuine company page found via user LinkedIn interests/follows,None reported,,,Interests,Mental Health Professionals'​ Network. Category: Verified LinkedIn Company Page,test
2337,Total Energy Group,https://www.linkedin.com/company/89686410,0,Legitimate,Verified LinkedIn Company Page,,N/A - genuine company page found via user LinkedIn interests/follows,None reported,,,Interests,Total Energy Group. Category: Verified LinkedIn Company Page,train
2338,JPS Health Network,https://www.linkedin.com/company/17419,0,Legitimate,Verified LinkedIn Company Page,,N/A - genuine company page found via user LinkedIn interests/follows,None reported,,,Interests,JPS Health Network. Category: Verified LinkedIn Company Page,val
2339,Real Madrid C.F.,https://www.linkedin.com/company/56430,0,Legitimate,Verified LinkedIn Company Page,,N/A - genuine company page found via user LinkedIn interests/follows,None reported,,,Interests,Real Madrid C.F.. Category: Verified LinkedIn Company Page,train
2340,Paddy Power Betfair,https://www.linkedin.com/company/23324,0,Legitimate,Verified LinkedIn Company Page,,N/A - genuine company page found via user LinkedIn interests/follows,None reported,,,Interests,Paddy Power Betfair. Category: Verified LinkedIn Company Page,train
2341,Anomaly Sports Group,https://www.linkedin.com/company/10317215,0,Legitimate,Verified LinkedIn Company Page,,N/A - genuine company page found via user LinkedIn interests/follows,None reported,,,Interests,Anomaly Sports Group. Category: Verified LinkedIn Company Page,val
2342,Cypress Ridge Capital,https://www.linkedin.com/company/71550677,0,Legitimate,Verified LinkedIn Company Page,,N/A - genuine company page found via user LinkedIn interests/follows,None reported,,,Interests,Cypress Ridge Capital. Category: Verified LinkedIn Company Page,train
2343,Atlantic Capital Bank,https://www.linkedin.com/company/58035,0,Legitimate,Verified LinkedIn Company Page,,N/A - genuine company page found via user LinkedIn interests/follows,None reported,,,Interests,Atlantic Capital Bank. Category: Verified LinkedIn Company Page,val
2344,Raise Black Voices,https://www.linkedin.com/company/54333219,0,Legitimate,Verified LinkedIn Company Page,,N/A - genuine company page found via user LinkedIn interests/follows,None reported,,,Interests,Raise Black Voices. Category: Verified LinkedIn Company Page,train
2345,CircuitSolver,https://www.linkedin.com/company/11242724,0,Legitimate,Verified LinkedIn Company Page,,N/A - genuine company page found via user LinkedIn interests/follows,None reported,,,Interests,CircuitSolver. Category: Verified LinkedIn Company Page,test
2346,Startup E U,https://www.linkedin.com/company/68744442,0,Legitimate,Verified LinkedIn Company Page,,N/A - genuine company page found via user LinkedIn interests/follows,None reported,,,Interests,Startup E U. Category: Verified LinkedIn Company Page,val
2347,Cypher Accelerator,https://www.linkedin.com/company/76237523,0,Legitimate,Verified LinkedIn Company Page,,N/A - genuine company page found via user LinkedIn interests/follows,None reported,,,Interests,Cypher Accelerator. Category: Verified LinkedIn Company Page,val
2348,The Greater Scranton Chamber of Commerce,https://www.linkedin.com/company/1360087,0,Legitimate,Verified LinkedIn Company Page,,N/A - genuine company page found via user LinkedIn interests/follows,None reported,,,Interests,The Greater Scranton Chamber of Commerce. Category: Verified LinkedIn Company Page,train
2349,360i,https://www.linkedin.com/company/8824,0,Legitimate,Verified LinkedIn Company Page,,N/A - genuine company page found via user LinkedIn interests/follows,None reported,,,Interests,360i. Category: Verified LinkedIn Company Page,test
2350,Pay.UK,https://www.linkedin.com/company/18710422,0,Legitimate,Verified LinkedIn Company Page,,N/A - genuine company page found via user LinkedIn interests/follows,None reported,,,Interests,Pay.UK. Category: Verified LinkedIn Company Page,train
2351,沧州瑞杰纸箱机械有限公司,https://www.linkedin.com/company/32691557,0,Legitimate,Verified LinkedIn Company Page,,N/A - genuine company page found via user LinkedIn interests/follows,None reported,,,Interests,沧州瑞杰纸箱机械有限公司. Category: Verified LinkedIn Company Page,val
2352,Riskers Watches,https://www.linkedin.com/company/18980831,0,Legitimate,Verified LinkedIn Company Page,,N/A - genuine company page found via user LinkedIn interests/follows,None reported,,,Interests,Riskers Watches. Category: Verified LinkedIn Company Page,train
2353,Ford Motor Company,https://www.linkedin.com/company/1483,0,Legitimate,Verified LinkedIn Company Page,,N/A - genuine company page found via user LinkedIn interests/follows,None reported,,,Interests,Ford Motor Company. Category: Verified LinkedIn Company Page,train
2354,Concordex Labs,https://www.linkedin.com/company/89251570,0,Legitimate,Verified LinkedIn Company Page,,N/A - genuine company page found via user LinkedIn interests/follows,None reported,,,Interests,Concordex Labs. Category: Verified LinkedIn Company Page,train
2355,COSMAX USA CORPORATION,https://www.linkedin.com/company/15283412,0,Legitimate,Verified LinkedIn Company Page,,N/A - genuine company page found via user LinkedIn interests/follows,None reported,,,Interests,COSMAX USA CORPORATION. Category: Verified LinkedIn Company Page,test
2356,Proto Hologram,https://www.linkedin.com/company/36097071,0,Legitimate,Verified LinkedIn Company Page,,N/A - genuine company page found via user LinkedIn interests/follows,None reported,,,Interests,Proto Hologram. Category: Verified LinkedIn Company Page,train
2357,Top Resume Coaches,https://www.linkedin.com/company/73847607,0,Legitimate,Verified LinkedIn Company Page,,N/A - genuine company page found via user LinkedIn interests/follows,None reported,,,Interests,Top Resume Coaches. Category: Verified LinkedIn Company Page,test
2358,Gallup Workplace,https://www.linkedin.com/company/15249041,0,Legitimate,Verified LinkedIn Company Page,,N/A - genuine company page found via user LinkedIn interests/follows,None reported,,,Interests,Gallup Workplace. Category: Verified LinkedIn Company Page,train
2359,Google Analytics,https://www.linkedin.com/company/10476436,0,Legitimate,Verified LinkedIn Company Page,,N/A - genuine company page found via user LinkedIn interests/follows,None reported,,,Interests,Google Analytics. Category: Verified LinkedIn Company Page,train
2360,OVC Consulting,https://www.linkedin.com/company/222191,0,Legitimate,Verified LinkedIn Company Page,,N/A - genuine company page found via user LinkedIn interests/follows,None reported,,,Interests,OVC Consulting. Category: Verified LinkedIn Company Page,test
2361,Forbes,https://www.linkedin.com/company/5597,0,Legitimate,Verified LinkedIn Company Page,,N/A - genuine company page found via user LinkedIn interests/follows,None reported,,,Interests,Forbes. Category: Verified LinkedIn Company Page,train
2362,CORTUS ADVISORY GROUP,https://www.linkedin.com/company/70958794,0,Legitimate,Verified LinkedIn Company Page,,N/A - genuine company page found via user LinkedIn interests/follows,None reported,,,Interests,CORTUS ADVISORY GROUP. Category: Verified LinkedIn Company Page,train
2363,War Child UK,https://www.linkedin.com/company/1039984,0,Legitimate,Verified LinkedIn Company Page,,N/A - genuine company page found via user LinkedIn interests/follows,None reported,,,Interests,War Child UK. Category: Verified LinkedIn Company Page,train
2364,Simplicity,https://www.linkedin.com/company/10852815,0,Legitimate,Verified LinkedIn Company Page,,N/A - genuine company page found via user LinkedIn interests/follows,None reported,,,Interests,Simplicity. Category: Verified LinkedIn Company Page,train
2365,MCR MEDIA SOLUTIONS LTD,https://www.linkedin.com/company/21275256,0,Legitimate,Verified LinkedIn Company Page,,N/A - genuine company page found via user LinkedIn interests/follows,None reported,,,Interests,MCR MEDIA SOLUTIONS LTD. Category: Verified LinkedIn Company Page,train
2366,Hilton Manhattan East Hotel,https://www.linkedin.com/company/52454963,0,Legitimate,Verified LinkedIn Company Page,,N/A - genuine company page found via user LinkedIn interests/follows,None reported,,,Interests,Hilton Manhattan East Hotel. Category: Verified LinkedIn Company Page,train
2367,Ogletree Deakins,https://www.linkedin.com/company/165290,0,Legitimate,Verified LinkedIn Company Page,,N/A - genuine company page found via user LinkedIn interests/follows,None reported,,,Interests,Ogletree Deakins. Category: Verified LinkedIn Company Page,train
2368,Yale University,https://www.linkedin.com/company/15248569,0,Legitimate,Verified LinkedIn Company Page,,N/A - genuine company page found via user LinkedIn interests/follows,None reported,,,Interests,Yale University. Category: Verified LinkedIn Company Page,train
2369,Syngenta,https://www.linkedin.com/company/3998,0,Legitimate,Verified LinkedIn Company Page,,N/A - genuine company page found via user LinkedIn interests/follows,None reported,,,Interests,Syngenta. Category: Verified LinkedIn Company Page,train
2370,UMG FOR BRANDS,https://www.linkedin.com/company/3067651,0,Legitimate,Verified LinkedIn Company Page,,N/A - genuine company page found via user LinkedIn interests/follows,None reported,,,Interests,UMG FOR BRANDS. Category: Verified LinkedIn Company Page,train
2371,Demand.io,https://www.linkedin.com/company/3135674,0,Legitimate,Verified LinkedIn Company Page,,N/A - genuine company page found via user LinkedIn interests/follows,None reported,,,Interests,Demand.io. Category: Verified LinkedIn Company Page,test
2372,CellMark,https://www.linkedin.com/company/89361,0,Legitimate,Verified LinkedIn Company Page,,N/A - genuine company page found via user LinkedIn interests/follows,None reported,,,Interests,CellMark. Category: Verified LinkedIn Company Page,train
2373,Launched.LA,https://www.linkedin.com/company/18968662,0,Legitimate,Verified LinkedIn Company Page,,N/A - genuine company page found via user LinkedIn interests/follows,None reported,,,Interests,Launched.LA. Category: Verified LinkedIn Company Page,val
2374,Talent 2 Employer,https://www.linkedin.com/company/80390772,0,Legitimate,Verified LinkedIn Company Page,,N/A - genuine company page found via user LinkedIn interests/follows,None reported,,,Interests,Talent 2 Employer. Category: Verified LinkedIn Company Page,train
2375,"Carter, Advancing Philanthropy Worldwide",https://www.linkedin.com/company/2525857,0,Legitimate,Verified LinkedIn Company Page,,N/A - genuine company page found via user LinkedIn interests/follows,None reported,,,Interests,"Carter, Advancing Philanthropy Worldwide. Category: Verified LinkedIn Company Page",train
2376,T.C. Williams High School,https://www.linkedin.com/company/33446192,0,Legitimate,Verified LinkedIn Company Page,,N/A - genuine company page found via user LinkedIn interests/follows,None reported,,,Interests,T.C. Williams High School. Category: Verified LinkedIn Company Page,train
2377,U.S. Marine Corps Forces Cyberspace Command (MARFORCYBER),https://www.linkedin.com/company/11198345,0,Legitimate,Verified LinkedIn Company Page,,N/A - genuine company page found via user LinkedIn interests/follows,None reported,,,Interests,U.S. Marine Corps Forces Cyberspace Command (MARFORCYBER). Category: Verified LinkedIn Company Page,val
2378,LA MER,https://www.linkedin.com/company/75040046,0,Legitimate,Verified LinkedIn Company Page,,N/A - genuine company page found via user LinkedIn interests/follows,None reported,,,Interests,LA MER. Category: Verified LinkedIn Company Page,train
2379,OpenBet,https://www.linkedin.com/company/165331,0,Legitimate,Verified LinkedIn Company Page,,N/A - genuine company page found via user LinkedIn interests/follows,None reported,,,Interests,OpenBet. Category: Verified LinkedIn Company Page,train
2380,BERETTA,https://www.linkedin.com/company/391414,0,Legitimate,Verified LinkedIn Company Page,,N/A - genuine company page found via user LinkedIn interests/follows,None reported,,,Interests,BERETTA. Category: Verified LinkedIn Company Page,train
2381,Grady Health Foundation,https://www.linkedin.com/company/6624480,0,Legitimate,Verified LinkedIn Company Page,,N/A - genuine company page found via user LinkedIn interests/follows,None reported,,,Interests,Grady Health Foundation. Category: Verified LinkedIn Company Page,train
2382,Forma,https://www.linkedin.com/company/17907029,0,Legitimate,Verified LinkedIn Company Page,,N/A - genuine company page found via user LinkedIn interests/follows,None reported,,,Interests,Forma. Category: Verified LinkedIn Company Page,train
2383,Jackrabbit Learning Experience,https://www.linkedin.com/company/35586471,0,Legitimate,Verified LinkedIn Company Page,,N/A - genuine company page found via user LinkedIn interests/follows,None reported,,,Interests,Jackrabbit Learning Experience. Category: Verified LinkedIn Company Page,test
2384,E. & J. Gallo Winery,https://www.linkedin.com/company/5471,0,Legitimate,Verified LinkedIn Company Page,,N/A - genuine company page found via user LinkedIn interests/follows,None reported,,,Interests,E. & J. Gallo Winery. Category: Verified LinkedIn Company Page,train
2385,South Asia Regional Energy Hub (SAREH),https://www.linkedin.com/company/64632451,0,Legitimate,Verified LinkedIn Company Page,,N/A - genuine company page found via user LinkedIn interests/follows,None reported,,,Interests,South Asia Regional Energy Hub (SAREH). Category: Verified LinkedIn Company Page,val
2386,Global Team Coaching Institute (GTCI),https://www.linkedin.com/company/68043184,0,Legitimate,Verified LinkedIn Company Page,,N/A - genuine company page found via user LinkedIn interests/follows,None reported,,,Interests,Global Team Coaching Institute (GTCI). Category: Verified LinkedIn Company Page,train
2387,mindzUnite,https://www.linkedin.com/company/3726864,0,Legitimate,Verified LinkedIn Company Page,,N/A - genuine company page found via user LinkedIn interests/follows,None reported,,,Interests,mindzUnite. Category: Verified LinkedIn Company Page,train
2388,The University of Hong Kong,https://www.linkedin.com/company/675376,0,Legitimate,Verified LinkedIn Company Page,,N/A - genuine company page found via user LinkedIn interests/follows,None reported,,,Interests,The University of Hong Kong. Category: Verified LinkedIn Company Page,val
2389,One Medical,https://www.linkedin.com/company/686294,0,Legitimate,Verified LinkedIn Company Page,,N/A - genuine company page found via user LinkedIn interests/follows,None reported,,,Interests,One Medical. Category: Verified LinkedIn Company Page,test
2390,DDB,https://www.linkedin.com/company/2976,0,Legitimate,Verified LinkedIn Company Page,,N/A - genuine company page found via user LinkedIn interests/follows,None reported,,,Interests,DDB. Category: Verified LinkedIn Company Page,train
2391,Aussie Broadband,https://www.linkedin.com/company/2440327,0,Legitimate,Verified LinkedIn Company Page,,N/A - genuine company page found via user LinkedIn interests/follows,None reported,,,Interests,Aussie Broadband. Category: Verified LinkedIn Company Page,test
2392,US Floating Solar,https://www.linkedin.com/company/28483831,0,Legitimate,Verified LinkedIn Company Page,,N/A - genuine company page found via user LinkedIn interests/follows,None reported,,,Interests,US Floating Solar. Category: Verified LinkedIn Company Page,train
2393,E.L. Haynes Public Charter School,https://www.linkedin.com/company/1539759,0,Legitimate,Verified LinkedIn Company Page,,N/A - genuine company page found via user LinkedIn interests/follows,None reported,,,Interests,E.L. Haynes Public Charter School. Category: Verified LinkedIn Company Page,train
2394,Veeva Systems,https://www.linkedin.com/company/402048,0,Legitimate,Verified LinkedIn Company Page,,N/A - genuine company page found via user LinkedIn interests/follows,None reported,,,Interests,Veeva Systems. Category: Verified LinkedIn Company Page,train
2395,Chongqing University,https://www.linkedin.com/company/1607923,0,Legitimate,Verified LinkedIn Company Page,,N/A - genuine company page found via user LinkedIn interests/follows,None reported,,,Interests,Chongqing University. Category: Verified LinkedIn Company Page,val
2396,Studio Blackburn,https://www.linkedin.com/company/3201677,0,Legitimate,Verified LinkedIn Company Page,,N/A - genuine company page found via user LinkedIn interests/follows,None reported,,,Interests,Studio Blackburn. Category: Verified LinkedIn Company Page,train
2397,JPMorgan Chase & Co.,https://www.linkedin.com/company/1068,0,Legitimate,Verified LinkedIn Company Page,,N/A - genuine company page found via user LinkedIn interests/follows,None reported,,,Interests,JPMorgan Chase & Co.. Category: Verified LinkedIn Company Page,train
2398,Makani,https://www.linkedin.com/company/1014817,0,Legitimate,Verified LinkedIn Company Page,,N/A - genuine company page found via user LinkedIn interests/follows,None reported,,,Interests,Makani. Category: Verified LinkedIn Company Page,train
2399,Prep Baseball Report,https://www.linkedin.com/company/1874292,0,Legitimate,Verified LinkedIn Company Page,,N/A - genuine company page found via user LinkedIn interests/follows,None reported,,,Interests,Prep Baseball Report. Category: Verified LinkedIn Company Page,train
2400,The Bridgespan Group,https://www.linkedin.com/company/11750,0,Legitimate,Verified LinkedIn Company Page,,N/A - genuine company page found via user LinkedIn interests/follows,None reported,,,Interests,The Bridgespan Group. Category: Verified LinkedIn Company Page,train
2401,Geisinger Medical Center,https://www.linkedin.com/company/18370,0,Legitimate,Verified LinkedIn Company Page,,N/A - genuine company page found via user LinkedIn interests/follows,None reported,,,Interests,Geisinger Medical Center. Category: Verified LinkedIn Company Page,train
2402,Aussie Biz Chic,https://www.linkedin.com/company/47595237,0,Legitimate,Verified LinkedIn Company Page,,N/A - genuine company page found via user LinkedIn interests/follows,None reported,,,Interests,Aussie Biz Chic. Category: Verified LinkedIn Company Page,train
2403,IsuiT,https://www.linkedin.com/company/13035487,0,Legitimate,Verified LinkedIn Company Page,,N/A - genuine company page found via user LinkedIn interests/follows,None reported,,,Interests,IsuiT. Category: Verified LinkedIn Company Page,test
2404,"Advantage Solutions: Sales, Marketing, Technology",https://www.linkedin.com/company/9123,0,Legitimate,Verified LinkedIn Company Page,,N/A - genuine company page found via user LinkedIn interests/follows,None reported,,,Interests,"Advantage Solutions: Sales, Marketing, Technology. Category: Verified LinkedIn Company Page",train
2405,National Legal Alliance,https://www.linkedin.com/company/72573410,0,Legitimate,Verified LinkedIn Company Page,,N/A - genuine company page found via user LinkedIn interests/follows,None reported,,,Interests,National Legal Alliance. Category: Verified LinkedIn Company Page,val
2406,Morgan Stanley Wealth Management,https://www.linkedin.com/company/1351,0,Legitimate,Verified LinkedIn Company Page,,N/A - genuine company page found via user LinkedIn interests/follows,None reported,,,Interests,Morgan Stanley Wealth Management. Category: Verified LinkedIn Company Page,train
2407,Dun & Bradstreet,https://www.linkedin.com/company/2385,0,Legitimate,Verified LinkedIn Company Page,,N/A - genuine company page found via user LinkedIn interests/follows,None reported,,,Interests,Dun & Bradstreet. Category: Verified LinkedIn Company Page,test
2408,1stDibs,https://www.linkedin.com/company/1068920,0,Legitimate,Verified LinkedIn Company Page,,N/A - genuine company page found via user LinkedIn interests/follows,None reported,,,Interests,1stDibs. Category: Verified LinkedIn Company Page,train
2409,Permian Global,https://www.linkedin.com/company/10153504,0,Legitimate,Verified LinkedIn Company Page,,N/A - genuine company page found via user LinkedIn interests/follows,None reported,,,Interests,Permian Global. Category: Verified LinkedIn Company Page,val
2410,Qinera,https://www.linkedin.com/company/737841,0,Legitimate,Verified LinkedIn Company Page,,N/A - genuine company page found via user LinkedIn interests/follows,None reported,,,Interests,Qinera. Category: Verified LinkedIn Company Page,test
2411,Tamer Group,https://www.linkedin.com/company/95426,0,Legitimate,Verified LinkedIn Company Page,,N/A - genuine company page found via user LinkedIn interests/follows,None reported,,,Interests,Tamer Group. Category: Verified LinkedIn Company Page,train
2412,LAVCA,https://www.linkedin.com/company/2982748,0,Legitimate,Verified LinkedIn Company Page,,N/A - genuine company page found via user LinkedIn interests/follows,None reported,,,Interests,LAVCA. Category: Verified LinkedIn Company Page,test
2413,Dixon Directional,https://www.linkedin.com/company/28894794,0,Legitimate,Verified LinkedIn Company Page,,N/A - genuine company page found via user LinkedIn interests/follows,None reported,,,Interests,Dixon Directional. Category: Verified LinkedIn Company Page,val
2414,Sullivan Strategies LLC,https://www.linkedin.com/company/18629102,0,Legitimate,Verified LinkedIn Company Page,,N/A - genuine company page found via user LinkedIn interests/follows,None reported,,,Interests,Sullivan Strategies LLC. Category: Verified LinkedIn Company Page,val
2415,Beyond the Bottomline - Anna Letitia Cook Limited,https://www.linkedin.com/company/10017035,0,Legitimate,Verified LinkedIn Company Page,,N/A - genuine company page found via user LinkedIn interests/follows,None reported,,,Interests,Beyond the Bottomline - Anna Letitia Cook Limited. Category: Verified LinkedIn Company Page,train
2416,Hamilton Lane,https://www.linkedin.com/company/23786,0,Legitimate,Verified LinkedIn Company Page,,N/A - genuine company page found via user LinkedIn interests/follows,None reported,,,Interests,Hamilton Lane. Category: Verified LinkedIn Company Page,train
2417,University of Georgia - Terry College of Business,https://www.linkedin.com/company/15248571,0,Legitimate,Verified LinkedIn Company Page,,N/A - genuine company page found via user LinkedIn interests/follows,None reported,,,Interests,University of Georgia - Terry College of Business. Category: Verified LinkedIn Company Page,val
2418,"Smithsonian Institution, Museum of Natural History",https://www.linkedin.com/company/1174385,0,Legitimate,Verified LinkedIn Company Page,,N/A - genuine company page found via user LinkedIn interests/follows,None reported,,,Interests,"Smithsonian Institution, Museum of Natural History. Category: Verified LinkedIn Company Page",train
2419,Tackle.io,https://www.linkedin.com/company/18222373,0,Legitimate,Verified LinkedIn Company Page,,N/A - genuine company page found via user LinkedIn interests/follows,None reported,,,Interests,Tackle.io. Category: Verified LinkedIn Company Page,val
2420,"ShenZhen KuanShing Packaging Manufacture Co.,Ltd",https://www.linkedin.com/company/25171568,0,Legitimate,Verified LinkedIn Company Page,,N/A - genuine company page found via user LinkedIn interests/follows,None reported,,,Interests,"ShenZhen KuanShing Packaging Manufacture Co.,Ltd. Category: Verified LinkedIn Company Page",test
2421,Quantela Inc.,https://www.linkedin.com/company/13333885,0,Legitimate,Verified LinkedIn Company Page,,N/A - genuine company page found via user LinkedIn interests/follows,None reported,,,Interests,Quantela Inc.. Category: Verified LinkedIn Company Page,val
2422,Philadelphia 76ers,https://www.linkedin.com/company/11323,0,Legitimate,Verified LinkedIn Company Page,,N/A - genuine company page found via user LinkedIn interests/follows,None reported,,,Interests,Philadelphia 76ers. Category: Verified LinkedIn Company Page,train
2423,United States Military Academy at West Point,https://www.linkedin.com/company/15250387,0,Legitimate,Verified LinkedIn Company Page,,N/A - genuine company page found via user LinkedIn interests/follows,None reported,,,Interests,United States Military Academy at West Point. Category: Verified LinkedIn Company Page,val
2424,Midas,https://www.linkedin.com/company/524506,0,Legitimate,Verified LinkedIn Company Page,,N/A - genuine company page found via user LinkedIn interests/follows,None reported,,,Interests,Midas. Category: Verified LinkedIn Company Page,train
2425,BNY Mellon Wealth Management,https://www.linkedin.com/company/3147956,0,Legitimate,Verified LinkedIn Company Page,,N/A - genuine company page found via user LinkedIn interests/follows,None reported,,,Interests,BNY Mellon Wealth Management. Category: Verified LinkedIn Company Page,train
2426,Rayonier,https://www.linkedin.com/company/20209,0,Legitimate,Verified LinkedIn Company Page,,N/A - genuine company page found via user LinkedIn interests/follows,None reported,,,Interests,Rayonier. Category: Verified LinkedIn Company Page,test
2427,Vodafone Business,https://www.linkedin.com/company/1110163,0,Legitimate,Verified LinkedIn Company Page,,N/A - genuine company page found via user LinkedIn interests/follows,None reported,,,Interests,Vodafone Business. Category: Verified LinkedIn Company Page,train
2428,BrightWords Copywriting Co.,,1,Fake_Scam,Freelance Work Scam,Fictitious Marketing Agency,Commissions large bulk copywriting assignments; disappears without payment upon delivery.,Work theft / content farming without compensation.,LinkedIn Post -> Google Doc,Medium,LinkedIn Fake Company Database,BrightWords Copywriting Co.. Category: Freelance Work Scam. Impersonation target: Fictitious Marketing Agency. Modus operandi: Commissions large bulk copywriting assignments; disappears without payment upon delivery.. Red flags: Work theft / content farming without compensation.,train
2429,Copper.co,https://www.linkedin.com/company/18459165,0,Legitimate,Verified LinkedIn Company Page,,N/A - genuine company page found via user LinkedIn interests/follows,None reported,,,Interests,Copper.co. Category: Verified LinkedIn Company Page,train
2430,Angelo State University,https://www.linkedin.com/company/19908,0,Legitimate,Verified LinkedIn Company Page,,N/A - genuine company page found via user LinkedIn interests/follows,None reported,,,Interests,Angelo State University. Category: Verified LinkedIn Company Page,test
2431,Do Good Institute,https://www.linkedin.com/company/35472796,0,Legitimate,Verified LinkedIn Company Page,,N/A - genuine company page found via user LinkedIn interests/follows,None reported,,,Interests,Do Good Institute. Category: Verified LinkedIn Company Page,test
2432,StorsenDigital,https://www.linkedin.com/company/18066777,0,Legitimate,Verified LinkedIn Company Page,,N/A - genuine company page found via user LinkedIn interests/follows,None reported,,,Interests,StorsenDigital. Category: Verified LinkedIn Company Page,test
2433,Spaycial,https://www.linkedin.com/company/10621359,0,Legitimate,Verified LinkedIn Company Page,,N/A - genuine company page found via user LinkedIn interests/follows,None reported,,,Interests,Spaycial. Category: Verified LinkedIn Company Page,test
2434,AndrÃ© Filion & Associates,https://www.linkedin.com/company/140757,0,Legitimate,Verified LinkedIn Company Page,,N/A - genuine company page found via user LinkedIn interests/follows,None reported,,,Interests,AndrÃ© Filion & Associates. Category: Verified LinkedIn Company Page,val
2435,Apex Financial Advisory Group,,1,Fake_Scam,Investment Scam Disguised as Job,Fabricated Wealth Manager,Hires remote 'Financial Analysts' who must invest personal funds to demonstrate trading skill.,Pig butchering / investment fraud disguised as employment trial period.,LinkedIn DM -> WhatsApp Group,Critical,LinkedIn Fake Company Database,Apex Financial Advisory Group. Category: Investment Scam Disguised as Job. Impersonation target: Fabricated Wealth Manager. Modus operandi: Hires remote 'Financial Analysts' who must invest personal funds to demonstrate trading skill.. Red flags: Pig butchering / investment fraud disguised as employment trial period.,train
2436,Spekit 🐙,https://www.linkedin.com/company/18421890,0,Legitimate,Verified LinkedIn Company Page,,N/A - genuine company page found via user LinkedIn interests/follows,None reported,,,Interests,Spekit 🐙. Category: Verified LinkedIn Company Page,train
2437,MIND 24-7,https://www.linkedin.com/company/68868739,0,Legitimate,Verified LinkedIn Company Page,,N/A - genuine company page found via user LinkedIn interests/follows,None reported,,,Interests,MIND 24-7. Category: Verified LinkedIn Company Page,train
2438,ARRAY,https://www.linkedin.com/company/23686318,0,Legitimate,Verified LinkedIn Company Page,,N/A - genuine company page found via user LinkedIn interests/follows,None reported,,,Interests,ARRAY. Category: Verified LinkedIn Company Page,train
2439,THE-LOWDOWN Group,https://www.linkedin.com/company/3148326,0,Legitimate,Verified LinkedIn Company Page,,N/A - genuine company page found via user LinkedIn interests/follows,None reported,,,Interests,THE-LOWDOWN Group. Category: Verified LinkedIn Company Page,test
2440,Divinus Caritas Ministries,https://www.linkedin.com/company/81354793,0,Legitimate,Verified LinkedIn Company Page,,N/A - genuine company page found via user LinkedIn interests/follows,None reported,,,Interests,Divinus Caritas Ministries. Category: Verified LinkedIn Company Page,train
2441,BlackRifle Co,https://www.linkedin.com/company/14845131,0,Legitimate,Verified LinkedIn Company Page,,N/A - genuine company page found via user LinkedIn interests/follows,None reported,,,Interests,BlackRifle Co. Category: Verified LinkedIn Company Page,train
2442,Juvia Group,https://www.linkedin.com/company/2354086,0,Legitimate,Verified LinkedIn Company Page,,N/A - genuine company page found via user LinkedIn interests/follows,None reported,,,Interests,Juvia Group. Category: Verified LinkedIn Company Page,train
2443,Westmont College,https://www.linkedin.com/company/166922,0,Legitimate,Verified LinkedIn Company Page,,N/A - genuine company page found via user LinkedIn interests/follows,None reported,,,Interests,Westmont College. Category: Verified LinkedIn Company Page,val
2444,twine,https://www.linkedin.com/company/30109288,0,Legitimate,Verified LinkedIn Company Page,,N/A - genuine company page found via user LinkedIn interests/follows,None reported,,,Interests,twine. Category: Verified LinkedIn Company Page,test
2445,Tesla,https://www.linkedin.com/company/15564,0,Legitimate,Verified LinkedIn Company Page,,N/A - genuine company page found via user LinkedIn interests/follows,None reported,,,Interests,Tesla. Category: Verified LinkedIn Company Page,train
2446,AlphaProof Editorial Agency,,1,Fake_Scam,Freelance Work Scam,Fictitious Proofreading Firm,Requires paying $75 for 'proofing style guide and exam evaluation'.,Advance test fee racket targeting remote proofreaders.,LinkedIn Post -> Stripe Link,Medium,LinkedIn Fake Company Database,AlphaProof Editorial Agency. Category: Freelance Work Scam. Impersonation target: Fictitious Proofreading Firm. Modus operandi: Requires paying $75 for 'proofing style guide and exam evaluation'.. Red flags: Advance test fee racket targeting remote proofreaders.,train
2447,Pima Community College,https://www.linkedin.com/company/19338,0,Legitimate,Verified LinkedIn Company Page,,N/A - genuine company page found via user LinkedIn interests/follows,None reported,,,Interests,Pima Community College. Category: Verified LinkedIn Company Page,train
2448,DB4 and Associates,https://www.linkedin.com/company/78851550,0,Legitimate,Verified LinkedIn Company Page,,N/A - genuine company page found via user LinkedIn interests/follows,None reported,,,Interests,DB4 and Associates. Category: Verified LinkedIn Company Page,train
2449,Marcu & Arora,https://www.linkedin.com/company/68618756,0,Legitimate,Verified LinkedIn Company Page,,N/A - genuine company page found via user LinkedIn interests/follows,None reported,,,Interests,Marcu & Arora. Category: Verified LinkedIn Company Page,train
2450,PetSmart Charities,https://www.linkedin.com/company/25039445,0,Legitimate,Verified LinkedIn Company Page,,N/A - genuine company page found via user LinkedIn interests/follows,None reported,,,Interests,PetSmart Charities. Category: Verified LinkedIn Company Page,val
2451,Radio One,https://www.linkedin.com/company/9416,0,Legitimate,Verified LinkedIn Company Page,,N/A - genuine company page found via user LinkedIn interests/follows,None reported,,,Interests,Radio One. Category: Verified LinkedIn Company Page,train
2452,The Wall Street Journal,https://www.linkedin.com/company/2282,0,Legitimate,Verified LinkedIn Company Page,,N/A - genuine company page found via user LinkedIn interests/follows,None reported,,,Interests,The Wall Street Journal. Category: Verified LinkedIn Company Page,train
2453,Dubai Developments,https://www.linkedin.com/company/3868250,0,Legitimate,Verified LinkedIn Company Page,,N/A - genuine company page found via user LinkedIn interests/follows,None reported,,,Interests,Dubai Developments. Category: Verified LinkedIn Company Page,train
2454,BMW Manufacturing Gen>NEXT Student Programs,https://www.linkedin.com/company/80314792,0,Legitimate,Verified LinkedIn Company Page,,N/A - genuine company page found via user LinkedIn interests/follows,None reported,,,Interests,BMW Manufacturing Gen>NEXT Student Programs. Category: Verified LinkedIn Company Page,train
2455,Bloom,https://www.linkedin.com/company/821922,0,Legitimate,Verified LinkedIn Company Page,,N/A - genuine company page found via user LinkedIn interests/follows,None reported,,,Interests,Bloom. Category: Verified LinkedIn Company Page,train
2456,G2Xchange,https://www.linkedin.com/company/3871899,0,Legitimate,Verified LinkedIn Company Page,,N/A - genuine company page found via user LinkedIn interests/follows,None reported,,,Interests,G2Xchange. Category: Verified LinkedIn Company Page,train
2457,LinkTips LinkedIn Tips,https://www.linkedin.com/company/89950591,0,Legitimate,Verified LinkedIn Company Page,,N/A - genuine company page found via user LinkedIn interests/follows,None reported,,,Interests,LinkTips LinkedIn Tips. Category: Verified LinkedIn Company Page,test
2458,Circular Wave,https://www.linkedin.com/company/11809891,0,Legitimate,Verified LinkedIn Company Page,,N/A - genuine company page found via user LinkedIn interests/follows,None reported,,,Interests,Circular Wave. Category: Verified LinkedIn Company Page,test
2459,MACRO,https://www.linkedin.com/company/3535668,0,Legitimate,Verified LinkedIn Company Page,,N/A - genuine company page found via user LinkedIn interests/follows,None reported,,,Interests,MACRO. Category: Verified LinkedIn Company Page,val
2460,Southern Polytechnic State University,https://www.linkedin.com/company/21902,0,Legitimate,Verified LinkedIn Company Page,,N/A - genuine company page found via user LinkedIn interests/follows,None reported,,,Interests,Southern Polytechnic State University. Category: Verified LinkedIn Company Page,train
2461,Que Pasa NJ,https://www.linkedin.com/company/65647229,0,Legitimate,Verified LinkedIn Company Page,,N/A - genuine company page found via user LinkedIn interests/follows,None reported,,,Interests,Que Pasa NJ. Category: Verified LinkedIn Company Page,train
2462,Open Collective,https://www.linkedin.com/company/11422990,0,Legitimate,Verified LinkedIn Company Page,,N/A - genuine company page found via user LinkedIn interests/follows,None reported,,,Interests,Open Collective. Category: Verified LinkedIn Company Page,val
2463,The Coalition for Hemophilia B,https://www.linkedin.com/company/51690006,0,Legitimate,Verified LinkedIn Company Page,,N/A - genuine company page found via user LinkedIn interests/follows,None reported,,,Interests,The Coalition for Hemophilia B. Category: Verified LinkedIn Company Page,train
2464,USANA Health Sciences,https://www.linkedin.com/company/5599,0,Legitimate,Verified LinkedIn Company Page,,N/A - genuine company page found via user LinkedIn interests/follows,None reported,,,Interests,USANA Health Sciences. Category: Verified LinkedIn Company Page,val
2465,LM JV (Laing O'Rourke and Murphy Group Joint Venture),https://www.linkedin.com/company/18203437,0,Legitimate,Verified LinkedIn Company Page,,N/A - genuine company page found via user LinkedIn interests/follows,None reported,,,Interests,LM JV (Laing O'Rourke and Murphy Group Joint Venture). Category: Verified LinkedIn Company Page,val
2466,Cree,https://www.linkedin.com/company/13127,0,Legitimate,Verified LinkedIn Company Page,,N/A - genuine company page found via user LinkedIn interests/follows,None reported,,,Interests,Cree. Category: Verified LinkedIn Company Page,train
2467,The University of Sheffield,https://www.linkedin.com/company/8421,0,Legitimate,Verified LinkedIn Company Page,,N/A - genuine company page found via user LinkedIn interests/follows,None reported,,,Interests,The University of Sheffield. Category: Verified LinkedIn Company Page,test
2468,AlilReiki,https://www.linkedin.com/company/89688751,0,Legitimate,Verified LinkedIn Company Page,,N/A - genuine company page found via user LinkedIn interests/follows,None reported,,,Interests,AlilReiki. Category: Verified LinkedIn Company Page,test
2469,US Water Alliance,https://www.linkedin.com/company/2798217,0,Legitimate,Verified LinkedIn Company Page,,N/A - genuine company page found via user LinkedIn interests/follows,None reported,,,Interests,US Water Alliance. Category: Verified LinkedIn Company Page,train
2470,Boys & Girls Clubs of Metro Los Angeles,https://www.linkedin.com/company/18901190,0,Legitimate,Verified LinkedIn Company Page,,N/A - genuine company page found via user LinkedIn interests/follows,None reported,,,Interests,Boys & Girls Clubs of Metro Los Angeles. Category: Verified LinkedIn Company Page,train
2471,Analytx,https://www.linkedin.com/company/69333710,0,Legitimate,Verified LinkedIn Company Page,,N/A - genuine company page found via user LinkedIn interests/follows,None reported,,,Interests,Analytx. Category: Verified LinkedIn Company Page,train
2472,EPONYME,https://www.linkedin.com/company/76400533,0,Legitimate,Verified LinkedIn Company Page,,N/A - genuine company page found via user LinkedIn interests/follows,None reported,,,Interests,EPONYME. Category: Verified LinkedIn Company Page,test
2473,Cisco,https://www.linkedin.com/company/1063,0,Legitimate,Verified LinkedIn Company Page,,N/A - genuine company page found via user LinkedIn interests/follows,None reported,,,Interests,Cisco. Category: Verified LinkedIn Company Page,train
2474,SBA Pro-Life America,https://www.linkedin.com/company/1994396,0,Legitimate,Verified LinkedIn Company Page,,N/A - genuine company page found via user LinkedIn interests/follows,None reported,,,Interests,SBA Pro-Life America. Category: Verified LinkedIn Company Page,train
2475,GlaxoSmithKline Remote Careers,,1,Fake_Scam,Enterprise Impersonation,GSK plc,Issues immediate offer for document clerk; asks for bank account details and ID scans.,Identity theft and financial account exploitation.,LinkedIn Message -> Form,High,LinkedIn Fake Company Database,GlaxoSmithKline Remote Careers. Category: Enterprise Impersonation. Impersonation target: GSK plc. Modus operandi: Issues immediate offer for document clerk; asks for bank account details and ID scans.. Red flags: Identity theft and financial account exploitation.,train
2476,HC3-Hispanic C-Suite Corporate Council,https://www.linkedin.com/company/11841489,0,Legitimate,Verified LinkedIn Company Page,,N/A - genuine company page found via user LinkedIn interests/follows,None reported,,,Interests,HC3-Hispanic C-Suite Corporate Council. Category: Verified LinkedIn Company Page,train
2477,Arkham Ventures,https://www.linkedin.com/company/72566230,0,Legitimate,Verified LinkedIn Company Page,,N/A - genuine company page found via user LinkedIn interests/follows,None reported,,,Interests,Arkham Ventures. Category: Verified LinkedIn Company Page,train
2478,Warner Bros. Entertainment,https://www.linkedin.com/company/2470,0,Legitimate,Verified LinkedIn Company Page,,N/A - genuine company page found via user LinkedIn interests/follows,None reported,,,Interests,Warner Bros. Entertainment. Category: Verified LinkedIn Company Page,train
2479,AI Institute for Next Generation Food Systems,https://www.linkedin.com/company/68939614,0,Legitimate,Verified LinkedIn Company Page,,N/A - genuine company page found via user LinkedIn interests/follows,None reported,,,Interests,AI Institute for Next Generation Food Systems. Category: Verified LinkedIn Company Page,train
2480,UBER Search Partners,https://www.linkedin.com/company/18443990,0,Legitimate,Verified LinkedIn Company Page,,N/A - genuine company page found via user LinkedIn interests/follows,None reported,,,Interests,UBER Search Partners. Category: Verified LinkedIn Company Page,train
2481,Cybalt,https://www.linkedin.com/company/81626962,0,Legitimate,Verified LinkedIn Company Page,,N/A - genuine company page found via user LinkedIn interests/follows,None reported,,,Interests,Cybalt. Category: Verified LinkedIn Company Page,val
2482,TS Grale,https://www.linkedin.com/company/10620134,0,Legitimate,Verified LinkedIn Company Page,,N/A - genuine company page found via user LinkedIn interests/follows,None reported,,,Interests,TS Grale. Category: Verified LinkedIn Company Page,val
2483,"Transit Labs, LLC",https://www.linkedin.com/company/4984819,0,Legitimate,Verified LinkedIn Company Page,,N/A - genuine company page found via user LinkedIn interests/follows,None reported,,,Interests,"Transit Labs, LLC. Category: Verified LinkedIn Company Page",train
2484,St. Louis Sports Commission,https://www.linkedin.com/company/2858758,0,Legitimate,Verified LinkedIn Company Page,,N/A - genuine company page found via user LinkedIn interests/follows,None reported,,,Interests,St. Louis Sports Commission. Category: Verified LinkedIn Company Page,test
2485,Army Chief Information Officer,https://www.linkedin.com/company/11477976,0,Legitimate,Verified LinkedIn Company Page,,N/A - genuine company page found via user LinkedIn interests/follows,None reported,,,Interests,Army Chief Information Officer. Category: Verified LinkedIn Company Page,train
2486,Government Finance Officers Association (GFOA),https://www.linkedin.com/company/59136,0,Legitimate,Verified LinkedIn Company Page,,N/A - genuine company page found via user LinkedIn interests/follows,None reported,,,Interests,Government Finance Officers Association (GFOA). Category: Verified LinkedIn Company Page,test
2487,Self Employed,https://www.linkedin.com/company/33200573,0,Legitimate,Verified LinkedIn Company Page,,N/A - genuine company page found via user LinkedIn interests/follows,None reported,,,Interests,Self Employed. Category: Verified LinkedIn Company Page,train
2488,CyberShield Defense Tech,,1,Fake_Scam,Shell Cyber Consultancy,Fabricated Cyber Firm,Offers junior ethical hacker roles; sends malicious Python script as 'penetration testing challenge'.,Reverse shell backdoor injected during assessment test.,LinkedIn Job Post -> GitHub Repo,Critical,LinkedIn Fake Company Database,CyberShield Defense Tech. Category: Shell Cyber Consultancy. Impersonation target: Fabricated Cyber Firm. Modus operandi: Offers junior ethical hacker roles; sends malicious Python script as 'penetration testing challenge'.. Red flags: Reverse shell backdoor injected during assessment test.,val
2489,Secret City Records,https://www.linkedin.com/company/35530158,0,Legitimate,Verified LinkedIn Company Page,,N/A - genuine company page found via user LinkedIn interests/follows,None reported,,,Interests,Secret City Records. Category: Verified LinkedIn Company Page,train
2490,NYSARC Trust Services,https://www.linkedin.com/company/11530389,0,Legitimate,Verified LinkedIn Company Page,,N/A - genuine company page found via user LinkedIn interests/follows,None reported,,,Interests,NYSARC Trust Services. Category: Verified LinkedIn Company Page,test
2491,Regent University,https://www.linkedin.com/company/14517,0,Legitimate,Verified LinkedIn Company Page,,N/A - genuine company page found via user LinkedIn interests/follows,None reported,,,Interests,Regent University. Category: Verified LinkedIn Company Page,train
2492,CyberDuo,https://www.linkedin.com/company/19010961,0,Legitimate,Verified LinkedIn Company Page,,N/A - genuine company page found via user LinkedIn interests/follows,None reported,,,Interests,CyberDuo. Category: Verified LinkedIn Company Page,test
2493,Boston College,https://www.linkedin.com/company/5396,0,Legitimate,Verified LinkedIn Company Page,,N/A - genuine company page found via user LinkedIn interests/follows,None reported,,,Interests,Boston College. Category: Verified LinkedIn Company Page,train
2494,Children's Health,https://www.linkedin.com/company/10032,0,Legitimate,Verified LinkedIn Company Page,,N/A - genuine company page found via user LinkedIn interests/follows,None reported,,,Interests,Children's Health. Category: Verified LinkedIn Company Page,train
2495,Milestones Labs,https://www.linkedin.com/company/73456000,0,Legitimate,Verified LinkedIn Company Page,,N/A - genuine company page found via user LinkedIn interests/follows,None reported,,,Interests,Milestones Labs. Category: Verified LinkedIn Company Page,train
2496,American Express Business,https://www.linkedin.com/company/2419120,0,Legitimate,Verified LinkedIn Company Page,,N/A - genuine company page found via user LinkedIn interests/follows,None reported,,,Interests,American Express Business. Category: Verified LinkedIn Company Page,train
2497,University of North Florida,https://www.linkedin.com/company/13921,0,Legitimate,Verified LinkedIn Company Page,,N/A - genuine company page found via user LinkedIn interests/follows,None reported,,,Interests,University of North Florida. Category: Verified LinkedIn Company Page,val
2498,Fresenius Medical Care Perú,https://www.linkedin.com/company/53240808,0,Legitimate,Verified LinkedIn Company Page,,N/A - genuine company page found via user LinkedIn interests/follows,None reported,,,Interests,Fresenius Medical Care Perú. Category: Verified LinkedIn Company Page,test
2499,Clever Housewife,https://www.linkedin.com/company/2169710,0,Legitimate,Verified LinkedIn Company Page,,N/A - genuine company page found via user LinkedIn interests/follows,None reported,,,Interests,Clever Housewife. Category: Verified LinkedIn Company Page,train
2500,Premier Talent Partners,https://www.linkedin.com/company/27069,0,Legitimate,Verified LinkedIn Company Page,,N/A - genuine company page found via user LinkedIn interests/follows,None reported,,,Interests,Premier Talent Partners. Category: Verified LinkedIn Company Page,val
2501,Strickland Debrow LLP,https://www.linkedin.com/company/82297745,0,Legitimate,Verified LinkedIn Company Page,,N/A - genuine company page found via user LinkedIn interests/follows,None reported,,,Interests,Strickland Debrow LLP. Category: Verified LinkedIn Company Page,train
2502,TBWA\WORLDHEALTH,https://www.linkedin.com/company/10579793,0,Legitimate,Verified LinkedIn Company Page,,N/A - genuine company page found via user LinkedIn interests/follows,None reported,,,Interests,TBWA\WORLDHEALTH. Category: Verified LinkedIn Company Page,train
2503,Scality,https://www.linkedin.com/company/1052172,0,Legitimate,Verified LinkedIn Company Page,,N/A - genuine company page found via user LinkedIn interests/follows,None reported,,,Interests,Scality. Category: Verified LinkedIn Company Page,val
2504,Isenberg Undergraduate Consulting Group (IUCG),https://www.linkedin.com/company/5246838,0,Legitimate,Verified LinkedIn Company Page,,N/A - genuine company page found via user LinkedIn interests/follows,None reported,,,Interests,Isenberg Undergraduate Consulting Group (IUCG). Category: Verified LinkedIn Company Page,val
2505,API Evangelist,https://www.linkedin.com/company/1500316,0,Legitimate,Verified LinkedIn Company Page,,N/A - genuine company page found via user LinkedIn interests/follows,None reported,,,Interests,API Evangelist. Category: Verified LinkedIn Company Page,train
2506,Honest Jobs,https://www.linkedin.com/company/13046366,0,Legitimate,Verified LinkedIn Company Page,,N/A - genuine company page found via user LinkedIn interests/follows,None reported,,,Interests,Honest Jobs. Category: Verified LinkedIn Company Page,val
2507,Enablers,https://www.linkedin.com/company/14630272,0,Legitimate,Verified LinkedIn Company Page,,N/A - genuine company page found via user LinkedIn interests/follows,None reported,,,Interests,Enablers. Category: Verified LinkedIn Company Page,train
2508,Amazon Logistics Remote Services,,1,Fake_Scam,Enterprise Impersonation,Amazon.com Inc.,Offers fake customer service roles; requests purchasing specialized headset from specific portal.,Phishing link disguised as internal vendor equipment store.,LinkedIn Message -> Form,High,LinkedIn Fake Company Database,Amazon Logistics Remote Services. Category: Enterprise Impersonation. Impersonation target: Amazon.com Inc.. Modus operandi: Offers fake customer service roles; requests purchasing specialized headset from specific portal.. Red flags: Phishing link disguised as internal vendor equipment store.,train
2509,Affinis Hospice,https://www.linkedin.com/company/7203879,0,Legitimate,Verified LinkedIn Company Page,,N/A - genuine company page found via user LinkedIn interests/follows,None reported,,,Interests,Affinis Hospice. Category: Verified LinkedIn Company Page,train
2510,StubHub,https://www.linkedin.com/company/10061,0,Legitimate,Verified LinkedIn Company Page,,N/A - genuine company page found via user LinkedIn interests/follows,None reported,,,Interests,StubHub. Category: Verified LinkedIn Company Page,train
2511,Pratt Institute,https://www.linkedin.com/company/12099,0,Legitimate,Verified LinkedIn Company Page,,N/A - genuine company page found via user LinkedIn interests/follows,None reported,,,Interests,Pratt Institute. Category: Verified LinkedIn Company Page,train
2512,Business France (Export),https://www.linkedin.com/company/166555,0,Legitimate,Verified LinkedIn Company Page,,N/A - genuine company page found via user LinkedIn interests/follows,None reported,,,Interests,Business France (Export). Category: Verified LinkedIn Company Page,train
2513,TechSquad,https://www.linkedin.com/company/87982505,0,Legitimate,Verified LinkedIn Company Page,,N/A - genuine company page found via user LinkedIn interests/follows,None reported,,,Interests,TechSquad. Category: Verified LinkedIn Company Page,train
2514,City of Atlanta,https://www.linkedin.com/company/8737,0,Legitimate,Verified LinkedIn Company Page,,N/A - genuine company page found via user LinkedIn interests/follows,None reported,,,Interests,City of Atlanta. Category: Verified LinkedIn Company Page,train
2515,Texas A&M Hispanic Network,https://www.linkedin.com/company/79912606,0,Legitimate,Verified LinkedIn Company Page,,N/A - genuine company page found via user LinkedIn interests/follows,None reported,,,Interests,Texas A&M Hispanic Network. Category: Verified LinkedIn Company Page,train
2516,The COMO Group,https://www.linkedin.com/company/65872967,0,Legitimate,Verified LinkedIn Company Page,,N/A - genuine company page found via user LinkedIn interests/follows,None reported,,,Interests,The COMO Group. Category: Verified LinkedIn Company Page,train
2517,Alstom,https://www.linkedin.com/company/2443,0,Legitimate,Verified LinkedIn Company Page,,N/A - genuine company page found via user LinkedIn interests/follows,None reported,,,Interests,Alstom. Category: Verified LinkedIn Company Page,test
2518,BPRI,https://www.linkedin.com/company/43790,0,Legitimate,Verified LinkedIn Company Page,,N/A - genuine company page found via user LinkedIn interests/follows,None reported,,,Interests,BPRI. Category: Verified LinkedIn Company Page,test
2519,Informa Connect - Global Finance,https://www.linkedin.com/company/11119623,0,Legitimate,Verified LinkedIn Company Page,,N/A - genuine company page found via user LinkedIn interests/follows,None reported,,,Interests,Informa Connect - Global Finance. Category: Verified LinkedIn Company Page,test
2520,KeeKee's Big Adventures,https://www.linkedin.com/company/11040871,0,Legitimate,Verified LinkedIn Company Page,,N/A - genuine company page found via user LinkedIn interests/follows,None reported,,,Interests,KeeKee's Big Adventures. Category: Verified LinkedIn Company Page,train
2521,TD Insurance,https://www.linkedin.com/company/16207720,0,Legitimate,Verified LinkedIn Company Page,,N/A - genuine company page found via user LinkedIn interests/follows,None reported,,,Interests,TD Insurance. Category: Verified LinkedIn Company Page,val
2522,Ten Thousand Coffees,https://www.linkedin.com/company/4976234,0,Legitimate,Verified LinkedIn Company Page,,N/A - genuine company page found via user LinkedIn interests/follows,None reported,,,Interests,Ten Thousand Coffees. Category: Verified LinkedIn Company Page,train
2523,吉林恒正网络文化传媒有限公司,https://www.linkedin.com/company/30373135,0,Legitimate,Verified LinkedIn Company Page,,N/A - genuine company page found via user LinkedIn interests/follows,None reported,,,Interests,吉林恒正网络文化传媒有限公司. Category: Verified LinkedIn Company Page,train
2524,Diversity.com,https://www.linkedin.com/company/856458,0,Legitimate,Verified LinkedIn Company Page,,N/A - genuine company page found via user LinkedIn interests/follows,None reported,,,Interests,Diversity.com. Category: Verified LinkedIn Company Page,train
2525,IRS Criminal Investigation,https://www.linkedin.com/company/9945288,0,Legitimate,Verified LinkedIn Company Page,,N/A - genuine company page found via user LinkedIn interests/follows,None reported,,,Interests,IRS Criminal Investigation. Category: Verified LinkedIn Company Page,train
2526,Valiant 3 Communications,https://www.linkedin.com/company/32592777,0,Legitimate,Verified LinkedIn Company Page,,N/A - genuine company page found via user LinkedIn interests/follows,None reported,,,Interests,Valiant 3 Communications. Category: Verified LinkedIn Company Page,train
2527,Centum Health Properties,https://www.linkedin.com/company/296974,0,Legitimate,Verified LinkedIn Company Page,,N/A - genuine company page found via user LinkedIn interests/follows,None reported,,,Interests,Centum Health Properties. Category: Verified LinkedIn Company Page,val
2528,Fion Beauty Supplies,https://www.linkedin.com/company/62443075,0,Legitimate,Verified LinkedIn Company Page,,N/A - genuine company page found via user LinkedIn interests/follows,None reported,,,Interests,Fion Beauty Supplies. Category: Verified LinkedIn Company Page,train
2529,"SAN FRANCISCO OCULOFACIAL PLASTIC SURGERY, P.C.",https://www.linkedin.com/company/62922046,0,Legitimate,Verified LinkedIn Company Page,,N/A - genuine company page found via user LinkedIn interests/follows,None reported,,,Interests,"SAN FRANCISCO OCULOFACIAL PLASTIC SURGERY, P.C.. Category: Verified LinkedIn Company Page",train
2530,Vitalyst,https://www.linkedin.com/company/49807,0,Legitimate,Verified LinkedIn Company Page,,N/A - genuine company page found via user LinkedIn interests/follows,None reported,,,Interests,Vitalyst. Category: Verified LinkedIn Company Page,train
2531,Precision Career Matching,,1,Fake_Scam,Ghost Staffing Agency,Fake Recruiting Agency,Collects detailed employment history to sell targeted contact lists to spammers.,Lead generation and data brokering without real job openings.,LinkedIn Job Boards -> Data Portal,Low,LinkedIn Fake Company Database,Precision Career Matching. Category: Ghost Staffing Agency. Impersonation target: Fake Recruiting Agency. Modus operandi: Collects detailed employment history to sell targeted contact lists to spammers.. Red flags: Lead generation and data brokering without real job openings.,train
2532,National University of Singapore,https://www.linkedin.com/company/5524,0,Legitimate,Verified LinkedIn Company Page,,N/A - genuine company page found via user LinkedIn interests/follows,None reported,,,Interests,National University of Singapore. Category: Verified LinkedIn Company Page,train
2533,Hong Kong Institute for Monetary and Financial Research (HKIMR),https://www.linkedin.com/company/20423758,0,Legitimate,Verified LinkedIn Company Page,,N/A - genuine company page found via user LinkedIn interests/follows,None reported,,,Interests,Hong Kong Institute for Monetary and Financial Research (HKIMR). Category: Verified LinkedIn Company Page,train
2534,National Notary Association,https://www.linkedin.com/company/22785,0,Legitimate,Verified LinkedIn Company Page,,N/A - genuine company page found via user LinkedIn interests/follows,None reported,,,Interests,National Notary Association. Category: Verified LinkedIn Company Page,test
2535,Institute of Child Nutrition,https://www.linkedin.com/company/16190058,0,Legitimate,Verified LinkedIn Company Page,,N/A - genuine company page found via user LinkedIn interests/follows,None reported,,,Interests,Institute of Child Nutrition. Category: Verified LinkedIn Company Page,train
2536,Columbia Business School,https://www.linkedin.com/company/2625,0,Legitimate,Verified LinkedIn Company Page,,N/A - genuine company page found via user LinkedIn interests/follows,None reported,,,Interests,Columbia Business School. Category: Verified LinkedIn Company Page,train
2537,Marvet Britto,https://www.linkedin.com/company/14845093,0,Legitimate,Verified LinkedIn Company Page,,N/A - genuine company page found via user LinkedIn interests/follows,None reported,,,Interests,Marvet Britto. Category: Verified LinkedIn Company Page,train
2538,Hubei Normal University,https://www.linkedin.com/company/15090862,0,Legitimate,Verified LinkedIn Company Page,,N/A - genuine company page found via user LinkedIn interests/follows,None reported,,,Interests,Hubei Normal University. Category: Verified LinkedIn Company Page,train
2539,beSouba,https://www.linkedin.com/company/40717927,0,Legitimate,Verified LinkedIn Company Page,,N/A - genuine company page found via user LinkedIn interests/follows,None reported,,,Interests,beSouba. Category: Verified LinkedIn Company Page,train
2540,UC Davis Health,https://www.linkedin.com/company/2844,0,Legitimate,Verified LinkedIn Company Page,,N/A - genuine company page found via user LinkedIn interests/follows,None reported,,,Interests,UC Davis Health. Category: Verified LinkedIn Company Page,train
2541,YPO,https://www.linkedin.com/company/16041,0,Legitimate,Verified LinkedIn Company Page,,N/A - genuine company page found via user LinkedIn interests/follows,None reported,,,Interests,YPO. Category: Verified LinkedIn Company Page,val
2542,G&M Fashion Career,https://www.linkedin.com/company/3091073,0,Legitimate,Verified LinkedIn Company Page,,N/A - genuine company page found via user LinkedIn interests/follows,None reported,,,Interests,G&M Fashion Career. Category: Verified LinkedIn Company Page,train
2543,"NxStage Medical, Inc.",https://www.linkedin.com/company/41136,0,Legitimate,Verified LinkedIn Company Page,,N/A - genuine company page found via user LinkedIn interests/follows,None reported,,,Interests,"NxStage Medical, Inc.. Category: Verified LinkedIn Company Page",train
2544,Gilbert Family Foundation,https://www.linkedin.com/company/40657407,0,Legitimate,Verified LinkedIn Company Page,,N/A - genuine company page found via user LinkedIn interests/follows,None reported,,,Interests,Gilbert Family Foundation. Category: Verified LinkedIn Company Page,train
2545,WorldatWork,https://www.linkedin.com/company/166975,0,Legitimate,Verified LinkedIn Company Page,,N/A - genuine company page found via user LinkedIn interests/follows,None reported,,,Interests,WorldatWork. Category: Verified LinkedIn Company Page,test
2546,Eater,https://www.linkedin.com/company/1388476,0,Legitimate,Verified LinkedIn Company Page,,N/A - genuine company page found via user LinkedIn interests/follows,None reported,,,Interests,Eater. Category: Verified LinkedIn Company Page,val
2547,Fast Company Brasil,https://www.linkedin.com/company/69525382,0,Legitimate,Verified LinkedIn Company Page,,N/A - genuine company page found via user LinkedIn interests/follows,None reported,,,Interests,Fast Company Brasil. Category: Verified LinkedIn Company Page,train
2548,Airtasker,https://www.linkedin.com/company/2493828,0,Legitimate,Verified LinkedIn Company Page,,N/A - genuine company page found via user LinkedIn interests/follows,None reported,,,Interests,Airtasker. Category: Verified LinkedIn Company Page,val
2549,DLA Piper Financial Services Sector,https://www.linkedin.com/company/10515267,0,Legitimate,Verified LinkedIn Company Page,,N/A - genuine company page found via user LinkedIn interests/follows,None reported,,,Interests,DLA Piper Financial Services Sector. Category: Verified LinkedIn Company Page,test
2550,Logojojo Custom Label Craft Coffee,https://www.linkedin.com/company/66294654,0,Legitimate,Verified LinkedIn Company Page,,N/A - genuine company page found via user LinkedIn interests/follows,None reported,,,Interests,Logojojo Custom Label Craft Coffee. Category: Verified LinkedIn Company Page,train
2551,NASSCOM Engineering R&D,https://www.linkedin.com/company/71049316,0,Legitimate,Verified LinkedIn Company Page,,N/A - genuine company page found via user LinkedIn interests/follows,None reported,,,Interests,NASSCOM Engineering R&D. Category: Verified LinkedIn Company Page,train
2552,Station Casinos,https://www.linkedin.com/company/166147,0,Legitimate,Verified LinkedIn Company Page,,N/A - genuine company page found via user LinkedIn interests/follows,None reported,,,Interests,Station Casinos. Category: Verified LinkedIn Company Page,test
2553,Valour FC,https://www.linkedin.com/company/37558602,0,Legitimate,Verified LinkedIn Company Page,,N/A - genuine company page found via user LinkedIn interests/follows,None reported,,,Interests,Valour FC. Category: Verified LinkedIn Company Page,train
2554,Domaining Ocean™,https://www.linkedin.com/company/28156338,0,Legitimate,Verified LinkedIn Company Page,,N/A - genuine company page found via user LinkedIn interests/follows,None reported,,,Interests,Domaining Ocean™. Category: Verified LinkedIn Company Page,val
2555,洛阳春旺食品有限公司,https://www.linkedin.com/company/32703631,0,Legitimate,Verified LinkedIn Company Page,,N/A - genuine company page found via user LinkedIn interests/follows,None reported,,,Interests,洛阳春旺食品有限公司. Category: Verified LinkedIn Company Page,train
2556,Hargraves Institute,https://www.linkedin.com/company/1472593,0,Legitimate,Verified LinkedIn Company Page,,N/A - genuine company page found via user LinkedIn interests/follows,None reported,,,Interests,Hargraves Institute. Category: Verified LinkedIn Company Page,val
2557,Copado,https://www.linkedin.com/company/10877423,0,Legitimate,Verified LinkedIn Company Page,,N/A - genuine company page found via user LinkedIn interests/follows,None reported,,,Interests,Copado. Category: Verified LinkedIn Company Page,val
2558,Heidrick & Struggles,https://www.linkedin.com/company/3975,0,Legitimate,Verified LinkedIn Company Page,,N/A - genuine company page found via user LinkedIn interests/follows,None reported,,,Interests,Heidrick & Struggles. Category: Verified LinkedIn Company Page,test
2559,DocGo,https://www.linkedin.com/company/77858449,0,Legitimate,Verified LinkedIn Company Page,,N/A - genuine company page found via user LinkedIn interests/follows,None reported,,,Interests,DocGo. Category: Verified LinkedIn Company Page,train
2560,Lynda.com Business,https://www.linkedin.com/company/6413134,0,Legitimate,Verified LinkedIn Company Page,,N/A - genuine company page found via user LinkedIn interests/follows,None reported,,,Interests,Lynda.com Business. Category: Verified LinkedIn Company Page,train
2561,Old Mutual Limited,https://www.linkedin.com/company/5135,0,Legitimate,Verified LinkedIn Company Page,,N/A - genuine company page found via user LinkedIn interests/follows,None reported,,,Interests,Old Mutual Limited. Category: Verified LinkedIn Company Page,train
2562,"Powered By Zerret, Inc.",https://www.linkedin.com/company/75043199,0,Legitimate,Verified LinkedIn Company Page,,N/A - genuine company page found via user LinkedIn interests/follows,None reported,,,Interests,"Powered By Zerret, Inc.. Category: Verified LinkedIn Company Page",test
2563,Prospera Financial,https://www.linkedin.com/company/107168,0,Legitimate,Verified LinkedIn Company Page,,N/A - genuine company page found via user LinkedIn interests/follows,None reported,,,Interests,Prospera Financial. Category: Verified LinkedIn Company Page,train
2564,Pegasus Logistics Group,https://www.linkedin.com/company/449326,0,Legitimate,Verified LinkedIn Company Page,,N/A - genuine company page found via user LinkedIn interests/follows,None reported,,,Interests,Pegasus Logistics Group. Category: Verified LinkedIn Company Page,train
2565,JG Partners,https://www.linkedin.com/company/12905913,0,Legitimate,Verified LinkedIn Company Page,,N/A - genuine company page found via user LinkedIn interests/follows,None reported,,,Interests,JG Partners. Category: Verified LinkedIn Company Page,train
2566,EUCENTRE,https://www.linkedin.com/company/621754,0,Legitimate,Verified LinkedIn Company Page,,N/A - genuine company page found via user LinkedIn interests/follows,None reported,,,Interests,EUCENTRE. Category: Verified LinkedIn Company Page,val
2567,Encompass Media Group,https://www.linkedin.com/company/396468,0,Legitimate,Verified LinkedIn Company Page,,N/A - genuine company page found via user LinkedIn interests/follows,None reported,,,Interests,Encompass Media Group. Category: Verified LinkedIn Company Page,train
2568,Modern Veteran Advisory Group â€“ Tasmania,https://www.linkedin.com/company/82163633,0,Legitimate,Verified LinkedIn Company Page,,N/A - genuine company page found via user LinkedIn interests/follows,None reported,,,Interests,Modern Veteran Advisory Group â€“ Tasmania. Category: Verified LinkedIn Company Page,train
2569,Viscom Wholesale Signage,https://www.linkedin.com/company/9838732,0,Legitimate,Verified LinkedIn Company Page,,N/A - genuine company page found via user LinkedIn interests/follows,None reported,,,Interests,Viscom Wholesale Signage. Category: Verified LinkedIn Company Page,val
2570,Exelon,https://www.linkedin.com/company/4674,0,Legitimate,Verified LinkedIn Company Page,,N/A - genuine company page found via user LinkedIn interests/follows,None reported,,,Interests,Exelon. Category: Verified LinkedIn Company Page,train
2571,"Oil & Gas Business Solutions, Inc.",https://www.linkedin.com/company/467544,0,Legitimate,Verified LinkedIn Company Page,,N/A - genuine company page found via user LinkedIn interests/follows,None reported,,,Interests,"Oil & Gas Business Solutions, Inc.. Category: Verified LinkedIn Company Page",train
2572,Medallion,https://www.linkedin.com/company/74304634,0,Legitimate,Verified LinkedIn Company Page,,N/A - genuine company page found via user LinkedIn interests/follows,None reported,,,Interests,Medallion. Category: Verified LinkedIn Company Page,val
2573,RTO Insider LLC,https://www.linkedin.com/company/3326640,0,Legitimate,Verified LinkedIn Company Page,,N/A - genuine company page found via user LinkedIn interests/follows,None reported,,,Interests,RTO Insider LLC. Category: Verified LinkedIn Company Page,train
2574,"City of Miramar, Florida Economic Development",https://www.linkedin.com/company/91500676,0,Legitimate,Verified LinkedIn Company Page,,N/A - genuine company page found via user LinkedIn interests/follows,None reported,,,Interests,"City of Miramar, Florida Economic Development. Category: Verified LinkedIn Company Page",train
2575,The AI Journal,https://www.linkedin.com/company/42090580,0,Legitimate,Verified LinkedIn Company Page,,N/A - genuine company page found via user LinkedIn interests/follows,None reported,,,Interests,The AI Journal. Category: Verified LinkedIn Company Page,train
2576,John & JeJuan Stewart Jr. Foundation,https://www.linkedin.com/company/18579837,0,Legitimate,Verified LinkedIn Company Page,,N/A - genuine company page found via user LinkedIn interests/follows,None reported,,,Interests,John & JeJuan Stewart Jr. Foundation. Category: Verified LinkedIn Company Page,train
2577,Dion Training Solutions,https://www.linkedin.com/company/40917226,0,Legitimate,Verified LinkedIn Company Page,,N/A - genuine company page found via user LinkedIn interests/follows,None reported,,,Interests,Dion Training Solutions. Category: Verified LinkedIn Company Page,train
2578,Grupo Memphis,https://www.linkedin.com/company/81738569,0,Legitimate,Verified LinkedIn Company Page,,N/A - genuine company page found via user LinkedIn interests/follows,None reported,,,Interests,Grupo Memphis. Category: Verified LinkedIn Company Page,val
2579,Arts et Métiers ParisTech - École Nationale Supérieure d'Arts et Métiers,https://www.linkedin.com/company/1280025,0,Legitimate,Verified LinkedIn Company Page,,N/A - genuine company page found via user LinkedIn interests/follows,None reported,,,Interests,Arts et Métiers ParisTech - École Nationale Supérieure d'Arts et Métiers. Category: Verified LinkedIn Company Page,train
2580,PlayVS,https://www.linkedin.com/company/18600748,0,Legitimate,Verified LinkedIn Company Page,,N/A - genuine company page found via user LinkedIn interests/follows,None reported,,,Interests,PlayVS. Category: Verified LinkedIn Company Page,train
2581,SolarCity,https://www.linkedin.com/company/240767,0,Legitimate,Verified LinkedIn Company Page,,N/A - genuine company page found via user LinkedIn interests/follows,None reported,,,Interests,SolarCity. Category: Verified LinkedIn Company Page,val
2582,The New Exec,https://www.linkedin.com/company/35629101,0,Legitimate,Verified LinkedIn Company Page,,N/A - genuine company page found via user LinkedIn interests/follows,None reported,,,Interests,The New Exec. Category: Verified LinkedIn Company Page,val
2583,California State University-San Bernardino,https://www.linkedin.com/company/15102020,0,Legitimate,Verified LinkedIn Company Page,,N/A - genuine company page found via user LinkedIn interests/follows,None reported,,,Interests,California State University-San Bernardino. Category: Verified LinkedIn Company Page,train
2584,UN Women France,https://www.linkedin.com/company/3512519,0,Legitimate,Verified LinkedIn Company Page,,N/A - genuine company page found via user LinkedIn interests/follows,None reported,,,Interests,UN Women France. Category: Verified LinkedIn Company Page,test
2585,Lumbermens Merchandising Corporation,https://www.linkedin.com/company/920221,0,Legitimate,Verified LinkedIn Company Page,,N/A - genuine company page found via user LinkedIn interests/follows,None reported,,,Interests,Lumbermens Merchandising Corporation. Category: Verified LinkedIn Company Page,train
2586,Memorial Hermann Health System,https://www.linkedin.com/company/164930,0,Legitimate,Verified LinkedIn Company Page,,N/A - genuine company page found via user LinkedIn interests/follows,None reported,,,Interests,Memorial Hermann Health System. Category: Verified LinkedIn Company Page,test
2587,OnBuy.com,https://www.linkedin.com/company/5322011,0,Legitimate,Verified LinkedIn Company Page,,N/A - genuine company page found via user LinkedIn interests/follows,None reported,,,Interests,OnBuy.com. Category: Verified LinkedIn Company Page,train
2588,Green Corps,https://www.linkedin.com/company/23138,0,Legitimate,Verified LinkedIn Company Page,,N/A - genuine company page found via user LinkedIn interests/follows,None reported,,,Interests,Green Corps. Category: Verified LinkedIn Company Page,train
2589,Agricarbon UK,https://www.linkedin.com/company/47591637,0,Legitimate,Verified LinkedIn Company Page,,N/A - genuine company page found via user LinkedIn interests/follows,None reported,,,Interests,Agricarbon UK. Category: Verified LinkedIn Company Page,train
2590,青岛梦娱传媒有限公司,https://www.linkedin.com/company/32007921,0,Legitimate,Verified LinkedIn Company Page,,N/A - genuine company page found via user LinkedIn interests/follows,None reported,,,Interests,青岛梦娱传媒有限公司. Category: Verified LinkedIn Company Page,test
2591,Found That Interesting,https://www.linkedin.com/company/86612536,0,Legitimate,Verified LinkedIn Company Page,,N/A - genuine company page found via user LinkedIn interests/follows,None reported,,,Interests,Found That Interesting. Category: Verified LinkedIn Company Page,test
2592,CARPE | EcoSattva,https://www.linkedin.com/company/75402737,0,Legitimate,Verified LinkedIn Company Page,,N/A - genuine company page found via user LinkedIn interests/follows,None reported,,,Interests,CARPE | EcoSattva. Category: Verified LinkedIn Company Page,train
2593,Edgecortix,https://www.linkedin.com/company/26591439,0,Legitimate,Verified LinkedIn Company Page,,N/A - genuine company page found via user LinkedIn interests/follows,None reported,,,Interests,Edgecortix. Category: Verified LinkedIn Company Page,train
2594,lavalan - the wool insulation,https://www.linkedin.com/company/40913548,0,Legitimate,Verified LinkedIn Company Page,,N/A - genuine company page found via user LinkedIn interests/follows,None reported,,,Interests,lavalan - the wool insulation. Category: Verified LinkedIn Company Page,val
2595,SIMFLO,https://www.linkedin.com/company/794427,0,Legitimate,Verified LinkedIn Company Page,,N/A - genuine company page found via user LinkedIn interests/follows,None reported,,,Interests,SIMFLO. Category: Verified LinkedIn Company Page,train
2596,Religious Freedom & Business Foundation,https://www.linkedin.com/company/64560584,0,Legitimate,Verified LinkedIn Company Page,,N/A - genuine company page found via user LinkedIn interests/follows,None reported,,,Interests,Religious Freedom & Business Foundation. Category: Verified LinkedIn Company Page,val
2597,Li & Fung,https://www.linkedin.com/company/585614,0,Legitimate,Verified LinkedIn Company Page,,N/A - genuine company page found via user LinkedIn interests/follows,None reported,,,Interests,Li & Fung. Category: Verified LinkedIn Company Page,train
2598,Kingston University,https://www.linkedin.com/company/11565,0,Legitimate,Verified LinkedIn Company Page,,N/A - genuine company page found via user LinkedIn interests/follows,None reported,,,Interests,Kingston University. Category: Verified LinkedIn Company Page,test
2599,Persuasion- Charity Training and Legacy Consultancy Specialist,https://www.linkedin.com/company/68667286,0,Legitimate,Verified LinkedIn Company Page,,N/A - genuine company page found via user LinkedIn interests/follows,None reported,,,Interests,Persuasion- Charity Training and Legacy Consultancy Specialist. Category: Verified LinkedIn Company Page,train
2600,City of Fort Lauderdale,https://www.linkedin.com/company/44079,0,Legitimate,Verified LinkedIn Company Page,,N/A - genuine company page found via user LinkedIn interests/follows,None reported,,,Interests,City of Fort Lauderdale. Category: Verified LinkedIn Company Page,train
2601,Advertising Week,https://www.linkedin.com/company/279566,0,Legitimate,Verified LinkedIn Company Page,,N/A - genuine company page found via user LinkedIn interests/follows,None reported,,,Interests,Advertising Week. Category: Verified LinkedIn Company Page,train
2602,大连骅尔重工有限公司,https://www.linkedin.com/company/30396772,0,Legitimate,Verified LinkedIn Company Page,,N/A - genuine company page found via user LinkedIn interests/follows,None reported,,,Interests,大连骅尔重工有限公司. Category: Verified LinkedIn Company Page,train
2603,The Life Stuff,https://www.linkedin.com/company/67887084,0,Legitimate,Verified LinkedIn Company Page,,N/A - genuine company page found via user LinkedIn interests/follows,None reported,,,Interests,The Life Stuff. Category: Verified LinkedIn Company Page,val
2604,FEI Chicago,https://www.linkedin.com/company/3669849,0,Legitimate,Verified LinkedIn Company Page,,N/A - genuine company page found via user LinkedIn interests/follows,None reported,,,Interests,FEI Chicago. Category: Verified LinkedIn Company Page,train
2605,Institute for STEM Education at CSU East Bay,https://www.linkedin.com/company/7959665,0,Legitimate,Verified LinkedIn Company Page,,N/A - genuine company page found via user LinkedIn interests/follows,None reported,,,Interests,Institute for STEM Education at CSU East Bay. Category: Verified LinkedIn Company Page,test
2606,Terropia,https://www.linkedin.com/company/72998355,0,Legitimate,Verified LinkedIn Company Page,,N/A - genuine company page found via user LinkedIn interests/follows,None reported,,,Interests,Terropia. Category: Verified LinkedIn Company Page,train
2607,BlackMaleProfs&Researchers,https://www.linkedin.com/company/74290312,0,Legitimate,Verified LinkedIn Company Page,,N/A - genuine company page found via user LinkedIn interests/follows,None reported,,,Interests,BlackMaleProfs&Researchers. Category: Verified LinkedIn Company Page,test
2608,Founders Legal | Bekiares Eliezer LLP,https://www.linkedin.com/company/4792056,0,Legitimate,Verified LinkedIn Company Page,,N/A - genuine company page found via user LinkedIn interests/follows,None reported,,,Interests,Founders Legal | Bekiares Eliezer LLP. Category: Verified LinkedIn Company Page,test
2609,University of Denver,https://www.linkedin.com/company/5714,0,Legitimate,Verified LinkedIn Company Page,,N/A - genuine company page found via user LinkedIn interests/follows,None reported,,,Interests,University of Denver. Category: Verified LinkedIn Company Page,test
2610,"Just Design Consulting, LLC",https://www.linkedin.com/company/7599331,0,Legitimate,Verified LinkedIn Company Page,,N/A - genuine company page found via user LinkedIn interests/follows,None reported,,,Interests,"Just Design Consulting, LLC. Category: Verified LinkedIn Company Page",train
2611,The Public Service Network,https://www.linkedin.com/company/1928430,0,Legitimate,Verified LinkedIn Company Page,,N/A - genuine company page found via user LinkedIn interests/follows,None reported,,,Interests,The Public Service Network. Category: Verified LinkedIn Company Page,test
2612,Kollmorgen,https://www.linkedin.com/company/39031,0,Legitimate,Verified LinkedIn Company Page,,N/A - genuine company page found via user LinkedIn interests/follows,None reported,,,Interests,Kollmorgen. Category: Verified LinkedIn Company Page,train
2613,DataSphere Global Analytics,,1,Fake_Scam,Shell IT Consultancy,Fabricated Data Firm,Offers high-salary junior data scientist positions; requires payment for proprietary IDE license.,Pay-to-work software license scheme.,LinkedIn Job Ad -> Payment Portal,Medium,LinkedIn Fake Company Database,DataSphere Global Analytics. Category: Shell IT Consultancy. Impersonation target: Fabricated Data Firm. Modus operandi: Offers high-salary junior data scientist positions; requires payment for proprietary IDE license.. Red flags: Pay-to-work software license scheme.,train
2614,"Cultural Heritage Partners, PLLC",https://www.linkedin.com/company/1817183,0,Legitimate,Verified LinkedIn Company Page,,N/A - genuine company page found via user LinkedIn interests/follows,None reported,,,Interests,"Cultural Heritage Partners, PLLC. Category: Verified LinkedIn Company Page",train
2615,Sentinel Technologies,https://www.linkedin.com/company/13562,0,Legitimate,Verified LinkedIn Company Page,,N/A - genuine company page found via user LinkedIn interests/follows,None reported,,,Interests,Sentinel Technologies. Category: Verified LinkedIn Company Page,train
2616,Paul Hastings,https://www.linkedin.com/company/6303,0,Legitimate,Verified LinkedIn Company Page,,N/A - genuine company page found via user LinkedIn interests/follows,None reported,,,Interests,Paul Hastings. Category: Verified LinkedIn Company Page,train
2617,Federal Bureau of Investigation (FBI),https://www.linkedin.com/company/6408,0,Legitimate,Verified LinkedIn Company Page,,N/A - genuine company page found via user LinkedIn interests/follows,None reported,,,Interests,Federal Bureau of Investigation (FBI). Category: Verified LinkedIn Company Page,train
2618,FSG,https://www.linkedin.com/company/34742,0,Legitimate,Verified LinkedIn Company Page,,N/A - genuine company page found via user LinkedIn interests/follows,None reported,,,Interests,FSG. Category: Verified LinkedIn Company Page,train
2619,TIME,https://www.linkedin.com/company/1748,0,Legitimate,Verified LinkedIn Company Page,,N/A - genuine company page found via user LinkedIn interests/follows,None reported,,,Interests,TIME. Category: Verified LinkedIn Company Page,train
2620,Wabtec Control Systems,https://www.linkedin.com/company/2175484,0,Legitimate,Verified LinkedIn Company Page,,N/A - genuine company page found via user LinkedIn interests/follows,None reported,,,Interests,Wabtec Control Systems. Category: Verified LinkedIn Company Page,train
2621,UNICEF Aotearoa,https://www.linkedin.com/company/3619125,0,Legitimate,Verified LinkedIn Company Page,,N/A - genuine company page found via user LinkedIn interests/follows,None reported,,,Interests,UNICEF Aotearoa. Category: Verified LinkedIn Company Page,train
2622,Canon Inc.,https://www.linkedin.com/company/2195,0,Legitimate,Verified LinkedIn Company Page,,N/A - genuine company page found via user LinkedIn interests/follows,None reported,,,Interests,Canon Inc.. Category: Verified LinkedIn Company Page,train
2623,GE,https://www.linkedin.com/company/1015,0,Legitimate,Verified LinkedIn Company Page,,N/A - genuine company page found via user LinkedIn interests/follows,None reported,,,Interests,GE. Category: Verified LinkedIn Company Page,train
2624,Rent A Daughter Senior Care,https://www.linkedin.com/company/64519533,0,Legitimate,Verified LinkedIn Company Page,,N/A - genuine company page found via user LinkedIn interests/follows,None reported,,,Interests,Rent A Daughter Senior Care. Category: Verified LinkedIn Company Page,train
2625,TIDAL MARKETING,https://www.linkedin.com/company/33233003,0,Legitimate,Verified LinkedIn Company Page,,N/A - genuine company page found via user LinkedIn interests/follows,None reported,,,Interests,TIDAL MARKETING. Category: Verified LinkedIn Company Page,val
2626,Ascential,https://www.linkedin.com/company/5019,0,Legitimate,Verified LinkedIn Company Page,,N/A - genuine company page found via user LinkedIn interests/follows,None reported,,,Interests,Ascential. Category: Verified LinkedIn Company Page,train
2627,Skyways,https://www.linkedin.com/company/16203800,0,Legitimate,Verified LinkedIn Company Page,,N/A - genuine company page found via user LinkedIn interests/follows,None reported,,,Interests,Skyways. Category: Verified LinkedIn Company Page,train
2628,Bachem,https://www.linkedin.com/company/73003,0,Legitimate,Verified LinkedIn Company Page,,N/A - genuine company page found via user LinkedIn interests/follows,None reported,,,Interests,Bachem. Category: Verified LinkedIn Company Page,train
2629,Mr. Recruiter,https://www.linkedin.com/company/14547332,0,Legitimate,Verified LinkedIn Company Page,,N/A - genuine company page found via user LinkedIn interests/follows,None reported,,,Interests,Mr. Recruiter. Category: Verified LinkedIn Company Page,train
2630,K & M Communications,https://www.linkedin.com/company/9498421,0,Legitimate,Verified LinkedIn Company Page,,N/A - genuine company page found via user LinkedIn interests/follows,None reported,,,Interests,K & M Communications. Category: Verified LinkedIn Company Page,train
2631,Isleworth Golf & Country Club,https://www.linkedin.com/company/58018810,0,Legitimate,Verified LinkedIn Company Page,,N/A - genuine company page found via user LinkedIn interests/follows,None reported,,,Interests,Isleworth Golf & Country Club. Category: Verified LinkedIn Company Page,train
2632,Leadership Baton Rouge Alumni,https://www.linkedin.com/company/37119663,0,Legitimate,Verified LinkedIn Company Page,,N/A - genuine company page found via user LinkedIn interests/follows,None reported,,,Interests,Leadership Baton Rouge Alumni. Category: Verified LinkedIn Company Page,train
2633,iSisters Technology Mentoring,https://www.linkedin.com/company/1025938,0,Legitimate,Verified LinkedIn Company Page,,N/A - genuine company page found via user LinkedIn interests/follows,None reported,,,Interests,iSisters Technology Mentoring. Category: Verified LinkedIn Company Page,train
2634,Southern Spine & Rehab,https://www.linkedin.com/company/72536783,0,Legitimate,Verified LinkedIn Company Page,,N/A - genuine company page found via user LinkedIn interests/follows,None reported,,,Interests,Southern Spine & Rehab. Category: Verified LinkedIn Company Page,test
2635,Pacific Strategies & Assessments,https://www.linkedin.com/company/120329,0,Legitimate,Verified LinkedIn Company Page,,N/A - genuine company page found via user LinkedIn interests/follows,None reported,,,Interests,Pacific Strategies & Assessments. Category: Verified LinkedIn Company Page,val
2636,Bluemercury,https://www.linkedin.com/company/778874,0,Legitimate,Verified LinkedIn Company Page,,N/A - genuine company page found via user LinkedIn interests/follows,None reported,,,Interests,Bluemercury. Category: Verified LinkedIn Company Page,train
2637,Ardensi,https://www.linkedin.com/company/70920325,0,Legitimate,Verified LinkedIn Company Page,,N/A - genuine company page found via user LinkedIn interests/follows,None reported,,,Interests,Ardensi. Category: Verified LinkedIn Company Page,train
2638,Design Is Yummy,https://www.linkedin.com/company/2108956,0,Legitimate,Verified LinkedIn Company Page,,N/A - genuine company page found via user LinkedIn interests/follows,None reported,,,Interests,Design Is Yummy. Category: Verified LinkedIn Company Page,train
2639,DeVry University & its Keller Graduate School of Management International,https://www.linkedin.com/company/9193880,0,Legitimate,Verified LinkedIn Company Page,,N/A - genuine company page found via user LinkedIn interests/follows,None reported,,,Interests,DeVry University & its Keller Graduate School of Management International. Category: Verified LinkedIn Company Page,train
2640,Teesside University,https://www.linkedin.com/company/19095,0,Legitimate,Verified LinkedIn Company Page,,N/A - genuine company page found via user LinkedIn interests/follows,None reported,,,Interests,Teesside University. Category: Verified LinkedIn Company Page,train
2641,Nottingham Trent University,https://www.linkedin.com/company/12947,0,Legitimate,Verified LinkedIn Company Page,,N/A - genuine company page found via user LinkedIn interests/follows,None reported,,,Interests,Nottingham Trent University. Category: Verified LinkedIn Company Page,train
2642,Learning@Work,https://www.linkedin.com/company/6625347,0,Legitimate,Verified LinkedIn Company Page,,N/A - genuine company page found via user LinkedIn interests/follows,None reported,,,Interests,Learning@Work. Category: Verified LinkedIn Company Page,test
2643,Pangea Resourcing,https://www.linkedin.com/company/1802725,0,Legitimate,Verified LinkedIn Company Page,,N/A - genuine company page found via user LinkedIn interests/follows,None reported,,,Interests,Pangea Resourcing. Category: Verified LinkedIn Company Page,train
2644,Neurability Technologies,https://www.linkedin.com/company/89996086,0,Legitimate,Verified LinkedIn Company Page,,N/A - genuine company page found via user LinkedIn interests/follows,None reported,,,Interests,Neurability Technologies. Category: Verified LinkedIn Company Page,val
2645,Evolv Technology,https://www.linkedin.com/company/3658410,0,Legitimate,Verified LinkedIn Company Page,,N/A - genuine company page found via user LinkedIn interests/follows,None reported,,,Interests,Evolv Technology. Category: Verified LinkedIn Company Page,train
2646,KPMG Deal Advisory,https://www.linkedin.com/company/28613575,0,Legitimate,Verified LinkedIn Company Page,,N/A - genuine company page found via user LinkedIn interests/follows,None reported,,,Interests,KPMG Deal Advisory. Category: Verified LinkedIn Company Page,test
2647,Shah Cement,https://www.linkedin.com/company/13616520,0,Legitimate,Verified LinkedIn Company Page,,N/A - genuine company page found via user LinkedIn interests/follows,None reported,,,Interests,Shah Cement. Category: Verified LinkedIn Company Page,train
2648,SONGS FOR SOUND INC,https://www.linkedin.com/company/16119062,0,Legitimate,Verified LinkedIn Company Page,,N/A - genuine company page found via user LinkedIn interests/follows,None reported,,,Interests,SONGS FOR SOUND INC. Category: Verified LinkedIn Company Page,train
2649,Louis Dreyfus Company,https://www.linkedin.com/company/7177,0,Legitimate,Verified LinkedIn Company Page,,N/A - genuine company page found via user LinkedIn interests/follows,None reported,,,Interests,Louis Dreyfus Company. Category: Verified LinkedIn Company Page,train
2650,"Paggi Engineering, Lawrence J. Paggi PE,PC",https://www.linkedin.com/company/2495658,0,Legitimate,Verified LinkedIn Company Page,,N/A - genuine company page found via user LinkedIn interests/follows,None reported,,,Interests,"Paggi Engineering, Lawrence J. Paggi PE,PC. Category: Verified LinkedIn Company Page",train
2651,"APIW, Inc.",https://www.linkedin.com/company/70042565,0,Legitimate,Verified LinkedIn Company Page,,N/A - genuine company page found via user LinkedIn interests/follows,None reported,,,Interests,"APIW, Inc.. Category: Verified LinkedIn Company Page",train
2652,Verizon,https://www.linkedin.com/company/1103,0,Legitimate,Verified LinkedIn Company Page,,N/A - genuine company page found via user LinkedIn interests/follows,None reported,,,Interests,Verizon. Category: Verified LinkedIn Company Page,train
2653,Everytown for Gun Safety,https://www.linkedin.com/company/5166691,0,Legitimate,Verified LinkedIn Company Page,,N/A - genuine company page found via user LinkedIn interests/follows,None reported,,,Interests,Everytown for Gun Safety. Category: Verified LinkedIn Company Page,train
2654,University of Mumbai,https://www.linkedin.com/company/15093732,0,Legitimate,Verified LinkedIn Company Page,,N/A - genuine company page found via user LinkedIn interests/follows,None reported,,,Interests,University of Mumbai. Category: Verified LinkedIn Company Page,val
2655,Hub33,https://www.linkedin.com/company/71809775,0,Legitimate,Verified LinkedIn Company Page,,N/A - genuine company page found via user LinkedIn interests/follows,None reported,,,Interests,Hub33. Category: Verified LinkedIn Company Page,train
2656,Unilever,https://www.linkedin.com/company/1248,0,Legitimate,Verified LinkedIn Company Page,,N/A - genuine company page found via user LinkedIn interests/follows,None reported,,,Interests,Unilever. Category: Verified LinkedIn Company Page,train
2657,Salesforce Admins,https://www.linkedin.com/company/6374703,0,Legitimate,Verified LinkedIn Company Page,,N/A - genuine company page found via user LinkedIn interests/follows,None reported,,,Interests,Salesforce Admins. Category: Verified LinkedIn Company Page,train
2658,Webex Events (formerly Socio),https://www.linkedin.com/company/9195820,0,Legitimate,Verified LinkedIn Company Page,,N/A - genuine company page found via user LinkedIn interests/follows,None reported,,,Interests,Webex Events (formerly Socio). Category: Verified LinkedIn Company Page,val
2659,NACB,https://www.linkedin.com/company/18074713,0,Legitimate,Verified LinkedIn Company Page,,N/A - genuine company page found via user LinkedIn interests/follows,None reported,,,Interests,NACB. Category: Verified LinkedIn Company Page,test
2660,Algotree Technologies,https://www.linkedin.com/company/42327300,0,Legitimate,Verified LinkedIn Company Page,,N/A - genuine company page found via user LinkedIn interests/follows,None reported,,,Interests,Algotree Technologies. Category: Verified LinkedIn Company Page,test
2661,Tesla Automation Careers,,1,Fake_Scam,Enterprise Impersonation,"Tesla, Inc.",Presents remote robotics technician roles; sends check for home diagnostic lab hardware.,Overpayment fake check scam via spoofed Tesla branding.,LinkedIn Message -> Wire Transfer,High,LinkedIn Fake Company Database,"Tesla Automation Careers. Category: Enterprise Impersonation. Impersonation target: Tesla, Inc.. Modus operandi: Presents remote robotics technician roles; sends check for home diagnostic lab hardware.. Red flags: Overpayment fake check scam via spoofed Tesla branding.",train
2662,Peking University HSBC Business School,https://www.linkedin.com/company/15128889,0,Legitimate,Verified LinkedIn Company Page,,N/A - genuine company page found via user LinkedIn interests/follows,None reported,,,Interests,Peking University HSBC Business School. Category: Verified LinkedIn Company Page,val
2663,Therapy Brands,https://www.linkedin.com/company/33213730,0,Legitimate,Verified LinkedIn Company Page,,N/A - genuine company page found via user LinkedIn interests/follows,None reported,,,Interests,Therapy Brands. Category: Verified LinkedIn Company Page,train
2664,Croomo | Digital training and learning products,https://www.linkedin.com/company/5143570,0,Legitimate,Verified LinkedIn Company Page,,N/A - genuine company page found via user LinkedIn interests/follows,None reported,,,Interests,Croomo | Digital training and learning products. Category: Verified LinkedIn Company Page,train
2665,IDG UK,https://www.linkedin.com/company/2555104,0,Legitimate,Verified LinkedIn Company Page,,N/A - genuine company page found via user LinkedIn interests/follows,None reported,,,Interests,IDG UK. Category: Verified LinkedIn Company Page,train
2666,AT Osborne,https://www.linkedin.com/company/29783,0,Legitimate,Verified LinkedIn Company Page,,N/A - genuine company page found via user LinkedIn interests/follows,None reported,,,Interests,AT Osborne. Category: Verified LinkedIn Company Page,train
2667,Papa Johns,https://www.linkedin.com/company/14430,0,Legitimate,Verified LinkedIn Company Page,,N/A - genuine company page found via user LinkedIn interests/follows,None reported,,,Interests,Papa Johns. Category: Verified LinkedIn Company Page,train
2668,Four Brown Girls,https://www.linkedin.com/company/9464386,0,Legitimate,Verified LinkedIn Company Page,,N/A - genuine company page found via user LinkedIn interests/follows,None reported,,,Interests,Four Brown Girls. Category: Verified LinkedIn Company Page,train
2669,Santa Fe College,https://www.linkedin.com/company/692941,0,Legitimate,Verified LinkedIn Company Page,,N/A - genuine company page found via user LinkedIn interests/follows,None reported,,,Interests,Santa Fe College. Category: Verified LinkedIn Company Page,train
2670,Execution Specialists Group LLC,https://www.linkedin.com/company/975703,0,Legitimate,Verified LinkedIn Company Page,,N/A - genuine company page found via user LinkedIn interests/follows,None reported,,,Interests,Execution Specialists Group LLC. Category: Verified LinkedIn Company Page,train
2671,The Asset Management Exchange,https://www.linkedin.com/company/17955633,0,Legitimate,Verified LinkedIn Company Page,,N/A - genuine company page found via user LinkedIn interests/follows,None reported,,,Interests,The Asset Management Exchange. Category: Verified LinkedIn Company Page,train
2672,Johnson & Johnson Talent Portal,,1,Fake_Scam,Enterprise Impersonation,Johnson & Johnson,Sends unsolicited employment contract; asks for direct deposit and voided check before interview.,Banking credential theft via forged corporate documents.,LinkedIn Direct Message -> Email,High,LinkedIn Fake Company Database,Johnson & Johnson Talent Portal. Category: Enterprise Impersonation. Impersonation target: Johnson & Johnson. Modus operandi: Sends unsolicited employment contract; asks for direct deposit and voided check before interview.. Red flags: Banking credential theft via forged corporate documents.,train
2673,Employer Branding Brazil,https://www.linkedin.com/company/11836546,0,Legitimate,Verified LinkedIn Company Page,,N/A - genuine company page found via user LinkedIn interests/follows,None reported,,,Interests,Employer Branding Brazil. Category: Verified LinkedIn Company Page,train
2674,Institute of Molecular Biology and Biotechnology (IMBB),https://www.linkedin.com/company/525715,0,Legitimate,Verified LinkedIn Company Page,,N/A - genuine company page found via user LinkedIn interests/follows,None reported,,,Interests,Institute of Molecular Biology and Biotechnology (IMBB). Category: Verified LinkedIn Company Page,train
2675,Star Mountain Capital,https://www.linkedin.com/company/1346197,0,Legitimate,Verified LinkedIn Company Page,,N/A - genuine company page found via user LinkedIn interests/follows,None reported,,,Interests,Star Mountain Capital. Category: Verified LinkedIn Company Page,val
2676,南宁为尔电子科技有限公司,https://www.linkedin.com/company/32339829,0,Legitimate,Verified LinkedIn Company Page,,N/A - genuine company page found via user LinkedIn interests/follows,None reported,,,Interests,南宁为尔电子科技有限公司. Category: Verified LinkedIn Company Page,train
2677,Dell Technologies Remote Workforce,,1,Fake_Scam,Enterprise Impersonation,Dell Technologies,Conducts interview on Wire app; sends counterfeit electronic check to purchase home office desk.,Check overpayment scam using Dell logos.,LinkedIn Message -> Wire App,High,LinkedIn Fake Company Database,Dell Technologies Remote Workforce. Category: Enterprise Impersonation. Impersonation target: Dell Technologies. Modus operandi: Conducts interview on Wire app; sends counterfeit electronic check to purchase home office desk.. Red flags: Check overpayment scam using Dell logos.,train
2678,Vend by Lightspeed,https://www.linkedin.com/company/814954,0,Legitimate,Verified LinkedIn Company Page,,N/A - genuine company page found via user LinkedIn interests/follows,None reported,,,Interests,Vend by Lightspeed. Category: Verified LinkedIn Company Page,train
2679,Rakuten France,https://www.linkedin.com/company/28697,0,Legitimate,Verified LinkedIn Company Page,,N/A - genuine company page found via user LinkedIn interests/follows,None reported,,,Interests,Rakuten France. Category: Verified LinkedIn Company Page,train
2680,Elite Global Transcribers,,1,Fake_Scam,Freelance Work Scam,Fictitious Transcription Co.,Offers high per-audio rates; mandates purchasing custom foot-pedal hardware from approved link.,Hardware affiliate store fraud.,LinkedIn Post -> Store Link,Medium,LinkedIn Fake Company Database,Elite Global Transcribers. Category: Freelance Work Scam. Impersonation target: Fictitious Transcription Co.. Modus operandi: Offers high per-audio rates; mandates purchasing custom foot-pedal hardware from approved link.. Red flags: Hardware affiliate store fraud.,val
2681,San Diego State University,https://www.linkedin.com/company/6206,0,Legitimate,Verified LinkedIn Company Page,,N/A - genuine company page found via user LinkedIn interests/follows,None reported,,,Interests,San Diego State University. Category: Verified LinkedIn Company Page,test
2682,Jobeneur,https://www.linkedin.com/company/30989989,0,Legitimate,Verified LinkedIn Company Page,,N/A - genuine company page found via user LinkedIn interests/follows,None reported,,,Interests,Jobeneur. Category: Verified LinkedIn Company Page,train
2683,Fender Musical Instruments Corporation,https://www.linkedin.com/company/16223,0,Legitimate,Verified LinkedIn Company Page,,N/A - genuine company page found via user LinkedIn interests/follows,None reported,,,Interests,Fender Musical Instruments Corporation. Category: Verified LinkedIn Company Page,train
2684,Rhema 99.7 Newcastle,https://www.linkedin.com/company/64641490,0,Legitimate,Verified LinkedIn Company Page,,N/A - genuine company page found via user LinkedIn interests/follows,None reported,,,Interests,Rhema 99.7 Newcastle. Category: Verified LinkedIn Company Page,train
2685,Latam Fintech Hub,https://www.linkedin.com/company/3187009,0,Legitimate,Verified LinkedIn Company Page,,N/A - genuine company page found via user LinkedIn interests/follows,None reported,,,Interests,Latam Fintech Hub. Category: Verified LinkedIn Company Page,train
2686,University of Melbourne,https://www.linkedin.com/company/5677,0,Legitimate,Verified LinkedIn Company Page,,N/A - genuine company page found via user LinkedIn interests/follows,None reported,,,Interests,University of Melbourne. Category: Verified LinkedIn Company Page,val
2687,温岭市福马机械制造有限公司,https://www.linkedin.com/company/32575490,0,Legitimate,Verified LinkedIn Company Page,,N/A - genuine company page found via user LinkedIn interests/follows,None reported,,,Interests,温岭市福马机械制造有限公司. Category: Verified LinkedIn Company Page,test
2688,Firezone,https://www.linkedin.com/company/76573105,0,Legitimate,Verified LinkedIn Company Page,,N/A - genuine company page found via user LinkedIn interests/follows,None reported,,,Interests,Firezone. Category: Verified LinkedIn Company Page,train
2689,ITR (International Tax Review),https://www.linkedin.com/company/20297065,0,Legitimate,Verified LinkedIn Company Page,,N/A - genuine company page found via user LinkedIn interests/follows,None reported,,,Interests,ITR (International Tax Review). Category: Verified LinkedIn Company Page,train
2690,EW Fitness Center & Barber Club,https://www.linkedin.com/company/9501832,0,Legitimate,Verified LinkedIn Company Page,,N/A - genuine company page found via user LinkedIn interests/follows,None reported,,,Interests,EW Fitness Center & Barber Club. Category: Verified LinkedIn Company Page,train
2691,S&P Global Sustainable1,https://www.linkedin.com/company/79694600,0,Legitimate,Verified LinkedIn Company Page,,N/A - genuine company page found via user LinkedIn interests/follows,None reported,,,Interests,S&P Global Sustainable1. Category: Verified LinkedIn Company Page,train
2692,Chateau Energy Solutions,https://www.linkedin.com/company/3813243,0,Legitimate,Verified LinkedIn Company Page,,N/A - genuine company page found via user LinkedIn interests/follows,None reported,,,Interests,Chateau Energy Solutions. Category: Verified LinkedIn Company Page,train
2693,Easler Law,https://www.linkedin.com/company/76917489,0,Legitimate,Verified LinkedIn Company Page,,N/A - genuine company page found via user LinkedIn interests/follows,None reported,,,Interests,Easler Law. Category: Verified LinkedIn Company Page,train
2694,Automotive Market Data,https://www.linkedin.com/company/80755059,0,Legitimate,Verified LinkedIn Company Page,,N/A - genuine company page found via user LinkedIn interests/follows,None reported,,,Interests,Automotive Market Data. Category: Verified LinkedIn Company Page,train
2695,Dress for Success Sydney,https://www.linkedin.com/company/2837496,0,Legitimate,Verified LinkedIn Company Page,,N/A - genuine company page found via user LinkedIn interests/follows,None reported,,,Interests,Dress for Success Sydney. Category: Verified LinkedIn Company Page,test
2696,"NHS Solutions, Inc.",https://www.linkedin.com/company/552590,0,Legitimate,Verified LinkedIn Company Page,,N/A - genuine company page found via user LinkedIn interests/follows,None reported,,,Interests,"NHS Solutions, Inc.. Category: Verified LinkedIn Company Page",test
2697,RICS,https://www.linkedin.com/company/165736,0,Legitimate,Verified LinkedIn Company Page,,N/A - genuine company page found via user LinkedIn interests/follows,None reported,,,Interests,RICS. Category: Verified LinkedIn Company Page,train
2698,Jobinfo,https://www.linkedin.com/company/39117,0,Legitimate,Verified LinkedIn Company Page,,N/A - genuine company page found via user LinkedIn interests/follows,None reported,,,Interests,Jobinfo. Category: Verified LinkedIn Company Page,train
2699,Netflix Streaming Operations Hub,,1,Fake_Scam,Enterprise Impersonation,"Netflix, Inc.",Offers remote subtitle QA roles; requires buying specific video decoding software from vendor.,Phishing store collecting card numbers for non-existent software.,LinkedIn InMail -> Fake Portal,High,LinkedIn Fake Company Database,"Netflix Streaming Operations Hub. Category: Enterprise Impersonation. Impersonation target: Netflix, Inc.. Modus operandi: Offers remote subtitle QA roles; requires buying specific video decoding software from vendor.. Red flags: Phishing store collecting card numbers for non-existent software.",train
2700,Intrinsic LLC,https://www.linkedin.com/company/738889,0,Legitimate,Verified LinkedIn Company Page,,N/A - genuine company page found via user LinkedIn interests/follows,None reported,,,Interests,Intrinsic LLC. Category: Verified LinkedIn Company Page,train
2701,Hollisgroupllc,https://www.linkedin.com/company/40886107,0,Legitimate,Verified LinkedIn Company Page,,N/A - genuine company page found via user LinkedIn interests/follows,None reported,,,Interests,Hollisgroupllc. Category: Verified LinkedIn Company Page,train
2702,Cisco Networking Academy,https://www.linkedin.com/company/16202254,0,Legitimate,Verified LinkedIn Company Page,,N/A - genuine company page found via user LinkedIn interests/follows,None reported,,,Interests,Cisco Networking Academy. Category: Verified LinkedIn Company Page,val
2703,JD Finish Line,https://www.linkedin.com/company/10914,0,Legitimate,Verified LinkedIn Company Page,,N/A - genuine company page found via user LinkedIn interests/follows,None reported,,,Interests,JD Finish Line. Category: Verified LinkedIn Company Page,train
2704,"Real Talk Session Series, LLC.",https://www.linkedin.com/company/13045495,0,Legitimate,Verified LinkedIn Company Page,,N/A - genuine company page found via user LinkedIn interests/follows,None reported,,,Interests,"Real Talk Session Series, LLC.. Category: Verified LinkedIn Company Page",train
2705,Energy Solutions,https://www.linkedin.com/company/321632,0,Legitimate,Verified LinkedIn Company Page,,N/A - genuine company page found via user LinkedIn interests/follows,None reported,,,Interests,Energy Solutions. Category: Verified LinkedIn Company Page,test
2706,Westminster Communities of Florida,https://www.linkedin.com/company/10860894,0,Legitimate,Verified LinkedIn Company Page,,N/A - genuine company page found via user LinkedIn interests/follows,None reported,,,Interests,Westminster Communities of Florida. Category: Verified LinkedIn Company Page,test
2707,Sitka Digital,https://www.linkedin.com/company/40854346,0,Legitimate,Verified LinkedIn Company Page,,N/A - genuine company page found via user LinkedIn interests/follows,None reported,,,Interests,Sitka Digital. Category: Verified LinkedIn Company Page,val
2708,Shenzhen University,https://www.linkedin.com/company/15092501,0,Legitimate,Verified LinkedIn Company Page,,N/A - genuine company page found via user LinkedIn interests/follows,None reported,,,Interests,Shenzhen University. Category: Verified LinkedIn Company Page,test
2709,Kansas State University,https://www.linkedin.com/company/7031,0,Legitimate,Verified LinkedIn Company Page,,N/A - genuine company page found via user LinkedIn interests/follows,None reported,,,Interests,Kansas State University. Category: Verified LinkedIn Company Page,train
2710,GetSmarter,https://www.linkedin.com/company/453299,0,Legitimate,Verified LinkedIn Company Page,,N/A - genuine company page found via user LinkedIn interests/follows,None reported,,,Interests,GetSmarter. Category: Verified LinkedIn Company Page,train
2711,OSI Consulting,https://www.linkedin.com/company/165355,0,Legitimate,Verified LinkedIn Company Page,,N/A - genuine company page found via user LinkedIn interests/follows,None reported,,,Interests,OSI Consulting. Category: Verified LinkedIn Company Page,train
2712,Moderna Therapeutics Careers,,1,Fake_Scam,Enterprise Impersonation,"Moderna, Inc.",Issues remote document reviewer offer; asks for scanned passport and social security number.,Identity theft targeting job seekers via fake HR outreach.,LinkedIn Message -> PDF Form,High,LinkedIn Fake Company Database,"Moderna Therapeutics Careers. Category: Enterprise Impersonation. Impersonation target: Moderna, Inc.. Modus operandi: Issues remote document reviewer offer; asks for scanned passport and social security number.. Red flags: Identity theft targeting job seekers via fake HR outreach.",train
2713,Universal Manufacturing Corp.,https://www.linkedin.com/company/2706594,0,Legitimate,Verified LinkedIn Company Page,,N/A - genuine company page found via user LinkedIn interests/follows,None reported,,,Interests,Universal Manufacturing Corp.. Category: Verified LinkedIn Company Page,train
2714,Halliburton,https://www.linkedin.com/company/2217,0,Legitimate,Verified LinkedIn Company Page,,N/A - genuine company page found via user LinkedIn interests/follows,None reported,,,Interests,Halliburton. Category: Verified LinkedIn Company Page,train
2715,Workling,https://www.linkedin.com/company/53237848,0,Legitimate,Verified LinkedIn Company Page,,N/A - genuine company page found via user LinkedIn interests/follows,None reported,,,Interests,Workling. Category: Verified LinkedIn Company Page,train
2716,ACCIONA Agua,https://www.linkedin.com/company/5163626,0,Legitimate,Verified LinkedIn Company Page,,N/A - genuine company page found via user LinkedIn interests/follows,None reported,,,Interests,ACCIONA Agua. Category: Verified LinkedIn Company Page,train
2717,Elizabeth Arden,https://www.linkedin.com/company/7993,0,Legitimate,Verified LinkedIn Company Page,,N/A - genuine company page found via user LinkedIn interests/follows,None reported,,,Interests,Elizabeth Arden. Category: Verified LinkedIn Company Page,train
2718,National Technical University of Athens,https://www.linkedin.com/company/16460,0,Legitimate,Verified LinkedIn Company Page,,N/A - genuine company page found via user LinkedIn interests/follows,None reported,,,Interests,National Technical University of Athens. Category: Verified LinkedIn Company Page,train
2719,Singularity Tech Intelligence,,1,Fake_Scam,AI Hype Shell Company,Fabricated AI Venture,Recruits remote Prompt Engineers; requires candidates to purchase enterprise API credits upfront.,Advance API fee scheme.,LinkedIn Job Ad -> Credit Form,Medium,LinkedIn Fake Company Database,Singularity Tech Intelligence. Category: AI Hype Shell Company. Impersonation target: Fabricated AI Venture. Modus operandi: Recruits remote Prompt Engineers; requires candidates to purchase enterprise API credits upfront.. Red flags: Advance API fee scheme.,train
2720,Centennial College,https://www.linkedin.com/company/14309,0,Legitimate,Verified LinkedIn Company Page,,N/A - genuine company page found via user LinkedIn interests/follows,None reported,,,Interests,Centennial College. Category: Verified LinkedIn Company Page,train
2721,Nouhau,https://www.linkedin.com/company/40774753,0,Legitimate,Verified LinkedIn Company Page,,N/A - genuine company page found via user LinkedIn interests/follows,None reported,,,Interests,Nouhau. Category: Verified LinkedIn Company Page,train
2722,Oxfam Aotearoa,https://www.linkedin.com/company/231472,0,Legitimate,Verified LinkedIn Company Page,,N/A - genuine company page found via user LinkedIn interests/follows,None reported,,,Interests,Oxfam Aotearoa. Category: Verified LinkedIn Company Page,train
2723,Surf,https://www.linkedin.com/company/18468732,0,Legitimate,Verified LinkedIn Company Page,,N/A - genuine company page found via user LinkedIn interests/follows,None reported,,,Interests,Surf. Category: Verified LinkedIn Company Page,val
2724,New Civil Engineer,https://www.linkedin.com/company/18344886,0,Legitimate,Verified LinkedIn Company Page,,N/A - genuine company page found via user LinkedIn interests/follows,None reported,,,Interests,New Civil Engineer. Category: Verified LinkedIn Company Page,train
2725,Marketing for Justice,https://www.linkedin.com/company/71894347,0,Legitimate,Verified LinkedIn Company Page,,N/A - genuine company page found via user LinkedIn interests/follows,None reported,,,Interests,Marketing for Justice. Category: Verified LinkedIn Company Page,train
2726,Facility Solutions from Veritiv,https://www.linkedin.com/company/3976893,0,Legitimate,Verified LinkedIn Company Page,,N/A - genuine company page found via user LinkedIn interests/follows,None reported,,,Interests,Facility Solutions from Veritiv. Category: Verified LinkedIn Company Page,val
2727,Apple Distribution Remote Support,,1,Fake_Scam,Enterprise Impersonation,Apple Inc.,Offers data entry/chat jobs; asks candidate to deposit check to purchase Apple test devices.,Check bouncing scam; sends fraudulent check for third-party vendor purchases.,LinkedIn InMail -> Email,High,LinkedIn Fake Company Database,Apple Distribution Remote Support. Category: Enterprise Impersonation. Impersonation target: Apple Inc.. Modus operandi: Offers data entry/chat jobs; asks candidate to deposit check to purchase Apple test devices.. Red flags: Check bouncing scam; sends fraudulent check for third-party vendor purchases.,train
2728,FritzFinn,https://www.linkedin.com/company/28131751,0,Legitimate,Verified LinkedIn Company Page,,N/A - genuine company page found via user LinkedIn interests/follows,None reported,,,Interests,FritzFinn. Category: Verified LinkedIn Company Page,test
2729,Apex Postal Solutions,,1,Fake_Scam,Reshipping / Mule Scam,Fake Postal Forwarder,Hires home logistics clerks to receive high-value electronics and ship to international hubs.,Stolen goods re-routing mule ring.,LinkedIn InMail -> Telegram,Critical,LinkedIn Fake Company Database,Apex Postal Solutions. Category: Reshipping / Mule Scam. Impersonation target: Fake Postal Forwarder. Modus operandi: Hires home logistics clerks to receive high-value electronics and ship to international hubs.. Red flags: Stolen goods re-routing mule ring.,train
2730,BackOffice Associates,https://www.linkedin.com/company/23826,0,Legitimate,Verified LinkedIn Company Page,,N/A - genuine company page found via user LinkedIn interests/follows,None reported,,,Interests,BackOffice Associates. Category: Verified LinkedIn Company Page,train
2731,USAJOBS,https://www.linkedin.com/company/5399983,0,Legitimate,Verified LinkedIn Company Page,,N/A - genuine company page found via user LinkedIn interests/follows,None reported,,,Interests,USAJOBS. Category: Verified LinkedIn Company Page,train
2732,"LearnLab, part of Carnegie Mellon University Simon Initiative",https://www.linkedin.com/company/73261002,0,Legitimate,Verified LinkedIn Company Page,,N/A - genuine company page found via user LinkedIn interests/follows,None reported,,,Interests,"LearnLab, part of Carnegie Mellon University Simon Initiative. Category: Verified LinkedIn Company Page",train
2733,ML6 Search + Talent Advisory,https://www.linkedin.com/company/16223675,0,Legitimate,Verified LinkedIn Company Page,,N/A - genuine company page found via user LinkedIn interests/follows,None reported,,,Interests,ML6 Search + Talent Advisory. Category: Verified LinkedIn Company Page,train
2734,Starlight Creative Studios,,1,Fake_Scam,Design Freelance Scam,Fictitious Media Agency,Assigns extensive unpaid design project tests; ghosting candidates and stealing creative work.,Copyright theft; zero intention of hiring; portfolio scraping.,LinkedIn Job Post -> Email,Medium,LinkedIn Fake Company Database,Starlight Creative Studios. Category: Design Freelance Scam. Impersonation target: Fictitious Media Agency. Modus operandi: Assigns extensive unpaid design project tests; ghosting candidates and stealing creative work.. Red flags: Copyright theft; zero intention of hiring; portfolio scraping.,train
2735,Finest.se,https://www.linkedin.com/company/3652153,0,Legitimate,Verified LinkedIn Company Page,,N/A - genuine company page found via user LinkedIn interests/follows,None reported,,,Interests,Finest.se. Category: Verified LinkedIn Company Page,train
2736,Acklen Avenue,https://www.linkedin.com/company/2473418,0,Legitimate,Verified LinkedIn Company Page,,N/A - genuine company page found via user LinkedIn interests/follows,None reported,,,Interests,Acklen Avenue. Category: Verified LinkedIn Company Page,test
2737,Georgia Tech Athletic Association,https://www.linkedin.com/company/1178010,0,Legitimate,Verified LinkedIn Company Page,,N/A - genuine company page found via user LinkedIn interests/follows,None reported,,,Interests,Georgia Tech Athletic Association. Category: Verified LinkedIn Company Page,train
2738,Capital University Law School,https://www.linkedin.com/company/15249339,0,Legitimate,Verified LinkedIn Company Page,,N/A - genuine company page found via user LinkedIn interests/follows,None reported,,,Interests,Capital University Law School. Category: Verified LinkedIn Company Page,train
2739,Temasek,https://www.linkedin.com/company/15956,0,Legitimate,Verified LinkedIn Company Page,,N/A - genuine company page found via user LinkedIn interests/follows,None reported,,,Interests,Temasek. Category: Verified LinkedIn Company Page,train
2740,Priority Sports & Entertainment,https://www.linkedin.com/company/121560,0,Legitimate,Verified LinkedIn Company Page,,N/A - genuine company page found via user LinkedIn interests/follows,None reported,,,Interests,Priority Sports & Entertainment. Category: Verified LinkedIn Company Page,val
2741,Grammarly Business,https://www.linkedin.com/company/81531054,0,Legitimate,Verified LinkedIn Company Page,,N/A - genuine company page found via user LinkedIn interests/follows,None reported,,,Interests,Grammarly Business. Category: Verified LinkedIn Company Page,val
2742,Collins Aerospace,https://www.linkedin.com/company/11695727,0,Legitimate,Verified LinkedIn Company Page,,N/A - genuine company page found via user LinkedIn interests/follows,None reported,,,Interests,Collins Aerospace. Category: Verified LinkedIn Company Page,val
2743,TeacherGoals,https://www.linkedin.com/company/42686854,0,Legitimate,Verified LinkedIn Company Page,,N/A - genuine company page found via user LinkedIn interests/follows,None reported,,,Interests,TeacherGoals. Category: Verified LinkedIn Company Page,val
2744,Gig Wage,https://www.linkedin.com/company/4789533,0,Legitimate,Verified LinkedIn Company Page,,N/A - genuine company page found via user LinkedIn interests/follows,None reported,,,Interests,Gig Wage. Category: Verified LinkedIn Company Page,train
2745,Olo,https://www.linkedin.com/company/1574684,0,Legitimate,Verified LinkedIn Company Page,,N/A - genuine company page found via user LinkedIn interests/follows,None reported,,,Interests,Olo. Category: Verified LinkedIn Company Page,train
2746,Rutgers Business School,https://www.linkedin.com/company/4261,0,Legitimate,Verified LinkedIn Company Page,,N/A - genuine company page found via user LinkedIn interests/follows,None reported,,,Interests,Rutgers Business School. Category: Verified LinkedIn Company Page,train
2747,Chung Hsin Electric & Machinery MFG CORP,https://www.linkedin.com/company/1147505,0,Legitimate,Verified LinkedIn Company Page,,N/A - genuine company page found via user LinkedIn interests/follows,None reported,,,Interests,Chung Hsin Electric & Machinery MFG CORP. Category: Verified LinkedIn Company Page,train
2748,Orion Conmerx Pvt. Ltd.,https://www.linkedin.com/company/66632739,0,Legitimate,Verified LinkedIn Company Page,,N/A - genuine company page found via user LinkedIn interests/follows,None reported,,,Interests,Orion Conmerx Pvt. Ltd.. Category: Verified LinkedIn Company Page,val
2749,TIM Brasil,https://www.linkedin.com/company/372589,0,Legitimate,Verified LinkedIn Company Page,,N/A - genuine company page found via user LinkedIn interests/follows,None reported,,,Interests,TIM Brasil. Category: Verified LinkedIn Company Page,test
2750,EyrID,https://www.linkedin.com/company/76781244,0,Legitimate,Verified LinkedIn Company Page,,N/A - genuine company page found via user LinkedIn interests/follows,None reported,,,Interests,EyrID. Category: Verified LinkedIn Company Page,train
2751,The Ohio State University Fisher College of Business,https://www.linkedin.com/company/15099695,0,Legitimate,Verified LinkedIn Company Page,,N/A - genuine company page found via user LinkedIn interests/follows,None reported,,,Interests,The Ohio State University Fisher College of Business. Category: Verified LinkedIn Company Page,train
2752,EXPRESS,https://www.linkedin.com/company/200465,0,Legitimate,Verified LinkedIn Company Page,,N/A - genuine company page found via user LinkedIn interests/follows,None reported,,,Interests,EXPRESS. Category: Verified LinkedIn Company Page,train
2753,"VRS Meetings & Events, Inc.",https://www.linkedin.com/company/11498680,0,Legitimate,Verified LinkedIn Company Page,,N/A - genuine company page found via user LinkedIn interests/follows,None reported,,,Interests,"VRS Meetings & Events, Inc.. Category: Verified LinkedIn Company Page",train
2754,Northern Virginia Technology Council (NVTC),https://www.linkedin.com/company/56225,0,Legitimate,Verified LinkedIn Company Page,,N/A - genuine company page found via user LinkedIn interests/follows,None reported,,,Interests,Northern Virginia Technology Council (NVTC). Category: Verified LinkedIn Company Page,train
2755,Hope4,https://www.linkedin.com/company/77007105,0,Legitimate,Verified LinkedIn Company Page,,N/A - genuine company page found via user LinkedIn interests/follows,None reported,,,Interests,Hope4. Category: Verified LinkedIn Company Page,val
2756,Kavak.com,https://www.linkedin.com/company/15196956,0,Legitimate,Verified LinkedIn Company Page,,N/A - genuine company page found via user LinkedIn interests/follows,None reported,,,Interests,Kavak.com. Category: Verified LinkedIn Company Page,train
2757,Hawthorne,https://www.linkedin.com/company/18345377,0,Legitimate,Verified LinkedIn Company Page,,N/A - genuine company page found via user LinkedIn interests/follows,None reported,,,Interests,Hawthorne. Category: Verified LinkedIn Company Page,train
2758,"Land O'Lakes, Inc.",https://www.linkedin.com/company/7935,0,Legitimate,Verified LinkedIn Company Page,,N/A - genuine company page found via user LinkedIn interests/follows,None reported,,,Interests,"Land O'Lakes, Inc.. Category: Verified LinkedIn Company Page",val
2759,Fortress Cyber Security,https://www.linkedin.com/company/15263198,0,Legitimate,Verified LinkedIn Company Page,,N/A - genuine company page found via user LinkedIn interests/follows,None reported,,,Interests,Fortress Cyber Security. Category: Verified LinkedIn Company Page,train
2760,Nikon,https://www.linkedin.com/company/209374,0,Legitimate,Verified LinkedIn Company Page,,N/A - genuine company page found via user LinkedIn interests/follows,None reported,,,Interests,Nikon. Category: Verified LinkedIn Company Page,test
2761,Texas Department of Information Resources,https://www.linkedin.com/company/1191778,0,Legitimate,Verified LinkedIn Company Page,,N/A - genuine company page found via user LinkedIn interests/follows,None reported,,,Interests,Texas Department of Information Resources. Category: Verified LinkedIn Company Page,test
2762,Sabaragamuwa University of Sri Lanka,https://www.linkedin.com/company/2058646,0,Legitimate,Verified LinkedIn Company Page,,N/A - genuine company page found via user LinkedIn interests/follows,None reported,,,Interests,Sabaragamuwa University of Sri Lanka. Category: Verified LinkedIn Company Page,train
2763,Microsoft Cloud Solutions Recruiter,,1,Fake_Scam,Enterprise Impersonation,Microsoft Corporation,Directs applicants to Skype chat for interview; promises home office setup funds via e-check.,Check fraud; email domain uses Cyrillic spoofed characters (@mícrosoft-jobs.com).,LinkedIn Message -> Skype,High,LinkedIn Fake Company Database,Microsoft Cloud Solutions Recruiter. Category: Enterprise Impersonation. Impersonation target: Microsoft Corporation. Modus operandi: Directs applicants to Skype chat for interview; promises home office setup funds via e-check.. Red flags: Check fraud; email domain uses Cyrillic spoofed characters (@mícrosoft-jobs.com).,train
2764,Centre Hospitalier Simone Veil de Blois,https://www.linkedin.com/company/11011234,0,Legitimate,Verified LinkedIn Company Page,,N/A - genuine company page found via user LinkedIn interests/follows,None reported,,,Interests,Centre Hospitalier Simone Veil de Blois. Category: Verified LinkedIn Company Page,train
2765,Optimity,https://www.linkedin.com/company/5071924,0,Legitimate,Verified LinkedIn Company Page,,N/A - genuine company page found via user LinkedIn interests/follows,None reported,,,Interests,Optimity. Category: Verified LinkedIn Company Page,train
2766,Distrito Empresarial do Porto,https://www.linkedin.com/company/74999084,0,Legitimate,Verified LinkedIn Company Page,,N/A - genuine company page found via user LinkedIn interests/follows,None reported,,,Interests,Distrito Empresarial do Porto. Category: Verified LinkedIn Company Page,train
2767,The Brooklyn Hospital Center,https://www.linkedin.com/company/937466,0,Legitimate,Verified LinkedIn Company Page,,N/A - genuine company page found via user LinkedIn interests/follows,None reported,,,Interests,The Brooklyn Hospital Center. Category: Verified LinkedIn Company Page,train
2768,Murdoch University,https://www.linkedin.com/company/165072,0,Legitimate,Verified LinkedIn Company Page,,N/A - genuine company page found via user LinkedIn interests/follows,None reported,,,Interests,Murdoch University. Category: Verified LinkedIn Company Page,train
2769,Kaplan Studio,https://www.linkedin.com/company/296427,0,Legitimate,Verified LinkedIn Company Page,,N/A - genuine company page found via user LinkedIn interests/follows,None reported,,,Interests,Kaplan Studio. Category: Verified LinkedIn Company Page,train
2770,Spring Search Group,https://www.linkedin.com/company/846888,0,Legitimate,Verified LinkedIn Company Page,,N/A - genuine company page found via user LinkedIn interests/follows,None reported,,,Interests,Spring Search Group. Category: Verified LinkedIn Company Page,val
2771,BDO,https://www.linkedin.com/company/2756919,0,Legitimate,Verified LinkedIn Company Page,,N/A - genuine company page found via user LinkedIn interests/follows,None reported,,,Interests,BDO. Category: Verified LinkedIn Company Page,test
2772,EvolveHer Media,https://www.linkedin.com/company/25064976,0,Legitimate,Verified LinkedIn Company Page,,N/A - genuine company page found via user LinkedIn interests/follows,None reported,,,Interests,EvolveHer Media. Category: Verified LinkedIn Company Page,train
2773,Rootstock Software,https://www.linkedin.com/company/2389168,0,Legitimate,Verified LinkedIn Company Page,,N/A - genuine company page found via user LinkedIn interests/follows,None reported,,,Interests,Rootstock Software. Category: Verified LinkedIn Company Page,train
2774,AAAIM,https://www.linkedin.com/company/10407409,0,Legitimate,Verified LinkedIn Company Page,,N/A - genuine company page found via user LinkedIn interests/follows,None reported,,,Interests,AAAIM. Category: Verified LinkedIn Company Page,train
2775,Iron Mountain,https://www.linkedin.com/company/3780,0,Legitimate,Verified LinkedIn Company Page,,N/A - genuine company page found via user LinkedIn interests/follows,None reported,,,Interests,Iron Mountain. Category: Verified LinkedIn Company Page,val
2776,Kipper Tool Company,https://www.linkedin.com/company/1167319,0,Legitimate,Verified LinkedIn Company Page,,N/A - genuine company page found via user LinkedIn interests/follows,None reported,,,Interests,Kipper Tool Company. Category: Verified LinkedIn Company Page,train
2777,City of Boulder,https://www.linkedin.com/company/15645,0,Legitimate,Verified LinkedIn Company Page,,N/A - genuine company page found via user LinkedIn interests/follows,None reported,,,Interests,City of Boulder. Category: Verified LinkedIn Company Page,train
2778,PathAI,https://www.linkedin.com/company/10804043,0,Legitimate,Verified LinkedIn Company Page,,N/A - genuine company page found via user LinkedIn interests/follows,None reported,,,Interests,PathAI. Category: Verified LinkedIn Company Page,val
2779,StreetWise Partners,https://www.linkedin.com/company/61193,0,Legitimate,Verified LinkedIn Company Page,,N/A - genuine company page found via user LinkedIn interests/follows,None reported,,,Interests,StreetWise Partners. Category: Verified LinkedIn Company Page,val
2780,Axbit,https://www.linkedin.com/company/3337122,0,Legitimate,Verified LinkedIn Company Page,,N/A - genuine company page found via user LinkedIn interests/follows,None reported,,,Interests,Axbit. Category: Verified LinkedIn Company Page,test
2781,Texas Roadhouse,https://www.linkedin.com/company/20139,0,Legitimate,Verified LinkedIn Company Page,,N/A - genuine company page found via user LinkedIn interests/follows,None reported,,,Interests,Texas Roadhouse. Category: Verified LinkedIn Company Page,val
2782,University of Delaware,https://www.linkedin.com/company/6807,0,Legitimate,Verified LinkedIn Company Page,,N/A - genuine company page found via user LinkedIn interests/follows,None reported,,,Interests,University of Delaware. Category: Verified LinkedIn Company Page,train
2783,Human Resource Consultants,https://www.linkedin.com/company/153105,0,Legitimate,Verified LinkedIn Company Page,,N/A - genuine company page found via user LinkedIn interests/follows,None reported,,,Interests,Human Resource Consultants. Category: Verified LinkedIn Company Page,train
2784,"Accessible Teaching, Learning, and Assessment Systems (ATLAS)",https://www.linkedin.com/company/80886730,0,Legitimate,Verified LinkedIn Company Page,,N/A - genuine company page found via user LinkedIn interests/follows,None reported,,,Interests,"Accessible Teaching, Learning, and Assessment Systems (ATLAS). Category: Verified LinkedIn Company Page",train
2785,Edmarc,https://www.linkedin.com/company/2397383,0,Legitimate,Verified LinkedIn Company Page,,N/A - genuine company page found via user LinkedIn interests/follows,None reported,,,Interests,Edmarc. Category: Verified LinkedIn Company Page,train
2786,Wildlife Conservation Network,https://www.linkedin.com/company/1438070,0,Legitimate,Verified LinkedIn Company Page,,N/A - genuine company page found via user LinkedIn interests/follows,None reported,,,Interests,Wildlife Conservation Network. Category: Verified LinkedIn Company Page,train
2787,Bid Solutions,https://www.linkedin.com/company/137705,0,Legitimate,Verified LinkedIn Company Page,,N/A - genuine company page found via user LinkedIn interests/follows,None reported,,,Interests,Bid Solutions. Category: Verified LinkedIn Company Page,train
2788,Metro Express Couriers,,1,Fake_Scam,Reshipping / Mule Scam,Fake Delivery Service,Recruits home repackaging agents for luxury consumer electronics.,Reshipping stolen goods from compromised merchant accounts.,LinkedIn InMail -> WhatsApp,Critical,LinkedIn Fake Company Database,Metro Express Couriers. Category: Reshipping / Mule Scam. Impersonation target: Fake Delivery Service. Modus operandi: Recruits home repackaging agents for luxury consumer electronics.. Red flags: Reshipping stolen goods from compromised merchant accounts.,train
2789,Trilo,https://www.linkedin.com/company/13061100,0,Legitimate,Verified LinkedIn Company Page,,N/A - genuine company page found via user LinkedIn interests/follows,None reported,,,Interests,Trilo. Category: Verified LinkedIn Company Page,train
2790,Geena Davis Institute on Gender in Media,https://www.linkedin.com/company/6632472,0,Legitimate,Verified LinkedIn Company Page,,N/A - genuine company page found via user LinkedIn interests/follows,None reported,,,Interests,Geena Davis Institute on Gender in Media. Category: Verified LinkedIn Company Page,train
2791,"TRANSEARCH, Detroit Auto/Industrial (formerly Tier One Executive Search)",https://www.linkedin.com/company/1597444,0,Legitimate,Verified LinkedIn Company Page,,N/A - genuine company page found via user LinkedIn interests/follows,None reported,,,Interests,"TRANSEARCH, Detroit Auto/Industrial (formerly Tier One Executive Search). Category: Verified LinkedIn Company Page",train
2792,CFC,https://www.linkedin.com/company/9417,0,Legitimate,Verified LinkedIn Company Page,,N/A - genuine company page found via user LinkedIn interests/follows,None reported,,,Interests,CFC. Category: Verified LinkedIn Company Page,test
2793,HBSI Capital,https://www.linkedin.com/company/82785228,0,Legitimate,Verified LinkedIn Company Page,,N/A - genuine company page found via user LinkedIn interests/follows,None reported,,,Interests,HBSI Capital. Category: Verified LinkedIn Company Page,train
2794,AJ&Smart,https://www.linkedin.com/company/2560650,0,Legitimate,Verified LinkedIn Company Page,,N/A - genuine company page found via user LinkedIn interests/follows,None reported,,,Interests,AJ&Smart. Category: Verified LinkedIn Company Page,test
2795,Goldman Sachs,https://www.linkedin.com/company/1382,0,Legitimate,Verified LinkedIn Company Page,,N/A - genuine company page found via user LinkedIn interests/follows,None reported,,,Interests,Goldman Sachs. Category: Verified LinkedIn Company Page,train
2796,Design & Crafts Council Ireland,https://www.linkedin.com/company/492114,0,Legitimate,Verified LinkedIn Company Page,,N/A - genuine company page found via user LinkedIn interests/follows,None reported,,,Interests,Design & Crafts Council Ireland. Category: Verified LinkedIn Company Page,train
2797,"Glossier, Inc.",https://www.linkedin.com/company/9217565,0,Legitimate,Verified LinkedIn Company Page,,N/A - genuine company page found via user LinkedIn interests/follows,None reported,,,Interests,"Glossier, Inc.. Category: Verified LinkedIn Company Page",test
2798,"Biz Advisory Consulting, LLC.",https://www.linkedin.com/company/64721638,0,Legitimate,Verified LinkedIn Company Page,,N/A - genuine company page found via user LinkedIn interests/follows,None reported,,,Interests,"Biz Advisory Consulting, LLC.. Category: Verified LinkedIn Company Page",train
2799,University of York,https://www.linkedin.com/company/10399,0,Legitimate,Verified LinkedIn Company Page,,N/A - genuine company page found via user LinkedIn interests/follows,None reported,,,Interests,University of York. Category: Verified LinkedIn Company Page,train
2800,Harvard Graduate School of Education,https://www.linkedin.com/company/1653,0,Legitimate,Verified LinkedIn Company Page,,N/A - genuine company page found via user LinkedIn interests/follows,None reported,,,Interests,Harvard Graduate School of Education. Category: Verified LinkedIn Company Page,train
2801,Amazon Ads,https://www.linkedin.com/company/19199874,0,Legitimate,Verified LinkedIn Company Page,,N/A - genuine company page found via user LinkedIn interests/follows,None reported,,,Interests,Amazon Ads. Category: Verified LinkedIn Company Page,train
2802,Estee Lauder NV,https://www.linkedin.com/company/10028023,0,Legitimate,Verified LinkedIn Company Page,,N/A - genuine company page found via user LinkedIn interests/follows,None reported,,,Interests,Estee Lauder NV. Category: Verified LinkedIn Company Page,train
2803,Hired,https://www.linkedin.com/company/2786985,0,Legitimate,Verified LinkedIn Company Page,,N/A - genuine company page found via user LinkedIn interests/follows,None reported,,,Interests,Hired. Category: Verified LinkedIn Company Page,val
2804,FrontStream,https://www.linkedin.com/company/1076858,0,Legitimate,Verified LinkedIn Company Page,,N/A - genuine company page found via user LinkedIn interests/follows,None reported,,,Interests,FrontStream. Category: Verified LinkedIn Company Page,train
2805,WelbeHealth,https://www.linkedin.com/company/7969298,0,Legitimate,Verified LinkedIn Company Page,,N/A - genuine company page found via user LinkedIn interests/follows,None reported,,,Interests,WelbeHealth. Category: Verified LinkedIn Company Page,test
2806,Postmates by Uber,https://www.linkedin.com/company/2687211,0,Legitimate,Verified LinkedIn Company Page,,N/A - genuine company page found via user LinkedIn interests/follows,None reported,,,Interests,Postmates by Uber. Category: Verified LinkedIn Company Page,train
2807,Gregory FCA,https://www.linkedin.com/company/29587,0,Legitimate,Verified LinkedIn Company Page,,N/A - genuine company page found via user LinkedIn interests/follows,None reported,,,Interests,Gregory FCA. Category: Verified LinkedIn Company Page,test
2808,National Labor Relations Board,https://www.linkedin.com/company/17970,0,Legitimate,Verified LinkedIn Company Page,,N/A - genuine company page found via user LinkedIn interests/follows,None reported,,,Interests,National Labor Relations Board. Category: Verified LinkedIn Company Page,train
2809,Google Cloud Operations Talent,,1,Fake_Scam,Enterprise Impersonation,Google LLC,Sends Google Forms interview questionnaire; requests credit report purchase through linked site.,Affiliate fraud / credit card harvesting via spoofed credit check link.,LinkedIn Outreach -> Google Forms,High,LinkedIn Fake Company Database,Google Cloud Operations Talent. Category: Enterprise Impersonation. Impersonation target: Google LLC. Modus operandi: Sends Google Forms interview questionnaire; requests credit report purchase through linked site.. Red flags: Affiliate fraud / credit card harvesting via spoofed credit check link.,train
2810,Saxton Group,https://www.linkedin.com/company/507223,0,Legitimate,Verified LinkedIn Company Page,,N/A - genuine company page found via user LinkedIn interests/follows,None reported,,,Interests,Saxton Group. Category: Verified LinkedIn Company Page,train
2811,Abbott Diagnostics Talent Desk,,1,Fake_Scam,Enterprise Impersonation,Abbott Laboratories,Issues quick remote administrative job offers; asks for SSN/National ID for 'tax setup'.,Identity theft phishing via spoofed Google Docs / Formstack form.,LinkedIn Job Post -> PDF Offer,High,LinkedIn Fake Company Database,Abbott Diagnostics Talent Desk. Category: Enterprise Impersonation. Impersonation target: Abbott Laboratories. Modus operandi: Issues quick remote administrative job offers; asks for SSN/National ID for 'tax setup'.. Red flags: Identity theft phishing via spoofed Google Docs / Formstack form.,train
2812,Deeper Than Color: Social Justice & Strength-Based Psychotherapy and Consulting,https://www.linkedin.com/company/18961526,0,Legitimate,Verified LinkedIn Company Page,,N/A - genuine company page found via user LinkedIn interests/follows,None reported,,,Interests,Deeper Than Color: Social Justice & Strength-Based Psychotherapy and Consulting. Category: Verified LinkedIn Company Page,train
2813,MarketAxess,https://www.linkedin.com/company/13651,0,Legitimate,Verified LinkedIn Company Page,,N/A - genuine company page found via user LinkedIn interests/follows,None reported,,,Interests,MarketAxess. Category: Verified LinkedIn Company Page,train
2814,Assortis,https://www.linkedin.com/company/1014272,0,Legitimate,Verified LinkedIn Company Page,,N/A - genuine company page found via user LinkedIn interests/follows,None reported,,,Interests,Assortis. Category: Verified LinkedIn Company Page,val
2815,MyCujoo (An ELEVEN Company) - Legacy/Archive Page,https://www.linkedin.com/company/3291818,0,Legitimate,Verified LinkedIn Company Page,,N/A - genuine company page found via user LinkedIn interests/follows,None reported,,,Interests,MyCujoo (An ELEVEN Company) - Legacy/Archive Page. Category: Verified LinkedIn Company Page,train
2816,Pie Creative Agency,https://www.linkedin.com/company/17991466,0,Legitimate,Verified LinkedIn Company Page,,N/A - genuine company page found via user LinkedIn interests/follows,None reported,,,Interests,Pie Creative Agency. Category: Verified LinkedIn Company Page,train
2817,Herman Law Firm,https://www.linkedin.com/company/10884440,0,Legitimate,Verified LinkedIn Company Page,,N/A - genuine company page found via user LinkedIn interests/follows,None reported,,,Interests,Herman Law Firm. Category: Verified LinkedIn Company Page,train
2818,The Colette Louise Tisdahl Foundation,https://www.linkedin.com/company/42945810,0,Legitimate,Verified LinkedIn Company Page,,N/A - genuine company page found via user LinkedIn interests/follows,None reported,,,Interests,The Colette Louise Tisdahl Foundation. Category: Verified LinkedIn Company Page,train
2819,IndeVets,https://www.linkedin.com/company/11538527,0,Legitimate,Verified LinkedIn Company Page,,N/A - genuine company page found via user LinkedIn interests/follows,None reported,,,Interests,IndeVets. Category: Verified LinkedIn Company Page,train
2820,ReneSola Ltd.,https://www.linkedin.com/company/798310,0,Legitimate,Verified LinkedIn Company Page,,N/A - genuine company page found via user LinkedIn interests/follows,None reported,,,Interests,ReneSola Ltd.. Category: Verified LinkedIn Company Page,val
2821,Open Source Initiative (OSI),https://www.linkedin.com/company/885950,0,Legitimate,Verified LinkedIn Company Page,,N/A - genuine company page found via user LinkedIn interests/follows,None reported,,,Interests,Open Source Initiative (OSI). Category: Verified LinkedIn Company Page,train
2822,VIDA GLOW,https://www.linkedin.com/company/12175603,0,Legitimate,Verified LinkedIn Company Page,,N/A - genuine company page found via user LinkedIn interests/follows,None reported,,,Interests,VIDA GLOW. Category: Verified LinkedIn Company Page,train
2823,Theatre Philadelphia,https://www.linkedin.com/company/4993118,0,Legitimate,Verified LinkedIn Company Page,,N/A - genuine company page found via user LinkedIn interests/follows,None reported,,,Interests,Theatre Philadelphia. Category: Verified LinkedIn Company Page,val
2824,Bakery Group,https://www.linkedin.com/company/2780946,0,Legitimate,Verified LinkedIn Company Page,,N/A - genuine company page found via user LinkedIn interests/follows,None reported,,,Interests,Bakery Group. Category: Verified LinkedIn Company Page,train
2825,The Social Shake-Up,https://www.linkedin.com/company/35535577,0,Legitimate,Verified LinkedIn Company Page,,N/A - genuine company page found via user LinkedIn interests/follows,None reported,,,Interests,The Social Shake-Up. Category: Verified LinkedIn Company Page,train
2826,American India Foundation,https://www.linkedin.com/company/29782,0,Legitimate,Verified LinkedIn Company Page,,N/A - genuine company page found via user LinkedIn interests/follows,None reported,,,Interests,American India Foundation. Category: Verified LinkedIn Company Page,train
2827,Fearless Dialogues,https://www.linkedin.com/company/82505877,0,Legitimate,Verified LinkedIn Company Page,,N/A - genuine company page found via user LinkedIn interests/follows,None reported,,,Interests,Fearless Dialogues. Category: Verified LinkedIn Company Page,train
2828,Rowan College at Gloucester County,https://www.linkedin.com/company/49133,0,Legitimate,Verified LinkedIn Company Page,,N/A - genuine company page found via user LinkedIn interests/follows,None reported,,,Interests,Rowan College at Gloucester County. Category: Verified LinkedIn Company Page,train
2829,Chinese Academy of Sciences,https://www.linkedin.com/company/37186,0,Legitimate,Verified LinkedIn Company Page,,N/A - genuine company page found via user LinkedIn interests/follows,None reported,,,Interests,Chinese Academy of Sciences. Category: Verified LinkedIn Company Page,train
2830,Macaulay Service Initiative,https://www.linkedin.com/company/66657444,0,Legitimate,Verified LinkedIn Company Page,,N/A - genuine company page found via user LinkedIn interests/follows,None reported,,,Interests,Macaulay Service Initiative. Category: Verified LinkedIn Company Page,train
2831,National Academy of Sports Medicine (NASM),https://www.linkedin.com/company/343423,0,Legitimate,Verified LinkedIn Company Page,,N/A - genuine company page found via user LinkedIn interests/follows,None reported,,,Interests,National Academy of Sports Medicine (NASM). Category: Verified LinkedIn Company Page,train
2832,GAPS Health,https://www.linkedin.com/company/34958228,0,Legitimate,Verified LinkedIn Company Page,,N/A - genuine company page found via user LinkedIn interests/follows,None reported,,,Interests,GAPS Health. Category: Verified LinkedIn Company Page,train
2833,Tampa Bay Buccaneers,https://www.linkedin.com/company/4554,0,Legitimate,Verified LinkedIn Company Page,,N/A - genuine company page found via user LinkedIn interests/follows,None reported,,,Interests,Tampa Bay Buccaneers. Category: Verified LinkedIn Company Page,train
2834,Executive Construction Inc.,https://www.linkedin.com/company/114123,0,Legitimate,Verified LinkedIn Company Page,,N/A - genuine company page found via user LinkedIn interests/follows,None reported,,,Interests,Executive Construction Inc.. Category: Verified LinkedIn Company Page,train
2835,TechBuzz.News,https://www.linkedin.com/company/67509958,0,Legitimate,Verified LinkedIn Company Page,,N/A - genuine company page found via user LinkedIn interests/follows,None reported,,,Interests,TechBuzz.News. Category: Verified LinkedIn Company Page,train
2836,AFC Furniture Solutions,https://www.linkedin.com/company/2782074,0,Legitimate,Verified LinkedIn Company Page,,N/A - genuine company page found via user LinkedIn interests/follows,None reported,,,Interests,AFC Furniture Solutions. Category: Verified LinkedIn Company Page,train
2837,RCB Bank,https://www.linkedin.com/company/988445,0,Legitimate,Verified LinkedIn Company Page,,N/A - genuine company page found via user LinkedIn interests/follows,None reported,,,Interests,RCB Bank. Category: Verified LinkedIn Company Page,train
2838,Expa,https://www.linkedin.com/company/3120013,0,Legitimate,Verified LinkedIn Company Page,,N/A - genuine company page found via user LinkedIn interests/follows,None reported,,,Interests,Expa. Category: Verified LinkedIn Company Page,test
2839,TEDxTemecula,https://www.linkedin.com/company/7956617,0,Legitimate,Verified LinkedIn Company Page,,N/A - genuine company page found via user LinkedIn interests/follows,None reported,,,Interests,TEDxTemecula. Category: Verified LinkedIn Company Page,val
2840,TRACOM Group,https://www.linkedin.com/company/289732,0,Legitimate,Verified LinkedIn Company Page,,N/A - genuine company page found via user LinkedIn interests/follows,None reported,,,Interests,TRACOM Group. Category: Verified LinkedIn Company Page,train
2841,Cycling UK,https://www.linkedin.com/company/361532,0,Legitimate,Verified LinkedIn Company Page,,N/A - genuine company page found via user LinkedIn interests/follows,None reported,,,Interests,Cycling UK. Category: Verified LinkedIn Company Page,val
2842,Lindenwood Professional and Continuing Education,https://www.linkedin.com/company/89492504,0,Legitimate,Verified LinkedIn Company Page,,N/A - genuine company page found via user LinkedIn interests/follows,None reported,,,Interests,Lindenwood Professional and Continuing Education. Category: Verified LinkedIn Company Page,train
2843,Ascend Analytics,https://www.linkedin.com/company/111033,0,Legitimate,Verified LinkedIn Company Page,,N/A - genuine company page found via user LinkedIn interests/follows,None reported,,,Interests,Ascend Analytics. Category: Verified LinkedIn Company Page,train
2844,TOTUS Gift Card Management,https://www.linkedin.com/company/79012000,0,Legitimate,Verified LinkedIn Company Page,,N/A - genuine company page found via user LinkedIn interests/follows,None reported,,,Interests,TOTUS Gift Card Management. Category: Verified LinkedIn Company Page,train
2845,BritishAmerican Business,https://www.linkedin.com/company/111428,0,Legitimate,Verified LinkedIn Company Page,,N/A - genuine company page found via user LinkedIn interests/follows,None reported,,,Interests,BritishAmerican Business. Category: Verified LinkedIn Company Page,test
2846,Root Inc.,https://www.linkedin.com/company/10334169,0,Legitimate,Verified LinkedIn Company Page,,N/A - genuine company page found via user LinkedIn interests/follows,None reported,,,Interests,Root Inc.. Category: Verified LinkedIn Company Page,train
2847,Husky Energy,https://www.linkedin.com/company/14047,0,Legitimate,Verified LinkedIn Company Page,,N/A - genuine company page found via user LinkedIn interests/follows,None reported,,,Interests,Husky Energy. Category: Verified LinkedIn Company Page,train
2848,SmartRecruiters,https://www.linkedin.com/company/1584738,0,Legitimate,Verified LinkedIn Company Page,,N/A - genuine company page found via user LinkedIn interests/follows,None reported,,,Interests,SmartRecruiters. Category: Verified LinkedIn Company Page,test
2849,Children's Hospital of Philadelphia,https://www.linkedin.com/company/166358,0,Legitimate,Verified LinkedIn Company Page,,N/A - genuine company page found via user LinkedIn interests/follows,None reported,,,Interests,Children's Hospital of Philadelphia. Category: Verified LinkedIn Company Page,train
2850,CloudCheckr (part of Spot by NetApp),https://www.linkedin.com/company/3178533,0,Legitimate,Verified LinkedIn Company Page,,N/A - genuine company page found via user LinkedIn interests/follows,None reported,,,Interests,CloudCheckr (part of Spot by NetApp). Category: Verified LinkedIn Company Page,train
2851,University of Northern Colorado,https://www.linkedin.com/company/16489,0,Legitimate,Verified LinkedIn Company Page,,N/A - genuine company page found via user LinkedIn interests/follows,None reported,,,Interests,University of Northern Colorado. Category: Verified LinkedIn Company Page,test
2852,CareerStaff Unlimited,https://www.linkedin.com/company/3706049,0,Legitimate,Verified LinkedIn Company Page,,N/A - genuine company page found via user LinkedIn interests/follows,None reported,,,Interests,CareerStaff Unlimited. Category: Verified LinkedIn Company Page,val
2853,"Sagacity Legal, PLLC",https://www.linkedin.com/company/35680142,0,Legitimate,Verified LinkedIn Company Page,,N/A - genuine company page found via user LinkedIn interests/follows,None reported,,,Interests,"Sagacity Legal, PLLC. Category: Verified LinkedIn Company Page",train
2854,Aerotek,https://www.linkedin.com/company/11436818,0,Legitimate,Verified LinkedIn Company Page,,N/A - genuine company page found via user LinkedIn interests/follows,None reported,,,Interests,Aerotek. Category: Verified LinkedIn Company Page,train
2855,Satoshi Alpha Capital,,1,Fake_Scam,Web3 / Crypto Shell,Fabricated Crypto Fund,Offers remote Trader role; asks candidate to run automated bot script containing info-stealer.,Python script containing malware to harvest crypto keys and session tokens.,LinkedIn DM -> GitHub Repo,Critical,LinkedIn Fake Company Database,Satoshi Alpha Capital. Category: Web3 / Crypto Shell. Impersonation target: Fabricated Crypto Fund. Modus operandi: Offers remote Trader role; asks candidate to run automated bot script containing info-stealer.. Red flags: Python script containing malware to harvest crypto keys and session tokens.,train
2856,Solana Yield Ventures,,1,Fake_Scam,Web3 / Crypto Shell,Fabricated DeFi Platform,Offers remote smart contract auditor role; directs to phishing dApp to verify credentials.,Wallet drainage attack via fake Web3 dApp signature request.,LinkedIn DM -> Phishing URL,Critical,LinkedIn Fake Company Database,Solana Yield Ventures. Category: Web3 / Crypto Shell. Impersonation target: Fabricated DeFi Platform. Modus operandi: Offers remote smart contract auditor role; directs to phishing dApp to verify credentials.. Red flags: Wallet drainage attack via fake Web3 dApp signature request.,val
2857,Sundance Institute,https://www.linkedin.com/company/19556,0,Legitimate,Verified LinkedIn Company Page,,N/A - genuine company page found via user LinkedIn interests/follows,None reported,,,Interests,Sundance Institute. Category: Verified LinkedIn Company Page,train
2858,University of Arizona,https://www.linkedin.com/company/4734,0,Legitimate,Verified LinkedIn Company Page,,N/A - genuine company page found via user LinkedIn interests/follows,None reported,,,Interests,University of Arizona. Category: Verified LinkedIn Company Page,train
2859,Sampark Foundation,https://www.linkedin.com/company/4816962,0,Legitimate,Verified LinkedIn Company Page,,N/A - genuine company page found via user LinkedIn interests/follows,None reported,,,Interests,Sampark Foundation. Category: Verified LinkedIn Company Page,train
2860,Crain's New York Business,https://www.linkedin.com/company/6261,0,Legitimate,Verified LinkedIn Company Page,,N/A - genuine company page found via user LinkedIn interests/follows,None reported,,,Interests,Crain's New York Business. Category: Verified LinkedIn Company Page,train
2861,Elevance Health,https://www.linkedin.com/company/81527214,0,Legitimate,Verified LinkedIn Company Page,,N/A - genuine company page found via user LinkedIn interests/follows,None reported,,,Interests,Elevance Health. Category: Verified LinkedIn Company Page,train
2862,Cinema Esports Alliance Co,https://www.linkedin.com/company/72059990,0,Legitimate,Verified LinkedIn Company Page,,N/A - genuine company page found via user LinkedIn interests/follows,None reported,,,Interests,Cinema Esports Alliance Co. Category: Verified LinkedIn Company Page,test
2863,mGage (now Kaleyra),https://www.linkedin.com/company/5104375,0,Legitimate,Verified LinkedIn Company Page,,N/A - genuine company page found via user LinkedIn interests/follows,None reported,,,Interests,mGage (now Kaleyra). Category: Verified LinkedIn Company Page,train
2864,Sterling Engineering,https://www.linkedin.com/company/24211,0,Legitimate,Verified LinkedIn Company Page,,N/A - genuine company page found via user LinkedIn interests/follows,None reported,,,Interests,Sterling Engineering. Category: Verified LinkedIn Company Page,train
2865,GeoModes,https://www.linkedin.com/company/18962892,0,Legitimate,Verified LinkedIn Company Page,,N/A - genuine company page found via user LinkedIn interests/follows,None reported,,,Interests,GeoModes. Category: Verified LinkedIn Company Page,train
2866,Dr Sharon Aesthetics Wellness & IV Drip Bar,https://www.linkedin.com/company/82478375,0,Legitimate,Verified LinkedIn Company Page,,N/A - genuine company page found via user LinkedIn interests/follows,None reported,,,Interests,Dr Sharon Aesthetics Wellness & IV Drip Bar. Category: Verified LinkedIn Company Page,train
2867,Advanced Energy Group,https://www.linkedin.com/company/11049772,0,Legitimate,Verified LinkedIn Company Page,,N/A - genuine company page found via user LinkedIn interests/follows,None reported,,,Interests,Advanced Energy Group. Category: Verified LinkedIn Company Page,train
2868,Skipel,https://www.linkedin.com/company/6391259,0,Legitimate,Verified LinkedIn Company Page,,N/A - genuine company page found via user LinkedIn interests/follows,None reported,,,Interests,Skipel. Category: Verified LinkedIn Company Page,val
2869,Arcadia,https://www.linkedin.com/company/3311632,0,Legitimate,Verified LinkedIn Company Page,,N/A - genuine company page found via user LinkedIn interests/follows,None reported,,,Interests,Arcadia. Category: Verified LinkedIn Company Page,train
2870,IBM Watson Media,https://www.linkedin.com/company/5589,0,Legitimate,Verified LinkedIn Company Page,,N/A - genuine company page found via user LinkedIn interests/follows,None reported,,,Interests,IBM Watson Media. Category: Verified LinkedIn Company Page,val
2871,L.E.K. Consulting,https://www.linkedin.com/company/5210,0,Legitimate,Verified LinkedIn Company Page,,N/A - genuine company page found via user LinkedIn interests/follows,None reported,,,Interests,L.E.K. Consulting. Category: Verified LinkedIn Company Page,train
2872,ANEFAC,https://www.linkedin.com/company/416223,0,Legitimate,Verified LinkedIn Company Page,,N/A - genuine company page found via user LinkedIn interests/follows,None reported,,,Interests,ANEFAC. Category: Verified LinkedIn Company Page,train
2873,Kalos Facial Plastic and Reconstructive Surgery,https://www.linkedin.com/company/2838257,0,Legitimate,Verified LinkedIn Company Page,,N/A - genuine company page found via user LinkedIn interests/follows,None reported,,,Interests,Kalos Facial Plastic and Reconstructive Surgery. Category: Verified LinkedIn Company Page,train
2874,Charter Hall,https://www.linkedin.com/company/993753,0,Legitimate,Verified LinkedIn Company Page,,N/A - genuine company page found via user LinkedIn interests/follows,None reported,,,Interests,Charter Hall. Category: Verified LinkedIn Company Page,test
2875,RolePoint,https://www.linkedin.com/company/2292697,0,Legitimate,Verified LinkedIn Company Page,,N/A - genuine company page found via user LinkedIn interests/follows,None reported,,,Interests,RolePoint. Category: Verified LinkedIn Company Page,val
2876,Alkami Technology,https://www.linkedin.com/company/624581,0,Legitimate,Verified LinkedIn Company Page,,N/A - genuine company page found via user LinkedIn interests/follows,None reported,,,Interests,Alkami Technology. Category: Verified LinkedIn Company Page,train
2877,The Estée Lauder Companies Inc.,https://www.linkedin.com/company/4059,0,Legitimate,Verified LinkedIn Company Page,,N/A - genuine company page found via user LinkedIn interests/follows,None reported,,,Interests,The Estée Lauder Companies Inc.. Category: Verified LinkedIn Company Page,train
2878,SU-YAPI Engineering & Consulting Inc.,https://www.linkedin.com/company/579456,0,Legitimate,Verified LinkedIn Company Page,,N/A - genuine company page found via user LinkedIn interests/follows,None reported,,,Interests,SU-YAPI Engineering & Consulting Inc.. Category: Verified LinkedIn Company Page,train
2879,Red Shoe Economics,https://www.linkedin.com/company/68784142,0,Legitimate,Verified LinkedIn Company Page,,N/A - genuine company page found via user LinkedIn interests/follows,None reported,,,Interests,Red Shoe Economics. Category: Verified LinkedIn Company Page,train
2880,Adyen,https://www.linkedin.com/company/279565,0,Legitimate,Verified LinkedIn Company Page,,N/A - genuine company page found via user LinkedIn interests/follows,None reported,,,Interests,Adyen. Category: Verified LinkedIn Company Page,train
2881,Olliers Solicitors Limited,https://www.linkedin.com/company/2323936,0,Legitimate,Verified LinkedIn Company Page,,N/A - genuine company page found via user LinkedIn interests/follows,None reported,,,Interests,Olliers Solicitors Limited. Category: Verified LinkedIn Company Page,test
2882,Spectrum Reach,https://www.linkedin.com/company/162999,0,Legitimate,Verified LinkedIn Company Page,,N/A - genuine company page found via user LinkedIn interests/follows,None reported,,,Interests,Spectrum Reach. Category: Verified LinkedIn Company Page,train
2883,Kenan Institute of Private Enterprise,https://www.linkedin.com/company/75071,0,Legitimate,Verified LinkedIn Company Page,,N/A - genuine company page found via user LinkedIn interests/follows,None reported,,,Interests,Kenan Institute of Private Enterprise. Category: Verified LinkedIn Company Page,train
2884,Parker Medical Builders,https://www.linkedin.com/company/1682564,0,Legitimate,Verified LinkedIn Company Page,,N/A - genuine company page found via user LinkedIn interests/follows,None reported,,,Interests,Parker Medical Builders. Category: Verified LinkedIn Company Page,train
2885,MAKER OF NOTHING,https://www.linkedin.com/company/2864322,0,Legitimate,Verified LinkedIn Company Page,,N/A - genuine company page found via user LinkedIn interests/follows,None reported,,,Interests,MAKER OF NOTHING. Category: Verified LinkedIn Company Page,test
2886,NIPPON EXPRESS GROUP,https://www.linkedin.com/company/28516755,0,Legitimate,Verified LinkedIn Company Page,,N/A - genuine company page found via user LinkedIn interests/follows,None reported,,,Interests,NIPPON EXPRESS GROUP. Category: Verified LinkedIn Company Page,train
2887,Prime Video & Amazon Studios,https://www.linkedin.com/company/11091426,0,Legitimate,Verified LinkedIn Company Page,,N/A - genuine company page found via user LinkedIn interests/follows,None reported,,,Interests,Prime Video & Amazon Studios. Category: Verified LinkedIn Company Page,train
2888,Australian Parliament,https://www.linkedin.com/company/99092,0,Legitimate,Verified LinkedIn Company Page,,N/A - genuine company page found via user LinkedIn interests/follows,None reported,,,Interests,Australian Parliament. Category: Verified LinkedIn Company Page,train
2889,BlackRifleCoffee Company,https://www.linkedin.com/company/89752406,0,Legitimate,Verified LinkedIn Company Page,,N/A - genuine company page found via user LinkedIn interests/follows,None reported,,,Interests,BlackRifleCoffee Company. Category: Verified LinkedIn Company Page,test
2890,Tandem Diabetes Care,https://www.linkedin.com/company/946628,0,Legitimate,Verified LinkedIn Company Page,,N/A - genuine company page found via user LinkedIn interests/follows,None reported,,,Interests,Tandem Diabetes Care. Category: Verified LinkedIn Company Page,val
2891,Sanofi Pasteur Remote Health,,1,Fake_Scam,Enterprise Impersonation,Sanofi,Offers clinical data entry positions; requests direct deposit details and credit check upfront.,Identity theft and financial credential phishing.,LinkedIn InMail -> Web Form,High,LinkedIn Fake Company Database,Sanofi Pasteur Remote Health. Category: Enterprise Impersonation. Impersonation target: Sanofi. Modus operandi: Offers clinical data entry positions; requests direct deposit details and credit check upfront.. Red flags: Identity theft and financial credential phishing.,train
2892,KPMG US,https://www.linkedin.com/company/1079,0,Legitimate,Verified LinkedIn Company Page,,N/A - genuine company page found via user LinkedIn interests/follows,None reported,,,Interests,KPMG US. Category: Verified LinkedIn Company Page,train
2893,Flavorpill Media,https://www.linkedin.com/company/28882,0,Legitimate,Verified LinkedIn Company Page,,N/A - genuine company page found via user LinkedIn interests/follows,None reported,,,Interests,Flavorpill Media. Category: Verified LinkedIn Company Page,train
2894,Black Girls CODE,https://www.linkedin.com/company/2971260,0,Legitimate,Verified LinkedIn Company Page,,N/A - genuine company page found via user LinkedIn interests/follows,None reported,,,Interests,Black Girls CODE. Category: Verified LinkedIn Company Page,train
2895,American City Business Journals,https://www.linkedin.com/company/358052,0,Legitimate,Verified LinkedIn Company Page,,N/A - genuine company page found via user LinkedIn interests/follows,None reported,,,Interests,American City Business Journals. Category: Verified LinkedIn Company Page,train
2896,Revel,https://www.linkedin.com/company/11678594,0,Legitimate,Verified LinkedIn Company Page,,N/A - genuine company page found via user LinkedIn interests/follows,None reported,,,Interests,Revel. Category: Verified LinkedIn Company Page,train
2897,Odias in Machine Learning,https://www.linkedin.com/company/75029211,0,Legitimate,Verified LinkedIn Company Page,,N/A - genuine company page found via user LinkedIn interests/follows,None reported,,,Interests,Odias in Machine Learning. Category: Verified LinkedIn Company Page,train
2898,Sutton | Booker | P.C.,https://www.linkedin.com/company/15198772,0,Legitimate,Verified LinkedIn Company Page,,N/A - genuine company page found via user LinkedIn interests/follows,None reported,,,Interests,Sutton | Booker | P.C.. Category: Verified LinkedIn Company Page,train
2899,Federal Reserve Bank of New York,https://www.linkedin.com/company/2788,0,Legitimate,Verified LinkedIn Company Page,,N/A - genuine company page found via user LinkedIn interests/follows,None reported,,,Interests,Federal Reserve Bank of New York. Category: Verified LinkedIn Company Page,val
2900,Know Your Value,https://www.linkedin.com/company/11521919,0,Legitimate,Verified LinkedIn Company Page,,N/A - genuine company page found via user LinkedIn interests/follows,None reported,,,Interests,Know Your Value. Category: Verified LinkedIn Company Page,train
2901,Cybersecurity marketing community,https://www.linkedin.com/company/35432834,0,Legitimate,Verified LinkedIn Company Page,,N/A - genuine company page found via user LinkedIn interests/follows,None reported,,,Interests,Cybersecurity marketing community. Category: Verified LinkedIn Company Page,train
2902,Emily Carr University of Art and Design,https://www.linkedin.com/company/29691,0,Legitimate,Verified LinkedIn Company Page,,N/A - genuine company page found via user LinkedIn interests/follows,None reported,,,Interests,Emily Carr University of Art and Design. Category: Verified LinkedIn Company Page,train
2903,Women in Technology,https://www.linkedin.com/company/964534,0,Legitimate,Verified LinkedIn Company Page,,N/A - genuine company page found via user LinkedIn interests/follows,None reported,,,Interests,Women in Technology. Category: Verified LinkedIn Company Page,train
2904,MiMedx,https://www.linkedin.com/company/539022,0,Legitimate,Verified LinkedIn Company Page,,N/A - genuine company page found via user LinkedIn interests/follows,None reported,,,Interests,MiMedx. Category: Verified LinkedIn Company Page,train
2905,"International Cosmetics & Perfumes, Inc.",https://www.linkedin.com/company/1352088,0,Legitimate,Verified LinkedIn Company Page,,N/A - genuine company page found via user LinkedIn interests/follows,None reported,,,Interests,"International Cosmetics & Perfumes, Inc.. Category: Verified LinkedIn Company Page",train
2906,Vulcan Express,https://www.linkedin.com/company/8898364,0,Legitimate,Verified LinkedIn Company Page,,N/A - genuine company page found via user LinkedIn interests/follows,None reported,,,Interests,Vulcan Express. Category: Verified LinkedIn Company Page,train
2907,Deloitte University,https://www.linkedin.com/company/10998608,0,Legitimate,Verified LinkedIn Company Page,,N/A - genuine company page found via user LinkedIn interests/follows,None reported,,,Interests,Deloitte University. Category: Verified LinkedIn Company Page,train
2908,Medical Aesthetics,https://www.linkedin.com/company/71480491,0,Legitimate,Verified LinkedIn Company Page,,N/A - genuine company page found via user LinkedIn interests/follows,None reported,,,Interests,Medical Aesthetics. Category: Verified LinkedIn Company Page,train
2909,MENTOR AFRO,https://www.linkedin.com/company/65338356,0,Legitimate,Verified LinkedIn Company Page,,N/A - genuine company page found via user LinkedIn interests/follows,None reported,,,Interests,MENTOR AFRO. Category: Verified LinkedIn Company Page,val
2910,Nudge Security,https://www.linkedin.com/company/79028651,0,Legitimate,Verified LinkedIn Company Page,,N/A - genuine company page found via user LinkedIn interests/follows,None reported,,,Interests,Nudge Security. Category: Verified LinkedIn Company Page,train
2911,"Forensic Valuation Litigation, LLC",https://www.linkedin.com/company/3237337,0,Legitimate,Verified LinkedIn Company Page,,N/A - genuine company page found via user LinkedIn interests/follows,None reported,,,Interests,"Forensic Valuation Litigation, LLC. Category: Verified LinkedIn Company Page",train
2912,"Crescent Park Management, L.P.",https://www.linkedin.com/company/3763406,0,Legitimate,Verified LinkedIn Company Page,,N/A - genuine company page found via user LinkedIn interests/follows,None reported,,,Interests,"Crescent Park Management, L.P.. Category: Verified LinkedIn Company Page",train
2913,Cirrus Aircraft,https://www.linkedin.com/company/469487,0,Legitimate,Verified LinkedIn Company Page,,N/A - genuine company page found via user LinkedIn interests/follows,None reported,,,Interests,Cirrus Aircraft. Category: Verified LinkedIn Company Page,train
2914,Ohio Department of Health,https://www.linkedin.com/company/4219,0,Legitimate,Verified LinkedIn Company Page,,N/A - genuine company page found via user LinkedIn interests/follows,None reported,,,Interests,Ohio Department of Health. Category: Verified LinkedIn Company Page,train
2915,VKA Healthcare,https://www.linkedin.com/company/14454149,0,Legitimate,Verified LinkedIn Company Page,,N/A - genuine company page found via user LinkedIn interests/follows,None reported,,,Interests,VKA Healthcare. Category: Verified LinkedIn Company Page,val
2916,the*gameHERs,https://www.linkedin.com/company/30661755,0,Legitimate,Verified LinkedIn Company Page,,N/A - genuine company page found via user LinkedIn interests/follows,None reported,,,Interests,the*gameHERs. Category: Verified LinkedIn Company Page,test
2917,Cumberland University,https://www.linkedin.com/company/28359,0,Legitimate,Verified LinkedIn Company Page,,N/A - genuine company page found via user LinkedIn interests/follows,None reported,,,Interests,Cumberland University. Category: Verified LinkedIn Company Page,train
2918,Black Power Moves,https://www.linkedin.com/company/80326162,0,Legitimate,Verified LinkedIn Company Page,,N/A - genuine company page found via user LinkedIn interests/follows,None reported,,,Interests,Black Power Moves. Category: Verified LinkedIn Company Page,train
2919,Steward Asset Management LLC,https://www.linkedin.com/company/37460053,0,Legitimate,Verified LinkedIn Company Page,,N/A - genuine company page found via user LinkedIn interests/follows,None reported,,,Interests,Steward Asset Management LLC. Category: Verified LinkedIn Company Page,test
2920,US Energy,https://www.linkedin.com/company/28142027,0,Legitimate,Verified LinkedIn Company Page,,N/A - genuine company page found via user LinkedIn interests/follows,None reported,,,Interests,US Energy. Category: Verified LinkedIn Company Page,val
2921,Elliott Investment Management L.P.,https://www.linkedin.com/company/46422,0,Legitimate,Verified LinkedIn Company Page,,N/A - genuine company page found via user LinkedIn interests/follows,None reported,,,Interests,Elliott Investment Management L.P.. Category: Verified LinkedIn Company Page,train
2922,Amazon Global Robotics,https://www.linkedin.com/company/34924,0,Legitimate,Verified LinkedIn Company Page,,N/A - genuine company page found via user LinkedIn interests/follows,None reported,,,Interests,Amazon Global Robotics. Category: Verified LinkedIn Company Page,test
2923,HighQ,https://www.linkedin.com/company/462497,0,Legitimate,Verified LinkedIn Company Page,,N/A - genuine company page found via user LinkedIn interests/follows,None reported,,,Interests,HighQ. Category: Verified LinkedIn Company Page,test
2924,Lilt,https://www.linkedin.com/company/6652390,0,Legitimate,Verified LinkedIn Company Page,,N/A - genuine company page found via user LinkedIn interests/follows,None reported,,,Interests,Lilt. Category: Verified LinkedIn Company Page,train
2925,Werk,https://www.linkedin.com/company/53534590,0,Legitimate,Verified LinkedIn Company Page,,N/A - genuine company page found via user LinkedIn interests/follows,None reported,,,Interests,Werk. Category: Verified LinkedIn Company Page,train
2926,Jenner & Block,https://www.linkedin.com/company/9584,0,Legitimate,Verified LinkedIn Company Page,,N/A - genuine company page found via user LinkedIn interests/follows,None reported,,,Interests,Jenner & Block. Category: Verified LinkedIn Company Page,test
2927,Randstad,https://www.linkedin.com/company/2327,0,Legitimate,Verified LinkedIn Company Page,,N/A - genuine company page found via user LinkedIn interests/follows,None reported,,,Interests,Randstad. Category: Verified LinkedIn Company Page,test
2928,Robert Weed,https://www.linkedin.com/company/10321369,0,Legitimate,Verified LinkedIn Company Page,,N/A - genuine company page found via user LinkedIn interests/follows,None reported,,,Interests,Robert Weed. Category: Verified LinkedIn Company Page,train
2929,Spelman College,https://www.linkedin.com/company/615839,0,Legitimate,Verified LinkedIn Company Page,,N/A - genuine company page found via user LinkedIn interests/follows,None reported,,,Interests,Spelman College. Category: Verified LinkedIn Company Page,train
2930,CNN Business,https://www.linkedin.com/company/1747,0,Legitimate,Verified LinkedIn Company Page,,N/A - genuine company page found via user LinkedIn interests/follows,None reported,,,Interests,CNN Business. Category: Verified LinkedIn Company Page,train
2931,Imaginedive Offshore Solutions,https://www.linkedin.com/company/89834391,0,Legitimate,Verified LinkedIn Company Page,,N/A - genuine company page found via user LinkedIn interests/follows,None reported,,,Interests,Imaginedive Offshore Solutions. Category: Verified LinkedIn Company Page,train
2932,ICAEW,https://www.linkedin.com/company/164265,0,Legitimate,Verified LinkedIn Company Page,,N/A - genuine company page found via user LinkedIn interests/follows,None reported,,,Interests,ICAEW. Category: Verified LinkedIn Company Page,train
2933,Cognitive Empowerment Consulting Group,https://www.linkedin.com/company/75659501,0,Legitimate,Verified LinkedIn Company Page,,N/A - genuine company page found via user LinkedIn interests/follows,None reported,,,Interests,Cognitive Empowerment Consulting Group. Category: Verified LinkedIn Company Page,train
2934,HCA Virginia Health System,https://www.linkedin.com/company/54343325,0,Legitimate,Verified LinkedIn Company Page,,N/A - genuine company page found via user LinkedIn interests/follows,None reported,,,Interests,HCA Virginia Health System. Category: Verified LinkedIn Company Page,val
2935,Office Evolution Overland Park,https://www.linkedin.com/company/64514841,0,Legitimate,Verified LinkedIn Company Page,,N/A - genuine company page found via user LinkedIn interests/follows,None reported,,,Interests,Office Evolution Overland Park. Category: Verified LinkedIn Company Page,test
2936,HACR - Hispanic Association on Corporate Responsibility,https://www.linkedin.com/company/1017201,0,Legitimate,Verified LinkedIn Company Page,,N/A - genuine company page found via user LinkedIn interests/follows,None reported,,,Interests,HACR - Hispanic Association on Corporate Responsibility. Category: Verified LinkedIn Company Page,train
2937,Parental Legacy,https://www.linkedin.com/company/11316704,0,Legitimate,Verified LinkedIn Company Page,,N/A - genuine company page found via user LinkedIn interests/follows,None reported,,,Interests,Parental Legacy. Category: Verified LinkedIn Company Page,train
2938,"Work from Home Jobs - Online, Professional, Remote, & Virtual Teams",https://www.linkedin.com/company/42897728,0,Legitimate,Verified LinkedIn Company Page,,N/A - genuine company page found via user LinkedIn interests/follows,None reported,,,Interests,"Work from Home Jobs - Online, Professional, Remote, & Virtual Teams. Category: Verified LinkedIn Company Page",train
2939,Sunbeam Family Services,https://www.linkedin.com/company/941951,0,Legitimate,Verified LinkedIn Company Page,,N/A - genuine company page found via user LinkedIn interests/follows,None reported,,,Interests,Sunbeam Family Services. Category: Verified LinkedIn Company Page,train
2940,Coldwell Banker Realty,https://www.linkedin.com/company/2035,0,Legitimate,Verified LinkedIn Company Page,,N/A - genuine company page found via user LinkedIn interests/follows,None reported,,,Interests,Coldwell Banker Realty. Category: Verified LinkedIn Company Page,train
2941,NVM Private Equity LLP,https://www.linkedin.com/company/3356252,0,Legitimate,Verified LinkedIn Company Page,,N/A - genuine company page found via user LinkedIn interests/follows,None reported,,,Interests,NVM Private Equity LLP. Category: Verified LinkedIn Company Page,train
2942,Property Golfers,https://www.linkedin.com/company/86678349,0,Legitimate,Verified LinkedIn Company Page,,N/A - genuine company page found via user LinkedIn interests/follows,None reported,,,Interests,Property Golfers. Category: Verified LinkedIn Company Page,train
2943,Chopard,https://www.linkedin.com/company/37182,0,Legitimate,Verified LinkedIn Company Page,,N/A - genuine company page found via user LinkedIn interests/follows,None reported,,,Interests,Chopard. Category: Verified LinkedIn Company Page,train
2944,UNC Entrepreneurship Center at Kenan-Flagler,https://www.linkedin.com/company/37434157,0,Legitimate,Verified LinkedIn Company Page,,N/A - genuine company page found via user LinkedIn interests/follows,None reported,,,Interests,UNC Entrepreneurship Center at Kenan-Flagler. Category: Verified LinkedIn Company Page,train
2945,All In Ministries International Incorporated,https://www.linkedin.com/company/56016305,0,Legitimate,Verified LinkedIn Company Page,,N/A - genuine company page found via user LinkedIn interests/follows,None reported,,,Interests,All In Ministries International Incorporated. Category: Verified LinkedIn Company Page,test
2946,ChargePoint,https://www.linkedin.com/company/439853,0,Legitimate,Verified LinkedIn Company Page,,N/A - genuine company page found via user LinkedIn interests/follows,None reported,,,Interests,ChargePoint. Category: Verified LinkedIn Company Page,train
2947,Walgreens Healthcare Solutions,https://www.linkedin.com/company/72181647,0,Legitimate,Verified LinkedIn Company Page,,N/A - genuine company page found via user LinkedIn interests/follows,None reported,,,Interests,Walgreens Healthcare Solutions. Category: Verified LinkedIn Company Page,train
2948,Ginger,https://www.linkedin.com/company/2515007,0,Legitimate,Verified LinkedIn Company Page,,N/A - genuine company page found via user LinkedIn interests/follows,None reported,,,Interests,Ginger. Category: Verified LinkedIn Company Page,train
2949,Political Hub Spot,https://www.linkedin.com/company/82088045,0,Legitimate,Verified LinkedIn Company Page,,N/A - genuine company page found via user LinkedIn interests/follows,None reported,,,Interests,Political Hub Spot. Category: Verified LinkedIn Company Page,val
2950,University of Wisconsin-Madison,https://www.linkedin.com/company/4099,0,Legitimate,Verified LinkedIn Company Page,,N/A - genuine company page found via user LinkedIn interests/follows,None reported,,,Interests,University of Wisconsin-Madison. Category: Verified LinkedIn Company Page,train
2951,typegoodness,https://www.linkedin.com/company/69525049,0,Legitimate,Verified LinkedIn Company Page,,N/A - genuine company page found via user LinkedIn interests/follows,None reported,,,Interests,typegoodness. Category: Verified LinkedIn Company Page,train
2952,The Gentleman GIFer,https://www.linkedin.com/company/80533163,0,Legitimate,Verified LinkedIn Company Page,,N/A - genuine company page found via user LinkedIn interests/follows,None reported,,,Interests,The Gentleman GIFer. Category: Verified LinkedIn Company Page,train
2953,Zoov by Fifteen,https://www.linkedin.com/company/11149080,0,Legitimate,Verified LinkedIn Company Page,,N/A - genuine company page found via user LinkedIn interests/follows,None reported,,,Interests,Zoov by Fifteen. Category: Verified LinkedIn Company Page,train
2954,Churchill Downs Incorporated,https://www.linkedin.com/company/227878,0,Legitimate,Verified LinkedIn Company Page,,N/A - genuine company page found via user LinkedIn interests/follows,None reported,,,Interests,Churchill Downs Incorporated. Category: Verified LinkedIn Company Page,test
2955,The Lawrenceville School,https://www.linkedin.com/company/28569,0,Legitimate,Verified LinkedIn Company Page,,N/A - genuine company page found via user LinkedIn interests/follows,None reported,,,Interests,The Lawrenceville School. Category: Verified LinkedIn Company Page,train
2956,Baton Rouge Alliance for Students,https://www.linkedin.com/company/76461385,0,Legitimate,Verified LinkedIn Company Page,,N/A - genuine company page found via user LinkedIn interests/follows,None reported,,,Interests,Baton Rouge Alliance for Students. Category: Verified LinkedIn Company Page,test
2957,Small Joys,https://www.linkedin.com/company/65702154,0,Legitimate,Verified LinkedIn Company Page,,N/A - genuine company page found via user LinkedIn interests/follows,None reported,,,Interests,Small Joys. Category: Verified LinkedIn Company Page,train
2958,REINVENT HAMPTON ROADS,https://www.linkedin.com/company/15530964,0,Legitimate,Verified LinkedIn Company Page,,N/A - genuine company page found via user LinkedIn interests/follows,None reported,,,Interests,REINVENT HAMPTON ROADS. Category: Verified LinkedIn Company Page,train
2959,LYNX Innovation Inc,https://www.linkedin.com/company/1417798,0,Legitimate,Verified LinkedIn Company Page,,N/A - genuine company page found via user LinkedIn interests/follows,None reported,,,Interests,LYNX Innovation Inc. Category: Verified LinkedIn Company Page,train
2960,Nuvance Health,https://www.linkedin.com/company/14034738,0,Legitimate,Verified LinkedIn Company Page,,N/A - genuine company page found via user LinkedIn interests/follows,None reported,,,Interests,Nuvance Health. Category: Verified LinkedIn Company Page,test
2961,CNN en Español,https://www.linkedin.com/company/11767180,0,Legitimate,Verified LinkedIn Company Page,,N/A - genuine company page found via user LinkedIn interests/follows,None reported,,,Interests,CNN en Español. Category: Verified LinkedIn Company Page,train
2962,U.S. Fleet Forces Command,https://www.linkedin.com/company/15283501,0,Legitimate,Verified LinkedIn Company Page,,N/A - genuine company page found via user LinkedIn interests/follows,None reported,,,Interests,U.S. Fleet Forces Command. Category: Verified LinkedIn Company Page,train
2963,Clever Inc.,https://www.linkedin.com/company/2705784,0,Legitimate,Verified LinkedIn Company Page,,N/A - genuine company page found via user LinkedIn interests/follows,None reported,,,Interests,Clever Inc.. Category: Verified LinkedIn Company Page,test
2964,MetLife,https://www.linkedin.com/company/2213,0,Legitimate,Verified LinkedIn Company Page,,N/A - genuine company page found via user LinkedIn interests/follows,None reported,,,Interests,MetLife. Category: Verified LinkedIn Company Page,train
2965,Network Rail,https://www.linkedin.com/company/157318,0,Legitimate,Verified LinkedIn Company Page,,N/A - genuine company page found via user LinkedIn interests/follows,None reported,,,Interests,Network Rail. Category: Verified LinkedIn Company Page,train
2966,Yorkshire Cyber Security Cluster,https://www.linkedin.com/company/12601787,0,Legitimate,Verified LinkedIn Company Page,,N/A - genuine company page found via user LinkedIn interests/follows,None reported,,,Interests,Yorkshire Cyber Security Cluster. Category: Verified LinkedIn Company Page,train
2967,Ocean Conservancy,https://www.linkedin.com/company/41098,0,Legitimate,Verified LinkedIn Company Page,,N/A - genuine company page found via user LinkedIn interests/follows,None reported,,,Interests,Ocean Conservancy. Category: Verified LinkedIn Company Page,test
2968,Novartis Pharmaceuticals Career Unit,,1,Fake_Scam,Enterprise Impersonation,Novartis AG,Sends PDF contracts offering remote research coordinator jobs; asks for bank account details.,Identity theft targeting medical/science graduates; spoofed official branding.,LinkedIn Message -> Email,High,LinkedIn Fake Company Database,Novartis Pharmaceuticals Career Unit. Category: Enterprise Impersonation. Impersonation target: Novartis AG. Modus operandi: Sends PDF contracts offering remote research coordinator jobs; asks for bank account details.. Red flags: Identity theft targeting medical/science graduates; spoofed official branding.,train
2969,Equity Communities of Practice,https://www.linkedin.com/company/80198119,0,Legitimate,Verified LinkedIn Company Page,,N/A - genuine company page found via user LinkedIn interests/follows,None reported,,,Interests,Equity Communities of Practice. Category: Verified LinkedIn Company Page,train
2970,Channel Key LLC,https://www.linkedin.com/company/17928270,0,Legitimate,Verified LinkedIn Company Page,,N/A - genuine company page found via user LinkedIn interests/follows,None reported,,,Interests,Channel Key LLC. Category: Verified LinkedIn Company Page,train
2971,Beech Valley Solutions,https://www.linkedin.com/company/10265217,0,Legitimate,Verified LinkedIn Company Page,,N/A - genuine company page found via user LinkedIn interests/follows,None reported,,,Interests,Beech Valley Solutions. Category: Verified LinkedIn Company Page,train
2972,Peking University,https://www.linkedin.com/company/20289,0,Legitimate,Verified LinkedIn Company Page,,N/A - genuine company page found via user LinkedIn interests/follows,None reported,,,Interests,Peking University. Category: Verified LinkedIn Company Page,val
2973,DXC Technology,https://www.linkedin.com/company/16198010,0,Legitimate,Verified LinkedIn Company Page,,N/A - genuine company page found via user LinkedIn interests/follows,None reported,,,Interests,DXC Technology. Category: Verified LinkedIn Company Page,train
2974,Università di Pisa,https://www.linkedin.com/company/8801,0,Legitimate,Verified LinkedIn Company Page,,N/A - genuine company page found via user LinkedIn interests/follows,None reported,,,Interests,Università di Pisa. Category: Verified LinkedIn Company Page,test
2975,"Ethos Financial Solutions, LLC.",https://www.linkedin.com/company/1518052,0,Legitimate,Verified LinkedIn Company Page,,N/A - genuine company page found via user LinkedIn interests/follows,None reported,,,Interests,"Ethos Financial Solutions, LLC.. Category: Verified LinkedIn Company Page",train
2976,Front Office Sports,https://www.linkedin.com/company/9469933,0,Legitimate,Verified LinkedIn Company Page,,N/A - genuine company page found via user LinkedIn interests/follows,None reported,,,Interests,Front Office Sports. Category: Verified LinkedIn Company Page,train
2977,NORESCO,https://www.linkedin.com/company/31923,0,Legitimate,Verified LinkedIn Company Page,,N/A - genuine company page found via user LinkedIn interests/follows,None reported,,,Interests,NORESCO. Category: Verified LinkedIn Company Page,train
2978,OKO Lifestyle,https://www.linkedin.com/company/71519432,0,Legitimate,Verified LinkedIn Company Page,,N/A - genuine company page found via user LinkedIn interests/follows,None reported,,,Interests,OKO Lifestyle. Category: Verified LinkedIn Company Page,train
2979,Armanino LLP,https://www.linkedin.com/company/14546,0,Legitimate,Verified LinkedIn Company Page,,N/A - genuine company page found via user LinkedIn interests/follows,None reported,,,Interests,Armanino LLP. Category: Verified LinkedIn Company Page,train
2980,Girl Scout Network,https://www.linkedin.com/company/25170618,0,Legitimate,Verified LinkedIn Company Page,,N/A - genuine company page found via user LinkedIn interests/follows,None reported,,,Interests,Girl Scout Network. Category: Verified LinkedIn Company Page,train
2981,Tata Group,https://www.linkedin.com/company/237053,0,Legitimate,Verified LinkedIn Company Page,,N/A - genuine company page found via user LinkedIn interests/follows,None reported,,,Interests,Tata Group. Category: Verified LinkedIn Company Page,train
2982,National Counseling Group,https://www.linkedin.com/company/283569,0,Legitimate,Verified LinkedIn Company Page,,N/A - genuine company page found via user LinkedIn interests/follows,None reported,,,Interests,National Counseling Group. Category: Verified LinkedIn Company Page,train
2983,NAHMA - The National Affordable Housing Management Association,https://www.linkedin.com/company/3582961,0,Legitimate,Verified LinkedIn Company Page,,N/A - genuine company page found via user LinkedIn interests/follows,None reported,,,Interests,NAHMA - The National Affordable Housing Management Association. Category: Verified LinkedIn Company Page,test
2984,gyro,https://www.linkedin.com/company/284422,0,Legitimate,Verified LinkedIn Company Page,,N/A - genuine company page found via user LinkedIn interests/follows,None reported,,,Interests,gyro. Category: Verified LinkedIn Company Page,train
2985,eLearningIndustry,https://www.linkedin.com/company/2672210,0,Legitimate,Verified LinkedIn Company Page,,N/A - genuine company page found via user LinkedIn interests/follows,None reported,,,Interests,eLearningIndustry. Category: Verified LinkedIn Company Page,train
2986,Vessel Global: International Expansion & FDI Advisory,https://www.linkedin.com/company/20525892,0,Legitimate,Verified LinkedIn Company Page,,N/A - genuine company page found via user LinkedIn interests/follows,None reported,,,Interests,Vessel Global: International Expansion & FDI Advisory. Category: Verified LinkedIn Company Page,train
2987,SitEat,https://www.linkedin.com/company/49116481,0,Legitimate,Verified LinkedIn Company Page,,N/A - genuine company page found via user LinkedIn interests/follows,None reported,,,Interests,SitEat. Category: Verified LinkedIn Company Page,test
2988,Hermès,https://www.linkedin.com/company/2999687,0,Legitimate,Verified LinkedIn Company Page,,N/A - genuine company page found via user LinkedIn interests/follows,None reported,,,Interests,Hermès. Category: Verified LinkedIn Company Page,train
2989,Monsieur Écoles de commerce,https://www.linkedin.com/company/28863382,0,Legitimate,Verified LinkedIn Company Page,,N/A - genuine company page found via user LinkedIn interests/follows,None reported,,,Interests,Monsieur Écoles de commerce. Category: Verified LinkedIn Company Page,train
2990,University of Notre Dame - Mendoza College of Business,https://www.linkedin.com/company/15102069,0,Legitimate,Verified LinkedIn Company Page,,N/A - genuine company page found via user LinkedIn interests/follows,None reported,,,Interests,University of Notre Dame - Mendoza College of Business. Category: Verified LinkedIn Company Page,train
2991,Centro,https://www.linkedin.com/company/16377,0,Legitimate,Verified LinkedIn Company Page,,N/A - genuine company page found via user LinkedIn interests/follows,None reported,,,Interests,Centro. Category: Verified LinkedIn Company Page,train
2992,Frontier Tower Associates Philippines,https://www.linkedin.com/company/14571294,0,Legitimate,Verified LinkedIn Company Page,,N/A - genuine company page found via user LinkedIn interests/follows,None reported,,,Interests,Frontier Tower Associates Philippines. Category: Verified LinkedIn Company Page,train
2993,Hilliard Lyons - A Baird Company,https://www.linkedin.com/company/19760,0,Legitimate,Verified LinkedIn Company Page,,N/A - genuine company page found via user LinkedIn interests/follows,None reported,,,Interests,Hilliard Lyons - A Baird Company. Category: Verified LinkedIn Company Page,train
2994,tinyML Foundation,https://www.linkedin.com/company/70229519,0,Legitimate,Verified LinkedIn Company Page,,N/A - genuine company page found via user LinkedIn interests/follows,None reported,,,Interests,tinyML Foundation. Category: Verified LinkedIn Company Page,train
2995,广昌县兴莲机械制造有限公司,https://www.linkedin.com/company/31895088,0,Legitimate,Verified LinkedIn Company Page,,N/A - genuine company page found via user LinkedIn interests/follows,None reported,,,Interests,广昌县兴莲机械制造有限公司. Category: Verified LinkedIn Company Page,train
2996,Keller Williams Realty River Cities-Official,https://www.linkedin.com/company/11833141,0,Legitimate,Verified LinkedIn Company Page,,N/A - genuine company page found via user LinkedIn interests/follows,None reported,,,Interests,Keller Williams Realty River Cities-Official. Category: Verified LinkedIn Company Page,train
2997,Alarm.com,https://www.linkedin.com/company/43680,0,Legitimate,Verified LinkedIn Company Page,,N/A - genuine company page found via user LinkedIn interests/follows,None reported,,,Interests,Alarm.com. Category: Verified LinkedIn Company Page,train
2998,Lupin,https://www.linkedin.com/company/247819,0,Legitimate,Verified LinkedIn Company Page,,N/A - genuine company page found via user LinkedIn interests/follows,None reported,,,Interests,Lupin. Category: Verified LinkedIn Company Page,train
2999,Boston University,https://www.linkedin.com/company/3556,0,Legitimate,Verified LinkedIn Company Page,,N/A - genuine company page found via user LinkedIn interests/follows,None reported,,,Interests,Boston University. Category: Verified LinkedIn Company Page,train
3000,Strong Recruitment Group Limited,https://www.linkedin.com/company/1650964,0,Legitimate,Verified LinkedIn Company Page,,N/A - genuine company page found via user LinkedIn interests/follows,None reported,,,Interests,Strong Recruitment Group Limited. Category: Verified LinkedIn Company Page,train
3001,RWE,https://www.linkedin.com/company/3783876,0,Legitimate,Verified LinkedIn Company Page,,N/A - genuine company page found via user LinkedIn interests/follows,None reported,,,Interests,RWE. Category: Verified LinkedIn Company Page,train
3002,Private Label Beauty & Wellness,https://www.linkedin.com/company/18729892,0,Legitimate,Verified LinkedIn Company Page,,N/A - genuine company page found via user LinkedIn interests/follows,None reported,,,Interests,Private Label Beauty & Wellness. Category: Verified LinkedIn Company Page,train
3003,Sagacify,https://www.linkedin.com/company/2836355,0,Legitimate,Verified LinkedIn Company Page,,N/A - genuine company page found via user LinkedIn interests/follows,None reported,,,Interests,Sagacify. Category: Verified LinkedIn Company Page,train
3004,Executive Service Corps of the Triangle (ESC),https://www.linkedin.com/company/2981002,0,Legitimate,Verified LinkedIn Company Page,,N/A - genuine company page found via user LinkedIn interests/follows,None reported,,,Interests,Executive Service Corps of the Triangle (ESC). Category: Verified LinkedIn Company Page,train
3005,AmaWaterways River Cruises,https://www.linkedin.com/company/437229,0,Legitimate,Verified LinkedIn Company Page,,N/A - genuine company page found via user LinkedIn interests/follows,None reported,,,Interests,AmaWaterways River Cruises. Category: Verified LinkedIn Company Page,train
3006,JEDI Outreach Group,https://www.linkedin.com/company/71520420,0,Legitimate,Verified LinkedIn Company Page,,N/A - genuine company page found via user LinkedIn interests/follows,None reported,,,Interests,JEDI Outreach Group. Category: Verified LinkedIn Company Page,val
3007,"Circle40, LLC",https://www.linkedin.com/company/3344686,0,Legitimate,Verified LinkedIn Company Page,,N/A - genuine company page found via user LinkedIn interests/follows,None reported,,,Interests,"Circle40, LLC. Category: Verified LinkedIn Company Page",val
3008,StayFi,https://www.linkedin.com/company/11855236,0,Legitimate,Verified LinkedIn Company Page,,N/A - genuine company page found via user LinkedIn interests/follows,None reported,,,Interests,StayFi. Category: Verified LinkedIn Company Page,test
3009,SysGroup,https://www.linkedin.com/company/15196280,0,Legitimate,Verified LinkedIn Company Page,,N/A - genuine company page found via user LinkedIn interests/follows,None reported,,,Interests,SysGroup. Category: Verified LinkedIn Company Page,val
3010,Wheels Up,https://www.linkedin.com/company/5050817,0,Legitimate,Verified LinkedIn Company Page,,N/A - genuine company page found via user LinkedIn interests/follows,None reported,,,Interests,Wheels Up. Category: Verified LinkedIn Company Page,test
3011,Luxottica,https://www.linkedin.com/company/1614240,0,Legitimate,Verified LinkedIn Company Page,,N/A - genuine company page found via user LinkedIn interests/follows,None reported,,,Interests,Luxottica. Category: Verified LinkedIn Company Page,train
3012,Cambridge Leadership Associates,https://www.linkedin.com/company/100318,0,Legitimate,Verified LinkedIn Company Page,,N/A - genuine company page found via user LinkedIn interests/follows,None reported,,,Interests,Cambridge Leadership Associates. Category: Verified LinkedIn Company Page,train
3013,Ring2cloud Technologies llc,https://www.linkedin.com/company/35440885,0,Legitimate,Verified LinkedIn Company Page,,N/A - genuine company page found via user LinkedIn interests/follows,None reported,,,Interests,Ring2cloud Technologies llc. Category: Verified LinkedIn Company Page,train
3014,BLACK WALL ST. MEDIA,https://www.linkedin.com/company/68763880,0,Legitimate,Verified LinkedIn Company Page,,N/A - genuine company page found via user LinkedIn interests/follows,None reported,,,Interests,BLACK WALL ST. MEDIA. Category: Verified LinkedIn Company Page,train
3015,常熟市金华机械股份有限公司,https://www.linkedin.com/company/29205061,0,Legitimate,Verified LinkedIn Company Page,,N/A - genuine company page found via user LinkedIn interests/follows,None reported,,,Interests,常熟市金华机械股份有限公司. Category: Verified LinkedIn Company Page,train
3016,Zaposlitveni portal Optius,https://www.linkedin.com/company/3162472,0,Legitimate,Verified LinkedIn Company Page,,N/A - genuine company page found via user LinkedIn interests/follows,None reported,,,Interests,Zaposlitveni portal Optius. Category: Verified LinkedIn Company Page,train
3017,Hospitality Careers | Hotel Management Jobs,https://www.linkedin.com/company/14769347,0,Legitimate,Verified LinkedIn Company Page,,N/A - genuine company page found via user LinkedIn interests/follows,None reported,,,Interests,Hospitality Careers | Hotel Management Jobs. Category: Verified LinkedIn Company Page,train
3018,Guidepoint,https://www.linkedin.com/company/22244,0,Legitimate,Verified LinkedIn Company Page,,N/A - genuine company page found via user LinkedIn interests/follows,None reported,,,Interests,Guidepoint. Category: Verified LinkedIn Company Page,test
3019,Upfront Ventures,https://www.linkedin.com/company/91150,0,Legitimate,Verified LinkedIn Company Page,,N/A - genuine company page found via user LinkedIn interests/follows,None reported,,,Interests,Upfront Ventures. Category: Verified LinkedIn Company Page,train
3020,Surge AI,https://www.linkedin.com/company/67755934,0,Legitimate,Verified LinkedIn Company Page,,N/A - genuine company page found via user LinkedIn interests/follows,None reported,,,Interests,Surge AI. Category: Verified LinkedIn Company Page,val
3021,myGwork - LGBTQ+ professionals & allies,https://www.linkedin.com/company/5240076,0,Legitimate,Verified LinkedIn Company Page,,N/A - genuine company page found via user LinkedIn interests/follows,None reported,,,Interests,myGwork - LGBTQ+ professionals & allies. Category: Verified LinkedIn Company Page,train
3022,AIS Network,https://www.linkedin.com/company/868860,0,Legitimate,Verified LinkedIn Company Page,,N/A - genuine company page found via user LinkedIn interests/follows,None reported,,,Interests,AIS Network. Category: Verified LinkedIn Company Page,test
3023,Matrix Partners India,https://www.linkedin.com/company/28158595,0,Legitimate,Verified LinkedIn Company Page,,N/A - genuine company page found via user LinkedIn interests/follows,None reported,,,Interests,Matrix Partners India. Category: Verified LinkedIn Company Page,val
